job_key,status,original_status,repository,commit,task,archive_id,bundles,terminal_PAR,doitall,gaps
kflow-006838,completed,completed,PacificCommunity/ofp-sam-bet-2026-report,362a87920d41d43c1eb8108dd26c875f344f93b9,ofp-sam-bet-2026-report-writing-paul,a-cc356aad0a934738f1e7575fc7a9bc8e0f30f0009378097f3c4a25137bdb3889,bet2026-report-057,UNASSESSED,,
kflow-006839,completed,completed,PacificCommunity/ofp-sam-bet-2026-report,39904d285546b4496947dff83155c09f75e7b7c1,ofp-sam-bet-2026-report-writing-paul,a-9ff71bbbb9fa20cf7ae1aac94f51ad09936435e67819475a08633311402d08e3,bet2026-report-057,UNASSESSED,,
kflow-006840,completed,completed,PacificCommunity/ofp-sam-bet-2026-report,0fcebcf9f6f67d2544d3fb877274e67f84da8342,ofp-sam-bet-2026-report-writing-paul,a-a6c18a040e76b9d22767bb361d8499f2637355ffd3b8559fb7f292e97d246d83,bet2026-report-057,UNASSESSED,,
kflow-006841,completed,completed,PacificCommunity/ofp-sam-bet-2026-report,0fcebcf9f6f67d2544d3fb877274e67f84da8342,ofp-sam-bet-2026-report-writing-paul,a-5db42ddee8d9e2d9efef0dc6c96875015f4c4be3a82182b81545db2f8ff7992d,bet2026-report-057,UNASSESSED,,
kflow-006842,completed,completed,PacificCommunity/ofp-sam-bet-2026-report,e1f564828662b054bdabc223cb98e59adb86090c,ofp-sam-bet-2026-report-writing-paul,a-64d9b5bf23276bdebc9a11f1b8200d5d582204947e9f261c9376911a4127797d,bet2026-report-057,UNASSESSED,,
kflow-006843,completed,completed,PacificCommunity/ofp-sam-bet-2026-report,4bd77791e6c005c6a33b8fb0c7bbdcce3df20e94,ofp-sam-bet-2026-report-writing-paul,a-03722cf3d5539f30fed8cab0123027000791732e8da5390bdea76440878eb058,bet2026-report-057,UNASSESSED,,
kflow-006844,completed,completed,PacificCommunity/ofp-sam-bet-2026-report,4bd77791e6c005c6a33b8fb0c7bbdcce3df20e94,ofp-sam-bet-2026-report-writing-paul,a-3089f6295e61e9116630a29455690d2f1dccc60e313f677bc32ba55178a7bbb2,bet2026-report-057,UNASSESSED,,
kflow-014047,completed,completed,PacificCommunity/ofp-sam-bet-2026-stepwise,da1a6e664c1385d6f2fb36636e37ff2fe28ed7b5,bet-2026-stepwise-2307,a-af4d2a14daf4a87b1ed0ce874975ca7bd4b2fc4cae85e469cde9f3b024ea5e45,bet2026-stepwise-017,UNASSESSED,./outputs/models/01-Diag2023/mfcl-inputs/doitall.sh,
kflow-014049,completed,completed,PacificCommunity/ofp-sam-bet-2026-stepwise,da1a6e664c1385d6f2fb36636e37ff2fe28ed7b5,bet-2026-stepwise-2307,a-b4fda2f66681c95b4d2db3484ddbe37a352e9509fe2067e8ccefbdc51f18d84a,bet2026-stepwise-017,UNASSESSED,./outputs/models/06-AddLengthData/mfcl-inputs/doitall.sh,
kflow-014050,completed,completed,PacificCommunity/ofp-sam-bet-2026-stepwise,da1a6e664c1385d6f2fb36636e37ff2fe28ed7b5,bet-2026-stepwise-2307,a-7e9f6628e289f95c158fcbd37c885ff6c89cf6bd2d987584d4d56ddbc29a22b2,bet2026-stepwise-017,UNASSESSED,./outputs/models/05-ConvertToLength/mfcl-inputs/doitall.sh,
kflow-014051,completed,completed,PacificCommunity/ofp-sam-bet-2026-stepwise,da1a6e664c1385d6f2fb36636e37ff2fe28ed7b5,bet-2026-stepwise-2307,a-7a80af9e806e826b492c85548fe7a9ca97eae085525e683e69aec39df4ec6bc4,bet2026-stepwise-017,UNASSESSED,./outputs/models/04-NewStructure/mfcl-inputs/doitall.sh,
kflow-014053,completed,completed,PacificCommunity/ofp-sam-bet-2026-stepwise,da1a6e664c1385d6f2fb36636e37ff2fe28ed7b5,bet-2026-stepwise-2307,a-9e2d6126801c16c8dd350b2f54cfc68e57e8f4a1ec51b4a66b556b75d7974845,bet2026-stepwise-017,UNASSESSED,./outputs/models/09a-BASE075/mfcl-inputs/doitall.sh,
kflow-014054,completed,completed,PacificCommunity/ofp-sam-bet-2026-stepwise,da1a6e664c1385d6f2fb36636e37ff2fe28ed7b5,bet-2026-stepwise-2307,a-731be0edf02c58a89bb13d1fe1ac19edadc658396d3f04603cbbbed29b5af5b2,bet2026-stepwise-017,UNASSESSED,./outputs/models/08-RegionalCPUE/mfcl-inputs/doitall.sh,
kflow-014055,completed,completed,PacificCommunity/ofp-sam-bet-2026-stepwise,da1a6e664c1385d6f2fb36636e37ff2fe28ed7b5,bet-2026-stepwise-2307,a-2259e0878c691049923a42932fb78eeb710ab6ce8848604b62c5e8b056c45925,bet2026-stepwise-017,UNASSESSED,./outputs/models/07-DataTo2024/mfcl-inputs/doitall.sh,
kflow-014056,completed,completed,PacificCommunity/ofp-sam-bet-2026-stepwise,da1a6e664c1385d6f2fb36636e37ff2fe28ed7b5,bet-2026-stepwise-2307,a-eb0748e3374c294522eef6e433fadbbefdfe79de6a2a8020117c6a237f75e6f7,bet2026-stepwise-017,UNASSESSED,./outputs/models/09b-REG075/mfcl-inputs/doitall.sh,
kflow-014058,completed,completed,PacificCommunity/ofp-sam-bet-2026-stepwise,da1a6e664c1385d6f2fb36636e37ff2fe28ed7b5,bet-2026-stepwise-2307,a-024c4866512c0a9743a9cdaeaeed0cd822b73c025ca990cb2f293d29ee5b8014,bet2026-stepwise-017,UNASSESSED,./outputs/models/12-TimeVaryingCV/mfcl-inputs/doitall.sh,
kflow-014059,completed,completed,PacificCommunity/ofp-sam-bet-2026-stepwise,da1a6e664c1385d6f2fb36636e37ff2fe28ed7b5,bet-2026-stepwise-2307,a-4cfbbc2129a73c73e0102e40bd1d06a6adaff318174c708937c29c529320e60c,bet2026-stepwise-017,UNASSESSED,./outputs/models/10-MIX015/mfcl-inputs/doitall.sh,
kflow-014060,completed,completed,PacificCommunity/ofp-sam-bet-2026-stepwise,da1a6e664c1385d6f2fb36636e37ff2fe28ed7b5,bet-2026-stepwise-2307,a-5fb0b38605c74dbf7fea9d67f696714d411c168a59a983dfcdfce9422365a6c2,bet2026-stepwise-017,UNASSESSED,./outputs/models/11-TAGF2ON/mfcl-inputs/doitall.sh,
kflow-014061,completed,completed,PacificCommunity/ofp-sam-bet-2026-stepwise,da1a6e664c1385d6f2fb36636e37ff2fe28ed7b5,bet-2026-stepwise-2307,a-044c9ef8bf4aa18ba691bdbf73e9139c204441e72093544e30d7a5a73d61e39d,bet2026-stepwise-017,UNASSESSED,./outputs/models/09c-SUB075/mfcl-inputs/doitall.sh,
kflow-014062,completed,completed,PacificCommunity/ofp-sam-bet-2026-stepwise,da1a6e664c1385d6f2fb36636e37ff2fe28ed7b5,bet-2026-stepwise-2307,a-bd539edd2a7de1979fba843f17ddb5261e4f21d52a2bb1499d5dd09b1a46ff23,bet2026-stepwise-017,UNASSESSED,./outputs/models/17a-Francis/mfcl-inputs/doitall.sh,
kflow-014063,completed,completed,PacificCommunity/ofp-sam-bet-2026-stepwise,da1a6e664c1385d6f2fb36636e37ff2fe28ed7b5,bet-2026-stepwise-2307,a-fbe85cfd41e315b2bbcd783f57f3c2d02a7c9266a935cc426ce0b2d6311a6bbf,bet2026-stepwise-017,UNASSESSED,./outputs/models/15-SelectivityUpdate/mfcl-inputs/doitall.sh,
kflow-014064,completed,completed,PacificCommunity/ofp-sam-bet-2026-stepwise,da1a6e664c1385d6f2fb36636e37ff2fe28ed7b5,bet-2026-stepwise-2307,a-702e2ade5cffd074dc45accc633b79b53d787921226dc94c22ce5dea62920e36,bet2026-stepwise-017,UNASSESSED,./outputs/models/14-CPUESigma/mfcl-inputs/doitall.sh,
kflow-014065,completed,completed,PacificCommunity/ofp-sam-bet-2026-stepwise,da1a6e664c1385d6f2fb36636e37ff2fe28ed7b5,bet-2026-stepwise-2307,a-b1bef9b6269edd4888376f52dcdf62238fab96694d9b4b5fb109840f99e0af68,bet2026-stepwise-017,UNASSESSED,./outputs/models/16-DOMDiv200/mfcl-inputs/doitall.sh,
kflow-014066,completed,completed,PacificCommunity/ofp-sam-bet-2026-stepwise,da1a6e664c1385d6f2fb36636e37ff2fe28ed7b5,bet-2026-stepwise-2307,a-0b885b38394bbf716a25557d21952da92c71cb155ae0a2f0e72bd8a7a46dc3e4,bet2026-stepwise-017,UNASSESSED,./outputs/models/13-EffortCreep/mfcl-inputs/doitall.sh,
kflow-014067,completed,completed,PacificCommunity/ofp-sam-bet-2026-stepwise,da1a6e664c1385d6f2fb36636e37ff2fe28ed7b5,bet-2026-stepwise-2307,a-8ff6babe9328f1c6e63e55fa6759df8d905d45599ea792bd4856603fc4c0f165,bet2026-stepwise-017,UNASSESSED,./outputs/models/17b-DMG8Nmax25/mfcl-inputs/doitall.sh,
kflow-014201,completed,completed,PacificCommunity/ofp-sam-bet-2026-stepwise,bc797cf1fad2d0fef2c5a4e0427862dd6c8ee5d1,ofp-sam-bet-2026-stepwise-report,a-ea3cbfe1e6fe769d9e951a3c19de441a207413805f0f223c61c25d020c1626d5,bet2026-stepwise-017,UNASSESSED,,
kflow-014255,completed,completed,PacificCommunity/ofp-sam-bet-2026-stepwise,15b0caa68b83459defd96efc656aa3083f324441,bet-2026-stepwise-2307,a-24c1978d82b7d47b5bcd3e36268dc0e96995f61c7de02bd963836632a9f5f9d0,bet2026-stepwise-017,UNASSESSED,,
kflow-014262,completed,completed,PacificCommunity/ofp-sam-bet-2026-stepwise,15b0caa68b83459defd96efc656aa3083f324441,bet-2026-stepwise-2307,a-20b77a0edc65ac43869964a0961d56f6d583d7a7a7e98076122a1968ecb10a10,bet2026-stepwise-017,UNASSESSED,,
kflow-014269,completed,completed,PacificCommunity/ofp-sam-bet-2026-stepwise,15b0caa68b83459defd96efc656aa3083f324441,bet-2026-stepwise-2307,a-963b3652a603ca6b9cc5a5126775a662af59d9ccb4c3917d218bb50c631085dc,bet2026-stepwise-017,UNASSESSED,,
kflow-014276,completed,completed,PacificCommunity/ofp-sam-bet-2026-stepwise,15b0caa68b83459defd96efc656aa3083f324441,bet-2026-stepwise-2307,a-19b574c9bdee5b7d8c65fa93d81afbbe63754699902c7315e6f21d37fbf8f890,bet2026-stepwise-017,UNASSESSED,,
kflow-014338,completed,completed,PacificCommunity/ofp-sam-bet-2026-stepwise,4adbb3941811ec8b7e90a53cec1f435a77a11203,bet-2026-stepwise-2307-corrected-v2,a-c0b467ee2b399dc5bb1ba1c4950a603a757d9b0fe8f60ea5e042c5b0e1a98895,bet2026-stepwise-017,UNASSESSED,./outputs/models/01-Diag2023/mfcl-inputs/doitall.sh,
kflow-014339,completed,completed,PacificCommunity/ofp-sam-bet-2026-stepwise,4adbb3941811ec8b7e90a53cec1f435a77a11203,bet-2026-stepwise-2307-corrected-v2,a-513a9d448ea379a738a7be3f442d07edaefce58e615345060f893a4f26852779,bet2026-stepwise-017,UNASSESSED,./outputs/models/02b-Ini1007/mfcl-inputs/doitall.sh,
kflow-014340,completed,completed,PacificCommunity/ofp-sam-bet-2026-stepwise,4adbb3941811ec8b7e90a53cec1f435a77a11203,bet-2026-stepwise-2307-corrected-v2,a-3906426b49aa5625e08ca02ab86036d9846159f0148debd2c4b01dd3efc9a6fc,bet2026-stepwise-017,UNASSESSED,./outputs/models/02a-NewExe1003/mfcl-inputs/doitall.sh,
kflow-014341,completed,completed,PacificCommunity/ofp-sam-bet-2026-stepwise,4adbb3941811ec8b7e90a53cec1f435a77a11203,bet-2026-stepwise-2307-corrected-v2,a-dcf1a2705d5842733573ba294bda0164a7bdf77e1c38684efe9036b897c67d32,bet2026-stepwise-017,UNASSESSED,./outputs/models/02c-LengthWeight/mfcl-inputs/doitall.sh,
kflow-014342,completed,completed,PacificCommunity/ofp-sam-bet-2026-stepwise,4adbb3941811ec8b7e90a53cec1f435a77a11203,bet-2026-stepwise-2307-corrected-v2,a-604ff9f7907daa4ef26704799bf1e563b4b4f4a57012b987658afb60de97b1cb,bet2026-stepwise-017,UNASSESSED,./outputs/models/04-NewStructure/mfcl-inputs/doitall.sh,
kflow-014343,completed,completed,PacificCommunity/ofp-sam-bet-2026-stepwise,4adbb3941811ec8b7e90a53cec1f435a77a11203,bet-2026-stepwise-2307-corrected-v2,a-6301e50aaea3f7053c6d83c1185b40a9abf796fa82e8679dc26ba2122d950a96,bet2026-stepwise-017,UNASSESSED,./outputs/models/03-FixM/mfcl-inputs/doitall.sh,
kflow-014344,completed,completed,PacificCommunity/ofp-sam-bet-2026-stepwise,4adbb3941811ec8b7e90a53cec1f435a77a11203,bet-2026-stepwise-2307-corrected-v2,a-bc735efaa11052afdae9ffef0b56d3f0b14ed9fd937094f30d864ecbcb747df6,bet2026-stepwise-017,UNASSESSED,./outputs/models/05-ConvertToLength/mfcl-inputs/doitall.sh,
kflow-014345,completed,completed,PacificCommunity/ofp-sam-bet-2026-stepwise,4adbb3941811ec8b7e90a53cec1f435a77a11203,bet-2026-stepwise-2307-corrected-v2,a-93dca2b7369e2eb84bad1bf22750dc27aa1ae1756f0870101c3534a6920279ac,bet2026-stepwise-017,UNASSESSED,./outputs/models/06-AddLengthData/mfcl-inputs/doitall.sh,
kflow-014346,completed,completed,PacificCommunity/ofp-sam-bet-2026-stepwise,4adbb3941811ec8b7e90a53cec1f435a77a11203,bet-2026-stepwise-2307-corrected-v2,a-c7f9631ad9f2d88c28d9e6179662f0fe2242a822bf6718d35ddd65a98e2354cf,bet2026-stepwise-017,UNASSESSED,./outputs/models/07-DataTo2024/mfcl-inputs/doitall.sh,
kflow-014347,completed,completed,PacificCommunity/ofp-sam-bet-2026-stepwise,4adbb3941811ec8b7e90a53cec1f435a77a11203,bet-2026-stepwise-2307-corrected-v2,a-1c8b24248af021b051bacb3c6d431b5ea207ecbb5ef1ce569ce99a43aba8c082,bet2026-stepwise-017,UNASSESSED,./outputs/models/08-RegionalCPUE/mfcl-inputs/doitall.sh,
kflow-014348,completed,completed,PacificCommunity/ofp-sam-bet-2026-stepwise,4adbb3941811ec8b7e90a53cec1f435a77a11203,bet-2026-stepwise-2307-corrected-v2,a-7003f2ce20c173b7b9e81d27a7b0ec655c0cf0d5ffa53e69e152418390e86c31,bet2026-stepwise-017,UNASSESSED,./outputs/models/09a-BASE075/mfcl-inputs/doitall.sh,
kflow-014349,completed,completed,PacificCommunity/ofp-sam-bet-2026-stepwise,4adbb3941811ec8b7e90a53cec1f435a77a11203,bet-2026-stepwise-2307-corrected-v2,a-a1faae7cbc3d3a35e6c9f989e7adb20bc65013eb491daffe685657a3016572c3,bet2026-stepwise-017,UNASSESSED,./outputs/models/09b-REG075/mfcl-inputs/doitall.sh,
kflow-014350,completed,completed,PacificCommunity/ofp-sam-bet-2026-stepwise,4adbb3941811ec8b7e90a53cec1f435a77a11203,bet-2026-stepwise-2307-corrected-v2,a-109b68506c7bbe81343bfe7426a67a8b171960d04d0e00be25cc3871fc7acdc7,bet2026-stepwise-017,UNASSESSED,./outputs/models/09c-SUB075/mfcl-inputs/doitall.sh,
kflow-014351,completed,completed,PacificCommunity/ofp-sam-bet-2026-stepwise,4adbb3941811ec8b7e90a53cec1f435a77a11203,bet-2026-stepwise-2307-corrected-v2,a-ec5befb16b0335cbeecafd299c7a83649710d808a7bf18faf98430dc4ff72fde,bet2026-stepwise-017,UNASSESSED,./outputs/models/10-MIX015/mfcl-inputs/doitall.sh,
kflow-014352,completed,completed,PacificCommunity/ofp-sam-bet-2026-stepwise,4adbb3941811ec8b7e90a53cec1f435a77a11203,bet-2026-stepwise-2307-corrected-v2,a-bf015e666ddd31c56156cd5f508f25f606fe8e6d97c20bee901a11427d85bb13,bet2026-stepwise-017,UNASSESSED,./outputs/models/11-TAGF2ON/mfcl-inputs/doitall.sh,
kflow-014353,completed,completed,PacificCommunity/ofp-sam-bet-2026-stepwise,4adbb3941811ec8b7e90a53cec1f435a77a11203,bet-2026-stepwise-2307-corrected-v2,a-cf6da3c4d66fcdc6f491691e1941e4c1071ec2e6dce25675386ee1a20d0a9079,bet2026-stepwise-017,UNASSESSED,./outputs/models/12-TimeVaryingCV/mfcl-inputs/doitall.sh,
kflow-014354,completed,completed,PacificCommunity/ofp-sam-bet-2026-stepwise,4adbb3941811ec8b7e90a53cec1f435a77a11203,bet-2026-stepwise-2307-corrected-v2,a-005a35ee53906b3ce4190e20eac8d2c70f858f5242df0f9c5d6f03d2b68a4426,bet2026-stepwise-017,UNASSESSED,./outputs/models/13-EffortCreep/mfcl-inputs/doitall.sh,
kflow-014355,completed,completed,PacificCommunity/ofp-sam-bet-2026-stepwise,4adbb3941811ec8b7e90a53cec1f435a77a11203,bet-2026-stepwise-2307-corrected-v2,a-a80e98682d070c3e7dcb8a0ad679882ba24a3bc88041ce5b0fb6e1b4929f1e08,bet2026-stepwise-017,UNASSESSED,./outputs/models/14-CPUESigma/mfcl-inputs/doitall.sh,
kflow-014356,completed,completed,PacificCommunity/ofp-sam-bet-2026-stepwise,4adbb3941811ec8b7e90a53cec1f435a77a11203,bet-2026-stepwise-2307-corrected-v2,a-4c5694c029786004c43de43a1cdefd2983d1309d0aa3b3643b4a5f70cb0021fe,bet2026-stepwise-017,UNASSESSED,./outputs/models/15-SelectivityUpdate/mfcl-inputs/doitall.sh,
kflow-014357,completed,completed,PacificCommunity/ofp-sam-bet-2026-stepwise,4adbb3941811ec8b7e90a53cec1f435a77a11203,bet-2026-stepwise-2307-corrected-v2,a-7ca0a22bf1615e1e91d462b5cee6b136e3bc7973348b489f18a0008c9dc63cba,bet2026-stepwise-017,UNASSESSED,./outputs/models/16a-DOMDiv200/mfcl-inputs/doitall.sh,
kflow-014358,completed,completed,PacificCommunity/ofp-sam-bet-2026-stepwise,4adbb3941811ec8b7e90a53cec1f435a77a11203,bet-2026-stepwise-2307-corrected-v2,a-070dfdaa2acff9d8c6ac7d4b31c73b88c15f140740182df6607bba3418daa2db,bet2026-stepwise-017,UNASSESSED,./outputs/models/16b-Francis/mfcl-inputs/doitall.sh,
kflow-014359,completed,completed,PacificCommunity/ofp-sam-bet-2026-stepwise,4adbb3941811ec8b7e90a53cec1f435a77a11203,bet-2026-stepwise-2307-corrected-v2,a-507a4a5fb5d0c78db04a9b8921c5311135bbce76dab302c1393a376300a2c34b,bet2026-stepwise-017,UNASSESSED,./outputs/models/16c-DMG8Nmax25/mfcl-inputs/doitall.sh,
kflow-014361,completed,completed,PacificCommunity/ofp-sam-bet-2026-stepwise,4adbb3941811ec8b7e90a53cec1f435a77a11203,bet-2026-stepwise-2307-corrected-v2,a-c37a573f03ca48593ac368a20ca83237b6c056c0f55bc71ddd6f04630babf4ad,bet2026-stepwise-017,UNASSESSED,./outputs/models/17b-F22FormRelaxed/mfcl-inputs/doitall.sh,
kflow-014362,completed,completed,PacificCommunity/ofp-sam-bet-2026-stepwise,4adbb3941811ec8b7e90a53cec1f435a77a11203,bet-2026-stepwise-2307-corrected-v2,a-a03abfa479299973342224462b0714277c783f96c5ef5957e6886cf40faf7121,bet2026-stepwise-017,UNASSESSED,./outputs/models/17c-F15F22FormRelaxed/mfcl-inputs/doitall.sh,
kflow-014363,completed,completed,PacificCommunity/ofp-sam-bet-2026-stepwise,4adbb3941811ec8b7e90a53cec1f435a77a11203,bet-2026-stepwise-2307-corrected-v2,a-f418fca5b2a50a8dece6aa5fdd66bc8c0981df585de872b8c642cedaa0537c08,bet2026-stepwise-017,UNASSESSED,./outputs/models/17d-AllSelectivityFormRelaxed/mfcl-inputs/doitall.sh,
kflow-014846,completed,completed,PacificCommunity/ofp-sam-bet-2026-stepwise,4adbb3941811ec8b7e90a53cec1f435a77a11203,ofp-sam-bet-2026-stepwise-report,a-68407623fa575d53347c2eeceeb009a3dbe4ec4f6523e1da5f39318fdda89db1,bet2026-stepwise-017,UNASSESSED,,
kflow-014850,completed,completed,PacificCommunity/ofp-sam-bet-2026-stepwise,d1022f3534eb9372901897d62270ec4706a68e54,ofp-sam-bet-2026-stepwise-report,a-37d2e8da7c8e6567d2e52bcabe53c251ffa48776765b55c1c94fe20b152c601d,bet2026-stepwise-017,UNASSESSED,,
kflow-014860,completed,completed,PacificCommunity/ofp-sam-bet-2026-stepwise,6ba2d37cc3ac38d268968d3f21056ca768d48335,ofp-sam-bet-2026-stepwise-report,a-35c5fd3e796bb80265017fe092935c7c084beadbe34da33d5e14e20747608b46,bet2026-stepwise-017,UNASSESSED,,
kflow-014861,completed,completed,PacificCommunity/ofp-sam-bet-2026-stepwise,d9b14d9abcc2ee85a5deba63da20e888ab2983fb,ofp-sam-bet-2026-stepwise-report,a-4004d942a5503bb974c63a766031165fb69ddebb47ca779ef6c0e73d026ee383,bet2026-stepwise-017,UNASSESSED,,
kflow-014874,replaced,replaced,PacificCommunity/ofp-sam-bet-2026-stepwise,d9b14d9abcc2ee85a5deba63da20e888ab2983fb,bet-2026-stepwise-2307-corrected-v2,a-74f99c5a6d0709730f3cb7921cc7e941269cafd0c6d6bc5d859def6bbd6e74b8,bet2026-stepwise-017,UNASSESSED,,
kflow-014978,completed,completed,PacificCommunity/ofp-sam-bet-2026-stepwise,d9b14d9abcc2ee85a5deba63da20e888ab2983fb,bet-2026-f15-f22-strict-refit-1e5,a-ec404abf2d277c41c4ab2b9ff9924399ebaa091c79022dccb6f4449b92415bd8,bet2026-stepwise-017,UNASSESSED,./outputs/models/17c-F15F22FormRelaxed/mfcl-inputs/doitall.sh,
kflow-015032,completed,completed,PacificCommunity/ofp-sam-bet-2026-stepwise,660ab33253c8bf70a01067b5f9908c1fc15e9f78,ofp-sam-bet-2026-stepwise-report,a-8445026851760bd5bc68339266dcf36bc95d31ef49ce13b7eccbeb5d3b583640,bet2026-stepwise-017,UNASSESSED,,
kflow-015033,completed,completed,PacificCommunity/ofp-sam-bet-2026-stepwise,506e321000bd2e29580dc6e9161061dc4fa7c2da,ofp-sam-bet-2026-stepwise-report,a-54a24c908168afa24b7e2a6f7fffe2e8cd8b8fe549a0a56b4f8cd82cf2b79e57,bet2026-stepwise-017,UNASSESSED,,
kflow-015034,completed,completed,PacificCommunity/ofp-sam-bet-2026-stepwise,f2ac1b4cebb693dd1a5beabbc2cf3b5c3d764798,ofp-sam-bet-2026-stepwise-report,a-e91e27b5c1788016c929351a2e230ec394603d8751c91824bd098971c555cae4,bet2026-stepwise-017,UNASSESSED,,
kflow-015035,completed,completed,PacificCommunity/ofp-sam-bet-2026-stepwise,f8dd01b3b342c2c3e4f89d68e43897f9d64f2f9b,ofp-sam-bet-2026-stepwise-report,a-cdb30d74177e1c6724c9fc80c370252ce83e9354ce2a04813e9894df8864380b,bet2026-stepwise-017,UNASSESSED,,
kflow-015036,completed,completed,PacificCommunity/ofp-sam-bet-2026-stepwise,a6cc98cadddee8907e74f47b6f0adede1ee88a00,ofp-sam-bet-2026-stepwise-report,a-9a72e92f3c2d08c4bcc6fbf93de6f095c81adbaba845224b896bfd0c8cf64365,bet2026-stepwise-017,UNASSESSED,,
kflow-015037,completed,completed,PacificCommunity/ofp-sam-bet-2026-stepwise,f7e789f456e68cabab20ded62b9ab90fdff386fd,ofp-sam-bet-2026-stepwise-report,a-3cda123bad0604a4c9f6e8ef29eabdf40cfd1f319dedb1a48389690c3d5ef064,bet2026-stepwise-017,UNASSESSED,,
kflow-015038,completed,completed,PacificCommunity/ofp-sam-bet-2026-stepwise,d1294126580481d1e86253a68f190c847e866df2,ofp-sam-bet-2026-stepwise-report,a-7b820ad71ae14e4111e711d3972e238948aee6f849d510c2a19e2a50db79b1c0,bet2026-stepwise-017,UNASSESSED,,
kflow-015039,completed,completed,PacificCommunity/ofp-sam-bet-2026-stepwise,2a14da6fcbbedbcdd401a04577f660b40508ce13,ofp-sam-bet-2026-stepwise-report,a-2e3cee0b50190bd1daf0cc40640ef48d01ba7ad19ce12eb669d7a85b9c8840d1,bet2026-stepwise-017,UNASSESSED,,
kflow-015040,completed,completed,PacificCommunity/ofp-sam-bet-2026-stepwise,2a14da6fcbbedbcdd401a04577f660b40508ce13,ofp-sam-bet-2026-stepwise-report,a-95cbc8273125acd9ad0de6a438566750ee9737d98f0dc9dc6da55c21d587ca28,bet2026-stepwise-017,UNASSESSED,,
kflow-015041,completed,completed,PacificCommunity/ofp-sam-bet-2026-stepwise,1c919334ef910cb8cd7d011eef320160294cf401,ofp-sam-bet-2026-stepwise-report,a-9b0197e37c5523ec3cdcbb387081794a3682e0bfe0b21e11edc7c32f57ed8567,bet2026-stepwise-017,UNASSESSED,,
kflow-015042,completed,completed,PacificCommunity/ofp-sam-bet-2026-stepwise,656b82b74b58a5520dc1d13a86ebb1cb54b342c3,ofp-sam-bet-2026-stepwise-report,a-31953c87e3953bebf89c46707de0f5e503fb7faba475c79b98086f11e68d120e,bet2026-stepwise-017,UNASSESSED,,
kflow-015043,completed,completed,PacificCommunity/ofp-sam-bet-2026-stepwise,656b82b74b58a5520dc1d13a86ebb1cb54b342c3,bet-2026-stepwise-20260724-hessian,a-6a7cb24e934c7051b51feb3789a82d29ed3c0dca7dbd70cf136a05986a0b3159,bet2026-stepwise-017,UNASSESSED,./outputs/models/01-Diag2023/mfcl-inputs/doitall.sh,
kflow-015044,completed,completed,PacificCommunity/ofp-sam-bet-2026-stepwise,656b82b74b58a5520dc1d13a86ebb1cb54b342c3,bet-2026-stepwise-20260724-hessian,a-64e4641931012641d2a669185da11055de9aa2340d4e11276f750b3630a61e77,bet2026-stepwise-017,UNASSESSED,./outputs/models/02-NewExe1003/mfcl-inputs/doitall.sh,
kflow-015045,completed,completed,PacificCommunity/ofp-sam-bet-2026-stepwise,656b82b74b58a5520dc1d13a86ebb1cb54b342c3,bet-2026-stepwise-20260724-hessian,a-a7e8426007fe02e397080af8497d547859a773ab8865140aaa6b392bc9e03ed8,bet2026-stepwise-017,UNASSESSED,./outputs/models/06-NewStructure/mfcl-inputs/doitall.sh,
kflow-015046,completed,completed,PacificCommunity/ofp-sam-bet-2026-stepwise,656b82b74b58a5520dc1d13a86ebb1cb54b342c3,bet-2026-stepwise-20260724-hessian,a-4fde75adcf2b16ff48e44efb64b85586446e177f382eef140f34ae1ca2c64fe7,bet2026-stepwise-017,UNASSESSED,./outputs/models/04-FixM/mfcl-inputs/doitall.sh,
kflow-015047,completed,completed,PacificCommunity/ofp-sam-bet-2026-stepwise,656b82b74b58a5520dc1d13a86ebb1cb54b342c3,bet-2026-stepwise-20260724-hessian,a-365e7aeda91fef7cc4b2155b5ea6462419b871dec6529100475365961563ce93,bet2026-stepwise-017,UNASSESSED,./outputs/models/03-Ini1007/mfcl-inputs/doitall.sh,
kflow-015048,completed,completed,PacificCommunity/ofp-sam-bet-2026-stepwise,656b82b74b58a5520dc1d13a86ebb1cb54b342c3,bet-2026-stepwise-20260724-hessian,a-e5f881130df23a849f9aaa59f155b9e58ff8342b32575135350272c433348062,bet2026-stepwise-017,UNASSESSED,./outputs/models/07-ConvertToLength/mfcl-inputs/doitall.sh,
kflow-015049,completed,completed,PacificCommunity/ofp-sam-bet-2026-stepwise,656b82b74b58a5520dc1d13a86ebb1cb54b342c3,bet-2026-stepwise-20260724-hessian,a-8aa092f3e3d922ccb34d3df9c36c8f97f0544323c3ee1ae46232b2fe38199ce2,bet2026-stepwise-017,UNASSESSED,./outputs/models/05-LengthWeight/mfcl-inputs/doitall.sh,
kflow-015050,completed,completed,PacificCommunity/ofp-sam-bet-2026-stepwise,656b82b74b58a5520dc1d13a86ebb1cb54b342c3,bet-2026-stepwise-20260724-hessian,a-487c4c45ad36f2c6e28498ae963473c8330333be7409848ff139e6cf4e88f098,bet2026-stepwise-017,UNASSESSED,./outputs/models/10-DataTo2024/mfcl-inputs/doitall.sh,
kflow-015051,completed,completed,PacificCommunity/ofp-sam-bet-2026-stepwise,656b82b74b58a5520dc1d13a86ebb1cb54b342c3,bet-2026-stepwise-20260724-hessian,a-dbc7e9479614183ef438d6cb6a41cc156258d211f850059cdb94c4bc095232c8,bet2026-stepwise-017,UNASSESSED,./outputs/models/12-TimeVaryingCV/mfcl-inputs/doitall.sh,
kflow-015052,completed,completed,PacificCommunity/ofp-sam-bet-2026-stepwise,656b82b74b58a5520dc1d13a86ebb1cb54b342c3,bet-2026-stepwise-20260724-hessian,a-a4fd5f5bbc6632609065cbbbb32f777bf6e4c37cc1e4055e16df4d265a67b44b,bet2026-stepwise-017,UNASSESSED,./outputs/models/11-RegionalCPUE/mfcl-inputs/doitall.sh,
kflow-015053,completed,completed,PacificCommunity/ofp-sam-bet-2026-stepwise,656b82b74b58a5520dc1d13a86ebb1cb54b342c3,bet-2026-stepwise-20260724-hessian,a-a3ee3f49cfac76bc09596a54e988bb2cbf4eadc10be404dd5f90f74065760b87,bet2026-stepwise-017,UNASSESSED,./outputs/models/08-AddLengthData/mfcl-inputs/doitall.sh,
kflow-015054,completed,completed,PacificCommunity/ofp-sam-bet-2026-stepwise,656b82b74b58a5520dc1d13a86ebb1cb54b342c3,bet-2026-stepwise-20260724-hessian,a-1486ddbe028683ad5086bcc5b3f5afb415cddf894dd6928b3a57f2bdb816a4e1,bet2026-stepwise-017,UNASSESSED,./outputs/models/09-TailCompression1Pct/mfcl-inputs/doitall.sh,
kflow-015055,completed,completed,PacificCommunity/ofp-sam-bet-2026-stepwise,656b82b74b58a5520dc1d13a86ebb1cb54b342c3,bet-2026-stepwise-20260724-hessian,a-8af642274bda740f7496741266e98c79cfc6aa0b42f576a362d04fb7391e7566,bet2026-stepwise-017,UNASSESSED,./outputs/models/13-CPUEErrorCalibration/mfcl-inputs/doitall.sh,
kflow-015056,completed,completed,PacificCommunity/ofp-sam-bet-2026-stepwise,656b82b74b58a5520dc1d13a86ebb1cb54b342c3,bet-2026-stepwise-20260724-hessian,a-4eb0a6ab43822955014c38e7e7638586b20be4cba91b0545be02c4e85b8b77b7,bet2026-stepwise-017,UNASSESSED,./outputs/models/14-NewAgeData/mfcl-inputs/doitall.sh,
kflow-015057,completed,completed,PacificCommunity/ofp-sam-bet-2026-stepwise,656b82b74b58a5520dc1d13a86ebb1cb54b342c3,bet-2026-stepwise-20260724-hessian,a-e267ffcff946518ffc661d16975ad941e3d0be5c51abcce6de75f727ec982122,bet2026-stepwise-017,UNASSESSED,./outputs/models/15a-REG075/mfcl-inputs/doitall.sh,
kflow-015058,completed,completed,PacificCommunity/ofp-sam-bet-2026-stepwise,656b82b74b58a5520dc1d13a86ebb1cb54b342c3,bet-2026-stepwise-20260724-hessian,a-3268ac549575a7d3f192d7413824528b8ed053cccd6b0da533fd9a06d248c467,bet2026-stepwise-017,UNASSESSED,./outputs/models/15b-SUB075/mfcl-inputs/doitall.sh,
kflow-015059,completed,completed,PacificCommunity/ofp-sam-bet-2026-stepwise,656b82b74b58a5520dc1d13a86ebb1cb54b342c3,bet-2026-stepwise-20260724-hessian,a-54f86cf422797a3fca163b6cd991b60bb117209542a325650bff6a2767e0bc6e,bet2026-stepwise-017,UNASSESSED,./outputs/models/18-TagReportingExclusion/mfcl-inputs/doitall.sh,
kflow-015060,completed,completed,PacificCommunity/ofp-sam-bet-2026-stepwise,656b82b74b58a5520dc1d13a86ebb1cb54b342c3,bet-2026-stepwise-20260724-hessian,a-5e192dbd898b544781f319d45890ef359f8f5ab01589d02d06640ee2574f5201,bet2026-stepwise-017,UNASSESSED,./outputs/models/17-MIX015/mfcl-inputs/doitall.sh,
kflow-015061,completed,completed,PacificCommunity/ofp-sam-bet-2026-stepwise,656b82b74b58a5520dc1d13a86ebb1cb54b342c3,bet-2026-stepwise-20260724-hessian,a-a08e21e4ac94b9b490296b6f19faac5451434120e0cc8c5f7e055848eb8924b7,bet2026-stepwise-017,UNASSESSED,./outputs/models/16-SelectivityUpdate/mfcl-inputs/doitall.sh,
kflow-015062,completed,completed,PacificCommunity/ofp-sam-bet-2026-stepwise,656b82b74b58a5520dc1d13a86ebb1cb54b342c3,bet-2026-stepwise-20260724-hessian,a-9e1aedde63db28fa642c3220436f29b341b13fd30a8a6a9f4aff4015d790121a,bet2026-stepwise-017,UNASSESSED,./outputs/models/20c-DMG8Nmax25/mfcl-inputs/doitall.sh,
kflow-015063,completed,completed,PacificCommunity/ofp-sam-bet-2026-stepwise,656b82b74b58a5520dc1d13a86ebb1cb54b342c3,bet-2026-stepwise-20260724-hessian,a-efe36ad7cc230dbd76eed042b7919b85c38471fb124f185798e6a3625422e249,bet2026-stepwise-017,UNASSESSED,./outputs/models/19-EffortCreep/mfcl-inputs/doitall.sh,
kflow-015064,completed,completed,PacificCommunity/ofp-sam-bet-2026-stepwise,656b82b74b58a5520dc1d13a86ebb1cb54b342c3,bet-2026-stepwise-20260724-hessian,a-182dcf797f85628176fcf790c7b4efed6b4e6a79086ccd6b803495dce4392cda,bet2026-stepwise-017,UNASSESSED,./outputs/models/20a-DOMDiv200/mfcl-inputs/doitall.sh,
kflow-015065,completed,completed,PacificCommunity/ofp-sam-bet-2026-stepwise,656b82b74b58a5520dc1d13a86ebb1cb54b342c3,bet-2026-stepwise-20260724-hessian,a-ccb3df79f391590995d195df2a0cf5f2181b06c684ea2833f56becc93098b01a,bet2026-stepwise-017,UNASSESSED,./outputs/models/20b-Francis/mfcl-inputs/doitall.sh,
kflow-015362,completed,completed,PacificCommunity/ofp-sam-bet-2026-stepwise,a0f7323e37e9b9594ec60f907b86327083c5ab11,bet-2026-job14363-estimated-lorenzen-m-20260724,a-346ad77462289628caeea5e56fc31502e111e3cd057c2daafcb4a7c089566cc6,bet2026-stepwise-017,UNASSESSED,./outputs/models/18a-LorenzenMEstimated/mfcl-inputs/doitall.sh,
kflow-015363,completed,completed,PacificCommunity/ofp-sam-bet-2026-stepwise,6006c5b7baff4322779a0b0b0ec0bcbdddf8a7f6,bet-2026-job14363-grouped-selectivity-20260724,a-464738884bbaccfe3bc03bfdd49448980f644ed2cd1c7b38980ef15ecffe6f76,bet2026-stepwise-017,UNASSESSED,./outputs/models/18-GroupedSelectivityRobustness/mfcl-inputs/doitall.sh,
kflow-015506,replaced,replaced,PacificCommunity/ofp-sam-bet-2026-stepwise,b27d150c1448c9c79654c906cc8096082b401636,bet-2026-job15363-hessian-sensitivity-1-strict-mgc1e5-20260725,a-0a23bf6fe7a02aeddb0f15e1eec461a442654f4a87f45492f08814558798f6d7,bet2026-stepwise-017,UNASSESSED,,
kflow-015507,replaced,replaced,PacificCommunity/ofp-sam-bet-2026-stepwise,b27d150c1448c9c79654c906cc8096082b401636,bet-2026-job15363-hessian-sensitivity-2-opr-20260725,a-e2910536b57c978b72478cb357a975e5c000d8afa1d15a6ac8f91c41bf77cece,bet2026-stepwise-017,UNASSESSED,,
kflow-015508,replaced,replaced,PacificCommunity/ofp-sam-bet-2026-stepwise,b27d150c1448c9c79654c906cc8096082b401636,bet-2026-job15363-hessian-sensitivity-3-recpen02-20260725,a-6ff1b48346cfc581a8e6221d97c72b3d10e984b0759dda6b23465badcb127410,bet2026-stepwise-017,UNASSESSED,,
kflow-015741,completed,completed,PacificCommunity/ofp-sam-bet-2026-stepwise,b27d150c1448c9c79654c906cc8096082b401636,bet-2026-job15363-hessian-sensitivity-1-strict-mgc1e5-20260725,a-317c047917e755f6b56b2ca5c6a817bc54257740fad52b6951e810698c7e4692,bet2026-stepwise-017,UNASSESSED,./outputs/models/18-GroupedSelectivityRobustness/mfcl-inputs/doitall.sh,
kflow-015742,completed,completed,PacificCommunity/ofp-sam-bet-2026-stepwise,b27d150c1448c9c79654c906cc8096082b401636,bet-2026-job15363-hessian-sensitivity-2-opr-20260725,a-6945f251be26ee385fe9c3648acb3c1cb840a6b57a97685e7160321027db6378,bet2026-stepwise-017,UNASSESSED,./outputs/models/18-GroupedSelectivityRobustness/mfcl-inputs/doitall.sh,
kflow-015743,completed,completed,PacificCommunity/ofp-sam-bet-2026-stepwise,b27d150c1448c9c79654c906cc8096082b401636,bet-2026-job15363-hessian-sensitivity-3-recpen02-20260725,a-d08c0b6b4b8a9b8312e9932fc412789c2c77392a740f15498246a668dad43957,bet2026-stepwise-017,UNASSESSED,./outputs/models/18-GroupedSelectivityRobustness/mfcl-inputs/doitall.sh,
kflow-015984,completed,completed,PacificCommunity/ofp-sam-bet-2026-stepwise,d9fd5377abd5ba6aac5aee1b56ec54a9d9d4fc12,bet-2026-job15363-r1-f2-f3-f29-shared-selectivity-20260725,a-b368f9e282b5d39c56f9cac9667c71dc373632d6741c27d7a22c7e9176d60ca2,bet2026-stepwise-017,UNASSESSED,./outputs/models/19a-R1F2F3F29SharedSelectivity/mfcl-inputs/doitall.sh,
kflow-015985,completed,completed,PacificCommunity/ofp-sam-bet-2026-stepwise,fae8b66e3a2b0eb00086a278ce2f6ec55dfec010,bet-2026-job15363-terminal2022-tag-g59-g60-sensitivity-20260725,a-fba91750c2dd708ee134c7bf7ce60acc3268e90ca7d62b4b3515bce38f721546,bet2026-stepwise-017,UNASSESSED,./outputs/models/20-Terminal2022TagReference/mfcl-inputs/doitall.sh,
kflow-015986,completed,completed,PacificCommunity/ofp-sam-bet-2026-stepwise,fae8b66e3a2b0eb00086a278ce2f6ec55dfec010,bet-2026-job15363-terminal2022-tag-g59-g60-sensitivity-20260725,a-54da40ae3f3566634eeebb834232a7a0683c59963b0a205d862b7283b52d1614,bet2026-stepwise-017,UNASSESSED,./outputs/models/20c-Terminal2022TagG59G60Excluded/mfcl-inputs/doitall.sh,
kflow-015987,completed,completed,PacificCommunity/ofp-sam-bet-2026-stepwise,fae8b66e3a2b0eb00086a278ce2f6ec55dfec010,bet-2026-job15363-terminal2022-tag-g59-g60-sensitivity-20260725,a-1c8aa2c7495783ae4ba3b14e9dac5bb3bbba0cee48931e92b44c3958df27951d,bet2026-stepwise-017,UNASSESSED,./outputs/models/20b-Terminal2022TagG59Excluded/mfcl-inputs/doitall.sh,
kflow-015988,completed,completed,PacificCommunity/ofp-sam-bet-2026-stepwise,fae8b66e3a2b0eb00086a278ce2f6ec55dfec010,bet-2026-job15363-terminal2022-tag-g59-g60-sensitivity-20260725,a-78b65dad8d8b882c17a5654b8f2f85b018f7e0505bca5abc66f7d83cddb34893,bet2026-stepwise-017,UNASSESSED,./outputs/models/20a-Terminal2022TagG60Excluded/mfcl-inputs/doitall.sh,
kflow-015989,completed,completed,PacificCommunity/ofp-sam-bet-2026-stepwise,3f144e64df86dffc4af34fbe63604e3e972027a6,bet-2026-final-dm-job15984-grouping-sc22-k015-20260725,a-14b752901d3492da765398bd2f1a2e68646ca8247d624d90fb00a48f458caba6,bet2026-stepwise-017,UNASSESSED,./outputs/models/21a-R1F2F3F29Shared-MIX015/mfcl-inputs/doitall.sh,
kflow-015990,completed,completed,PacificCommunity/ofp-sam-bet-2026-stepwise,3f144e64df86dffc4af34fbe63604e3e972027a6,bet-2026-final-dm-job15984-grouping-sc22-k005-20260725,a-88b7afecf845ea9402ad5cdf7b6ed22a75c01b5b2aa733e944d1c053bb693eff,bet2026-stepwise-017,UNASSESSED,./outputs/models/21b-R1F2F3F29Shared-MIX005/mfcl-inputs/doitall.sh,
kflow-015991,completed,completed,PacificCommunity/ofp-sam-bet-2026-stepwise,715fa8b99e77735509aaa87ebd562613cddce2c0,bet-2026-final-dm-sc22-k015-tagw500-20260725,a-1839a1025a3aae4a80788478027b079b5c33e0fd3a2264a890205de66142dc41,bet2026-stepwise-017,UNASSESSED,./outputs/models/22a-R1F2F3F29Shared-MIX015-TAGW500/mfcl-inputs/doitall.sh,
kflow-015992,completed,completed,PacificCommunity/ofp-sam-bet-2026-stepwise,715fa8b99e77735509aaa87ebd562613cddce2c0,bet-2026-final-dm-sc22-k015-tagw250-20260725,a-1ddf747e1f871dc86da5fd0d4aa28c20fab78476119bddbcf7cd6c8a2132214c,bet2026-stepwise-017,UNASSESSED,./outputs/models/22b-R1F2F3F29Shared-MIX015-TAGW250/mfcl-inputs/doitall.sh,
kflow-015993,completed,completed,PacificCommunity/ofp-sam-bet-2026-stepwise,715fa8b99e77735509aaa87ebd562613cddce2c0,bet-2026-final-dm-sc22-k005-tagw500-20260725,a-3d06281c1c568eb7e05f469fd16378d5b2acb85ab0f77df21397ce2d9b54629a,bet2026-stepwise-017,UNASSESSED,./outputs/models/22c-R1F2F3F29Shared-MIX005-TAGW500/mfcl-inputs/doitall.sh,
kflow-015994,completed,completed,PacificCommunity/ofp-sam-bet-2026-stepwise,715fa8b99e77735509aaa87ebd562613cddce2c0,bet-2026-final-dm-sc22-k005-tagw250-20260725,a-bd916aff3de73bc0bf627540021cb360e1e24f5a3610c685698cbd0a457aa46c,bet2026-stepwise-017,UNASSESSED,./outputs/models/22d-R1F2F3F29Shared-MIX005-TAGW250/mfcl-inputs/doitall.sh,
kflow-016119,completed,completed,PacificCommunity/ofp-sam-bet-2026-stepwise,f29acaeec11fc595a8dc9383d7b31084fbb4171b,bet-2026-job15984-tag-tau-smoke-20260725,a-ab5aface3f619837e929f960e2b01da9716d579472f88addbe63e7b1b5047fdb,bet2026-stepwise-018,UNASSESSED,,
kflow-016120,completed,completed,PacificCommunity/ofp-sam-bet-2026-stepwise,4d42cd0546da2c8b9b734e2b4e48708e43c80e85,bet-2026-tag-tau-sc22-k015-20260725,a-70d14bbad8f681ba5a19bf942d870d7b275545a9973d85d824e1ab365868a466,bet2026-stepwise-018,UNASSESSED,./outputs/models/22-TagTauSensitivity/mfcl-inputs/doitall.sh,
kflow-016121,completed,completed,PacificCommunity/ofp-sam-bet-2026-stepwise,4d42cd0546da2c8b9b734e2b4e48708e43c80e85,bet-2026-tag-tau-sc22-k015-20260725,a-df7622a31a8f265f9c36ca4fa11630a94db16144ad4f20cb53f6dd754c439f6f,bet2026-stepwise-018,UNASSESSED,./outputs/models/22-TagTauSensitivity/mfcl-inputs/doitall.sh,
kflow-016122,completed,completed,PacificCommunity/ofp-sam-bet-2026-stepwise,4d42cd0546da2c8b9b734e2b4e48708e43c80e85,bet-2026-tag-tau-sc22-k015-20260725,a-a67a6068cd6b7f2c8ad016cc0da37d16499464ddcbbbf7e0e54b69e3a9d51ad7,bet2026-stepwise-018,UNASSESSED,./outputs/models/22-TagTauSensitivity/mfcl-inputs/doitall.sh,
kflow-016123,completed,completed,PacificCommunity/ofp-sam-bet-2026-stepwise,4d42cd0546da2c8b9b734e2b4e48708e43c80e85,bet-2026-tag-tau-sc22-k015-20260725,a-376de00523856e74b8f293fbc81fed1a2a93e5815b0d2648e49961a03530a840,bet2026-stepwise-018,UNASSESSED,./outputs/models/22-TagTauSensitivity/mfcl-inputs/doitall.sh,
kflow-016124,completed,completed,PacificCommunity/ofp-sam-bet-2026-stepwise,4d42cd0546da2c8b9b734e2b4e48708e43c80e85,bet-2026-tag-tau-sc22-k015-20260725,a-27c750ef57f4a6a6c1022af37e8c2054303a7a46b24806a197038b562f2c22a7,bet2026-stepwise-018,UNASSESSED,./outputs/models/22-TagTauSensitivity/mfcl-inputs/doitall.sh,
kflow-016125,completed,completed,PacificCommunity/ofp-sam-bet-2026-stepwise,4d42cd0546da2c8b9b734e2b4e48708e43c80e85,bet-2026-tag-tau-sc22-k015-20260725,a-99166b69f295b3f9dd56a7d55e794a2d7ea651c60d8a55450b1dc79ea3f53097,bet2026-stepwise-018,UNASSESSED,./outputs/models/22-TagTauSensitivity/mfcl-inputs/doitall.sh,
kflow-016126,completed,completed,PacificCommunity/ofp-sam-bet-2026-stepwise,4d42cd0546da2c8b9b734e2b4e48708e43c80e85,bet-2026-tag-tau-sc22-k015-20260725,a-6ca3779941cc44d84b78653ab9a39eb97411b6385b1369884ea5657fc2139933,bet2026-stepwise-018,UNASSESSED,./outputs/models/22-TagTauSensitivity/mfcl-inputs/doitall.sh,
kflow-016127,completed,completed,PacificCommunity/ofp-sam-bet-2026-stepwise,4d42cd0546da2c8b9b734e2b4e48708e43c80e85,bet-2026-tag-tau-sc22-k015-20260725,a-6c5c7b87526a0aaa8d6c6432a4be680bdb3c9917b33a2143954b9ac1056a0995,bet2026-stepwise-018,UNASSESSED,./outputs/models/22-TagTauSensitivity/mfcl-inputs/doitall.sh,
kflow-016128,completed,completed,PacificCommunity/ofp-sam-bet-2026-stepwise,4d42cd0546da2c8b9b734e2b4e48708e43c80e85,bet-2026-tag-tau-sc22-k015-20260725,a-b1ba4b9cb2f730317b1527775b406cc5728ecc64e7abd2791c12b3cf312460b6,bet2026-stepwise-018,UNASSESSED,./outputs/models/22-TagTauSensitivity/mfcl-inputs/doitall.sh,
kflow-016129,completed,completed,PacificCommunity/ofp-sam-bet-2026-stepwise,4d42cd0546da2c8b9b734e2b4e48708e43c80e85,bet-2026-tag-tau-sc22-k015-20260725,a-7676a80dcd8af7ae03134ff5718174b8b5a61b0b3daf1f155f9a87ac740c0312,bet2026-stepwise-018,UNASSESSED,./outputs/models/22-TagTauSensitivity/mfcl-inputs/doitall.sh,
kflow-016130,completed,completed,PacificCommunity/ofp-sam-bet-2026-stepwise,4d42cd0546da2c8b9b734e2b4e48708e43c80e85,bet-2026-tag-tau-sc22-k015-20260725,a-948990e5a0ec135d70a735fe02df45c95604667a83c5a27f1c9d94935525186e,bet2026-stepwise-018,UNASSESSED,./outputs/models/22-TagTauSensitivity/mfcl-inputs/doitall.sh,
kflow-016131,completed,completed,PacificCommunity/ofp-sam-bet-2026-stepwise,4d42cd0546da2c8b9b734e2b4e48708e43c80e85,bet-2026-tag-tau-sc22-k015-20260725,a-7c768d11507b6a4d2b49c9249b3975fc9b9633c188d4ccd57c0a31da48e563a5,bet2026-stepwise-018,UNASSESSED,./outputs/models/22-TagTauSensitivity/mfcl-inputs/doitall.sh,
kflow-016132,completed,completed,PacificCommunity/ofp-sam-bet-2026-stepwise,4d42cd0546da2c8b9b734e2b4e48708e43c80e85,bet-2026-tag-tau-sc22-k015-20260725,a-dd70053921ac893152d12400be47c5d659c1a58095558ec93c5e2a0cede7f59d,bet2026-stepwise-018,UNASSESSED,./outputs/models/22-TagTauSensitivity/mfcl-inputs/doitall.sh,
kflow-016133,completed,completed,PacificCommunity/ofp-sam-bet-2026-stepwise,4d42cd0546da2c8b9b734e2b4e48708e43c80e85,bet-2026-tag-tau-sc22-k015-20260725,a-bc3682867f3a2a1457042dd95af959d0032e24fa57d565ba683338b15bc6b7c0,bet2026-stepwise-018,UNASSESSED,./outputs/models/22-TagTauSensitivity/mfcl-inputs/doitall.sh,
kflow-016134,completed,completed,PacificCommunity/ofp-sam-bet-2026-stepwise,4d42cd0546da2c8b9b734e2b4e48708e43c80e85,bet-2026-tag-tau-sc22-k015-20260725,a-15e16c5157c1a2c1f5f2c1faab6e2746c7d879b083092d85d980f38f0e2950d2,bet2026-stepwise-018,UNASSESSED,./outputs/models/22-TagTauSensitivity/mfcl-inputs/doitall.sh,
kflow-016135,completed,completed,PacificCommunity/ofp-sam-bet-2026-stepwise,4d42cd0546da2c8b9b734e2b4e48708e43c80e85,bet-2026-tag-tau-sc22-k015-20260725,a-7ae59821e34f2f789ece9078f65322b1a40598bfdfeee6de9dbfaf5e9349becd,bet2026-stepwise-018,UNASSESSED,./outputs/models/22-TagTauSensitivity/mfcl-inputs/doitall.sh,
kflow-016136,completed,completed,PacificCommunity/ofp-sam-bet-2026-stepwise,4d42cd0546da2c8b9b734e2b4e48708e43c80e85,bet-2026-tag-tau-sc22-k015-20260725,a-7bd76b68cf31fea0b94fb4ff19c819a609407e4318392b7c043bc2c85a632cc8,bet2026-stepwise-018,UNASSESSED,./outputs/models/22-TagTauSensitivity/mfcl-inputs/doitall.sh,
kflow-016137,completed,completed,PacificCommunity/ofp-sam-bet-2026-stepwise,4d42cd0546da2c8b9b734e2b4e48708e43c80e85,bet-2026-tag-tau-sc22-k015-20260725,a-b48ef076f9bd6c970975a90ca9f2818fa58700c8e2cfe825f8af039594b1e6b2,bet2026-stepwise-018,UNASSESSED,./outputs/models/22-TagTauSensitivity/mfcl-inputs/doitall.sh,
kflow-016138,completed,completed,PacificCommunity/ofp-sam-bet-2026-stepwise,4d42cd0546da2c8b9b734e2b4e48708e43c80e85,bet-2026-tag-tau-sc22-k015-20260725,a-54ff2b068b0b4ef3afb6e4be10c0d302ad38605b3e43d5e5f840756a1c594b56,bet2026-stepwise-018,UNASSESSED,./outputs/models/22-TagTauSensitivity/mfcl-inputs/doitall.sh,
kflow-016139,completed,completed,PacificCommunity/ofp-sam-bet-2026-stepwise,4d42cd0546da2c8b9b734e2b4e48708e43c80e85,bet-2026-tag-tau-sc22-k015-20260725,a-2c568e85e6ce240126445f1ed72c7b2660c049e7c737622bcbe6eb782cb4a007,bet2026-stepwise-018,UNASSESSED,./outputs/models/22-TagTauSensitivity/mfcl-inputs/doitall.sh,
kflow-016140,completed,completed,PacificCommunity/ofp-sam-bet-2026-stepwise,4d42cd0546da2c8b9b734e2b4e48708e43c80e85,bet-2026-tag-tau-sc22-k015-20260725,a-a30ec980fc75565c93d6430ede1b3eb55cf2ec7a6995358bc753d6beb411b7c6,bet2026-stepwise-018,UNASSESSED,./outputs/models/22-TagTauSensitivity/mfcl-inputs/doitall.sh,
kflow-016141,completed,completed,PacificCommunity/ofp-sam-bet-2026-stepwise,4d42cd0546da2c8b9b734e2b4e48708e43c80e85,bet-2026-tag-tau-sc22-k015-20260725,a-c935dcd6c8492536b8bd9dc729d59b6d6285844f65b47a59d348392648e2b4cc,bet2026-stepwise-018,UNASSESSED,./outputs/models/22-TagTauSensitivity/mfcl-inputs/doitall.sh,
kflow-016142,completed,completed,PacificCommunity/ofp-sam-bet-2026-stepwise,4d42cd0546da2c8b9b734e2b4e48708e43c80e85,bet-2026-tag-tau-sc22-k015-20260725,a-e1aafab63ccddef18ef94a85df69fc7958be89ed254b937d69bdbd371763b522,bet2026-stepwise-018,UNASSESSED,./outputs/models/22-TagTauSensitivity/mfcl-inputs/doitall.sh,
kflow-016143,completed,completed,PacificCommunity/ofp-sam-bet-2026-stepwise,4d42cd0546da2c8b9b734e2b4e48708e43c80e85,bet-2026-tag-tau-sc22-k015-20260725,a-609eb8a811431917111a3507f09268cac529d0b19537677cacf0519243c498d4,bet2026-stepwise-018,UNASSESSED,./outputs/models/22-TagTauSensitivity/mfcl-inputs/doitall.sh,
kflow-016144,completed,completed,PacificCommunity/ofp-sam-bet-2026-stepwise,4d42cd0546da2c8b9b734e2b4e48708e43c80e85,bet-2026-tag-tau-sc22-k015-20260725,a-ffd38a702bbd1470584dbd8c345fd8ab11710bda9bb429a1544f473afc25244e,bet2026-stepwise-018,UNASSESSED,./outputs/models/22-TagTauSensitivity/mfcl-inputs/doitall.sh,
kflow-016145,completed,completed,PacificCommunity/ofp-sam-bet-2026-stepwise,4d42cd0546da2c8b9b734e2b4e48708e43c80e85,bet-2026-tag-tau-sc22-k015-20260725,a-7552c038ef6709a00a6ec9e1f65e168b38df1f4c5959b729b7e1f17d6bc85b1e,bet2026-stepwise-018,UNASSESSED,./outputs/models/22-TagTauSensitivity/mfcl-inputs/doitall.sh,
kflow-016146,completed,completed,PacificCommunity/ofp-sam-bet-2026-stepwise,4d42cd0546da2c8b9b734e2b4e48708e43c80e85,bet-2026-tag-tau-sc22-k015-20260725,a-97e0720a90b62b70bf1b5c4e8176072963f68ce81bd5770b59d5d3e0e79b3956,bet2026-stepwise-018,UNASSESSED,./outputs/models/22-TagTauSensitivity/mfcl-inputs/doitall.sh,
kflow-016147,completed,completed,PacificCommunity/ofp-sam-bet-2026-stepwise,4d42cd0546da2c8b9b734e2b4e48708e43c80e85,bet-2026-tag-tau-sc22-k015-20260725,a-1084108636d116764a77ebe3e5180a88bc4c7ad47747a5c73e4e2723bd333872,bet2026-stepwise-018,UNASSESSED,./outputs/models/22-TagTauSensitivity/mfcl-inputs/doitall.sh,
kflow-016148,completed,completed,PacificCommunity/ofp-sam-bet-2026-stepwise,4d42cd0546da2c8b9b734e2b4e48708e43c80e85,bet-2026-tag-tau-sc22-k015-20260725,a-d0593ae453001f3fac39010770c66fdcd63774cc9b3915c41c2e982e6762f16c,bet2026-stepwise-018,UNASSESSED,./outputs/models/22-TagTauSensitivity/mfcl-inputs/doitall.sh,
kflow-016149,completed,completed,PacificCommunity/ofp-sam-bet-2026-stepwise,4d42cd0546da2c8b9b734e2b4e48708e43c80e85,bet-2026-tag-tau-sc22-k015-20260725,a-1cbb9eb64a8008da906bb9d39a99e58d57ff4e168fa0104ce8642c619f0c7039,bet2026-stepwise-018,UNASSESSED,./outputs/models/22-TagTauSensitivity/mfcl-inputs/doitall.sh,
kflow-016224,completed,completed,PacificCommunity/ofp-sam-bet-2026-stepwise,715fa8b99e77735509aaa87ebd562613cddce2c0,bet-2026-job15989-strict-mgc1e5-20260725,a-49bd932d6b22aaa777cad0f04bad22703044422047ae8c866ba97479ad71fa96,bet2026-stepwise-018,UNASSESSED,./outputs/models/21a-R1F2F3F29Shared-MIX015/mfcl-inputs/doitall.sh,
kflow-016291,completed,completed,PacificCommunity/ofp-sam-bet-2026-stepwise,89560ac667570452107a65275b9a70367e1158b0,bet-2026-job15989-opr72e2-20260725,a-a5b058843e51b720f3d7dfe8e68b4842b911ffb7d8978eed959624ccb53458f8,bet2026-stepwise-018,UNASSESSED,./outputs/models/21c-R1F2F3F29Shared-MIX015-OPR72E2/mfcl-inputs/doitall.sh,
kflow-016416,completed,completed,PacificCommunity/ofp-sam-bet-2026-stepwise,12e31112d7fc340afe6ae64246ae72b1ce1bf809,bet-2026-selectivity-stability-sc22-k015-20260725,a-67a8b23fba7e50e410c6abc2829416cea2e7c6e16a534ba0b8af3010e872d768,bet2026-stepwise-018,UNASSESSED,./outputs/models/S01-SelectivityStability-MIX015/mfcl-inputs/doitall.sh,
kflow-016594,completed,completed,PacificCommunity/ofp-sam-bet-2026-stepwise,1035b6ce6942309599acf7643b0b22bbec840c0b,bet-2026-tag-dispersion-opr-nmax-m-20260726,a-ffaaf6f8d0a9ed0f48869ed19c25d3b1568398eac98d8d6cc480caf701c2d1cc,bet2026-stepwise-018,UNASSESSED,./outputs/models/S03-CommonTagTau-MIX015/mfcl-inputs/doitall.sh,
kflow-016595,completed,completed,PacificCommunity/ofp-sam-bet-2026-stepwise,1035b6ce6942309599acf7643b0b22bbec840c0b,bet-2026-tag-dispersion-opr-nmax-m-20260726,a-9d7c06ac5a6966c54998b77ec69c53fe31c7353fb51de8203dec7e36555eff92,bet2026-stepwise-018,UNASSESSED,./outputs/models/S03-CommonTagTau-MIX015/mfcl-inputs/doitall.sh,
kflow-016596,completed,completed,PacificCommunity/ofp-sam-bet-2026-stepwise,1035b6ce6942309599acf7643b0b22bbec840c0b,bet-2026-tag-dispersion-opr-nmax-m-20260726,a-ca094b4d8b410fdc47e5bade655962a48beafaa6c79b656f40cf0fb47e4ee511,bet2026-stepwise-018,UNASSESSED,./outputs/models/S03-CommonTagTau-MIX015/mfcl-inputs/doitall.sh,
kflow-016597,completed,completed,PacificCommunity/ofp-sam-bet-2026-stepwise,1035b6ce6942309599acf7643b0b22bbec840c0b,bet-2026-tag-dispersion-opr-nmax-m-20260726,a-5260d7227247fe33eafe18ab2a953ac6503c36b61476517bd806a7fa69216d2f,bet2026-stepwise-018,UNASSESSED,./outputs/models/S03-CommonTagTau-MIX015/mfcl-inputs/doitall.sh,
kflow-016598,completed,completed,PacificCommunity/ofp-sam-bet-2026-stepwise,1035b6ce6942309599acf7643b0b22bbec840c0b,bet-2026-tag-dispersion-opr-nmax-m-20260726,a-3aa9e6732441e945b29069b1ca7083985f386518f7a5d1941e80e0304d9e4b75,bet2026-stepwise-018,UNASSESSED,./outputs/models/S03-CommonTagTau-MIX015/mfcl-inputs/doitall.sh,
kflow-016599,completed,completed,PacificCommunity/ofp-sam-bet-2026-stepwise,1035b6ce6942309599acf7643b0b22bbec840c0b,bet-2026-tag-dispersion-opr-nmax-m-20260726,a-330c05f6fab1ad78478d7439f17a84998cf0b8cd90b149ddd98b5d4c3e70c59e,bet2026-stepwise-018,UNASSESSED,./outputs/models/S03-CommonTagTau-MIX015/mfcl-inputs/doitall.sh,
kflow-016600,completed,completed,PacificCommunity/ofp-sam-bet-2026-stepwise,1035b6ce6942309599acf7643b0b22bbec840c0b,bet-2026-tag-dispersion-opr-nmax-m-20260726,a-0db61567db54a7af8f0eb9dd653a4785c35a2a623bb723898fe471369336faba,bet2026-stepwise-018,UNASSESSED,./outputs/models/S03-CommonTagTau-MIX015/mfcl-inputs/doitall.sh,
kflow-016601,completed,completed,PacificCommunity/ofp-sam-bet-2026-stepwise,1035b6ce6942309599acf7643b0b22bbec840c0b,bet-2026-tag-dispersion-opr-nmax-m-20260726,a-d02980f22431ceb53138b0c2207d826031f84d157c8566c0ecac5e931ba6d12a,bet2026-stepwise-018,UNASSESSED,./outputs/models/S03-CommonTagTau-MIX015/mfcl-inputs/doitall.sh,
kflow-016602,completed,completed,PacificCommunity/ofp-sam-bet-2026-stepwise,1035b6ce6942309599acf7643b0b22bbec840c0b,bet-2026-tag-dispersion-opr-nmax-m-20260726,a-69c20f0dbe4c1a71f3ee677fc11e9c2f9280aae0a0448a51224ca1f498db6387,bet2026-stepwise-018,UNASSESSED,./outputs/models/S03-CommonTagTau-MIX015/mfcl-inputs/doitall.sh,
kflow-016603,completed,completed,PacificCommunity/ofp-sam-bet-2026-stepwise,1035b6ce6942309599acf7643b0b22bbec840c0b,bet-2026-tag-dispersion-opr-nmax-m-20260726,a-1a12f1c9c09b464b8f31761e561fc68a0fc01b28e27a60028fa1725458f05028,bet2026-stepwise-018,UNASSESSED,./outputs/models/S03-CommonTagTau-MIX015/mfcl-inputs/doitall.sh,
kflow-016604,completed,completed,PacificCommunity/ofp-sam-bet-2026-stepwise,1035b6ce6942309599acf7643b0b22bbec840c0b,bet-2026-tag-dispersion-opr-nmax-m-20260726,a-effd52697ba17485ade3f935be6ee7cd7deb1cd6fa34a98b6e8cfb4128343251,bet2026-stepwise-018,UNASSESSED,./outputs/models/S03-CommonTagTau-MIX015/mfcl-inputs/doitall.sh,
kflow-016605,completed,completed,PacificCommunity/ofp-sam-bet-2026-stepwise,1035b6ce6942309599acf7643b0b22bbec840c0b,bet-2026-tag-dispersion-opr-nmax-m-20260726,a-7949ce4d25fd6d23637f0a2370c78134e52c855edd4bc764627f6a8ee2c95ec8,bet2026-stepwise-018,UNASSESSED,./outputs/models/S03-CommonTagTau-MIX015/mfcl-inputs/doitall.sh,
kflow-016606,completed,completed,PacificCommunity/ofp-sam-bet-2026-stepwise,1035b6ce6942309599acf7643b0b22bbec840c0b,bet-2026-tag-dispersion-opr-nmax-m-20260726,a-8162b59a5e6c5f498a629fe3921a3a63a97f3964c467d9c8f617e1156982245d,bet2026-stepwise-018,UNASSESSED,./outputs/models/S04-CommonTagTauSpline-MIX015/mfcl-inputs/doitall.sh,
kflow-016608,completed,completed,PacificCommunity/ofp-sam-bet-2026-stepwise,1035b6ce6942309599acf7643b0b22bbec840c0b,bet-2026-tag-dispersion-opr-nmax-m-20260726,a-25d6c06706f675d75ca6d04f9838979ff82f2f6a70625679f4a6170af87b3f4d,bet2026-stepwise-018,UNASSESSED,./outputs/models/S04-CommonTagTauSpline-MIX015/mfcl-inputs/doitall.sh,
kflow-016610,completed,completed,PacificCommunity/ofp-sam-bet-2026-stepwise,1035b6ce6942309599acf7643b0b22bbec840c0b,bet-2026-tag-dispersion-opr-nmax-m-20260726,a-84e8f09974b65359e716f0ccbf84e2dcd12197331c54a0c2e654c1aec9ec2530,bet2026-stepwise-018,UNASSESSED,./outputs/models/S04-CommonTagTauSpline-MIX015/mfcl-inputs/doitall.sh,
kflow-016611,completed,completed,PacificCommunity/ofp-sam-bet-2026-stepwise,1035b6ce6942309599acf7643b0b22bbec840c0b,bet-2026-tag-dispersion-opr-nmax-m-20260726,a-e91be51df2632a42344e6a930cfc7e1b2885ad08707b65673805d8b32af60e41,bet2026-stepwise-018,UNASSESSED,./outputs/models/S04-CommonTagTauSpline-MIX015/mfcl-inputs/doitall.sh,
kflow-016612,completed,completed,PacificCommunity/ofp-sam-bet-2026-stepwise,1035b6ce6942309599acf7643b0b22bbec840c0b,bet-2026-tag-dispersion-opr-nmax-m-20260726,a-ac0d03928cca33943a9e50d723c22d792a38685c0a103ec82c9bde93b3c509b2,bet2026-stepwise-018,UNASSESSED,./outputs/models/S04-CommonTagTauSpline-MIX015/mfcl-inputs/doitall.sh,
kflow-016613,completed,completed,PacificCommunity/ofp-sam-bet-2026-stepwise,1035b6ce6942309599acf7643b0b22bbec840c0b,bet-2026-tag-dispersion-opr-nmax-m-20260726,a-5c5648a084d2c4d5e17f7e2506cf3ffe4eb4adbdacb4097ceb695c9fdad61b1b,bet2026-stepwise-018,UNASSESSED,./outputs/models/S04-CommonTagTauSpline-MIX015/mfcl-inputs/doitall.sh,
kflow-016614,completed,completed,PacificCommunity/ofp-sam-bet-2026-stepwise,1035b6ce6942309599acf7643b0b22bbec840c0b,bet-2026-tag-dispersion-opr-nmax-m-20260726,a-128445988412b85a3db2cb4750d5a4323d48332588d9a3ea3a4c0757149bdd98,bet2026-stepwise-018,UNASSESSED,./outputs/models/S04-CommonTagTauSpline-MIX015/mfcl-inputs/doitall.sh,
kflow-016615,completed,completed,PacificCommunity/ofp-sam-bet-2026-stepwise,1035b6ce6942309599acf7643b0b22bbec840c0b,bet-2026-tag-dispersion-opr-nmax-m-20260726,a-ae4b40ddbaa96dfe5c8ee5450aefc562b7053310bed9307f2c27c17f68230f6c,bet2026-stepwise-018,UNASSESSED,./outputs/models/S04-CommonTagTauSpline-MIX015/mfcl-inputs/doitall.sh,
kflow-016616,completed,completed,PacificCommunity/ofp-sam-bet-2026-stepwise,1035b6ce6942309599acf7643b0b22bbec840c0b,bet-2026-tag-dispersion-opr-nmax-m-20260726,a-c670ce881fb10510ce4b77af729e4d0789196cc02bec104a9e3b2948b9107614,bet2026-stepwise-018,UNASSESSED,./outputs/models/S04-CommonTagTauSpline-MIX015/mfcl-inputs/doitall.sh,
kflow-016617,completed,completed,PacificCommunity/ofp-sam-bet-2026-stepwise,1035b6ce6942309599acf7643b0b22bbec840c0b,bet-2026-tag-dispersion-opr-nmax-m-20260726,a-b4db18a895fdccabd1eea793e74effc806325ac1a08588df6df3d221f8da7c9b,bet2026-stepwise-018,UNASSESSED,./outputs/models/S04-CommonTagTauSpline-MIX015/mfcl-inputs/doitall.sh,
kflow-016618,completed,completed,PacificCommunity/ofp-sam-bet-2026-stepwise,1035b6ce6942309599acf7643b0b22bbec840c0b,bet-2026-tag-dispersion-opr-nmax-m-20260726,a-3145e620defc837e9b48f3642e2aac4d5b110c0aabb96e91e36c25201d57b197,bet2026-stepwise-018,UNASSESSED,./outputs/models/S05-CommonTagTauOPR-MIX015/mfcl-inputs/doitall.sh,
kflow-016619,completed,completed,PacificCommunity/ofp-sam-bet-2026-stepwise,1035b6ce6942309599acf7643b0b22bbec840c0b,bet-2026-tag-dispersion-opr-nmax-m-20260726,a-5bb5580c82eb8c04dfd0b75fd538eedb7df93c7e1f0bf482b6f17c6629c80d69,bet2026-stepwise-018,UNASSESSED,./outputs/models/S05-CommonTagTauOPR-MIX015/mfcl-inputs/doitall.sh,
kflow-016620,completed,completed,PacificCommunity/ofp-sam-bet-2026-stepwise,1035b6ce6942309599acf7643b0b22bbec840c0b,bet-2026-tag-dispersion-opr-nmax-m-20260726,a-375cd80f4013c63552b13e2ca6c1cd2b7ee9cad1e06fe6c5f2038b076b496c34,bet2026-stepwise-018,UNASSESSED,./outputs/models/S05-CommonTagTauOPR-MIX015/mfcl-inputs/doitall.sh,
kflow-016621,completed,completed,PacificCommunity/ofp-sam-bet-2026-stepwise,1035b6ce6942309599acf7643b0b22bbec840c0b,bet-2026-tag-dispersion-opr-nmax-m-20260726,a-4e411292d133cad4cbf4b41ff5f4f4330eacb56921993c629f55fa0796947888,bet2026-stepwise-018,UNASSESSED,./outputs/models/S05-CommonTagTauOPR-MIX015/mfcl-inputs/doitall.sh,
kflow-016622,completed,completed,PacificCommunity/ofp-sam-bet-2026-stepwise,1035b6ce6942309599acf7643b0b22bbec840c0b,bet-2026-tag-dispersion-opr-nmax-m-20260726,a-afadb4cf0c673a4f3dd09aa09a5b0ce94b71a9cc84dba9c20af8b39b60bada7f,bet2026-stepwise-018,UNASSESSED,./outputs/models/S05-CommonTagTauOPR-MIX015/mfcl-inputs/doitall.sh,
kflow-016623,completed,completed,PacificCommunity/ofp-sam-bet-2026-stepwise,1035b6ce6942309599acf7643b0b22bbec840c0b,bet-2026-tag-dispersion-opr-nmax-m-20260726,a-628b5cd0d046028017544d28ca353a94b9195f20ca272643fdaa2599affbe610,bet2026-stepwise-018,UNASSESSED,./outputs/models/S05-CommonTagTauOPR-MIX015/mfcl-inputs/doitall.sh,
kflow-016624,completed,completed,PacificCommunity/ofp-sam-bet-2026-stepwise,1035b6ce6942309599acf7643b0b22bbec840c0b,bet-2026-tag-dispersion-opr-nmax-m-20260726,a-a0e043a58f6c07ff63929f9e016ce6dbc560cc6ab6a2d2cf364831a3282fab05,bet2026-stepwise-018,UNASSESSED,./outputs/models/S05-CommonTagTauOPR-MIX015/mfcl-inputs/doitall.sh,
kflow-016626,completed,completed,PacificCommunity/ofp-sam-bet-2026-stepwise,1035b6ce6942309599acf7643b0b22bbec840c0b,bet-2026-tag-dispersion-opr-nmax-m-20260726,a-c7aeaef0281b20d0c1c8409be5201efda3863f1c44938ab7bf790a5d2d577e99,bet2026-stepwise-018,UNASSESSED,./outputs/models/S05-CommonTagTauOPR-MIX015/mfcl-inputs/doitall.sh,
kflow-016628,completed,completed,PacificCommunity/ofp-sam-bet-2026-stepwise,1035b6ce6942309599acf7643b0b22bbec840c0b,bet-2026-tag-dispersion-opr-nmax-m-20260726,a-0dd2054dbdff5532582fc7db13fa6f33c1761d72d452c5dcaa42caead6721a64,bet2026-stepwise-018,UNASSESSED,./outputs/models/S05-CommonTagTauOPR-MIX015/mfcl-inputs/doitall.sh,
kflow-016630,completed,completed,PacificCommunity/ofp-sam-bet-2026-stepwise,1035b6ce6942309599acf7643b0b22bbec840c0b,bet-2026-tag-dispersion-opr-nmax-m-20260726,a-925bfb033be72d03e12a5f7b18e3d86c2493325928156fcfe742211597a09b21,bet2026-stepwise-018,UNASSESSED,./outputs/models/S05-CommonTagTauOPR-MIX015/mfcl-inputs/doitall.sh,
kflow-016632,completed,completed,PacificCommunity/ofp-sam-bet-2026-stepwise,1035b6ce6942309599acf7643b0b22bbec840c0b,bet-2026-tag-dispersion-opr-nmax-m-20260726,a-b2518bbdd1cd98397221d4bbb36eedc3698810eaaca777a8237462cb6fc21147,bet2026-stepwise-018,UNASSESSED,./outputs/models/S05-CommonTagTauOPR-MIX015/mfcl-inputs/doitall.sh,
kflow-016633,completed,completed,PacificCommunity/ofp-sam-bet-2026-stepwise,1035b6ce6942309599acf7643b0b22bbec840c0b,bet-2026-tag-dispersion-opr-nmax-m-20260726,a-3b9cf3f783dc5b71d6783f3be2d3f2f492f1fc90e0e570ac0f9bc7c3d44fa545,bet2026-stepwise-019,UNASSESSED,./outputs/models/S05-CommonTagTauOPR-MIX015/mfcl-inputs/doitall.sh,
kflow-016634,completed,completed,PacificCommunity/ofp-sam-bet-2026-stepwise,1035b6ce6942309599acf7643b0b22bbec840c0b,bet-2026-tag-dispersion-opr-nmax-m-20260726,a-9469d32fe64ac0516a140b71fb5abe0e2b1b6625c228d151cc62ec4684bc7a26,bet2026-stepwise-019,UNASSESSED,./outputs/models/S05-CommonTagTauOPR-MIX015/mfcl-inputs/doitall.sh,
kflow-016636,completed,completed,PacificCommunity/ofp-sam-bet-2026-stepwise,1035b6ce6942309599acf7643b0b22bbec840c0b,bet-2026-tag-dispersion-opr-nmax-m-20260726,a-8043753a86b4cdd10f22cc127891ce35abf7b0213402d148aa9374110dc6b499,bet2026-stepwise-019,UNASSESSED,./outputs/models/S05-CommonTagTauOPR-MIX015/mfcl-inputs/doitall.sh,
kflow-016638,completed,completed,PacificCommunity/ofp-sam-bet-2026-stepwise,1035b6ce6942309599acf7643b0b22bbec840c0b,bet-2026-tag-dispersion-opr-nmax-m-20260726,a-6004b9a3e1e0ac7fafeafdc958885404cff3e1f8b546b8c22598172b92978f50,bet2026-stepwise-019,UNASSESSED,./outputs/models/S05-CommonTagTauOPR-MIX015/mfcl-inputs/doitall.sh,
kflow-016640,completed,completed,PacificCommunity/ofp-sam-bet-2026-stepwise,1035b6ce6942309599acf7643b0b22bbec840c0b,bet-2026-tag-dispersion-opr-nmax-m-20260726,a-ae86f6044e7d455f1ae0f1d92d2d1f2fdbc10e204cf3379a2b235e7c0bc4fb11,bet2026-stepwise-019,UNASSESSED,./outputs/models/S05-CommonTagTauOPR-MIX015/mfcl-inputs/doitall.sh,
kflow-016642,completed,completed,PacificCommunity/ofp-sam-bet-2026-stepwise,1035b6ce6942309599acf7643b0b22bbec840c0b,bet-2026-tag-dispersion-opr-nmax-m-20260726,a-49d68273f9296abae6d4a0ee31064b937088e0caf4509fad48a1853059c34ebc,bet2026-stepwise-019,UNASSESSED,./outputs/models/S06-CommonTagTauSplineOPR-MIX015/mfcl-inputs/doitall.sh,
kflow-016643,completed,completed,PacificCommunity/ofp-sam-bet-2026-stepwise,1035b6ce6942309599acf7643b0b22bbec840c0b,bet-2026-tag-dispersion-opr-nmax-m-20260726,a-5851d0e9656e8e437833ec3d7c115e05adeb9e8680529f816835e6a276de2086,bet2026-stepwise-019,UNASSESSED,./outputs/models/S06-CommonTagTauSplineOPR-MIX015/mfcl-inputs/doitall.sh,
kflow-016644,completed,completed,PacificCommunity/ofp-sam-bet-2026-stepwise,1035b6ce6942309599acf7643b0b22bbec840c0b,bet-2026-tag-dispersion-opr-nmax-m-20260726,a-2893c93d52013f9fcc359163b7625bf2ebcfd2e32143b6c0cd7b1b22abbfe3c3,bet2026-stepwise-019,UNASSESSED,./outputs/models/S06-CommonTagTauSplineOPR-MIX015/mfcl-inputs/doitall.sh,
kflow-016645,completed,completed,PacificCommunity/ofp-sam-bet-2026-stepwise,1035b6ce6942309599acf7643b0b22bbec840c0b,bet-2026-tag-dispersion-opr-nmax-m-20260726,a-747739eabd0b2a65844bd7bde401e739833f4372f170339574e2ce73b2e72642,bet2026-stepwise-019,UNASSESSED,./outputs/models/S06-CommonTagTauSplineOPR-MIX015/mfcl-inputs/doitall.sh,
kflow-016646,completed,completed,PacificCommunity/ofp-sam-bet-2026-stepwise,1035b6ce6942309599acf7643b0b22bbec840c0b,bet-2026-tag-dispersion-opr-nmax-m-20260726,a-062616402ff1c659be2cdb5b927319633cd15d8dc9531f452dac4eeaad808c1d,bet2026-stepwise-019,UNASSESSED,./outputs/models/S06-CommonTagTauSplineOPR-MIX015/mfcl-inputs/doitall.sh,
kflow-016647,completed,completed,PacificCommunity/ofp-sam-bet-2026-stepwise,1035b6ce6942309599acf7643b0b22bbec840c0b,bet-2026-tag-dispersion-opr-nmax-m-20260726,a-26b723fb59527a786694770b196a2b2da3dba6c8a7fb7366ee628f5698f28fa7,bet2026-stepwise-019,UNASSESSED,./outputs/models/S06-CommonTagTauSplineOPR-MIX015/mfcl-inputs/doitall.sh,
kflow-016648,completed,completed,PacificCommunity/ofp-sam-bet-2026-stepwise,1035b6ce6942309599acf7643b0b22bbec840c0b,bet-2026-tag-dispersion-opr-nmax-m-20260726,a-f3afd8bc42088b6f0c78807c7027b8623c4a4929dc8e069f1fd856eebd28ba18,bet2026-stepwise-019,UNASSESSED,./outputs/models/S06-CommonTagTauSplineOPR-MIX015/mfcl-inputs/doitall.sh,
kflow-016663,completed,completed,PacificCommunity/ofp-sam-bet-2026-stepwise,1035b6ce6942309599acf7643b0b22bbec840c0b,bet-2026-tag-dispersion-opr-nmax-m-20260726,a-1741bc7b7ec003a92e5a41af1ad17d652f71dcdfbfcc09b660492465825dd4fe,bet2026-stepwise-019,UNASSESSED,./outputs/models/S06-CommonTagTauSplineOPR-MIX015/mfcl-inputs/doitall.sh,
kflow-016666,completed,completed,PacificCommunity/ofp-sam-bet-2026-stepwise,1035b6ce6942309599acf7643b0b22bbec840c0b,bet-2026-tag-dispersion-opr-nmax-m-20260726,a-c79a0098407ab4ac67b0980e8a50f411d8075e1817965918b41921f60911531f,bet2026-stepwise-019,UNASSESSED,./outputs/models/S03-CommonTagTau-MIX015/mfcl-inputs/doitall.sh,
kflow-016667,completed,completed,PacificCommunity/ofp-sam-bet-2026-stepwise,1035b6ce6942309599acf7643b0b22bbec840c0b,bet-2026-tag-dispersion-opr-nmax-m-20260726,a-73ae89d1de3ae161e9ec635bc0a0510740830d7a67d607df33d0d4615f41186a,bet2026-stepwise-019,UNASSESSED,./outputs/models/S03-CommonTagTau-MIX015/mfcl-inputs/doitall.sh,
kflow-016668,completed,completed,PacificCommunity/ofp-sam-bet-2026-stepwise,1035b6ce6942309599acf7643b0b22bbec840c0b,bet-2026-tag-dispersion-opr-nmax-m-20260726,a-a3eadbdf6fd1ef56e66e355f0d083c680a1779b42ff4782dc829c95d160201b3,bet2026-stepwise-019,UNASSESSED,./outputs/models/S03-CommonTagTau-MIX015/mfcl-inputs/doitall.sh,
kflow-016669,completed,completed,PacificCommunity/ofp-sam-bet-2026-stepwise,1035b6ce6942309599acf7643b0b22bbec840c0b,bet-2026-tag-dispersion-opr-nmax-m-20260726,a-e72d027ea7d199b24500361989fd149526c39f70be75bdedcb17f22847f13ad5,bet2026-stepwise-019,UNASSESSED,./outputs/models/S03-CommonTagTau-MIX015/mfcl-inputs/doitall.sh,
kflow-016670,completed,completed,PacificCommunity/ofp-sam-bet-2026-stepwise,1035b6ce6942309599acf7643b0b22bbec840c0b,bet-2026-tag-dispersion-opr-nmax-m-20260726,a-4cfce31e6a7a3759f1ad47a57e7ba767b7bcc22d6e03e7583eb090eb828c9042,bet2026-stepwise-019,UNASSESSED,./outputs/models/S03-CommonTagTau-MIX015/mfcl-inputs/doitall.sh,
kflow-016671,completed,completed,PacificCommunity/ofp-sam-bet-2026-stepwise,1035b6ce6942309599acf7643b0b22bbec840c0b,bet-2026-tag-dispersion-opr-nmax-m-20260726,a-0ecf5157aaf3848223341f781e06195f050f2ca5aa136e656824b6907550cbde,bet2026-stepwise-019,UNASSESSED,./outputs/models/S03-CommonTagTau-MIX015/mfcl-inputs/doitall.sh,
kflow-016672,completed,completed,PacificCommunity/ofp-sam-bet-2026-stepwise,1035b6ce6942309599acf7643b0b22bbec840c0b,bet-2026-tag-dispersion-opr-nmax-m-20260726,a-5e5c9e22d7a80720a574919b1c116d5a7a7b9dd3cf5f7da24decfde4e3f033ca,bet2026-stepwise-019,UNASSESSED,./outputs/models/S04-CommonTagTauSpline-MIX015/mfcl-inputs/doitall.sh,
kflow-016673,completed,completed,PacificCommunity/ofp-sam-bet-2026-stepwise,1035b6ce6942309599acf7643b0b22bbec840c0b,bet-2026-tag-dispersion-opr-nmax-m-20260726,a-feeb2d31727bb56aed9def8891aaeba049cc2023cf36930f05884c8a70101330,bet2026-stepwise-019,UNASSESSED,./outputs/models/S04-CommonTagTauSpline-MIX015/mfcl-inputs/doitall.sh,
kflow-016674,completed,completed,PacificCommunity/ofp-sam-bet-2026-stepwise,1035b6ce6942309599acf7643b0b22bbec840c0b,bet-2026-tag-dispersion-opr-nmax-m-20260726,a-3a7c93e145f8f8124c4579cf4de0f77bcd765f49243ca3689ea219ac4b2f1915,bet2026-stepwise-019,UNASSESSED,./outputs/models/S04-CommonTagTauSpline-MIX015/mfcl-inputs/doitall.sh,
kflow-016675,completed,completed,PacificCommunity/ofp-sam-bet-2026-stepwise,1035b6ce6942309599acf7643b0b22bbec840c0b,bet-2026-tag-dispersion-opr-nmax-m-20260726,a-8a77bcf9f6c03e857714204b6cba9253dbf2a8b10e740e5648effb5491606a20,bet2026-stepwise-019,UNASSESSED,./outputs/models/S04-CommonTagTauSpline-MIX015/mfcl-inputs/doitall.sh,
kflow-016676,completed,completed,PacificCommunity/ofp-sam-bet-2026-stepwise,1035b6ce6942309599acf7643b0b22bbec840c0b,bet-2026-tag-dispersion-opr-nmax-m-20260726,a-2de21a7a5739b9f902fb41864d6cf865c247db817e63b4007ecb2fe3066b6096,bet2026-stepwise-019,UNASSESSED,./outputs/models/S04-CommonTagTauSpline-MIX015/mfcl-inputs/doitall.sh,
kflow-016677,completed,completed,PacificCommunity/ofp-sam-bet-2026-stepwise,1035b6ce6942309599acf7643b0b22bbec840c0b,bet-2026-tag-dispersion-opr-nmax-m-20260726,a-19ec79f3d3abbff82e24da35252753f44eb0ec7559724f2f80200632dd7897d8,bet2026-stepwise-019,UNASSESSED,./outputs/models/S04-CommonTagTauSpline-MIX015/mfcl-inputs/doitall.sh,
kflow-016683,completed,completed,PacificCommunity/ofp-sam-bet-2026-stepwise,1035b6ce6942309599acf7643b0b22bbec840c0b,bet-2026-tag-dispersion-opr-nmax-m-20260726,a-c70237d32a07ae1f24131f8503c3eb930488cbba18272f42941488a9f14be155,bet2026-stepwise-019,UNASSESSED,./outputs/models/S05-CommonTagTauOPR-MIX015/mfcl-inputs/doitall.sh,
kflow-016685,completed,completed,PacificCommunity/ofp-sam-bet-2026-stepwise,1035b6ce6942309599acf7643b0b22bbec840c0b,bet-2026-tag-dispersion-opr-nmax-m-20260726,a-f0bf6c01c0c171dca7d33ee124b369e1632e77ab719a4ba89d43a04d55804ade,bet2026-stepwise-019,UNASSESSED,./outputs/models/S06-CommonTagTauSplineOPR-MIX015/mfcl-inputs/doitall.sh,
kflow-016689,completed,completed,PacificCommunity/ofp-sam-bet-2026-stepwise,1035b6ce6942309599acf7643b0b22bbec840c0b,bet-2026-tag-dispersion-opr-nmax-m-20260726,a-613b521fe398cc7c30f387089c2633966919c417af8a05e61c7ff4cba5ac0572,bet2026-stepwise-019,UNASSESSED,./outputs/models/S06-CommonTagTauSplineOPR-MIX015/mfcl-inputs/doitall.sh,
kflow-016690,completed,completed,PacificCommunity/ofp-sam-bet-2026-stepwise,02cd4d7e4738963acf84a35bc18c9c004a6bb8c7,bet-2026-tag-dispersion-opr-nmax-m-20260726,a-65208ec1d21e54479b46a1ab0c72e046932aa1a16d9aa488b750401a085b9bfb,bet2026-stepwise-019,UNASSESSED,./outputs/models/S03-CommonTagTau-MIX015/mfcl-inputs/doitall.sh,
kflow-016691,completed,completed,PacificCommunity/ofp-sam-bet-2026-stepwise,02cd4d7e4738963acf84a35bc18c9c004a6bb8c7,bet-2026-tag-dispersion-opr-nmax-m-20260726,a-7d32e92e5e24246121bb822033373be23c5a7760b80036a944b96d629388848b,bet2026-stepwise-019,UNASSESSED,./outputs/models/S03-CommonTagTau-MIX015/mfcl-inputs/doitall.sh,
kflow-016692,completed,completed,PacificCommunity/ofp-sam-bet-2026-stepwise,02cd4d7e4738963acf84a35bc18c9c004a6bb8c7,bet-2026-tag-dispersion-opr-nmax-m-20260726,a-deb6b12a914583a30bdcf8006b85f0cb9ca4060ea7e61e09239c21155e091670,bet2026-stepwise-019,UNASSESSED,./outputs/models/S04-CommonTagTauSpline-MIX015/mfcl-inputs/doitall.sh,
kflow-016693,completed,completed,PacificCommunity/ofp-sam-bet-2026-stepwise,02cd4d7e4738963acf84a35bc18c9c004a6bb8c7,bet-2026-tag-dispersion-opr-nmax-m-20260726,a-48b76a8bae213844d742b736eac82ca3cf69c1c6b1d3fb13b953d8f7eaefc031,bet2026-stepwise-019,UNASSESSED,./outputs/models/S03-CommonTagTau-MIX015/mfcl-inputs/doitall.sh,
kflow-016695,completed,completed,PacificCommunity/ofp-sam-bet-2026-stepwise,02cd4d7e4738963acf84a35bc18c9c004a6bb8c7,bet-2026-tag-dispersion-opr-nmax-m-20260726,a-db9624f5409246f195d6537e0ad896b3267ce676d96035a45063287418713232,bet2026-stepwise-019,UNASSESSED,./outputs/models/S04-CommonTagTauSpline-MIX015/mfcl-inputs/doitall.sh,
kflow-016696,completed,completed,PacificCommunity/ofp-sam-bet-2026-stepwise,02cd4d7e4738963acf84a35bc18c9c004a6bb8c7,bet-2026-tag-dispersion-opr-nmax-m-20260726,a-e2339063268e9ba4461033b9bf6981b214b347bd39651a37d81d5c8a841d4f60,bet2026-stepwise-019,UNASSESSED,./outputs/models/S04-CommonTagTauSpline-MIX015/mfcl-inputs/doitall.sh,
kflow-016698,completed,completed,PacificCommunity/ofp-sam-bet-2026-stepwise,02cd4d7e4738963acf84a35bc18c9c004a6bb8c7,bet-2026-tag-dispersion-opr-nmax-m-20260726,a-e966b9e8408d42b1c558907ae61d438ff6b6f53f904e59fcec19a24b6eaf3b2a,bet2026-stepwise-019,UNASSESSED,./outputs/models/S04-CommonTagTauSpline-MIX015/mfcl-inputs/doitall.sh,
kflow-016699,completed,completed,PacificCommunity/ofp-sam-bet-2026-stepwise,02cd4d7e4738963acf84a35bc18c9c004a6bb8c7,bet-2026-tag-dispersion-opr-nmax-m-20260726,a-d93efbb8df37d73e5620cb9a14c888d00d156449255e2284e9636a3c972ceca1,bet2026-stepwise-019,UNASSESSED,./outputs/models/S03-CommonTagTau-MIX015/mfcl-inputs/doitall.sh,
kflow-016700,completed,completed,PacificCommunity/ofp-sam-bet-2026-stepwise,02cd4d7e4738963acf84a35bc18c9c004a6bb8c7,bet-2026-tag-dispersion-opr-nmax-m-20260726,a-61e33f19b98af5be3c2fab841b8ebaba9b318790702b515df76c5d5bb02f91ab,bet2026-stepwise-019,UNASSESSED,./outputs/models/S05-CommonTagTauOPR-MIX015/mfcl-inputs/doitall.sh,
kflow-016701,completed,completed,PacificCommunity/ofp-sam-bet-2026-stepwise,02cd4d7e4738963acf84a35bc18c9c004a6bb8c7,bet-2026-tag-dispersion-opr-nmax-m-20260726,a-2c9c391abee17a1e2be5713a7b3fe82b6625b0088d0500e16de58cfee784c93a,bet2026-stepwise-019,UNASSESSED,./outputs/models/S05-CommonTagTauOPR-MIX015/mfcl-inputs/doitall.sh,
kflow-016703,completed,completed,PacificCommunity/ofp-sam-bet-2026-stepwise,02cd4d7e4738963acf84a35bc18c9c004a6bb8c7,bet-2026-tag-dispersion-opr-nmax-m-20260726,a-6908c39321bdfc8625b9dc32a407c5da6e8f888a8ce6587afb6a53d259d73951,bet2026-stepwise-019,UNASSESSED,./outputs/models/S06-CommonTagTauSplineOPR-MIX015/mfcl-inputs/doitall.sh,
kflow-016704,completed,completed,PacificCommunity/ofp-sam-bet-2026-stepwise,02cd4d7e4738963acf84a35bc18c9c004a6bb8c7,bet-2026-tag-dispersion-opr-nmax-m-20260726,a-4e1fcceccbb959ff9254b4eba5cad81b2e52b3dea29399eada52a8ae150cdf59,bet2026-stepwise-019,UNASSESSED,./outputs/models/S06-CommonTagTauSplineOPR-MIX015/mfcl-inputs/doitall.sh,
kflow-016705,completed,completed,PacificCommunity/ofp-sam-bet-2026-stepwise,02cd4d7e4738963acf84a35bc18c9c004a6bb8c7,bet-2026-tag-dispersion-opr-nmax-m-20260726,a-620007ac5ec988f09728ce61b2aefd172b9465eab6eeb69fce6e52af6eaf2124,bet2026-stepwise-019,UNASSESSED,./outputs/models/S06-CommonTagTauSplineOPR-MIX015/mfcl-inputs/doitall.sh,
kflow-016706,completed,completed,PacificCommunity/ofp-sam-bet-2026-stepwise,02cd4d7e4738963acf84a35bc18c9c004a6bb8c7,bet-2026-tag-dispersion-opr-nmax-m-20260726,a-6819474850975865a85c44b5c121a597f704abcb3b64f30d21be75a86e1bdc8d,bet2026-stepwise-019,UNASSESSED,./outputs/models/S05-CommonTagTauOPR-MIX015/mfcl-inputs/doitall.sh,
kflow-016707,completed,completed,PacificCommunity/ofp-sam-bet-2026-stepwise,02cd4d7e4738963acf84a35bc18c9c004a6bb8c7,bet-2026-tag-dispersion-opr-nmax-m-20260726,a-a767ef1610c9397495cd79aaf0e5bf5a8dda853a2bd3db2f816af91f785b0c96,bet2026-stepwise-019,UNASSESSED,./outputs/models/S05-CommonTagTauOPR-MIX015/mfcl-inputs/doitall.sh,
kflow-016708,completed,completed,PacificCommunity/ofp-sam-bet-2026-stepwise,02cd4d7e4738963acf84a35bc18c9c004a6bb8c7,bet-2026-tag-dispersion-opr-nmax-m-20260726,a-66404c31b8851fa7be310a635ba4e70a0a53e6736bf0431e9e96b0497c0abac3,bet2026-stepwise-019,UNASSESSED,./outputs/models/S06-CommonTagTauSplineOPR-MIX015/mfcl-inputs/doitall.sh,
kflow-016898,completed,completed,PacificCommunity/ofp-sam-bet-2026-stepwise,7583604c70dbe65309b0a93e177052c793aa3a6d,bet-2026-tag-dispersion-opr-nmax-m-20260726,a-3293b7e5a9670370d62505055027da409fb8ca340d0f9693eae0e92a5a46a089,bet2026-stepwise-019,UNASSESSED,./outputs/models/S07-CommonTagTauF335Node-MIX015/mfcl-inputs/doitall.sh,
kflow-017140,completed,completed,PacificCommunity/ofp-sam-bet-2026-stepwise,e3a2c484e58281ecb75658c102289f32e5e324e9,bet-2026-sc22-ip10-mixing-tagflag-grid-20260727,a-567fb0bc7b01554501a29eeb040a6a904cf24167aa7300729910a25f76d26647,bet2026-stepwise-019,UNASSESSED,./outputs/models/MIX-K010-TAGF2-1/mfcl-inputs/doitall.sh,
kflow-017141,completed,completed,PacificCommunity/ofp-sam-bet-2026-stepwise,e3a2c484e58281ecb75658c102289f32e5e324e9,bet-2026-sc22-ip10-mixing-tagflag-grid-20260727,a-a3055c725916659455a113cbb033a60ceaa3d24ad31c75ca3676c843596052d0,bet2026-stepwise-019,UNASSESSED,./outputs/models/MIX-K005-TAGF2-1/mfcl-inputs/doitall.sh,
kflow-017142,completed,completed,PacificCommunity/ofp-sam-bet-2026-stepwise,e3a2c484e58281ecb75658c102289f32e5e324e9,bet-2026-sc22-ip10-mixing-tagflag-grid-20260727,a-d6fcd54ca5058490ea50b8945dcd210c9d11e8259117019a2679eb36b2323efe,bet2026-stepwise-019,UNASSESSED,./outputs/models/MIX-K005-TAGF2-0/mfcl-inputs/doitall.sh,
kflow-017143,completed,completed,PacificCommunity/ofp-sam-bet-2026-stepwise,e3a2c484e58281ecb75658c102289f32e5e324e9,bet-2026-sc22-ip10-mixing-tagflag-grid-20260727,a-7ffed05d8c84eb76c2d316fdb3455b9543e103b9d80e01b0f409496fd8a4ee83,bet2026-stepwise-019,UNASSESSED,./outputs/models/MIX-K015-TAGF2-1/mfcl-inputs/doitall.sh,
kflow-017144,completed,completed,PacificCommunity/ofp-sam-bet-2026-stepwise,e3a2c484e58281ecb75658c102289f32e5e324e9,bet-2026-sc22-ip10-mixing-tagflag-grid-20260727,a-7c6304a864a89671e9ae393a85036622d5f84e021cf6535223549895e33b57f2,bet2026-stepwise-019,UNASSESSED,./outputs/models/MIX-K025-TAGF2-1/mfcl-inputs/doitall.sh,
kflow-017145,completed,completed,PacificCommunity/ofp-sam-bet-2026-stepwise,e3a2c484e58281ecb75658c102289f32e5e324e9,bet-2026-sc22-ip10-mixing-tagflag-grid-20260727,a-6e095269e85ea0b52ac65b1c04bbf37f5752ccbae8b0b3a94bfe640ade52dcbd,bet2026-stepwise-019,UNASSESSED,./outputs/models/MIX-K010-TAGF2-0/mfcl-inputs/doitall.sh,
kflow-017146,completed,completed,PacificCommunity/ofp-sam-bet-2026-stepwise,e3a2c484e58281ecb75658c102289f32e5e324e9,bet-2026-sc22-ip10-mixing-tagflag-grid-20260727,a-ca229b7ccbd25b8f023af7539aadb282310312fcbad7149b38eb7130ac8b330e,bet2026-stepwise-019,UNASSESSED,./outputs/models/MIX-K015-TAGF2-0/mfcl-inputs/doitall.sh,
kflow-017147,completed,completed,PacificCommunity/ofp-sam-bet-2026-stepwise,e3a2c484e58281ecb75658c102289f32e5e324e9,bet-2026-sc22-ip10-mixing-tagflag-grid-20260727,a-4cb7f587f7fbf071f1e0c75f85338ad5a2207bc8f63934dba3c5cca71e2b398b,bet2026-stepwise-019,UNASSESSED,./outputs/models/MIX-K020-TAGF2-1/mfcl-inputs/doitall.sh,
kflow-017148,completed,completed,PacificCommunity/ofp-sam-bet-2026-stepwise,e3a2c484e58281ecb75658c102289f32e5e324e9,bet-2026-sc22-ip10-mixing-tagflag-grid-20260727,a-141e7edc55d4b8cbab40203fbc04966045bc438e921e8df444b8c1e4f8a148ad,bet2026-stepwise-019,UNASSESSED,./outputs/models/MIX-K020-TAGF2-0/mfcl-inputs/doitall.sh,
kflow-017149,completed,completed,PacificCommunity/ofp-sam-bet-2026-stepwise,e3a2c484e58281ecb75658c102289f32e5e324e9,bet-2026-sc22-ip10-mixing-tagflag-grid-20260727,a-bc4e972c4545e4e41f7aff09e54f8afcf05791abf13389a41ee88aa4e951fcdd,bet2026-stepwise-019,UNASSESSED,./outputs/models/MIX-K030-TAGF2-1/mfcl-inputs/doitall.sh,
kflow-017151,completed,completed,PacificCommunity/ofp-sam-bet-2026-stepwise,e3a2c484e58281ecb75658c102289f32e5e324e9,bet-2026-sc22-ip10-mixing-tagflag-grid-20260727,a-00180705912516586888100166e29c521c4bae725cf3d75162381c4344e8e04e,bet2026-stepwise-019,UNASSESSED,./outputs/models/MIX-K030-TAGF2-0/mfcl-inputs/doitall.sh,
kflow-017152,completed,completed,PacificCommunity/ofp-sam-bet-2026-stepwise,e3a2c484e58281ecb75658c102289f32e5e324e9,bet-2026-sc22-ip10-mixing-tagflag-grid-20260727,a-5fb789334705fd4bc4e7c5c135dfc4dfe732fc8ad7393761251f37b90bc34635,bet2026-stepwise-019,UNASSESSED,./outputs/models/MIX-K035-TAGF2-1/mfcl-inputs/doitall.sh,
kflow-017153,completed,completed,PacificCommunity/ofp-sam-bet-2026-stepwise,e3a2c484e58281ecb75658c102289f32e5e324e9,bet-2026-sc22-ip10-mixing-tagflag-grid-20260727,a-f733828174b4bf97b9ad2261270757e9437a353a4f467bc616be8143b835defe,bet2026-stepwise-019,UNASSESSED,./outputs/models/MIX-K035-TAGF2-0/mfcl-inputs/doitall.sh,
kflow-017154,completed,completed,PacificCommunity/ofp-sam-bet-2026-stepwise,e3a2c484e58281ecb75658c102289f32e5e324e9,bet-2026-sc22-ip10-mixing-tagflag-grid-20260727,a-f49a49b5cf6d17dee49a9235597eccd0228ad282227cfb02c5ac524cf1caa58c,bet2026-stepwise-019,UNASSESSED,./outputs/models/MIX-K045-TAGF2-1/mfcl-inputs/doitall.sh,
kflow-017155,completed,completed,PacificCommunity/ofp-sam-bet-2026-stepwise,e3a2c484e58281ecb75658c102289f32e5e324e9,bet-2026-sc22-ip10-mixing-tagflag-grid-20260727,a-30902929cfd550127fb75cd6643c416aea91485b6423835005b0e82c5bf8e634,bet2026-stepwise-019,UNASSESSED,./outputs/models/MIX-K040-TAGF2-0/mfcl-inputs/doitall.sh,
kflow-017156,completed,completed,PacificCommunity/ofp-sam-bet-2026-stepwise,e3a2c484e58281ecb75658c102289f32e5e324e9,bet-2026-sc22-ip10-mixing-tagflag-grid-20260727,a-6e013113b8a4fe236fe8740e000fcda3591ea0af4daa69edcecadce3bcc1fb9e,bet2026-stepwise-019,UNASSESSED,./outputs/models/MIX-K040-TAGF2-1/mfcl-inputs/doitall.sh,
kflow-017157,completed,completed,PacificCommunity/ofp-sam-bet-2026-stepwise,e3a2c484e58281ecb75658c102289f32e5e324e9,bet-2026-sc22-ip10-mixing-tagflag-grid-20260727,a-063e93d1146bdfd180126f57bc7b487360779ee8f3b3da8811058866b5298740,bet2026-stepwise-019,UNASSESSED,./outputs/models/MIX-ALL2-TAGF2-1/mfcl-inputs/doitall.sh,
kflow-017158,completed,completed,PacificCommunity/ofp-sam-bet-2026-stepwise,e3a2c484e58281ecb75658c102289f32e5e324e9,bet-2026-sc22-ip10-mixing-tagflag-grid-20260727,a-a813a0de3f6f74c782540ff103d583835aaf1fe85e5856bd22c0e2d17db6020d,bet2026-stepwise-019,UNASSESSED,./outputs/models/MIX-ALL2-TAGF2-0/mfcl-inputs/doitall.sh,
kflow-017159,completed,completed,PacificCommunity/ofp-sam-bet-2026-stepwise,e3a2c484e58281ecb75658c102289f32e5e324e9,bet-2026-sc22-ip10-mixing-tagflag-grid-20260727,a-c13872f560bf7ba027d4ea45157de3756ec230380b134b11f72181ab28333144,bet2026-stepwise-019,UNASSESSED,./outputs/models/MIX-K045-TAGF2-0/mfcl-inputs/doitall.sh,
kflow-017192,completed,completed,PacificCommunity/ofp-sam-bet-2026-stepwise,b79235dce14c4eae8ee31d22171cdfb80cf32ceb,bet-2026-sc22-ip10-mixing-tagflag-grid-20260727,a-073a057c54197dcbc8b3574fe56346a93b70249cdba11dbeb292ff06344e3312,bet2026-stepwise-019,UNASSESSED,./outputs/models/MIX-K005-TAGF2-1-TAUOFF/mfcl-inputs/doitall.sh,
kflow-017193,completed,completed,PacificCommunity/ofp-sam-bet-2026-stepwise,b79235dce14c4eae8ee31d22171cdfb80cf32ceb,bet-2026-sc22-ip10-mixing-tagflag-grid-20260727,a-8020e2f3564589ec1434b5af53602fdf10c99697943d7d4f5b2a765b7a12ec41,bet2026-stepwise-019,UNASSESSED,./outputs/models/MIX-K010-TAGF2-0-TAUOFF/mfcl-inputs/doitall.sh,
kflow-017194,completed,completed,PacificCommunity/ofp-sam-bet-2026-stepwise,b79235dce14c4eae8ee31d22171cdfb80cf32ceb,bet-2026-sc22-ip10-mixing-tagflag-grid-20260727,a-796faa187c471a6662301cf7b1f4a56a02513e19f8f4b2437f4b9b553db2b1bf,bet2026-stepwise-019,UNASSESSED,./outputs/models/MIX-K015-TAGF2-1-TAUOFF/mfcl-inputs/doitall.sh,
kflow-017195,completed,completed,PacificCommunity/ofp-sam-bet-2026-stepwise,b79235dce14c4eae8ee31d22171cdfb80cf32ceb,bet-2026-sc22-ip10-mixing-tagflag-grid-20260727,a-6e4546e5d912d0f771f3baee2d09ceb136e7b3f58a80ef5678145d4c9652d7d6,bet2026-stepwise-019,UNASSESSED,./outputs/models/MIX-K005-TAGF2-0-TAUOFF/mfcl-inputs/doitall.sh,
kflow-017196,completed,completed,PacificCommunity/ofp-sam-bet-2026-stepwise,b79235dce14c4eae8ee31d22171cdfb80cf32ceb,bet-2026-sc22-ip10-mixing-tagflag-grid-20260727,a-e82237977ae63679519fcebea5a6981d60a3c78ea53b6a4abfae4d1cc214c694,bet2026-stepwise-019,UNASSESSED,./outputs/models/MIX-K015-TAGF2-0-TAUOFF/mfcl-inputs/doitall.sh,
kflow-017197,completed,completed,PacificCommunity/ofp-sam-bet-2026-stepwise,b79235dce14c4eae8ee31d22171cdfb80cf32ceb,bet-2026-sc22-ip10-mixing-tagflag-grid-20260727,a-1169bbf15526e70ccf8a1e0194675e22ea12273975cb0579efbe146d5832d009,bet2026-stepwise-019,UNASSESSED,./outputs/models/MIX-K010-TAGF2-1-TAUOFF/mfcl-inputs/doitall.sh,
kflow-017198,completed,completed,PacificCommunity/ofp-sam-bet-2026-stepwise,b79235dce14c4eae8ee31d22171cdfb80cf32ceb,bet-2026-sc22-ip10-mixing-tagflag-grid-20260727,a-835e7a5782019f8f468b32043ca9dc17dfe825ff5b05c8e596e54ef56b65ee7d,bet2026-stepwise-019,UNASSESSED,./outputs/models/MIX-K025-TAGF2-0-TAUOFF/mfcl-inputs/doitall.sh,
kflow-017199,completed,completed,PacificCommunity/ofp-sam-bet-2026-stepwise,b79235dce14c4eae8ee31d22171cdfb80cf32ceb,bet-2026-sc22-ip10-mixing-tagflag-grid-20260727,a-478f1ddbe87309ec89dcf5dadcc47030bdeb7f4720227a04806ace234388d867,bet2026-stepwise-019,UNASSESSED,./outputs/models/MIX-K035-TAGF2-0-TAUOFF/mfcl-inputs/doitall.sh,
kflow-017200,completed,completed,PacificCommunity/ofp-sam-bet-2026-stepwise,b79235dce14c4eae8ee31d22171cdfb80cf32ceb,bet-2026-sc22-ip10-mixing-tagflag-grid-20260727,a-437a4ac677055d2a9aec0cc40fc915cff58def0550a8f1404a0bf06683bd7ec1,bet2026-stepwise-019,UNASSESSED,./outputs/models/MIX-K040-TAGF2-1-TAUOFF/mfcl-inputs/doitall.sh,
kflow-017201,completed,completed,PacificCommunity/ofp-sam-bet-2026-stepwise,b79235dce14c4eae8ee31d22171cdfb80cf32ceb,bet-2026-sc22-ip10-mixing-tagflag-grid-20260727,a-19a611b58336f72e42cdf12bd7e34758e07521c9732213b6b24512b294ef2df0,bet2026-stepwise-019,UNASSESSED,./outputs/models/MIX-K020-TAGF2-1-TAUOFF/mfcl-inputs/doitall.sh,
kflow-017202,completed,completed,PacificCommunity/ofp-sam-bet-2026-stepwise,b79235dce14c4eae8ee31d22171cdfb80cf32ceb,bet-2026-sc22-ip10-mixing-tagflag-grid-20260727,a-7f7c8203c44908c2df07b9a7ec165a1aa0b1c528ddcf9eb42b1cdc1b1a9b4d26,bet2026-stepwise-019,UNASSESSED,./outputs/models/MIX-K025-TAGF2-1-TAUOFF/mfcl-inputs/doitall.sh,
kflow-017203,completed,completed,PacificCommunity/ofp-sam-bet-2026-stepwise,b79235dce14c4eae8ee31d22171cdfb80cf32ceb,bet-2026-sc22-ip10-mixing-tagflag-grid-20260727,a-92e2d006ef07bdca9d750f1cc5641f32e9fee10a2601d87d1b4aa2e9325a9b44,bet2026-stepwise-019,UNASSESSED,./outputs/models/MIX-K035-TAGF2-1-TAUOFF/mfcl-inputs/doitall.sh,
kflow-017204,completed,completed,PacificCommunity/ofp-sam-bet-2026-stepwise,b79235dce14c4eae8ee31d22171cdfb80cf32ceb,bet-2026-sc22-ip10-mixing-tagflag-grid-20260727,a-c398f3ca357ff4b6c1f764311fb377b2b49819e4b359b96d2667ae331065d84e,bet2026-stepwise-019,UNASSESSED,./outputs/models/MIX-K020-TAGF2-0-TAUOFF/mfcl-inputs/doitall.sh,
kflow-017205,completed,completed,PacificCommunity/ofp-sam-bet-2026-stepwise,b79235dce14c4eae8ee31d22171cdfb80cf32ceb,bet-2026-sc22-ip10-mixing-tagflag-grid-20260727,a-00c63431053da907413b6eac6e916b859e07e77063d6dbe6576c3a310dff1f56,bet2026-stepwise-019,UNASSESSED,./outputs/models/MIX-K045-TAGF2-0-TAUOFF/mfcl-inputs/doitall.sh,
kflow-017206,completed,completed,PacificCommunity/ofp-sam-bet-2026-stepwise,b79235dce14c4eae8ee31d22171cdfb80cf32ceb,bet-2026-sc22-ip10-mixing-tagflag-grid-20260727,a-e3bbb6dd20033407487d3e32dac98b0f8fedff80b94f7226a5c6838f8416aa88,bet2026-stepwise-020,UNASSESSED,./outputs/models/MIX-K030-TAGF2-0-TAUOFF/mfcl-inputs/doitall.sh,
kflow-017207,completed,completed,PacificCommunity/ofp-sam-bet-2026-stepwise,b79235dce14c4eae8ee31d22171cdfb80cf32ceb,bet-2026-sc22-ip10-mixing-tagflag-grid-20260727,a-256da451c5da44064c5f99c1679dcbac607591fa5028f39e234c1e843b274916,bet2026-stepwise-020,UNASSESSED,./outputs/models/MIX-K030-TAGF2-1-TAUOFF/mfcl-inputs/doitall.sh,
kflow-017208,completed,completed,PacificCommunity/ofp-sam-bet-2026-stepwise,b79235dce14c4eae8ee31d22171cdfb80cf32ceb,bet-2026-sc22-ip10-mixing-tagflag-grid-20260727,a-f3921b6a878935f15eb54fa91f3b8b10f625cf04244574ab92031853294fb849,bet2026-stepwise-020,UNASSESSED,./outputs/models/MIX-K045-TAGF2-1-TAUOFF/mfcl-inputs/doitall.sh,
kflow-017209,completed,completed,PacificCommunity/ofp-sam-bet-2026-stepwise,b79235dce14c4eae8ee31d22171cdfb80cf32ceb,bet-2026-sc22-ip10-mixing-tagflag-grid-20260727,a-f6dd776d0fb99c27da74cb86ba61aa389c01b3de086b16de09e9c7756c38900d,bet2026-stepwise-020,UNASSESSED,./outputs/models/MIX-K040-TAGF2-0-TAUOFF/mfcl-inputs/doitall.sh,
kflow-017210,completed,completed,PacificCommunity/ofp-sam-bet-2026-stepwise,b79235dce14c4eae8ee31d22171cdfb80cf32ceb,bet-2026-sc22-ip10-mixing-tagflag-grid-20260727,a-513c9e45aa951d10ac1db7f221c3141b23c307ff5ed1feb873df01c7a3e8b0a8,bet2026-stepwise-020,UNASSESSED,./outputs/models/MIX-ALL2-TAGF2-0-TAUOFF/mfcl-inputs/doitall.sh,
kflow-017211,completed,completed,PacificCommunity/ofp-sam-bet-2026-stepwise,b79235dce14c4eae8ee31d22171cdfb80cf32ceb,bet-2026-sc22-ip10-mixing-tagflag-grid-20260727,a-dcb8ac26d29c15f49b00b826f68b749307b52138c6ef2b9c4186208ce97fb47f,bet2026-stepwise-020,UNASSESSED,./outputs/models/MIX-ALL2-TAGF2-1-TAUOFF/mfcl-inputs/doitall.sh,
kflow-017222,completed,completed,PacificCommunity/ofp-sam-bet-2026-stepwise,fcaef57085e35d6247442a03448725e2e85b622f,bet-2026-job16594-dm-nmax10-15-40-50-20260727,a-073868b84a4362f2665f37f46ec40d11e283715d3843f236ca6d4b01d2280537,bet2026-stepwise-020,UNASSESSED,./outputs/models/JOB16594-NMAX15/mfcl-inputs/doitall.sh,
kflow-017223,completed,completed,PacificCommunity/ofp-sam-bet-2026-stepwise,fcaef57085e35d6247442a03448725e2e85b622f,bet-2026-job16594-dm-nmax10-15-40-50-20260727,a-1379681d505ac5dbd10753db330aace43f6712f54df76bcd4f7743c0f95f03c2,bet2026-stepwise-020,UNASSESSED,./outputs/models/JOB16594-NMAX40/mfcl-inputs/doitall.sh,
kflow-017224,completed,completed,PacificCommunity/ofp-sam-bet-2026-stepwise,fcaef57085e35d6247442a03448725e2e85b622f,bet-2026-job16594-dm-nmax10-15-40-50-20260727,a-858bc31cecb83b346d42c60dbbe3294d22901a55eaf9ce34900ff2cdf8fc6166,bet2026-stepwise-020,UNASSESSED,./outputs/models/JOB16594-NMAX10/mfcl-inputs/doitall.sh,
kflow-017225,completed,completed,PacificCommunity/ofp-sam-bet-2026-stepwise,fcaef57085e35d6247442a03448725e2e85b622f,bet-2026-job16594-dm-nmax10-15-40-50-20260727,a-78e6c83279d2bf5036ccd06f65fc4e910faa3b5353cc9e677c47915796101e87,bet2026-stepwise-020,UNASSESSED,./outputs/models/JOB16594-NMAX50/mfcl-inputs/doitall.sh,
kflow-017226,completed,completed,PacificCommunity/ofp-sam-bet-2026-stepwise,a6beaa7d0fa0897a3caf4252fddd98509245faec,bet-2026-job16594-f15-lt68-lt70-dm15-25-20260727,a-2c85e1ea0daf8e65d41c17ac62c6c3a37f27607791b2cf7032bfb904368c0d2e,bet2026-stepwise-020,UNASSESSED,./outputs/models/F15-LT68-NMAX25/mfcl-inputs/doitall.sh,
kflow-017227,completed,completed,PacificCommunity/ofp-sam-bet-2026-stepwise,a6beaa7d0fa0897a3caf4252fddd98509245faec,bet-2026-job16594-f15-lt68-lt70-dm15-25-20260727,a-2825dea12e53ae3cb3fb60201615fad59bf5ef84cad48ee86c355f17c1e3e0c8,bet2026-stepwise-020,UNASSESSED,./outputs/models/F15-LT70-NMAX25/mfcl-inputs/doitall.sh,
kflow-017228,completed,completed,PacificCommunity/ofp-sam-bet-2026-stepwise,a6beaa7d0fa0897a3caf4252fddd98509245faec,bet-2026-job16594-f15-lt68-lt70-dm15-25-20260727,a-b71b609e5fe72a06158c17382c632a02fb8a14d22b2a46fb92734701f37c04e4,bet2026-stepwise-020,UNASSESSED,./outputs/models/F15-LT68-NMAX15/mfcl-inputs/doitall.sh,
kflow-017229,completed,completed,PacificCommunity/ofp-sam-bet-2026-stepwise,a6beaa7d0fa0897a3caf4252fddd98509245faec,bet-2026-job16594-f15-lt68-lt70-dm15-25-20260727,a-a54729ebd61df1b8630728d576ae51e3ba02021f7f2613c49c388f9c5e3ddc66,bet2026-stepwise-020,UNASSESSED,./outputs/models/F15-LT70-NMAX15/mfcl-inputs/doitall.sh,
kflow-017325,completed,completed,PacificCommunity/ofp-sam-bet-2026-stepwise,ccefffa1b8064de9eff09dc6c2b27534dc4dac7c,bet-2026-job17227-finalpar-mgc-recpen-20260728,a-c7b623f8c99db7934406d8312aa6985deeff11cc2e698f9b18eb0dc34b061409,bet2026-stepwise-012,UNASSESSED,./outputs/models/F15-LT70-NMAX25-REC02/mfcl-inputs/doitall.sh,
kflow-017421,completed,completed,PacificCommunity/ofp-sam-bet-2026-stepwise,e6a28487dd77a1729793925c1e10a7dc11237bee,bet-2026-job17227-finalpar-mgc-recpen-20260728,a-30f0e7249c8e542a542a3f5a27d8c7544b3903c5721e24191ab98872e8890c0c,bet2026-stepwise-012,UNASSESSED,./outputs/models/F15-LT70-NMAX25/mfcl-inputs/doitall.sh,
kflow-017513,completed,completed,PacificCommunity/ofp-sam-bet-2026-stepwise,e6a28487dd77a1729793925c1e10a7dc11237bee,bet-2026-job17227-finalpar-rec02-mgc1e4-20260728,a-3a119a3ab291a275c83a3a8a1e6d82f5203363bf2ac70e2fe52d65f706462ba3,bet2026-stepwise-012,UNASSESSED,./outputs/models/F15-LT70-NMAX25/mfcl-inputs/doitall.sh,
kflow-017514,completed,completed,PacificCommunity/ofp-sam-bet-2026-stepwise,0555c9fd7a8585e413753a84d2781117810199b0,bet-2026-job17227-finalpar-rec03-mgc1e4-20260728,a-74f5da568aec7586aca4bf9c1cfda812a753d819c4a37c6ab3fe9ab697bc9167,bet2026-stepwise-012,UNASSESSED,./outputs/models/F15-LT70-NMAX25/mfcl-inputs/doitall.sh,
kflow-017516,completed,completed,PacificCommunity/ofp-sam-bet-2026-stepwise,652085ef9f308c732d43d5aaa335d22ca106e0b1,bet-2026-job17227-input-doitall-rec03-mgc1e4-20260728,a-adec00011520368eb73a9bbad68d20036b9eef84c513185b7a2a76ebabd18065,bet2026-stepwise-012,UNASSESSED,./outputs/models/F15-LT70-NMAX25-REC03/mfcl-inputs/doitall.sh,
kflow-017699,completed,completed,PacificCommunity/ofp-sam-bet-2026-stepwise,bf2e0df571187e44be5a83bdffd504b21c3b24a7,bet-2026-f14-young5-rec-grid-20260728,a-c60a3cb5ab609ca5abc21ce0aabfc4a683e692c9f7b6245183d7f0f6e3788260,bet2026-stepwise-012,UNASSESSED,./outputs/models/F14-Y5-REC01/mfcl-inputs/doitall.sh,
kflow-017700,completed,completed,PacificCommunity/ofp-sam-bet-2026-stepwise,bf2e0df571187e44be5a83bdffd504b21c3b24a7,bet-2026-f14-young5-rec-grid-20260728,a-966edac1d96cbe321ae23615cee5a67cdec0d80c7cb18352869726dc69e5cc20,bet2026-stepwise-012,UNASSESSED,./outputs/models/F14-Y5-REC02/mfcl-inputs/doitall.sh,
kflow-017798,completed,completed,PacificCommunity/ofp-sam-bet-2026-stepwise,66c8759ebe5774348a1f25c362819e539d7b35ed,bet-2026-f14-young5-rec-grid-20260728,a-8e132fd5e5dd8d1eb17f72055e999f3bd62d1da4d45fab56364408579edff991,bet2026-stepwise-012,UNASSESSED,./outputs/models/F14-Y5-REC01-MOVE02/mfcl-inputs/doitall.sh,
kflow-017799,completed,completed,PacificCommunity/ofp-sam-bet-2026-stepwise,66c8759ebe5774348a1f25c362819e539d7b35ed,bet-2026-f14-young5-rec-grid-20260728,a-aceff207440746a027b115c2656f44d8946cf6d118099fe6b5467e520647c6d0,bet2026-stepwise-012,UNASSESSED,./outputs/models/F14-Y5-REC01-OPR/mfcl-inputs/doitall.sh,
kflow-017800,completed,completed,PacificCommunity/ofp-sam-bet-2026-stepwise,66c8759ebe5774348a1f25c362819e539d7b35ed,bet-2026-f14-young5-rec-grid-20260728,a-d01ebc64e583b467fea03d1c1d4317dcf512090e168ac59c16bb2e9ecd246caa,bet2026-stepwise-012,UNASSESSED,./outputs/models/F14-Y5-REC02-OPR/mfcl-inputs/doitall.sh,
kflow-017801,completed,completed,PacificCommunity/ofp-sam-bet-2026-stepwise,66c8759ebe5774348a1f25c362819e539d7b35ed,bet-2026-f14-young5-rec-grid-20260728,a-0323828caac696f46e888e6065390e8993cf35c0705afa44517244a36ba93302,bet2026-stepwise-012,UNASSESSED,./outputs/models/F14-Y5-REC02-MOVE02-OPR/mfcl-inputs/doitall.sh,
kflow-017802,completed,completed,PacificCommunity/ofp-sam-bet-2026-stepwise,66c8759ebe5774348a1f25c362819e539d7b35ed,bet-2026-f14-young5-rec-grid-20260728,a-1411fa13841ba8d45846c206cf1b705cfc67e485e6f0af09f8c58f4bee97087c,bet2026-stepwise-012,UNASSESSED,./outputs/models/F14-Y5-REC01-MOVE02-OPR/mfcl-inputs/doitall.sh,
kflow-017803,completed,completed,PacificCommunity/ofp-sam-bet-2026-stepwise,66c8759ebe5774348a1f25c362819e539d7b35ed,bet-2026-f14-young5-rec-grid-20260728,a-c70e4baca57c7ceb7f8be92fb997e7198b15ac280912a6cc778542d20377147c,bet2026-stepwise-012,UNASSESSED,./outputs/models/F14-Y5-REC02-MOVE02/mfcl-inputs/doitall.sh,
kflow-017805,completed,completed,PacificCommunity/ofp-sam-bet-2026-stepwise,6ebfb4a98a933b2e410a1af480532b23873fa9c3,bet-2026-f14-young5-domgt90-rec-opr-grid-20260728,a-26cbe34085b34e0d5956be0344ebbf46807287438cbec674082dc9ec42dd0c99,bet2026-stepwise-012,UNASSESSED,./outputs/models/F14-Y5-REC01/mfcl-inputs/doitall.sh,
kflow-017806,completed,completed,PacificCommunity/ofp-sam-bet-2026-stepwise,6ebfb4a98a933b2e410a1af480532b23873fa9c3,bet-2026-f14-young5-domgt90-rec-opr-grid-20260728,a-89ce9c4aa056be6e36d17b55a74ba8c29736dca00e79efdc4e59f40929e34137,bet2026-stepwise-012,UNASSESSED,./outputs/models/F14-Y5-REC02/mfcl-inputs/doitall.sh,
kflow-017807,completed,completed,PacificCommunity/ofp-sam-bet-2026-stepwise,6ebfb4a98a933b2e410a1af480532b23873fa9c3,bet-2026-f14-young5-domgt90-rec-opr-grid-20260728,a-f97b5f3d132c0498c059b496a075672c885e04bbb298674fda236a0694858bec,bet2026-stepwise-012,UNASSESSED,./outputs/models/F14-Y5-REC02-MOVE02/mfcl-inputs/doitall.sh,
kflow-017808,completed,completed,PacificCommunity/ofp-sam-bet-2026-stepwise,6ebfb4a98a933b2e410a1af480532b23873fa9c3,bet-2026-f14-young5-domgt90-rec-opr-grid-20260728,a-3d97976e10e668dffe9d721247edb3a25da39ddf426c722c27087aff2d06d6c3,bet2026-stepwise-012,UNASSESSED,./outputs/models/F14-Y5-REC02-MOVE02-OPR/mfcl-inputs/doitall.sh,
kflow-017809,completed,completed,PacificCommunity/ofp-sam-bet-2026-stepwise,6ebfb4a98a933b2e410a1af480532b23873fa9c3,bet-2026-f14-young5-domgt90-rec-opr-grid-20260728,a-203cdb2fe6e2ab2364e4015c427504445bc222dc29fb67e941e025c9b8b9c5dc,bet2026-stepwise-012,UNASSESSED,./outputs/models/F14-Y5-REC02-OPR/mfcl-inputs/doitall.sh,
kflow-017810,completed,completed,PacificCommunity/ofp-sam-bet-2026-stepwise,6ebfb4a98a933b2e410a1af480532b23873fa9c3,bet-2026-f14-young5-domgt90-rec-opr-grid-20260728,a-bfb564ec9a4271cf2861a7f141ddc639eab2b8332c5431917e87b4b013f5b40c,bet2026-stepwise-012,UNASSESSED,./outputs/models/F14-Y5-REC01-MOVE02/mfcl-inputs/doitall.sh,
kflow-017811,completed,completed,PacificCommunity/ofp-sam-bet-2026-stepwise,6ebfb4a98a933b2e410a1af480532b23873fa9c3,bet-2026-f14-young5-domgt90-rec-opr-grid-20260728,a-d8f60e195e7b3b8a1c1c50f2606b8ec35d7cf6ef4333ba624662ae7f1d79a08e,bet2026-stepwise-012,UNASSESSED,./outputs/models/F14-Y5-REC01-OPR/mfcl-inputs/doitall.sh,
kflow-017812,completed,completed,PacificCommunity/ofp-sam-bet-2026-stepwise,6ebfb4a98a933b2e410a1af480532b23873fa9c3,bet-2026-f14-young5-domgt90-rec-opr-grid-20260728,a-f0ded2d2d2b27cd84a60af021c72ee511c47b276a4b0339f6b3e7d9b4ced39aa,bet2026-stepwise-012,UNASSESSED,./outputs/models/F14-Y5-REC01-MOVE02-OPR/mfcl-inputs/doitall.sh,
kflow-017821,completed,completed,PacificCommunity/ofp-sam-bet-2026-stepwise,5abe93099c6fad998dc8b6defc9a84a103c90977,bet-2026-f14-young5-domgt90-fullreg-rec-opr-grid-20260728,a-ace468f8344b96f2d05cbde307e248cb3b51ca00edd02d868262df8ed8cf58a5,bet2026-stepwise-012,UNASSESSED,./outputs/models/F14-Y5-REC01/mfcl-inputs/doitall.sh,
kflow-017822,completed,completed,PacificCommunity/ofp-sam-bet-2026-stepwise,5abe93099c6fad998dc8b6defc9a84a103c90977,bet-2026-f14-young5-domgt90-fullreg-rec-opr-grid-20260728,a-8d6be6a745b187f9eaaaf742e34557edd6ce5f01197026e44cd9ee58c56801ff,bet2026-stepwise-012,UNASSESSED,./outputs/models/F14-Y5-REC02/mfcl-inputs/doitall.sh,
kflow-017823,completed,completed,PacificCommunity/ofp-sam-bet-2026-stepwise,5abe93099c6fad998dc8b6defc9a84a103c90977,bet-2026-f14-young5-domgt90-fullreg-rec-opr-grid-20260728,a-a4cc1ef9118b8127138cabc050fcf59b7b5d532b9efde0f6c524871c3999f75b,bet2026-stepwise-012,UNASSESSED,./outputs/models/F14-Y5-REC01-MOVE02/mfcl-inputs/doitall.sh,
kflow-017824,completed,completed,PacificCommunity/ofp-sam-bet-2026-stepwise,5abe93099c6fad998dc8b6defc9a84a103c90977,bet-2026-f14-young5-domgt90-fullreg-rec-opr-grid-20260728,a-8783efc873ad044d8fb081cc85a0f242bda878e1259edddda0b67cfc9c2fc500,bet2026-stepwise-012,UNASSESSED,./outputs/models/F14-Y5-REC01-OPR/mfcl-inputs/doitall.sh,
kflow-017825,completed,completed,PacificCommunity/ofp-sam-bet-2026-stepwise,5abe93099c6fad998dc8b6defc9a84a103c90977,bet-2026-f14-young5-domgt90-fullreg-rec-opr-grid-20260728,a-4d29c457dd399a26e7c680b957f754b0784b112151747aed26664fb62cfcb8e8,bet2026-stepwise-012,UNASSESSED,./outputs/models/F14-Y5-REC02-MOVE02-OPR/mfcl-inputs/doitall.sh,
kflow-017826,completed,completed,PacificCommunity/ofp-sam-bet-2026-stepwise,5abe93099c6fad998dc8b6defc9a84a103c90977,bet-2026-f14-young5-domgt90-fullreg-rec-opr-grid-20260728,a-302a964b728b289e7960562692b1c543597d6f4a63cf25c037ab64c4bc717d54,bet2026-stepwise-012,UNASSESSED,./outputs/models/F14-Y5-REC02-MOVE02/mfcl-inputs/doitall.sh,
kflow-017827,completed,completed,PacificCommunity/ofp-sam-bet-2026-stepwise,5abe93099c6fad998dc8b6defc9a84a103c90977,bet-2026-f14-young5-domgt90-fullreg-rec-opr-grid-20260728,a-9a7202a34bf7c07d944f652f3ae9ee72f6c3fb02164a214b2e734d9c052eafa6,bet2026-stepwise-012,UNASSESSED,./outputs/models/F14-Y5-REC01-MOVE02-OPR/mfcl-inputs/doitall.sh,
kflow-017828,completed,completed,PacificCommunity/ofp-sam-bet-2026-stepwise,5abe93099c6fad998dc8b6defc9a84a103c90977,bet-2026-f14-young5-domgt90-fullreg-rec-opr-grid-20260728,a-f7b9641763007544cbf67eaa5dffc9a11a074788451d924ccff460f824714e66,bet2026-stepwise-012,UNASSESSED,./outputs/models/F14-Y5-REC02-OPR/mfcl-inputs/doitall.sh,
kflow-017974,completed,completed,PacificCommunity/ofp-sam-bet-2026-stepwise,e9caba450a515d21a42e1f44eb97a094cc409ecd,bet-2026-fullreg-john-selectivity-stable-doitall-20260728,a-6816d98e42de8f902d5c37703c58adb408916e11f408a232673616a78a52ef45,bet2026-stepwise-012,UNASSESSED,./outputs/models/FULLREG-JOHN-SEL-STD/mfcl-inputs/doitall.sh,
kflow-017975,completed,completed,PacificCommunity/ofp-sam-bet-2026-stepwise,e9caba450a515d21a42e1f44eb97a094cc409ecd,bet-2026-fullreg-john-selectivity-stable-doitall-20260728,a-fe50395239bd084c6d229db2fa53e9ecfcc99b5d0badbedbe75b25fef96c2d3c,bet2026-stepwise-012,UNASSESSED,./outputs/models/FULLREG-JOHN-SEL-OPR/mfcl-inputs/doitall.sh,
kflow-018189,completed,completed,PacificCommunity/ofp-sam-bet-2026-checks,5e37becd86831077c45b028f9f055e077cef24b2,ofp-sam-bet-2026-check-hessian,a-ce623d2a365f3f9035d8c518a0466821445086296aa02f3a68e9798f49137786,bet2026-dependencies-001,UNASSESSED,,
kflow-018190,completed,completed,PacificCommunity/ofp-sam-bet-2026-checks,5e37becd86831077c45b028f9f055e077cef24b2,ofp-sam-bet-2026-check-hessian,a-238f28c210434785008a268610ac36b692e2497a3647c3737960d47399c69e65,bet2026-dependencies-001,UNASSESSED,,
kflow-018191,completed,completed,PacificCommunity/ofp-sam-bet-2026-checks,5e37becd86831077c45b028f9f055e077cef24b2,ofp-sam-bet-2026-check-hessian,a-19b3b73f1cee78588a0941a074ae1c31c582e8a185e57e7572a30e948aa61bfa,bet2026-dependencies-001,UNASSESSED,,
kflow-018192,completed,completed,PacificCommunity/ofp-sam-bet-2026-checks,5e37becd86831077c45b028f9f055e077cef24b2,ofp-sam-bet-2026-check-hessian,a-9ec383a129e82a17b0fe81af049002cc28760075d7d17977d4363af9920d2226,bet2026-dependencies-001,UNASSESSED,,
kflow-018193,completed,completed,PacificCommunity/ofp-sam-bet-2026-checks,5e37becd86831077c45b028f9f055e077cef24b2,ofp-sam-bet-2026-check-hessian,a-e2132dca3fb475b60ec124661d54c53747359e55b3e6afdb0bc2e7937ebbc7f0,bet2026-dependencies-001,UNASSESSED,,
kflow-018194,completed,completed,PacificCommunity/ofp-sam-bet-2026-checks,5e37becd86831077c45b028f9f055e077cef24b2,ofp-sam-bet-2026-check-hessian,a-b2951512eb8cd6cf1f31c3e005d78cda3f453609a31967e6260037ec0b85ba50,bet2026-dependencies-001,UNASSESSED,,
kflow-018195,completed,completed,PacificCommunity/ofp-sam-bet-2026-checks,5e37becd86831077c45b028f9f055e077cef24b2,ofp-sam-bet-2026-check-hessian,a-844c44f5a421529238d75d47a6e0fdbc43026f066f52d3a71e70afdbdcb2a33c,bet2026-dependencies-001,UNASSESSED,,
kflow-018196,completed,completed,PacificCommunity/ofp-sam-bet-2026-checks,5e37becd86831077c45b028f9f055e077cef24b2,ofp-sam-bet-2026-check-hessian,a-0d5d1f83108cfd10cb995cfc864528f03597a156e96fdc954fe7c1c4daade96e,bet2026-dependencies-001,UNASSESSED,,
kflow-018197,completed,completed,PacificCommunity/ofp-sam-bet-2026-checks,5e37becd86831077c45b028f9f055e077cef24b2,ofp-sam-bet-2026-check-hessian,a-bdd3900ad0dc85557bb4b1c0b83beff9a394ded902433bb75781e1967f6107e7,bet2026-dependencies-001,UNASSESSED,,
kflow-018198,completed,completed,PacificCommunity/ofp-sam-bet-2026-checks,5e37becd86831077c45b028f9f055e077cef24b2,ofp-sam-bet-2026-check-hessian,a-e58cd7e30d8dcef8cfe54a7389780f197ab7ce2e45a9532b0c3e89336d2ff562,bet2026-dependencies-001,UNASSESSED,,
kflow-018199,completed,completed,PacificCommunity/ofp-sam-bet-2026-checks,5e37becd86831077c45b028f9f055e077cef24b2,ofp-sam-bet-2026-check-hessian,a-48f6339bc9894345cf2fdd408cb34e26af63ed3a01f64de0e50d85a1c6bd2b93,bet2026-dependencies-001,UNASSESSED,,
kflow-018200,completed,completed,PacificCommunity/ofp-sam-bet-2026-checks,5e37becd86831077c45b028f9f055e077cef24b2,ofp-sam-bet-2026-check-hessian,a-49b70072f68a498099860466801d58a8052f813f5af593b1cc8c75077a483229,bet2026-dependencies-001,UNASSESSED,,
kflow-018201,completed,completed,PacificCommunity/ofp-sam-bet-2026-checks,5e37becd86831077c45b028f9f055e077cef24b2,ofp-sam-bet-2026-check-hessian,a-b630e13876ca865558d8e03f74dff989f0e1a579abd7d843ea8ac40e89b7010f,bet2026-dependencies-001,UNASSESSED,,
kflow-018202,completed,completed,PacificCommunity/ofp-sam-bet-2026-checks,5e37becd86831077c45b028f9f055e077cef24b2,ofp-sam-bet-2026-check-hessian,a-766fb3e346a3d252fd3407ed7f94f4b9a6a17e2bf9c20db4dd52e2dadb5a1c97,bet2026-dependencies-001,UNASSESSED,,
kflow-018203,completed,completed,PacificCommunity/ofp-sam-bet-2026-checks,5e37becd86831077c45b028f9f055e077cef24b2,ofp-sam-bet-2026-check-hessian,a-fd07d7ba2248fda3e8ccf98087cc6d277321834644548be854f8619db3272aa2,bet2026-dependencies-001,UNASSESSED,,
kflow-018204,completed,completed,PacificCommunity/ofp-sam-bet-2026-checks,5e37becd86831077c45b028f9f055e077cef24b2,ofp-sam-bet-2026-check-hessian,a-e38b2c555d621d0ea9fc474a9c65ca42ac9209baa0985d5252de48a82ac59a8f,bet2026-dependencies-001,UNASSESSED,,
kflow-018205,completed,completed,PacificCommunity/ofp-sam-bet-2026-checks,5e37becd86831077c45b028f9f055e077cef24b2,ofp-sam-bet-2026-check-hessian,a-3cf1dcf9969d240acf68bd3f2c3e47a0f3aad21e4d7106f484524f27bd36eaa3,bet2026-dependencies-001,UNASSESSED,,
kflow-018206,completed,completed,PacificCommunity/ofp-sam-bet-2026-checks,5e37becd86831077c45b028f9f055e077cef24b2,ofp-sam-bet-2026-check-hessian,a-25467b27eb919d2d23019b326cc356bb87890d4cfc46b866b2e3561427ce1298,bet2026-dependencies-001,UNASSESSED,,
kflow-018207,completed,completed,PacificCommunity/ofp-sam-bet-2026-checks,5e37becd86831077c45b028f9f055e077cef24b2,ofp-sam-bet-2026-check-hessian,a-14cc1b6513138ab3e7d13d2a144e6689bdd0e1a54263a0e7a30a03727f9194f0,bet2026-dependencies-001,UNASSESSED,,
kflow-018208,completed,completed,PacificCommunity/ofp-sam-bet-2026-checks,5e37becd86831077c45b028f9f055e077cef24b2,ofp-sam-bet-2026-check-hessian,a-d1df5dd02f6d65bea674fe78f6ac7a2b9df7bf13012a2147fbb324b402c1fd6b,bet2026-dependencies-001,UNASSESSED,,
kflow-018209,completed,completed,PacificCommunity/ofp-sam-bet-2026-checks,5e37becd86831077c45b028f9f055e077cef24b2,ofp-sam-bet-2026-check-hessian,a-c75a749fcfd8c919460de2e41aba2c45393dbdaaf4e00d530782cac9999b13b3,bet2026-dependencies-001,UNASSESSED,,
kflow-018210,completed,completed,PacificCommunity/ofp-sam-bet-2026-checks,5e37becd86831077c45b028f9f055e077cef24b2,ofp-sam-bet-2026-check-hessian,a-3d2a658d87008a88d4defa9791e91d6f73720e12786eb23783bfde5e44ad1cca,bet2026-dependencies-001,UNASSESSED,,
kflow-018211,completed,completed,PacificCommunity/ofp-sam-bet-2026-checks,5e37becd86831077c45b028f9f055e077cef24b2,ofp-sam-bet-2026-check-hessian,a-59cfabf63a4a24d9e12542a765942cbf8723871198d0be01fe5f3c572a11782a,bet2026-dependencies-001,UNASSESSED,,
kflow-018212,completed,completed,PacificCommunity/ofp-sam-bet-2026-checks,5e37becd86831077c45b028f9f055e077cef24b2,ofp-sam-bet-2026-check-hessian,a-2c94f5e909eae5e11d8d4208e83290e3fa0b11a08db2549d31de1ef01b0b6ffd,bet2026-dependencies-001,UNASSESSED,,
kflow-018213,completed,completed,PacificCommunity/ofp-sam-bet-2026-checks,5e37becd86831077c45b028f9f055e077cef24b2,ofp-sam-bet-2026-check-hessian,a-13fd79805959172fa14fda9a65054b5ffe78c4e5f50d25106793f0cf563af494,bet2026-dependencies-001,UNASSESSED,,
kflow-018214,completed,completed,PacificCommunity/ofp-sam-bet-2026-checks,5e37becd86831077c45b028f9f055e077cef24b2,ofp-sam-bet-2026-check-hessian,a-af8a58667206548bccb7f942bc478007cefb799d571b0919cc9e5716839b4398,bet2026-dependencies-001,UNASSESSED,,
kflow-018215,completed,completed,PacificCommunity/ofp-sam-bet-2026-checks,5e37becd86831077c45b028f9f055e077cef24b2,ofp-sam-bet-2026-check-hessian,a-dbec27d35d203b83630b74e2cfa8f76e31e501a3df28a17fcf633ac9121fa17f,bet2026-dependencies-001,UNASSESSED,,
kflow-018216,completed,completed,PacificCommunity/ofp-sam-bet-2026-checks,5e37becd86831077c45b028f9f055e077cef24b2,ofp-sam-bet-2026-check-hessian,a-9336ebebb8b0aca6feef5579a2069cfe097d4942165d29c5e66aef96ea527177,bet2026-dependencies-001,UNASSESSED,,
kflow-018217,completed,completed,PacificCommunity/ofp-sam-bet-2026-checks,5e37becd86831077c45b028f9f055e077cef24b2,ofp-sam-bet-2026-check-hessian,a-59b7314275316d4f041e3149793dbab7a12bb1c6b9158a16389336bbfa6516fe,bet2026-dependencies-001,UNASSESSED,,
kflow-018218,completed,completed,PacificCommunity/ofp-sam-bet-2026-checks,5e37becd86831077c45b028f9f055e077cef24b2,ofp-sam-bet-2026-check-hessian,a-69bece20a3ae64162c758152368d3d10be783b830028d419a85af520ba884f67,bet2026-dependencies-001,UNASSESSED,,
kflow-018219,completed,completed,PacificCommunity/ofp-sam-bet-2026-checks,5e37becd86831077c45b028f9f055e077cef24b2,ofp-sam-bet-2026-check-hessian,a-6f3ffc488f4e60c9d4bf26f0e9ae5f69ee5bc7bfa4c0203f7966c4e9bfdcc993,bet2026-dependencies-001,UNASSESSED,,
kflow-018220,completed,completed,PacificCommunity/ofp-sam-bet-2026-checks,5e37becd86831077c45b028f9f055e077cef24b2,ofp-sam-bet-2026-check-hessian,a-3d5ef79b3f66fd112f214303d5c2b3b050bba11d88ea9239d15107acaaea6ec3,bet2026-dependencies-001,UNASSESSED,,
kflow-018221,completed,completed,PacificCommunity/ofp-sam-bet-2026-checks,5e37becd86831077c45b028f9f055e077cef24b2,ofp-sam-bet-2026-check-hessian,a-03132bd50efd0a151a83c96205939c710ceaa96588ed50363f48f64600a09444,bet2026-dependencies-001,UNASSESSED,,
kflow-018222,completed,completed,PacificCommunity/ofp-sam-bet-2026-checks,5e37becd86831077c45b028f9f055e077cef24b2,ofp-sam-bet-2026-check-hessian,a-787c3bdbe5081c5db58c24ac6c8306a937315e770669452eee8c7369818ee504,bet2026-dependencies-001,UNASSESSED,,
kflow-018223,completed,completed,PacificCommunity/ofp-sam-bet-2026-checks,5e37becd86831077c45b028f9f055e077cef24b2,ofp-sam-bet-2026-check-hessian,a-939d08e58f1b59812777dc2962dd470ec596667cf141b441b2aeac5bb042c5cf,bet2026-dependencies-001,UNASSESSED,,
kflow-018224,completed,completed,PacificCommunity/ofp-sam-bet-2026-checks,5e37becd86831077c45b028f9f055e077cef24b2,ofp-sam-bet-2026-check-hessian,a-ad6c2696f6ce9c505395c577b5f79a358e4bbbc60d649673418fd10a341d5ffd,bet2026-dependencies-001,UNASSESSED,,
kflow-018225,completed,completed,PacificCommunity/ofp-sam-bet-2026-checks,5e37becd86831077c45b028f9f055e077cef24b2,ofp-sam-bet-2026-check-hessian,a-67c6de4fd28c6c9460712910ed1dbaf0ccd5c2d536927300c16065a5b0e3014e,bet2026-dependencies-001,UNASSESSED,,
kflow-018226,completed,completed,PacificCommunity/ofp-sam-bet-2026-checks,5e37becd86831077c45b028f9f055e077cef24b2,ofp-sam-bet-2026-check-hessian,a-20cc788fc415d310b3a976d6dcfca8bad3043a59a182607da1435a942b4e5a96,bet2026-dependencies-001,UNASSESSED,,
kflow-018227,completed,completed,PacificCommunity/ofp-sam-bet-2026-checks,5e37becd86831077c45b028f9f055e077cef24b2,ofp-sam-bet-2026-check-hessian,a-51ae432bb1c9a29bb587bc62dd73a9fb0af01a62dc74194c6f5afd9e4f3a18ec,bet2026-dependencies-001,UNASSESSED,,
kflow-018228,completed,completed,PacificCommunity/ofp-sam-bet-2026-checks,5e37becd86831077c45b028f9f055e077cef24b2,ofp-sam-bet-2026-check-hessian,a-96b7ec043dfd9b3003a4898dd3f815f3d9b9324fff6c9f1726e3a9db7b493d12,bet2026-dependencies-002,UNASSESSED,,
kflow-018229,completed,completed,PacificCommunity/ofp-sam-bet-2026-checks,5e37becd86831077c45b028f9f055e077cef24b2,ofp-sam-bet-2026-check-hessian,a-5013036c75ea8b0b082b3dbca5f813344183d55cd7d265ebc645141891dbcb0b,bet2026-dependencies-002,UNASSESSED,,
kflow-018230,completed,completed,PacificCommunity/ofp-sam-bet-2026-checks,5e37becd86831077c45b028f9f055e077cef24b2,ofp-sam-bet-2026-check-hessian,a-616b61074eb8c4a3f1782bcc5e3998781da2fed1d00d14b990bbe600e03b24e0,bet2026-dependencies-002,UNASSESSED,,
kflow-018231,completed,completed,PacificCommunity/ofp-sam-bet-2026-checks,5e37becd86831077c45b028f9f055e077cef24b2,ofp-sam-bet-2026-check-hessian,a-ff3c19ab18fcb12aa0007c1641b491286b3dab35813e097e70d6765bc9dc2f7d,bet2026-dependencies-002,UNASSESSED,,
kflow-018232,completed,completed,PacificCommunity/ofp-sam-bet-2026-checks,5e37becd86831077c45b028f9f055e077cef24b2,ofp-sam-bet-2026-check-hessian,a-53bff2c33be2b8767caf59971ce6d82dc7692a4b7d677629de94b9057ceccc77,bet2026-dependencies-002,UNASSESSED,,
kflow-018233,completed,completed,PacificCommunity/ofp-sam-bet-2026-checks,5e37becd86831077c45b028f9f055e077cef24b2,ofp-sam-bet-2026-check-hessian,a-6e0807bb20a933530faf520d6ff92d586f9f610bd53b09c8f0239ad7359ad19a,bet2026-dependencies-002,UNASSESSED,,
kflow-018234,completed,completed,PacificCommunity/ofp-sam-bet-2026-checks,5e37becd86831077c45b028f9f055e077cef24b2,ofp-sam-bet-2026-check-hessian,a-81218219ae240c627e2d3bf6977a0975ebc281a70229a733917efa7c94b4f131,bet2026-dependencies-002,UNASSESSED,,
kflow-018235,completed,completed,PacificCommunity/ofp-sam-bet-2026-checks,5e37becd86831077c45b028f9f055e077cef24b2,ofp-sam-bet-2026-check-hessian,a-4e847b5e722480a905c3809936331a182acc2b127271c4e2c778784d024981f8,bet2026-dependencies-002,UNASSESSED,,
kflow-018236,completed,completed,PacificCommunity/ofp-sam-bet-2026-checks,5e37becd86831077c45b028f9f055e077cef24b2,ofp-sam-bet-2026-check-hessian,a-88d98860c654d6efc04d55c7dd390dc3633e75507495451d2e9227eafdc962e0,bet2026-dependencies-002,UNASSESSED,,
kflow-018237,completed,completed,PacificCommunity/ofp-sam-bet-2026-checks,5e37becd86831077c45b028f9f055e077cef24b2,ofp-sam-bet-2026-check-hessian,a-cbeab7c6780b8d03b0ca47b050b5520c6cd894a9cf2866adbb8c6ac09746ddbe,bet2026-dependencies-002,UNASSESSED,,
kflow-018238,completed,completed,PacificCommunity/ofp-sam-bet-2026-checks,5e37becd86831077c45b028f9f055e077cef24b2,ofp-sam-bet-2026-check-hessian,a-e80bf8794eec4cd7f47125f4cdfb067eff1923a1eb42c486f0a227b638d18c88,bet2026-dependencies-002,UNASSESSED,,
kflow-018239,completed,completed,PacificCommunity/ofp-sam-bet-2026-checks,5e37becd86831077c45b028f9f055e077cef24b2,ofp-sam-bet-2026-check-hessian,a-a76741f7189ed8dc348a380f5b8d86f40cf410a90b6bcbbfb310c160c86b7f72,bet2026-dependencies-002,UNASSESSED,,
kflow-018240,completed,completed,PacificCommunity/ofp-sam-bet-2026-checks,5e37becd86831077c45b028f9f055e077cef24b2,ofp-sam-bet-2026-check-hessian,a-8fe40e69ca0a7ba0a7fb24c6b15dbb89fccb1dc502c632204bec1262c35b09cb,bet2026-dependencies-002,UNASSESSED,,
kflow-018241,completed,completed,PacificCommunity/ofp-sam-bet-2026-checks,5e37becd86831077c45b028f9f055e077cef24b2,ofp-sam-bet-2026-check-hessian,a-3017031105df661f622213cc380dd8da61804e181d833113554485b08a22bd1a,bet2026-dependencies-002,UNASSESSED,,
kflow-018242,completed,completed,PacificCommunity/ofp-sam-bet-2026-checks,5e37becd86831077c45b028f9f055e077cef24b2,ofp-sam-bet-2026-check-hessian,a-4ed41ecc298126dde63c085a21415fcad00f10029a00045c92af3e99bce6cc2f,bet2026-dependencies-002,UNASSESSED,,
kflow-018243,completed,completed,PacificCommunity/ofp-sam-bet-2026-checks,5e37becd86831077c45b028f9f055e077cef24b2,ofp-sam-bet-2026-check-hessian,a-6c7a86f47122fadc8b78468b9ac594fa4f3e7c5aa6698f89553b94a8e4fb4bf1,bet2026-dependencies-002,UNASSESSED,,
kflow-018244,completed,completed,PacificCommunity/ofp-sam-bet-2026-checks,5e37becd86831077c45b028f9f055e077cef24b2,ofp-sam-bet-2026-check-hessian,a-a59b2022e135fd40a311ee6e7d0e54759ac882e67f1b22997d2cd7769da22262,bet2026-dependencies-002,UNASSESSED,,
kflow-018245,completed,completed,PacificCommunity/ofp-sam-bet-2026-checks,5e37becd86831077c45b028f9f055e077cef24b2,ofp-sam-bet-2026-check-hessian,a-f950ad3d9833b4d88b8d71e133d1d74f0c8eaa1565146daeb3aead2248d707b2,bet2026-dependencies-002,UNASSESSED,,
kflow-018246,completed,completed,PacificCommunity/ofp-sam-bet-2026-checks,5e37becd86831077c45b028f9f055e077cef24b2,ofp-sam-bet-2026-check-hessian,a-8524292fe595614ef1de3fe28960b640ac95ba255690dd52597860360fa124f2,bet2026-dependencies-002,UNASSESSED,,
kflow-018247,completed,completed,PacificCommunity/ofp-sam-bet-2026-checks,5e37becd86831077c45b028f9f055e077cef24b2,ofp-sam-bet-2026-check-hessian,a-0a8c691eb160c18ecb5844052c167d1d208129d8d9e7a866a5800e97d80ca0a1,bet2026-dependencies-002,UNASSESSED,,
kflow-018248,completed,completed,PacificCommunity/ofp-sam-bet-2026-checks,5e37becd86831077c45b028f9f055e077cef24b2,ofp-sam-bet-2026-check-hessian,a-e322f91b9255ce937afd0360dee1a7d499fdb424de4a42136f62c189b7ed6443,bet2026-dependencies-002,UNASSESSED,,
kflow-018249,completed,completed,PacificCommunity/ofp-sam-bet-2026-checks,5e37becd86831077c45b028f9f055e077cef24b2,ofp-sam-bet-2026-check-hessian,a-c84b84fe6a6d159b7c98946a8c4e8ae91e8d794ecff11646e0f83fecb96b6ed0,bet2026-dependencies-002,UNASSESSED,,
kflow-018250,completed,completed,PacificCommunity/ofp-sam-bet-2026-checks,5e37becd86831077c45b028f9f055e077cef24b2,ofp-sam-bet-2026-check-hessian,a-e971d845826dd9cb36d297b3e3d454a66d535437b3f1b75843f00238ac48582e,bet2026-dependencies-002,UNASSESSED,,
kflow-018251,completed,completed,PacificCommunity/ofp-sam-bet-2026-checks,5e37becd86831077c45b028f9f055e077cef24b2,ofp-sam-bet-2026-check-hessian,a-4643803b27bca238d2d6d75494b276280fbd65b4c37766f8137eec63721ebd56,bet2026-dependencies-002,UNASSESSED,,
kflow-018252,completed,completed,PacificCommunity/ofp-sam-bet-2026-checks,5e37becd86831077c45b028f9f055e077cef24b2,ofp-sam-bet-2026-check-hessian,a-96da61e4eec56fd561507e01632eccc9a44b7c559d371c59f0895206fbd9f814,bet2026-dependencies-002,UNASSESSED,,
kflow-018253,completed,completed,PacificCommunity/ofp-sam-bet-2026-checks,5e37becd86831077c45b028f9f055e077cef24b2,ofp-sam-bet-2026-check-hessian,a-df63c630a4b47ab3783f69a791e5d1c4c7c492580a620b99114cdfa84b14e296,bet2026-dependencies-002,UNASSESSED,,
kflow-018254,completed,completed,PacificCommunity/ofp-sam-bet-2026-checks,5e37becd86831077c45b028f9f055e077cef24b2,ofp-sam-bet-2026-check-hessian,a-83ad3c7dd6bb31c4703f842b255fdc96f7421481182f02b1a83e378fa72e70a0,bet2026-dependencies-002,UNASSESSED,,
kflow-018255,completed,completed,PacificCommunity/ofp-sam-bet-2026-checks,5e37becd86831077c45b028f9f055e077cef24b2,ofp-sam-bet-2026-check-hessian,a-5c23201cc3628743d871efd82ba60562e4a2024e0b1a9e044ea62c2c806c24b8,bet2026-dependencies-002,UNASSESSED,,
kflow-018256,completed,completed,PacificCommunity/ofp-sam-bet-2026-checks,5e37becd86831077c45b028f9f055e077cef24b2,ofp-sam-bet-2026-check-hessian,a-ddb6e2e8f26480a9df083d23c0279d7f2bc26587e8f151fc8099c73d54d9d27f,bet2026-dependencies-002,UNASSESSED,,
kflow-018257,completed,completed,PacificCommunity/ofp-sam-bet-2026-checks,5e37becd86831077c45b028f9f055e077cef24b2,ofp-sam-bet-2026-check-hessian,a-d940c48955d9f4441cd2f3c207f6ca08aed958420a983263fc3ce6e89c1900f2,bet2026-dependencies-002,UNASSESSED,,
kflow-018258,completed,completed,PacificCommunity/ofp-sam-bet-2026-checks,5e37becd86831077c45b028f9f055e077cef24b2,ofp-sam-bet-2026-check-hessian,a-6db1457a2b04937c529fd56f26942b7cd26d8f7ff369736c2aef7f48d1be6ebd,bet2026-dependencies-002,UNASSESSED,,
kflow-018345,completed,completed,PacificCommunity/ofp-sam-bet-2026-checks,5e37becd86831077c45b028f9f055e077cef24b2,ofp-sam-bet-2026-check-hessian-merge,a-2b29315e971fda33876ad89dadf2095095332bf7dd9bfd4c53e353aa96c0b9d8,bet2026-dependencies-003,UNASSESSED,./outputs/models/F14-Y5-REC01/mfcl-inputs/doitall.sh;./outputs/checks/hessian/F14-Y5-REC01/mfcl-inputs/doitall.sh,
kflow-018371,completed,completed,PacificCommunity/ofp-sam-bet-2026-diagnostic,f03a8102e67a6813f9539aeaac501de5e2515113,bet-2026-mfclrtmb-hessian-pack,a-13ae0b9d7244aecc114452f97d7aeb35b87e850273e091819813657dbdf252bc,bet2026-diagnostic-001,UNASSESSED,,
kflow-018373,completed,completed,PacificCommunity/ofp-sam-bet-2026-diagnostic,a23cd1a9aaa419679fca355719137759a2b2b140,bet-2026-mfclrtmb-mcmc-chain,a-4a20bb2a1bd8e8e3ff83a3f9ddd31e2aa6b887df35804a358ab9a4c45c495b5a,bet2026-diagnostic-001,UNASSESSED,,
kflow-018374,completed,completed,PacificCommunity/ofp-sam-bet-2026-diagnostic,8a36f4b7c0a435f5405de74cde803db893456446,bet-2026-mfclrtmb-mcmc-chain,a-a834b1411df11a97c975208593d0d6e50bec4bd2f44d8461bcb479f94038df3b,bet2026-diagnostic-001,UNASSESSED,,
kflow-018375,completed,completed,PacificCommunity/ofp-sam-bet-2026-diagnostic,8a36f4b7c0a435f5405de74cde803db893456446,bet-2026-mfclrtmb-mcmc-chain,a-daa1012c7cf58e1db06da2e840921e9147d752e31bd4a44852e68752a109c950,bet2026-diagnostic-001,UNASSESSED,,
kflow-018376,completed,completed,PacificCommunity/ofp-sam-bet-2026-diagnostic,8a36f4b7c0a435f5405de74cde803db893456446,bet-2026-mfclrtmb-mcmc-chain,a-a50bd5aa99a6f6e4a1252f5f220792f86a0ea472c23470438c62560e2db4106e,bet2026-diagnostic-001,UNASSESSED,,
kflow-018385,completed,completed,PacificCommunity/ofp-sam-bet-2026-stepwise,15aabf1b08a991e4a2bc09cb61aa79356caaeda0,bet-2026-job17805-joe-regionmean-k015-k020-20260729,a-2f1ea002cf1903fe76262c6d071c79c372b9c847584856365951baa9c2b195ff,bet2026-stepwise-012,UNASSESSED,./outputs/models/F14-Y5-REC01-JOE-K020/mfcl-inputs/doitall.sh,
kflow-018386,completed,completed,PacificCommunity/ofp-sam-bet-2026-stepwise,15aabf1b08a991e4a2bc09cb61aa79356caaeda0,bet-2026-job17805-joe-regionmean-k015-k020-20260729,a-4199564bcb3dbad047e30bdaac27e7cfe04de502161c6b08e8d81cbc1cddf9b7,bet2026-stepwise-012,UNASSESSED,./outputs/models/F14-Y5-REC01-JOE-K015/mfcl-inputs/doitall.sh,
kflow-018393,completed,completed,PacificCommunity/ofp-sam-bet-2026-stepwise,16d7f6072e95d65a03bea2a96fca48df690c1526,bet-2026-job17805-finalpar-estimate-m-20260729,a-ebfd9bf7b45e7cf26d6a2bfc3a3149257aad76633f0b00ef1a71a52dec38b444,bet2026-stepwise-012,UNASSESSED,./outputs/models/F14-Y5-REC01/mfcl-inputs/doitall.sh,
kflow-018400,completed,completed,PacificCommunity/ofp-sam-bet-2026-stepwise,9e0146edac51498df13342b6a26d04fab4a11606,bet-2026-job18393-finalpar-fix-estimated-m-20260729,a-cad74b59477e7d320bb322c78397c205816708ecd4bed705aa0c71e4018dbe34,bet2026-stepwise-012,UNASSESSED,./outputs/models/F14-Y5-REC01/mfcl-inputs/doitall.sh,
kflow-018518,completed,completed,PacificCommunity/ofp-sam-bet-2026-stepwise,356dafae371e6993a4d1477cd8ff85492ec83e5a,bet-2026-job18400-dmfix-direct-20260729,a-4bc58a7dbe4cc4c91b3d7822413d2393f353ee55a474b2bbd228931bd2c5622a,bet2026-stepwise-012,UNASSESSED,./outputs/models/F14-Y5-REC01/doitall.sh;./outputs/models/F14-Y5-REC01/mfcl-inputs/doitall.sh,
kflow-018547,completed,completed,PacificCommunity/ofp-sam-bet-2026-stepwise,2b93ce1ef16630b6b6c980b57ad4ce3efbb6b63b,bet-2026-step21-mix015-sc22ip10-cutoff-20260730,a-52c1eefbe91604a35e38b5f4cb6582d350cd1204a269a695231b7a8bd792e8f7,bet2026-stepwise-012,UNASSESSED,./outputs/models/21-MIX015-SC22IP10Cutoff/mfcl-inputs/doitall.sh,
kflow-018552,completed,completed,PacificCommunity/ofp-sam-bet-2026-stepwise,62af590cdeceaba535f3eaf10647c3e29d6735f5,bet-2026-step23-common-tag-tau-20260730,a-54045a6c9c8c6d492579b33fb5316a7ffe9651751046e23873e52a5c2cd5af06,bet2026-stepwise-012,UNASSESSED,./outputs/models/23a-20c-CommonTagTau/mfcl-inputs/doitall.sh,
kflow-018553,completed,completed,PacificCommunity/ofp-sam-bet-2026-stepwise,62af590cdeceaba535f3eaf10647c3e29d6735f5,bet-2026-step23-common-tag-tau-20260730,a-b494943447b2aa381014591fc4a461e75b9c39964c5018a9a25ffae30922483b,bet2026-stepwise-012,UNASSESSED,./outputs/models/23b-MIX015-SC22IP10-CommonTagTau/mfcl-inputs/doitall.sh,
kflow-018561,completed,completed,PacificCommunity/ofp-sam-bet-2026-stepwise,6423dedd1838c11414b08669f4d7d737d188b05c,bet-2026-step22-mix020-methods-20260730,a-657519b6f3ba25f07d98e865679d9cda65670f88454b04f41287597ddf4ddb1e,bet2026-stepwise-012,UNASSESSED,./outputs/models/22a-MIX020-MeanOverPeriod/mfcl-inputs/doitall.sh,
kflow-018562,completed,completed,PacificCommunity/ofp-sam-bet-2026-stepwise,6423dedd1838c11414b08669f4d7d737d188b05c,bet-2026-step22-mix020-methods-20260730,a-07d660cdc51878345ca0f7bcedf016228c84c65ab1e7d947c0205f755187f455,bet2026-stepwise-012,UNASSESSED,./outputs/models/22b-MIX020-MeanOverKS/mfcl-inputs/doitall.sh,
kflow-018563,completed,completed,PacificCommunity/ofp-sam-bet-2026-stepwise,79bd07568974f11c044a5f9356a7c51f3b232bd8,bet-2026-step23-common-tag-tau-20260730,a-004501d8ab32955145fe0b15338bf1de8793d310dd3798a84a4fe36bb64ee5a6,bet2026-stepwise-012,UNASSESSED,./outputs/models/23c-MIX020-MeanOverPeriod-CommonTagTau/mfcl-inputs/doitall.sh,
kflow-018564,completed,completed,PacificCommunity/ofp-sam-bet-2026-stepwise,79bd07568974f11c044a5f9356a7c51f3b232bd8,bet-2026-step23-common-tag-tau-20260730,a-e6fac4565afc0576710392fcc25ab20e9c1673087814d1e200ed696b7148265b,bet2026-stepwise-012,UNASSESSED,./outputs/models/23d-MIX020-MeanOverKS-CommonTagTau/mfcl-inputs/doitall.sh,
kflow-018574,completed,completed,PacificCommunity/ofp-sam-bet-2026-stepwise,a8cc962db88418183b73ee52fd778b19da67af2f,bet-2026-step24-tunaflow26-exe-20260730,a-db97882331ac64c3aa76dbef4158370f9334fbb363a236a89668798590b21565,bet2026-stepwise-012,UNASSESSED,./outputs/models/24a-20c-CommonTagTau-TF26/mfcl-inputs/doitall.sh,
kflow-018575,completed,completed,PacificCommunity/ofp-sam-bet-2026-stepwise,a8cc962db88418183b73ee52fd778b19da67af2f,bet-2026-step24-tunaflow26-exe-20260730,a-14fcfe12aa2f45720083d56dedd37155e89c08f64571a84226496e028164955c,bet2026-stepwise-012,UNASSESSED,./outputs/models/24b-MIX015-SC22IP10-CommonTagTau-TF26/mfcl-inputs/doitall.sh,
kflow-018576,completed,completed,PacificCommunity/ofp-sam-bet-2026-stepwise,a8cc962db88418183b73ee52fd778b19da67af2f,bet-2026-step24-tunaflow26-exe-20260730,a-1411372f56f3283f55e72f06f6d59fe2e5b7ba88543ff015c3c039b5043d249a,bet2026-stepwise-012,UNASSESSED,./outputs/models/24c-MIX020-MeanOverPeriod-CommonTagTau-TF26/mfcl-inputs/doitall.sh,
kflow-018578,completed,completed,PacificCommunity/ofp-sam-bet-2026-stepwise,a8cc962db88418183b73ee52fd778b19da67af2f,bet-2026-step24-tunaflow26-exe-20260730,a-91b67c66d4d00d26e3424518881656e38cad101c0d472b5db584e7c13e78dcd8,bet2026-stepwise-012,UNASSESSED,./outputs/models/24d-MIX020-MeanOverKS-CommonTagTau-TF26/mfcl-inputs/doitall.sh,
kflow-018584,completed,completed,PacificCommunity/ofp-sam-bet-2026-stepwise,a43e235fa739c977036505a95383006a9344efb0,bet-2026-job18518-rrg29fix-parest359-20260730,a-2ec948c8e83332983ddc81312d7bd7262d855a6195ebfa9ad3a6458688f2c5ab,bet2026-stepwise-012,UNASSESSED,./outputs/models/F14-Y5-REC01/doitall.sh;./outputs/models/F14-Y5-REC01/mfcl-inputs/doitall.sh,
kflow-018588,completed,completed,PacificCommunity/ofp-sam-bet-2026-stepwise,089cf9af46fa0c9c21918cfc625dfb1d5e678d11,bet-2026-job18518-rrg29fix-parest359-m2549303-20260730,a-8b3e0c4818227317d1371b440ca652ddef1c04c9a93f09582c7f9d4ac14e516e,bet2026-stepwise-012,UNASSESSED,./outputs/models/F14-Y5-REC01/mfcl-inputs/doitall.sh;./outputs/models/F14-Y5-REC01/doitall.sh,
kflow-018703,completed,completed,PacificCommunity/ofp-sam-bet-2026-stepwise,632bb945d350343b76ec6fba2f95c49a224cb2bb,bet-2026-final-exploration-v25-20260730,a-344bdeb4948d845b3c147a27f6f953b697ada5e94ef5b267efe76517601ad9e9,bet2026-stepwise-012,UNASSESSED,./outputs/K005-tau-estimated/doitall.sh,
kflow-018704,completed,completed,PacificCommunity/ofp-sam-bet-2026-stepwise,632bb945d350343b76ec6fba2f95c49a224cb2bb,bet-2026-final-exploration-v25-20260730,a-9a549d77c670d483c418c835182b4d9b3d0f643bab475f65d8579caaf70f63fa,bet2026-stepwise-012,UNASSESSED,./outputs/K005-tau-estimated-sel20c/doitall.sh,
kflow-018705,completed,completed,PacificCommunity/ofp-sam-bet-2026-stepwise,632bb945d350343b76ec6fba2f95c49a224cb2bb,bet-2026-final-exploration-v25-20260730,a-a4330a4bfd67970d3e0e6e253898887c728c23a8845398d7e516dcd18b78c326,bet2026-stepwise-012,UNASSESSED,./outputs/K005-tau-not-estimated/doitall.sh,
kflow-018706,completed,completed,PacificCommunity/ofp-sam-bet-2026-stepwise,632bb945d350343b76ec6fba2f95c49a224cb2bb,bet-2026-final-exploration-v25-20260730,a-161f3c1529d9b2757513068f515f20526b95e3e905983f269517cdb0824b75c6,bet2026-stepwise-013,UNASSESSED,./outputs/K005-tau-not-estimated-sel20c/doitall.sh,
kflow-018707,completed,completed,PacificCommunity/ofp-sam-bet-2026-stepwise,632bb945d350343b76ec6fba2f95c49a224cb2bb,bet-2026-final-exploration-v25-20260730,a-49094cc7efd66cd4071bc08cecf41552ca0f485b09a3ee742f019159ab2b6b3f,bet2026-stepwise-013,UNASSESSED,./outputs/K010-tau-estimated/doitall.sh,
kflow-018708,completed,completed,PacificCommunity/ofp-sam-bet-2026-stepwise,632bb945d350343b76ec6fba2f95c49a224cb2bb,bet-2026-final-exploration-v25-20260730,a-3b864c0304d4d4ea9daf6db4b588a0dd3bba0525e8b7ecd19c7007a21770a4f2,bet2026-stepwise-013,UNASSESSED,./outputs/K010-tau-estimated-sel20c/doitall.sh,
kflow-018709,completed,completed,PacificCommunity/ofp-sam-bet-2026-stepwise,632bb945d350343b76ec6fba2f95c49a224cb2bb,bet-2026-final-exploration-v25-20260730,a-438eae5e08b006bea238f7fd7b409e067cd9cc647d51314ee0b99b2f5c92c9e1,bet2026-stepwise-013,UNASSESSED,./outputs/K010-tau-not-estimated/doitall.sh,
kflow-018710,completed,completed,PacificCommunity/ofp-sam-bet-2026-stepwise,632bb945d350343b76ec6fba2f95c49a224cb2bb,bet-2026-final-exploration-v25-20260730,a-ffbe3e3bff57c7672a57c258d01db776110c56bd87b4e7e195af8e4b3ca99b51,bet2026-stepwise-013,UNASSESSED,./outputs/K010-tau-not-estimated-sel20c/doitall.sh,
kflow-018711,completed,completed,PacificCommunity/ofp-sam-bet-2026-stepwise,632bb945d350343b76ec6fba2f95c49a224cb2bb,bet-2026-final-exploration-v25-20260730,a-83134c2875d76a281bea1e1c1bb812404724d3209051c64bebe645fb1182a76c,bet2026-stepwise-013,UNASSESSED,./outputs/K015-tau-estimated/doitall.sh,
kflow-018712,completed,completed,PacificCommunity/ofp-sam-bet-2026-stepwise,632bb945d350343b76ec6fba2f95c49a224cb2bb,bet-2026-final-exploration-v25-20260730,a-ef0b53e921673fec22ba60c4fdd2dbad080ed893d623bfb71b1e047e75b790f1,bet2026-stepwise-013,UNASSESSED,./outputs/K015-tau-estimated-sel20c/doitall.sh,
kflow-018713,completed,completed,PacificCommunity/ofp-sam-bet-2026-stepwise,632bb945d350343b76ec6fba2f95c49a224cb2bb,bet-2026-final-exploration-v25-20260730,a-af53df1ab785fc83455ea7f91fc4b9ea572f632239d32758dd42b68e838c4030,bet2026-stepwise-013,UNASSESSED,./outputs/K015-tau-not-estimated/doitall.sh,
kflow-018714,completed,completed,PacificCommunity/ofp-sam-bet-2026-stepwise,632bb945d350343b76ec6fba2f95c49a224cb2bb,bet-2026-final-exploration-v25-20260730,a-5bf0932972af9baa2e899446422ddc9065460a5276a575c767a4938aa60b157a,bet2026-stepwise-013,UNASSESSED,./outputs/K015-tau-not-estimated-sel20c/doitall.sh,
kflow-018715,completed,completed,PacificCommunity/ofp-sam-bet-2026-stepwise,632bb945d350343b76ec6fba2f95c49a224cb2bb,bet-2026-final-exploration-v25-20260730,a-41d011c1c54b07c935a4b5f73fafe83135da4fc1e9be29d6551bf0e5b3844d69,bet2026-stepwise-014,UNASSESSED,./outputs/K020-tau-estimated/doitall.sh,
kflow-018716,completed,completed,PacificCommunity/ofp-sam-bet-2026-stepwise,632bb945d350343b76ec6fba2f95c49a224cb2bb,bet-2026-final-exploration-v25-20260730,a-c9f90da6e68aa3b93a6ea0e39c320b9dc136388e28ca2b2985aa7f4b7a38ab7c,bet2026-stepwise-014,UNASSESSED,./outputs/K020-tau-estimated-sel20c/doitall.sh,
kflow-018717,completed,completed,PacificCommunity/ofp-sam-bet-2026-stepwise,632bb945d350343b76ec6fba2f95c49a224cb2bb,bet-2026-final-exploration-v25-20260730,a-6c269093947c90d9894fe495cd14f8e9b3fb9174e7617d47a69e7c299f09ee54,bet2026-stepwise-014,UNASSESSED,./outputs/K020-tau-not-estimated/doitall.sh,
kflow-018718,completed,completed,PacificCommunity/ofp-sam-bet-2026-stepwise,632bb945d350343b76ec6fba2f95c49a224cb2bb,bet-2026-final-exploration-v25-20260730,a-3a131da2644d40ce2105146e8a006cbb67e993c7bc4074ecb9afccb0b5e7f3dc,bet2026-stepwise-014,UNASSESSED,./outputs/K020-tau-not-estimated-sel20c/doitall.sh,
kflow-018719,completed,completed,PacificCommunity/ofp-sam-bet-2026-stepwise,632bb945d350343b76ec6fba2f95c49a224cb2bb,bet-2026-final-exploration-v25-20260730,a-65bc2b873dc702b504404c255c6ea10daa5794dec8c394c6307db6009734ba03,bet2026-stepwise-014,UNASSESSED,./outputs/K025-tau-estimated/doitall.sh,
kflow-018720,completed,completed,PacificCommunity/ofp-sam-bet-2026-stepwise,632bb945d350343b76ec6fba2f95c49a224cb2bb,bet-2026-final-exploration-v25-20260730,a-29579be7ca4082490ad24d0d9e1d560323e74fe42803bbf71804fd84389b9a87,bet2026-stepwise-014,UNASSESSED,./outputs/K025-tau-estimated-sel20c/doitall.sh,
kflow-018721,completed,completed,PacificCommunity/ofp-sam-bet-2026-stepwise,632bb945d350343b76ec6fba2f95c49a224cb2bb,bet-2026-final-exploration-v25-20260730,a-c53dc310d10e1420119a8ace8de27872bf7ec9caac46124046104690bf14333b,bet2026-stepwise-014,UNASSESSED,./outputs/K025-tau-not-estimated/doitall.sh,
kflow-018722,completed,completed,PacificCommunity/ofp-sam-bet-2026-stepwise,632bb945d350343b76ec6fba2f95c49a224cb2bb,bet-2026-final-exploration-v25-20260730,a-be70e4caade37b0d65c4e17c9da7acb1c24d5f344f582ab0e30b04435eeb7ef3,bet2026-stepwise-014,UNASSESSED,./outputs/K025-tau-not-estimated-sel20c/doitall.sh,
kflow-018723,completed,completed,PacificCommunity/ofp-sam-bet-2026-stepwise,632bb945d350343b76ec6fba2f95c49a224cb2bb,bet-2026-final-exploration-v25-20260730,a-116d23a8bdf7dfaca55b369db5071e40ba710483edcbe99111a2c14a6fda933b,bet2026-stepwise-014,UNASSESSED,./outputs/K030-tau-estimated/doitall.sh,
kflow-018724,completed,completed,PacificCommunity/ofp-sam-bet-2026-stepwise,632bb945d350343b76ec6fba2f95c49a224cb2bb,bet-2026-final-exploration-v25-20260730,a-6fe1dbfbe778aa9af759f15eb06ff09eba65e36abba2bb271d06f36eb44e8554,bet2026-stepwise-015,UNASSESSED,./outputs/K030-tau-estimated-sel20c/doitall.sh,
kflow-018725,completed,completed,PacificCommunity/ofp-sam-bet-2026-stepwise,632bb945d350343b76ec6fba2f95c49a224cb2bb,bet-2026-final-exploration-v25-20260730,a-892b58c7f3fffa188d338d6450193292a3f0fbe0de64fc8d281dc85fd19533e9,bet2026-stepwise-015,UNASSESSED,./outputs/K030-tau-not-estimated/doitall.sh,
kflow-018726,completed,completed,PacificCommunity/ofp-sam-bet-2026-stepwise,632bb945d350343b76ec6fba2f95c49a224cb2bb,bet-2026-final-exploration-v25-20260730,a-9352496867308e75fa9e3ffbb80a0befe4d3cdf9cec46625527d9830bb9e0f13,bet2026-stepwise-015,UNASSESSED,./outputs/K030-tau-not-estimated-sel20c/doitall.sh,
kflow-019181,completed,completed,PacificCommunity/ofp-sam-bet-2026-stepwise,c3bc4d457d1f6f245c055c13a4fd10e9d71d0366,bet-2026-final-stepwise-02aug,a-ea39cf5f14ef5480c5782dbd5b69b12b9e1d5c90929c0d2b4f8daa8cc2cc1b56,bet2026-stepwise-015,stepwise/job-019181/02-NewExeIni1007/final.par,./outputs/models/02-NewExeIni1007/mfcl-inputs/doitall.sh,
kflow-019182,completed,completed,PacificCommunity/ofp-sam-bet-2026-stepwise,c3bc4d457d1f6f245c055c13a4fd10e9d71d0366,bet-2026-final-stepwise-02aug,a-80d8ddcf55c6748aa445818874861cc83c0d66ab5a10af1e25383891afa88acc,bet2026-stepwise-015,stepwise/job-019182/01-Diag2023/final.par,./outputs/models/01-Diag2023/mfcl-inputs/doitall.sh,
kflow-019183,completed,completed,PacificCommunity/ofp-sam-bet-2026-stepwise,c3bc4d457d1f6f245c055c13a4fd10e9d71d0366,bet-2026-final-stepwise-02aug,a-d54faafa14ffe27b8377694e7719d51b674961450217726d99c529027d91b50d,bet2026-stepwise-015,stepwise/job-019183/05-NewStructure/final.par,./outputs/models/05-NewStructure/mfcl-inputs/doitall.sh,
kflow-019184,completed,completed,PacificCommunity/ofp-sam-bet-2026-stepwise,c3bc4d457d1f6f245c055c13a4fd10e9d71d0366,bet-2026-final-stepwise-02aug,a-f8af9ee4ba32fa8e11e5847dfb3edebeaa5e85f664e97ac4e141d6ff8db30d02,bet2026-stepwise-015,stepwise/job-019184/10-RegionalCPUE/final.par,./outputs/models/10-RegionalCPUE/mfcl-inputs/doitall.sh,
kflow-019185,completed,completed,PacificCommunity/ofp-sam-bet-2026-stepwise,c3bc4d457d1f6f245c055c13a4fd10e9d71d0366,bet-2026-final-stepwise-02aug,a-7662b62a6a493a8c92a3576155865eac3d63861db61b2a20465f236bdb5272e7,bet2026-stepwise-015,stepwise/job-019185/09-SizeDataQC/final.par,./outputs/models/09-SizeDataQC/mfcl-inputs/doitall.sh,
kflow-019186,completed,completed,PacificCommunity/ofp-sam-bet-2026-stepwise,c3bc4d457d1f6f245c055c13a4fd10e9d71d0366,bet-2026-final-stepwise-02aug,a-e2d4646ee67128731ca858dd6aee3cd2c68cf5db32eb5f907222f4b478631aa9,bet2026-stepwise-015,stepwise/job-019186/04-LengthWeight/final.par,./outputs/models/04-LengthWeight/mfcl-inputs/doitall.sh,
kflow-019187,completed,completed,PacificCommunity/ofp-sam-bet-2026-stepwise,c3bc4d457d1f6f245c055c13a4fd10e9d71d0366,bet-2026-final-stepwise-02aug,a-3c83e1ca8cab445f5b957d1461af0b4ffbeb4cc16c0887125f1073a06a9a85c2,bet2026-stepwise-015,stepwise/job-019187/06-ConvertToLength/final.par,./outputs/models/06-ConvertToLength/mfcl-inputs/doitall.sh,
kflow-019188,completed,completed,PacificCommunity/ofp-sam-bet-2026-stepwise,c3bc4d457d1f6f245c055c13a4fd10e9d71d0366,bet-2026-final-stepwise-02aug,a-51c982d739b64f5428559c1aed439fbc7d6c2a9013b78dfd34680ab66b703ae9,bet2026-stepwise-015,stepwise/job-019188/03-FixM/final.par,./outputs/models/03-FixM/mfcl-inputs/doitall.sh,
kflow-019189,completed,completed,PacificCommunity/ofp-sam-bet-2026-stepwise,c3bc4d457d1f6f245c055c13a4fd10e9d71d0366,bet-2026-final-stepwise-02aug,a-8ccb78354cd54c12f3e507bf5ab9be9d8f4aad25fbd262d6ae4da91edd173e23,bet2026-stepwise-015,stepwise/job-019189/07-AddLengthData/final.par,./outputs/models/07-AddLengthData/mfcl-inputs/doitall.sh,
kflow-019190,completed,completed,PacificCommunity/ofp-sam-bet-2026-stepwise,c3bc4d457d1f6f245c055c13a4fd10e9d71d0366,bet-2026-final-stepwise-02aug,a-8a612fc5bcca0d499f1d7c1dc7b81c218f02c1ffb8175c8e4a701b327475a639,bet2026-stepwise-015,stepwise/job-019190/08-DataTo2024/final.par,./outputs/models/08-DataTo2024/mfcl-inputs/doitall.sh,
kflow-019191,completed,completed,PacificCommunity/ofp-sam-bet-2026-stepwise,c3bc4d457d1f6f245c055c13a4fd10e9d71d0366,bet-2026-final-stepwise-02aug,a-69683f84c89168857e15ae10c3a4c0edc5fb7ca71feab8060fbbc8645293e600,bet2026-stepwise-015,stepwise/job-019191/11-TimeVaryingCV/final.par,./outputs/models/11-TimeVaryingCV/mfcl-inputs/doitall.sh,
kflow-019192,completed,completed,PacificCommunity/ofp-sam-bet-2026-stepwise,c3bc4d457d1f6f245c055c13a4fd10e9d71d0366,bet-2026-final-stepwise-02aug,a-c45bdeb4bc3e27b7707e8355af728fda5d9fcef2ab12a7e625f1d8bda44b70ed,bet2026-stepwise-015,stepwise/job-019192/12-CPUEErrorCalibration/final.par,./outputs/models/12-CPUEErrorCalibration/mfcl-inputs/doitall.sh,
kflow-019193,completed,completed,PacificCommunity/ofp-sam-bet-2026-stepwise,c3bc4d457d1f6f245c055c13a4fd10e9d71d0366,bet-2026-final-stepwise-02aug,a-baaab787cdfb648a0d57a565f1939a6a6d3cd885c63756b35e0aadd5e54f6316,bet2026-stepwise-015,stepwise/job-019193/14b-SUB075/final.par,./outputs/models/14b-SUB075/mfcl-inputs/doitall.sh,
kflow-019194,completed,completed,PacificCommunity/ofp-sam-bet-2026-stepwise,c3bc4d457d1f6f245c055c13a4fd10e9d71d0366,bet-2026-final-stepwise-02aug,a-5317be852a6e780f05feb5ba43bad1650f325cf05b9db57f04df3839502187e8,bet2026-stepwise-015,stepwise/job-019194/14a-REG075/final.par,./outputs/models/14a-REG075/mfcl-inputs/doitall.sh,
kflow-019195,completed,completed,PacificCommunity/ofp-sam-bet-2026-stepwise,c3bc4d457d1f6f245c055c13a4fd10e9d71d0366,bet-2026-final-stepwise-02aug,a-d230f87d66e74fbf903c5086e11790948b4c5f437486c0ea5c2bfb103ac8e628,bet2026-stepwise-015,stepwise/job-019195/13-NewAgeData/final.par,./outputs/models/13-NewAgeData/mfcl-inputs/doitall.sh,
kflow-019196,completed,completed,PacificCommunity/ofp-sam-bet-2026-stepwise,c3bc4d457d1f6f245c055c13a4fd10e9d71d0366,bet-2026-final-stepwise-v25,a-a06e9cc54d327400b92c118a44c9080d773e01adccc8666ec7321c053cbbb28a,bet2026-stepwise-015,UNASSESSED,./outputs/models/15-SelectivityUpdate/mfcl-inputs/doitall.sh,
kflow-019197,completed,completed,PacificCommunity/ofp-sam-bet-2026-stepwise,c3bc4d457d1f6f245c055c13a4fd10e9d71d0366,bet-2026-final-stepwise-v25,a-a9778cb879958e8d32f6ad7f69ab93f1392ed06c4e7ad8f84343aaf0fa725405,bet2026-stepwise-015,UNASSESSED,./outputs/models/17-TagReportingExclusion/mfcl-inputs/doitall.sh,
kflow-019198,completed,completed,PacificCommunity/ofp-sam-bet-2026-stepwise,c3bc4d457d1f6f245c055c13a4fd10e9d71d0366,bet-2026-final-stepwise-v25,a-938f878c73209a8ab96e140dcd96426a64f6191653d8d40bc5231384223207ac,bet2026-stepwise-015,UNASSESSED,./outputs/models/16-MIX020/mfcl-inputs/doitall.sh,
kflow-019199,completed,completed,PacificCommunity/ofp-sam-bet-2026-stepwise,c3bc4d457d1f6f245c055c13a4fd10e9d71d0366,bet-2026-final-stepwise-v25,a-f7a45af1b6a55df9bb4e07c589af316524d03370e41bf2a937c1da4a23a4151a,bet2026-stepwise-015,UNASSESSED,./outputs/models/18-EffortCreep/mfcl-inputs/doitall.sh,
kflow-019200,completed,completed,PacificCommunity/ofp-sam-bet-2026-stepwise,c3bc4d457d1f6f245c055c13a4fd10e9d71d0366,bet-2026-final-stepwise-v25,a-fcc876e80178a9e992947db129765d03fd5bfef475b0b2340d24715a90a3142d,bet2026-stepwise-015,UNASSESSED,./outputs/models/19-DMG8Nmax25/mfcl-inputs/doitall.sh,
kflow-019201,completed,completed,PacificCommunity/ofp-sam-bet-2026-stepwise,bb2bde92a11e99a8e5f67b0ad2213ef267102ea7,bet-2026-final-stepwise-alt-v25,a-8875a6899f6f83cab482c930bf33cab567690b08e7dde919cc1f3c29369c8f8c,bet2026-stepwise-015,UNASSESSED,./outputs/models/16-MIX020/mfcl-inputs/doitall.sh,
kflow-019202,completed,completed,PacificCommunity/ofp-sam-bet-2026-stepwise,bb2bde92a11e99a8e5f67b0ad2213ef267102ea7,bet-2026-final-stepwise-alt-v25,a-56cf484ff6700cdcd709b33bb0aefa6b05c528de89b9c213fe8ff4314dd67c09,bet2026-stepwise-015,UNASSESSED,./outputs/models/15-SelectivityUpdate/mfcl-inputs/doitall.sh,
kflow-019203,completed,completed,PacificCommunity/ofp-sam-bet-2026-stepwise,bb2bde92a11e99a8e5f67b0ad2213ef267102ea7,bet-2026-final-stepwise-alt-v25,a-1d36f3f9e18fdfb130122a578acd000094e0bea1013d2cdee339a2447104d3c4,bet2026-stepwise-015,UNASSESSED,./outputs/models/17-TagReportingExclusion/mfcl-inputs/doitall.sh,
kflow-019204,completed,completed,PacificCommunity/ofp-sam-bet-2026-stepwise,bb2bde92a11e99a8e5f67b0ad2213ef267102ea7,bet-2026-final-stepwise-alt-v25,a-b93669871fd162470ba5787181d5bdf169aca324c418c4cd7a89557766853bee,bet2026-stepwise-015,UNASSESSED,./outputs/models/18-EffortCreep/mfcl-inputs/doitall.sh,
kflow-019205,completed,completed,PacificCommunity/ofp-sam-bet-2026-stepwise,bb2bde92a11e99a8e5f67b0ad2213ef267102ea7,bet-2026-final-stepwise-alt-v25,a-1616da88b6a5482f8885b25404ac0aa1e9e1595f1d729526405f0ec5b80281f1,bet2026-stepwise-015,UNASSESSED,./outputs/models/19-DMG8Nmax25/mfcl-inputs/doitall.sh,
kflow-019324,completed,completed,PacificCommunity/ofp-sam-bet-2026-stepwise,e751cc664ba92fdfe072a627205ce62db4f78472,BET-2026-F10-selectivity-robustness---tuna-flow-v2.5,a-40dd2ba8b5a75e3bc7ec8711b5dc3ffcc6660bc84f69452c627dcb7f08754a2a,bet2026-stepwise-015,UNASSESSED,./outputs/K020-tau-not-estimated-sel20c-f10-ndpen-default/doitall.sh,
kflow-019325,completed,completed,PacificCommunity/ofp-sam-bet-2026-stepwise,e751cc664ba92fdfe072a627205ce62db4f78472,BET-2026-F10-selectivity-robustness---tuna-flow-v2.5,a-5e22fc45b8b3a13ee80b98e9f4a70f2b6d4b40aaf522d2859adb2368f9e4d7e9,bet2026-stepwise-015,UNASSESSED,./outputs/K020-tau-not-estimated-sel20c-f10-ndpen-weak/doitall.sh,
kflow-019326,completed,completed,PacificCommunity/ofp-sam-bet-2026-stepwise,e751cc664ba92fdfe072a627205ce62db4f78472,BET-2026-F10-selectivity-robustness---tuna-flow-v2.5,a-0e201689d1c0d86d652c919d4ddd2cfedc094b8933b53b3ce55e682f4e08a597,bet2026-stepwise-015,UNASSESSED,./outputs/K020-tau-not-estimated-sel20c-f10-logistic/doitall.sh,
kflow-019495,completed,completed,PacificCommunity/ofp-sam-bet-2026-results,a22eb3771346c2f02463b62d47bb1ad45e67f0c3,bet-2026-final-stepwise-alt-priority-viewer-v25-20260731,a-f664ce26cd68b741b2cac7fb640f54fdded50f508a9fc8c0c612150a4dec4c0b,bet2026-dependencies-017,UNASSESSED,,
kflow-019600,completed,completed,PacificCommunity/ofp-sam-bet-2026-stepwise,752c494188112dfd8519bb36a37ebcaed0e7b1a7,BET-2026-F10-selectivity-robustness---tuna-flow-v2.5,a-a6cd798e0748274fb24b142b10415057ad0cdb40a2d9ebf9efd0b2d3d4afdd63,bet2026-stepwise-016,UNASSESSED,./outputs/K020-tau-not-estimated-sel20c-f10-logistic-r1ll-4node/doitall.sh,
kflow-019601,completed,completed,PacificCommunity/ofp-sam-bet-2026-stepwise,3a01766d026d431efd24aa313b7d4c3f8a6b5cea,BET-2026-F10-selectivity-robustness---tuna-flow-v2.5,a-637c01706b0c0309ba92dab05ec96ff9fcaeecbaa974dbc4cf0f576b4e5b0af7,bet2026-stepwise-016,UNASSESSED,./outputs/K020-tau-not-estimated-sel20c-f10-logistic-f33-logistic/doitall.sh,
kflow-019602,completed,completed,PacificCommunity/ofp-sam-bet-2026-stepwise,3a01766d026d431efd24aa313b7d4c3f8a6b5cea,BET-2026-F10-selectivity-robustness---tuna-flow-v2.5,a-3cb56701108b5ea16ccc1630e9b7720f998335af917313664837e326cdfba959,bet2026-stepwise-016,UNASSESSED,./outputs/K020-tau-not-estimated-sel20c-f10-logistic-f33-ndpen-strong/doitall.sh,
kflow-019603,completed,completed,PacificCommunity/ofp-sam-bet-2026-stepwise,3a01766d026d431efd24aa313b7d4c3f8a6b5cea,BET-2026-F10-selectivity-robustness---tuna-flow-v2.5,a-9d27499ab9b68732e327fada2aabf949bd1d377f81d93fc28bc8afbdab81f216,bet2026-stepwise-016,UNASSESSED,./outputs/K020-tau-not-estimated-sel20c-f10-logistic-r1ll-4node-f33-logistic/doitall.sh,
kflow-019604,completed,completed,PacificCommunity/ofp-sam-bet-2026-stepwise,3a01766d026d431efd24aa313b7d4c3f8a6b5cea,BET-2026-F10-selectivity-robustness---tuna-flow-v2.5,a-4ffbccd7e80b63d65e968357878805b3bdb786f9d44af2119686e6f2e29ec81e,bet2026-stepwise-016,UNASSESSED,./outputs/K020-tau-not-estimated-sel20c-f10-logistic-r1ll-4node-f33-ndpen-strong/doitall.sh,
kflow-019823,completed,completed,PacificCommunity/ofp-sam-bet-2026-stepwise,f14e3ca6f8f3fa163c74e77383b424caa2135ccc,ofp-sam-bet-2026-stepwise-report,a-04d0a7ad7ed3b993a8dfb84a1a5b8889a12f213f28ec225df74cde4460aa4d04,bet2026-stepwise-016,UNASSESSED,,
kflow-019835,completed,completed,PacificCommunity/ofp-sam-bet-2026-stepwise,2973795d47b255e015fee680608401f20160e80a,bet-2026-diagnostic,a-0463e00ef1751295e81251a6621e188e3a73ce8e4ef59357207c40093fc4fedf,bet2026-stepwise-016,UNASSESSED,./outputs/K020-tau-not-estimated-sel20c-f10-ndpen-weak-seed23-base/doitall.sh,
kflow-020217,completed,completed,PacificCommunity/ofp-sam-bet-2026-stepwise,b3bc4c5cb30200c7c5e7faa77ad26d3ebcef2eba,bet-2026-final-stepwise-02aug,a-ef6b3823b49c384aea51722f3d7b26a90b4a15f0ac569c4f9228b8192b3783e8,bet2026-stepwise-016,stepwise/job-020217/16-MIX020/final.par,./outputs/models/16-MIX020/mfcl-inputs/doitall.sh,
kflow-020218,completed,completed,PacificCommunity/ofp-sam-bet-2026-stepwise,b3bc4c5cb30200c7c5e7faa77ad26d3ebcef2eba,bet-2026-final-stepwise-02aug,a-7c9487256043d2ef33a621155525f13d82b9c02db7e2b018ae10ba0b16889fd4,bet2026-stepwise-016,stepwise/job-020218/15-SelectivityUpdate/final.par,./outputs/models/15-SelectivityUpdate/mfcl-inputs/doitall.sh,
kflow-020219,completed,completed,PacificCommunity/ofp-sam-bet-2026-stepwise,b3bc4c5cb30200c7c5e7faa77ad26d3ebcef2eba,bet-2026-final-stepwise-02aug,a-f32cfa6f04f1b7ac9419b941210714245e04e9d69de46c0d00cf19e85dd4f022,bet2026-stepwise-016,stepwise/job-020219/17-TagReportingExclusion/final.par,./outputs/models/17-TagReportingExclusion/mfcl-inputs/doitall.sh,
kflow-020220,completed,completed,PacificCommunity/ofp-sam-bet-2026-stepwise,b3bc4c5cb30200c7c5e7faa77ad26d3ebcef2eba,bet-2026-final-stepwise-02aug,a-b97e317aa027d6d15c0ba75ef40809a2b9d537ce7424e17bdef8d1797e7a8df1,bet2026-stepwise-016,stepwise/job-020220/18-EffortCreep/final.par,./outputs/models/18-EffortCreep/mfcl-inputs/doitall.sh,
kflow-020221,completed,completed,PacificCommunity/ofp-sam-bet-2026-stepwise,b3bc4c5cb30200c7c5e7faa77ad26d3ebcef2eba,bet-2026-final-stepwise-02aug,a-d58cd6b8f7f18efc02cb79a9b23a9ce5cd7b4cf8c814f63f4e7e84dc29eeec89,bet2026-stepwise-016,stepwise/job-020221/19-DMG8Nmax25/final.par,./outputs/models/19-DMG8Nmax25/mfcl-inputs/doitall.sh,
kflow-020359,completed,completed,PacificCommunity/ofp-sam-bet-2026-sensitivity,53560761c3ba84d5e103e29abece38a7cff98f2d,BET-2026-Diagnostic-sensitivities---tuna-flow-v2.5,a-2e1eda207bc4d8e89d47888e5d62dc63dca762779224f0a6fd65a8ee468957c7,bet2026-sensitivity-006,UNASSESSED,./outputs/models/steepness-0.65/doitall.sh,
kflow-020360,completed,completed,PacificCommunity/ofp-sam-bet-2026-sensitivity,53560761c3ba84d5e103e29abece38a7cff98f2d,BET-2026-Diagnostic-sensitivities---tuna-flow-v2.5,a-11cfc2b899b753fd251b250dabe82d9a1eff3917620ac175fda24ffdb8c689ba,bet2026-sensitivity-006,UNASSESSED,./outputs/models/steepness-0.95/doitall.sh,
kflow-020361,completed,completed,PacificCommunity/ofp-sam-bet-2026-sensitivity,53560761c3ba84d5e103e29abece38a7cff98f2d,BET-2026-Diagnostic-sensitivities---tuna-flow-v2.5,a-43e53fd7e93412b53ddfcd99150c101493d48ec48692ca8a08bad89a3f6f38ca,bet2026-sensitivity-006,UNASSESSED,./outputs/models/mixing-period-0.1/doitall.sh,
kflow-020362,completed,completed,PacificCommunity/ofp-sam-bet-2026-sensitivity,53560761c3ba84d5e103e29abece38a7cff98f2d,BET-2026-Diagnostic-sensitivities---tuna-flow-v2.5,a-f3ce4fadc32093b737fa23b30593fc7351ecee7fe1ee7ed0f68b66aceb45cbfc,bet2026-sensitivity-006,UNASSESSED,./outputs/models/mixing-period-0.3/doitall.sh,
kflow-020363,completed,completed,PacificCommunity/ofp-sam-bet-2026-sensitivity,53560761c3ba84d5e103e29abece38a7cff98f2d,BET-2026-Diagnostic-sensitivities---tuna-flow-v2.5,a-dd80982e0dcd64bc1ac192d774386ace0ad950f35e7ecda01baeedda37360248,bet2026-sensitivity-006,UNASSESSED,./outputs/models/caal-0.5-sub-basin/doitall.sh,
kflow-020364,completed,completed,PacificCommunity/ofp-sam-bet-2026-sensitivity,53560761c3ba84d5e103e29abece38a7cff98f2d,BET-2026-Diagnostic-sensitivities---tuna-flow-v2.5,a-a11c9409aea0822b2d56c87a6649c6e1b6bf74b1a01c530c164d6b1a2762c671,bet2026-sensitivity-006,UNASSESSED,./outputs/models/caal-1.0-sub-basin/doitall.sh,
kflow-020365,completed,completed,PacificCommunity/ofp-sam-bet-2026-sensitivity,53560761c3ba84d5e103e29abece38a7cff98f2d,BET-2026-Diagnostic-sensitivities---tuna-flow-v2.5,a-40291f65f0e95ce07eb2f0fc4ac2018ef5f14306b760c8f2881a46dc1666f294,bet2026-sensitivity-006,UNASSESSED,./outputs/models/m-scaler-0.062/doitall.sh,
kflow-020366,completed,completed,PacificCommunity/ofp-sam-bet-2026-sensitivity,53560761c3ba84d5e103e29abece38a7cff98f2d,BET-2026-Diagnostic-sensitivities---tuna-flow-v2.5,a-286dabd2424fd43577e346a41db40ed95ef30db7c3e5bc5d4a4678f74dde386c,bet2026-sensitivity-006,UNASSESSED,./outputs/models/regional-scaling-whole-period/doitall.sh,
kflow-020367,completed,completed,PacificCommunity/ofp-sam-bet-2026-sensitivity,53560761c3ba84d5e103e29abece38a7cff98f2d,BET-2026-Diagnostic-sensitivities---tuna-flow-v2.5,a-e50535d0f9a745154b35c0ae77a90d7481e98a656f9acc8f4fc3a87761178d7f,bet2026-sensitivity-006,UNASSESSED,./outputs/models/pre-mixing-tag-reporting-inclusion/doitall.sh,
kflow-020368,completed,completed,PacificCommunity/ofp-sam-bet-2026-sensitivity,53560761c3ba84d5e103e29abece38a7cff98f2d,BET-2026-Diagnostic-sensitivities---tuna-flow-v2.5,a-28db94fca185a1b56be334fc2eb1f27bab955549bdafac447ef2e172aee1e16c,bet2026-sensitivity-006,UNASSESSED,./outputs/models/effort-creep-high/doitall.sh,
kflow-020369,completed,completed,PacificCommunity/ofp-sam-bet-2026-sensitivity,53560761c3ba84d5e103e29abece38a7cff98f2d,BET-2026-Diagnostic-sensitivities---tuna-flow-v2.5,a-30d9178a73634d3abf3658eca08b840d1f3f29327b3a8ce3683e137c5ff5f215,bet2026-sensitivity-006,UNASSESSED,./outputs/models/m-scaler-0.1/doitall.sh,
kflow-020475,completed,completed,PacificCommunity/ofp-sam-bet-2026-ensemble,a0f94e9f34e229136c3fc7e85b8241a1b0ca8e01,bet-2026-ensemble,a-d7fa0c13d193053a6d3c9c93625a45068dbb1c27105129aab2238d989415e0f6,bet2026-ensemble-022,UNASSESSED,./outputs/models/ensemble-003/doitall.sh,
kflow-020476,completed,completed,PacificCommunity/ofp-sam-bet-2026-ensemble,a0f94e9f34e229136c3fc7e85b8241a1b0ca8e01,bet-2026-ensemble,a-1c14b47d8cb9e7302f7d17a2d9ec5356020978467c30c007bdcc7de3d11d4b92,bet2026-ensemble-022,UNASSESSED,./outputs/models/ensemble-002/doitall.sh,
kflow-020477,completed,completed,PacificCommunity/ofp-sam-bet-2026-ensemble,a0f94e9f34e229136c3fc7e85b8241a1b0ca8e01,bet-2026-ensemble,a-edf570be9c37ba908203006bf3051b8c1667a7951de62e4219f4f281b8ba2f41,bet2026-ensemble-022,UNASSESSED,./outputs/models/ensemble-005/doitall.sh,
kflow-020478,completed,completed,PacificCommunity/ofp-sam-bet-2026-ensemble,a0f94e9f34e229136c3fc7e85b8241a1b0ca8e01,bet-2026-ensemble,a-67875b4d2b6446aa13ae65be602c147416ea25b2bb651d6e6348c1edbe2547bd,bet2026-ensemble-022,UNASSESSED,./outputs/models/ensemble-001/doitall.sh,
kflow-020479,completed,completed,PacificCommunity/ofp-sam-bet-2026-ensemble,a0f94e9f34e229136c3fc7e85b8241a1b0ca8e01,bet-2026-ensemble,a-5519322bf5b4da15517b64ab87e37ec1b7bbc1558e98e7bbf50a60671e9d8a50,bet2026-ensemble-022,UNASSESSED,./outputs/models/ensemble-010/doitall.sh,
kflow-020480,completed,completed,PacificCommunity/ofp-sam-bet-2026-ensemble,a0f94e9f34e229136c3fc7e85b8241a1b0ca8e01,bet-2026-ensemble,a-bf05fa17bbf1a4779a59b0323ccf66c7cb1f7b2ff3bad77b52846cdf836c5a33,bet2026-ensemble-022,UNASSESSED,./outputs/models/ensemble-007/doitall.sh,
kflow-020481,completed,completed,PacificCommunity/ofp-sam-bet-2026-ensemble,a0f94e9f34e229136c3fc7e85b8241a1b0ca8e01,bet-2026-ensemble,a-18e88a5427b8db3c93bdbbd5155b9756495c210507133f22f390d41bd5f8877d,bet2026-ensemble-022,UNASSESSED,./outputs/models/ensemble-006/doitall.sh,
kflow-020482,completed,completed,PacificCommunity/ofp-sam-bet-2026-ensemble,a0f94e9f34e229136c3fc7e85b8241a1b0ca8e01,bet-2026-ensemble,a-d5786643e844dd9056aeb0b731b190d25a321499e188471a964fa7f7e6deeb79,bet2026-ensemble-022,UNASSESSED,./outputs/models/ensemble-013/doitall.sh,
kflow-020484,completed,completed,PacificCommunity/ofp-sam-bet-2026-ensemble,a0f94e9f34e229136c3fc7e85b8241a1b0ca8e01,bet-2026-ensemble,a-e1ca4c48aa5cb00497fc65c0c70b56b6a0b8c127b13f2de03803c583039424b0,bet2026-ensemble-022,UNASSESSED,./outputs/models/ensemble-008/doitall.sh,
kflow-020485,completed,completed,PacificCommunity/ofp-sam-bet-2026-ensemble,a0f94e9f34e229136c3fc7e85b8241a1b0ca8e01,bet-2026-ensemble,a-acd85d3e3ec92601d82e029b00e22c6ddea78aef1db38a7f1d9a9778a929ed43,bet2026-ensemble-022,UNASSESSED,./outputs/models/ensemble-014/doitall.sh,
kflow-020486,completed,completed,PacificCommunity/ofp-sam-bet-2026-ensemble,a0f94e9f34e229136c3fc7e85b8241a1b0ca8e01,bet-2026-ensemble,a-26e1faf3b0d44e4693a186fb7e18203a3f58eb0aeedf22d5af1ead2fecf454bf,bet2026-ensemble-022,UNASSESSED,./outputs/models/ensemble-009/doitall.sh,
kflow-020487,completed,completed,PacificCommunity/ofp-sam-bet-2026-ensemble,a0f94e9f34e229136c3fc7e85b8241a1b0ca8e01,bet-2026-ensemble,a-31404fb03bd2ead1d8d85631a53598129cff747bb1b99e8d1327b466db1456cf,bet2026-ensemble-022,UNASSESSED,./outputs/models/ensemble-016/doitall.sh,
kflow-020488,completed,completed,PacificCommunity/ofp-sam-bet-2026-ensemble,a0f94e9f34e229136c3fc7e85b8241a1b0ca8e01,bet-2026-ensemble,a-8bdcffb1754b2f9f5a4fda0e298fd96b2c57825da9af0bfd1dbf9f784b8a374d,bet2026-ensemble-023,UNASSESSED,./outputs/models/ensemble-015/doitall.sh,
kflow-020489,completed,completed,PacificCommunity/ofp-sam-bet-2026-ensemble,a0f94e9f34e229136c3fc7e85b8241a1b0ca8e01,bet-2026-ensemble,a-1e22acc2ecfeddd8dc710081e02404b34d768acd23b9f57497a1d09b0f0b9a65,bet2026-ensemble-023,UNASSESSED,./outputs/models/ensemble-018/doitall.sh,
kflow-020490,completed,completed,PacificCommunity/ofp-sam-bet-2026-ensemble,a0f94e9f34e229136c3fc7e85b8241a1b0ca8e01,bet-2026-ensemble,a-5ace7633b330c25a3345fbb134c94137e0da1fab53dab86a40c280ee4cb84e8c,bet2026-ensemble-023,UNASSESSED,./outputs/models/ensemble-011/doitall.sh,
kflow-020491,completed,completed,PacificCommunity/ofp-sam-bet-2026-ensemble,a0f94e9f34e229136c3fc7e85b8241a1b0ca8e01,bet-2026-ensemble,a-76a8fb63c0675f56704d488a7203408fb3c024a704b60399120f2b57ce278084,bet2026-ensemble-023,UNASSESSED,./outputs/models/ensemble-017/doitall.sh,
kflow-020492,completed,completed,PacificCommunity/ofp-sam-bet-2026-ensemble,a0f94e9f34e229136c3fc7e85b8241a1b0ca8e01,bet-2026-ensemble,a-ea0712b7d5dd798edb41bc2de422ec414b1b908b8c22352624cceaaaedabbe18,bet2026-ensemble-023,UNASSESSED,./outputs/models/ensemble-020/doitall.sh,
kflow-020493,completed,completed,PacificCommunity/ofp-sam-bet-2026-ensemble,a0f94e9f34e229136c3fc7e85b8241a1b0ca8e01,bet-2026-ensemble,a-6206097de30f17dee270a270a67dcd633f5ff34ebcf6c515ef6ae39b7a0a0f63,bet2026-ensemble-023,UNASSESSED,./outputs/models/ensemble-012/doitall.sh,
kflow-020494,completed,completed,PacificCommunity/ofp-sam-bet-2026-ensemble,a0f94e9f34e229136c3fc7e85b8241a1b0ca8e01,bet-2026-ensemble,a-bb2f40305ec00d9466ef37f1f1a71f182edc07c0917259533438748f49f4fbe6,bet2026-ensemble-023,UNASSESSED,./outputs/models/ensemble-019/doitall.sh,
kflow-020495,completed,completed,PacificCommunity/ofp-sam-bet-2026-ensemble,a0f94e9f34e229136c3fc7e85b8241a1b0ca8e01,bet-2026-ensemble,a-62d36b7adc635a0cc578507184d4def30876d5d1cb6eccc6f2c100d475a561ef,bet2026-ensemble-023,UNASSESSED,./outputs/models/ensemble-021/doitall.sh,
kflow-020496,completed,completed,PacificCommunity/ofp-sam-bet-2026-ensemble,a0f94e9f34e229136c3fc7e85b8241a1b0ca8e01,bet-2026-ensemble,a-84aa406dab3a632d51c3730fb395f14735572f51208fb8ad4c0b039bd49e3789,bet2026-ensemble-023,UNASSESSED,./outputs/models/ensemble-022/doitall.sh,
kflow-020497,completed,completed,PacificCommunity/ofp-sam-bet-2026-ensemble,a0f94e9f34e229136c3fc7e85b8241a1b0ca8e01,bet-2026-ensemble,a-64e74dca60be6b366c78a0f5ed347c4075307c923c7d835fe1001e6bc7c0d058,bet2026-ensemble-023,UNASSESSED,./outputs/models/ensemble-023/doitall.sh,
kflow-020498,completed,completed,PacificCommunity/ofp-sam-bet-2026-ensemble,a0f94e9f34e229136c3fc7e85b8241a1b0ca8e01,bet-2026-ensemble,a-b57b3004b8ae4179e5b872ae9188325de697d57da579f4b43aad633708375486,bet2026-ensemble-023,UNASSESSED,./outputs/models/ensemble-024/doitall.sh,
kflow-020501,completed,completed,PacificCommunity/ofp-sam-bet-2026-ensemble,a0f94e9f34e229136c3fc7e85b8241a1b0ca8e01,bet-2026-ensemble,a-d64215f811d64803f7b4732e5389140be55445c263fa63abf1f7ddf9e6b96788,bet2026-ensemble-023,UNASSESSED,./outputs/models/ensemble-027/doitall.sh,
kflow-020502,completed,completed,PacificCommunity/ofp-sam-bet-2026-ensemble,a0f94e9f34e229136c3fc7e85b8241a1b0ca8e01,bet-2026-ensemble,a-1bffe99c768e73ccfafa4f7ada980ff2a359db1257d0ceb0c8a85d1858bb4d28,bet2026-ensemble-024,UNASSESSED,./outputs/models/ensemble-028/doitall.sh,
kflow-020503,completed,completed,PacificCommunity/ofp-sam-bet-2026-ensemble,a0f94e9f34e229136c3fc7e85b8241a1b0ca8e01,bet-2026-ensemble,a-0296dc8ca8337c4940114ef9568f77d2c98e7383a395152a7f680caef175dddd,bet2026-ensemble-024,UNASSESSED,./outputs/models/ensemble-029/doitall.sh,
kflow-020504,completed,completed,PacificCommunity/ofp-sam-bet-2026-ensemble,a0f94e9f34e229136c3fc7e85b8241a1b0ca8e01,bet-2026-ensemble,a-059ae10add9f88cc4f61d8750d11147950073818a5eba079daed165f55d8a725,bet2026-ensemble-024,UNASSESSED,./outputs/models/ensemble-030/doitall.sh,
kflow-020505,completed,completed,PacificCommunity/ofp-sam-bet-2026-ensemble,a0f94e9f34e229136c3fc7e85b8241a1b0ca8e01,bet-2026-ensemble,a-7d221a4e5296835f4a9f88b97a9d0ef0cb0b9610dbc3a1d07d43d351bd7703e5,bet2026-ensemble-024,UNASSESSED,./outputs/models/ensemble-031/doitall.sh,
kflow-020506,completed,completed,PacificCommunity/ofp-sam-bet-2026-ensemble,a0f94e9f34e229136c3fc7e85b8241a1b0ca8e01,bet-2026-ensemble,a-f138c396e3e540df9e6fb798e76013fc4c17e7d3350288d8ce459048aac1b2ba,bet2026-ensemble-024,UNASSESSED,./outputs/models/ensemble-032/doitall.sh,
kflow-020507,completed,completed,PacificCommunity/ofp-sam-bet-2026-ensemble,a0f94e9f34e229136c3fc7e85b8241a1b0ca8e01,bet-2026-ensemble,a-a21de65765f65f36eb3653a602f18f8c8b7a92a5c8b80a1b2cb786ad75058b77,bet2026-ensemble-024,UNASSESSED,./outputs/models/ensemble-033/doitall.sh,
kflow-020508,completed,completed,PacificCommunity/ofp-sam-bet-2026-ensemble,a0f94e9f34e229136c3fc7e85b8241a1b0ca8e01,bet-2026-ensemble,a-d738d96c16b9cd6bd55757d9e8fb0ac0e02f7f8ec3308d20088da629d303deeb,bet2026-ensemble-024,UNASSESSED,./outputs/models/ensemble-034/doitall.sh,
kflow-020509,completed,completed,PacificCommunity/ofp-sam-bet-2026-ensemble,a0f94e9f34e229136c3fc7e85b8241a1b0ca8e01,bet-2026-ensemble,a-6406ac5b43b95039f9a3cd40442e9a8e0a38d67429865eb4bc0772f42ed54afc,bet2026-ensemble-024,UNASSESSED,./outputs/models/ensemble-035/doitall.sh,
kflow-020510,completed,completed,PacificCommunity/ofp-sam-bet-2026-ensemble,a0f94e9f34e229136c3fc7e85b8241a1b0ca8e01,bet-2026-ensemble,a-3f513d6544c82c0b34e9edeee23da1086a56d7a94bff78dc270fe8995c806cf6,bet2026-ensemble-024,UNASSESSED,./outputs/models/ensemble-036/doitall.sh,
kflow-020512,completed,completed,PacificCommunity/ofp-sam-bet-2026-ensemble,a0f94e9f34e229136c3fc7e85b8241a1b0ca8e01,bet-2026-ensemble,a-07878e968a196497d959717cc3b6a7de143e2f0540a96c1145232488aabf5ddf,bet2026-ensemble-024,UNASSESSED,./outputs/models/ensemble-038/doitall.sh,
kflow-020513,completed,completed,PacificCommunity/ofp-sam-bet-2026-ensemble,a0f94e9f34e229136c3fc7e85b8241a1b0ca8e01,bet-2026-ensemble,a-1a9060749795c72192aac6c043be89d9f1ca87b342b7d4c16ab238803de4c54a,bet2026-ensemble-024,UNASSESSED,./outputs/models/ensemble-039/doitall.sh,
kflow-020514,completed,completed,PacificCommunity/ofp-sam-bet-2026-ensemble,a0f94e9f34e229136c3fc7e85b8241a1b0ca8e01,bet-2026-ensemble,a-d1202f3da19b9bd1a9c8e959cbefbdf81bbef453a27f7f7addc96e7e62aa9f98,bet2026-ensemble-024,UNASSESSED,./outputs/models/ensemble-040/doitall.sh,
kflow-020517,completed,completed,PacificCommunity/ofp-sam-bet-2026-ensemble,a0f94e9f34e229136c3fc7e85b8241a1b0ca8e01,bet-2026-ensemble,a-68a95e0b273336d102f140ad72665ecbd3ce32358e43dde76ddf6a3e925589f0,bet2026-ensemble-025,UNASSESSED,./outputs/models/ensemble-042/doitall.sh,
kflow-020518,completed,completed,PacificCommunity/ofp-sam-bet-2026-ensemble,a0f94e9f34e229136c3fc7e85b8241a1b0ca8e01,bet-2026-ensemble,a-8e51d72cf3a79353d530e7394f4589fafc1830e4d459a848d07bd86f685b6c75,bet2026-ensemble-025,UNASSESSED,./outputs/models/ensemble-044/doitall.sh,
kflow-020519,completed,completed,PacificCommunity/ofp-sam-bet-2026-ensemble,a0f94e9f34e229136c3fc7e85b8241a1b0ca8e01,bet-2026-ensemble,a-2bc976a144ccc4c6a4c96c528d2ad0a41233c13d1cf9ea86bfea7ddcc4d0158e,bet2026-ensemble-025,UNASSESSED,./outputs/models/ensemble-045/doitall.sh,
kflow-020520,completed,completed,PacificCommunity/ofp-sam-bet-2026-ensemble,a0f94e9f34e229136c3fc7e85b8241a1b0ca8e01,bet-2026-ensemble,a-6a3cabc1fd2b9aaf57ac06a6eb1736e6ebfa98ce5b5d5ada5a23ffa06b5f8ea1,bet2026-ensemble-025,UNASSESSED,./outputs/models/ensemble-046/doitall.sh,
kflow-020521,completed,completed,PacificCommunity/ofp-sam-bet-2026-ensemble,a0f94e9f34e229136c3fc7e85b8241a1b0ca8e01,bet-2026-ensemble,a-a8afa9278b00ccdce9f98131a46390861ed550de2176108929f4bbd6f7948fa7,bet2026-ensemble-025,UNASSESSED,./outputs/models/ensemble-047/doitall.sh,
kflow-020522,completed,completed,PacificCommunity/ofp-sam-bet-2026-ensemble,a0f94e9f34e229136c3fc7e85b8241a1b0ca8e01,bet-2026-ensemble,a-b79c4c48eee302c125953d2f61dccf400d9c8e3ee0075737229a610a1c9c8d1f,bet2026-ensemble-025,UNASSESSED,./outputs/models/ensemble-048/doitall.sh,
kflow-020523,completed,completed,PacificCommunity/ofp-sam-bet-2026-ensemble,a0f94e9f34e229136c3fc7e85b8241a1b0ca8e01,bet-2026-ensemble,a-29fdb41101535fe3d449b3a002dc4f4282221adcb06ec50d5a835339eed6ce31,bet2026-ensemble-025,UNASSESSED,./outputs/models/ensemble-049/doitall.sh,
kflow-020524,completed,completed,PacificCommunity/ofp-sam-bet-2026-ensemble,a0f94e9f34e229136c3fc7e85b8241a1b0ca8e01,bet-2026-ensemble,a-4564866124cd9dd4a446fd44f4331c76feb89abb7aedc2377e80aafe92e1a982,bet2026-ensemble-025,UNASSESSED,./outputs/models/ensemble-051/doitall.sh,
kflow-020526,completed,completed,PacificCommunity/ofp-sam-bet-2026-ensemble,a0f94e9f34e229136c3fc7e85b8241a1b0ca8e01,bet-2026-ensemble,a-ba60056dcdbb329a4759ebf64666a270b8ecb5fa169eba7c44b93fa6f64abb7c,bet2026-ensemble-025,UNASSESSED,./outputs/models/ensemble-052/doitall.sh,
kflow-020527,completed,completed,PacificCommunity/ofp-sam-bet-2026-ensemble,a0f94e9f34e229136c3fc7e85b8241a1b0ca8e01,bet-2026-ensemble,a-bde0ab5ed0c7b4563f50f9d065b115e796f4f9cdfa1fcf3aff33ef9c4cb0ef43,bet2026-ensemble-025,UNASSESSED,./outputs/models/ensemble-053/doitall.sh,
kflow-020529,completed,completed,PacificCommunity/ofp-sam-bet-2026-ensemble,a0f94e9f34e229136c3fc7e85b8241a1b0ca8e01,bet-2026-ensemble,a-d8c326f8784d7ae79209730b214ec87f3c4d9830784ebf1b53cfc2098d675710,bet2026-ensemble-025,UNASSESSED,./outputs/models/ensemble-055/doitall.sh,
kflow-020530,completed,completed,PacificCommunity/ofp-sam-bet-2026-ensemble,a0f94e9f34e229136c3fc7e85b8241a1b0ca8e01,bet-2026-ensemble,a-5dfb27a19f6641436c98c5009965695d99a42be3fa50343b84e83f2e58685bd1,bet2026-ensemble-025,UNASSESSED,./outputs/models/ensemble-056/doitall.sh,
kflow-020531,completed,completed,PacificCommunity/ofp-sam-bet-2026-ensemble,a0f94e9f34e229136c3fc7e85b8241a1b0ca8e01,bet-2026-ensemble,a-81dae63721024b6786aec766cf46b92c195a1a8b8655bb24e9b1c222725b2cd2,bet2026-ensemble-026,UNASSESSED,./outputs/models/ensemble-057/doitall.sh,
kflow-020532,completed,completed,PacificCommunity/ofp-sam-bet-2026-ensemble,a0f94e9f34e229136c3fc7e85b8241a1b0ca8e01,bet-2026-ensemble,a-bb422ea9a9e682c59927fae9eab1c974bf608f0e4bc723990701b638e5653805,bet2026-ensemble-026,UNASSESSED,./outputs/models/ensemble-058/doitall.sh,
kflow-020533,completed,completed,PacificCommunity/ofp-sam-bet-2026-ensemble,a0f94e9f34e229136c3fc7e85b8241a1b0ca8e01,bet-2026-ensemble,a-41f1d6c898cccd5b83c37353c48d79482048cf5e4b0454e6223c2017f86b53cb,bet2026-ensemble-026,UNASSESSED,./outputs/models/ensemble-059/doitall.sh,
kflow-020534,completed,completed,PacificCommunity/ofp-sam-bet-2026-ensemble,a0f94e9f34e229136c3fc7e85b8241a1b0ca8e01,bet-2026-ensemble,a-21965dc12ebc2f0bc6ed524dc6b17faaf1d48a67a1fd11cf54ecd347bfbf394a,bet2026-ensemble-026,UNASSESSED,./outputs/models/ensemble-060/doitall.sh,
kflow-020535,completed,completed,PacificCommunity/ofp-sam-bet-2026-ensemble,a0f94e9f34e229136c3fc7e85b8241a1b0ca8e01,bet-2026-ensemble,a-aada173457f9118b8b9b7e206005efa4ff27130aa212a3c919a8eb33aadca9ac,bet2026-ensemble-026,UNASSESSED,./outputs/models/ensemble-061/doitall.sh,
kflow-020536,completed,completed,PacificCommunity/ofp-sam-bet-2026-ensemble,a0f94e9f34e229136c3fc7e85b8241a1b0ca8e01,bet-2026-ensemble,a-b36e37c1926dc48c59749052c7b53fb81c8b23a67bc5b2e5b280719cc1bf6d8b,bet2026-ensemble-026,UNASSESSED,./outputs/models/ensemble-062/doitall.sh,
kflow-020537,completed,completed,PacificCommunity/ofp-sam-bet-2026-ensemble,a0f94e9f34e229136c3fc7e85b8241a1b0ca8e01,bet-2026-ensemble,a-6b92021db72f29e5b6babde0b3db0f5a381e6c3bc9536f3cf61067cf722ddb85,bet2026-ensemble-026,UNASSESSED,./outputs/models/ensemble-063/doitall.sh,
kflow-020538,completed,completed,PacificCommunity/ofp-sam-bet-2026-ensemble,a0f94e9f34e229136c3fc7e85b8241a1b0ca8e01,bet-2026-ensemble,a-6f819721c63708e1be3d22eb49ac559f493c23670afa3cbcd04e664f66a00f2e,bet2026-ensemble-026,UNASSESSED,./outputs/models/ensemble-064/doitall.sh,
kflow-020539,completed,completed,PacificCommunity/ofp-sam-bet-2026-ensemble,a0f94e9f34e229136c3fc7e85b8241a1b0ca8e01,bet-2026-ensemble,a-9b4e1a8fe222e8e6829d002feeb9ecfe899430ae69eed67574ad3c7975715a65,bet2026-ensemble-026,UNASSESSED,./outputs/models/ensemble-065/doitall.sh,
kflow-020540,completed,completed,PacificCommunity/ofp-sam-bet-2026-ensemble,a0f94e9f34e229136c3fc7e85b8241a1b0ca8e01,bet-2026-ensemble,a-ac9865c636d530f4b2ff720856416a089b1ca6dafa6b948994d12799b8ac3af6,bet2026-ensemble-026,UNASSESSED,./outputs/models/ensemble-066/doitall.sh,
kflow-020541,completed,completed,PacificCommunity/ofp-sam-bet-2026-ensemble,a0f94e9f34e229136c3fc7e85b8241a1b0ca8e01,bet-2026-ensemble,a-97f3852cf1b841af052d5579930f5c9309e8ba9192996244abc15fbdbb711af4,bet2026-ensemble-026,UNASSESSED,./outputs/models/ensemble-067/doitall.sh,
kflow-020542,completed,completed,PacificCommunity/ofp-sam-bet-2026-ensemble,a0f94e9f34e229136c3fc7e85b8241a1b0ca8e01,bet-2026-ensemble,a-818c8e11aef5cebb18f277ca6e6f5e3a551fd3594ef687731acee48ba62b8695,bet2026-ensemble-026,UNASSESSED,./outputs/models/ensemble-068/doitall.sh,
kflow-020543,completed,completed,PacificCommunity/ofp-sam-bet-2026-ensemble,a0f94e9f34e229136c3fc7e85b8241a1b0ca8e01,bet-2026-ensemble,a-7bc55fa3042e48f90c3f34934129ec37b97114bb69f27635c8a4425b00198cbe,bet2026-ensemble-027,UNASSESSED,./outputs/models/ensemble-069/doitall.sh,
kflow-020544,completed,completed,PacificCommunity/ofp-sam-bet-2026-ensemble,a0f94e9f34e229136c3fc7e85b8241a1b0ca8e01,bet-2026-ensemble,a-a8b2b62b01b7966aea7bb98a52e1e41d76861a90e63a2776034396fd7a120d53,bet2026-ensemble-027,UNASSESSED,./outputs/models/ensemble-070/doitall.sh,
kflow-020545,completed,completed,PacificCommunity/ofp-sam-bet-2026-ensemble,a0f94e9f34e229136c3fc7e85b8241a1b0ca8e01,bet-2026-ensemble,a-99b38753aa8dbfc3beace6142850c6bd44316e715fad51ff0b97d144449ac420,bet2026-ensemble-027,UNASSESSED,./outputs/models/ensemble-071/doitall.sh,
kflow-020546,completed,completed,PacificCommunity/ofp-sam-bet-2026-ensemble,a0f94e9f34e229136c3fc7e85b8241a1b0ca8e01,bet-2026-ensemble,a-2adecfdbda4f0ba3a17cdc732b7d37a66528bdae97fefef501ff03bcda4af51f,bet2026-ensemble-027,UNASSESSED,./outputs/models/ensemble-072/doitall.sh,
kflow-020547,completed,completed,PacificCommunity/ofp-sam-bet-2026-ensemble,a0f94e9f34e229136c3fc7e85b8241a1b0ca8e01,bet-2026-ensemble,a-ab39a14e104d6670c95b10a4a66c0323191613b873a450b7c2b71fa6e9713c24,bet2026-ensemble-027,UNASSESSED,./outputs/models/ensemble-073/doitall.sh,
kflow-020548,completed,completed,PacificCommunity/ofp-sam-bet-2026-ensemble,a0f94e9f34e229136c3fc7e85b8241a1b0ca8e01,bet-2026-ensemble,a-005c25b18f232671e0adc8450a6acfd50f40e688feb053a9546cee762cae8406,bet2026-ensemble-027,UNASSESSED,./outputs/models/ensemble-074/doitall.sh,
kflow-020549,completed,completed,PacificCommunity/ofp-sam-bet-2026-ensemble,a0f94e9f34e229136c3fc7e85b8241a1b0ca8e01,bet-2026-ensemble,a-f81bc6af4a2d3049076659cce10496d89107d1a00124af5678898eb3b60b3645,bet2026-ensemble-027,UNASSESSED,./outputs/models/ensemble-075/doitall.sh,
kflow-020551,completed,completed,PacificCommunity/ofp-sam-bet-2026-ensemble,a0f94e9f34e229136c3fc7e85b8241a1b0ca8e01,bet-2026-ensemble,a-abc4ff3c77c90870af258c543bc3369adb92248205759b894fd59964454adc9f,bet2026-ensemble-027,UNASSESSED,./outputs/models/ensemble-077/doitall.sh,
kflow-020553,completed,completed,PacificCommunity/ofp-sam-bet-2026-ensemble,a0f94e9f34e229136c3fc7e85b8241a1b0ca8e01,bet-2026-ensemble,a-a113c18e36ea985390ee603e320faf376c7f0d71e5a7d4b1db4d47777d3f91d1,bet2026-ensemble-027,UNASSESSED,./outputs/models/ensemble-079/doitall.sh,
kflow-020554,completed,completed,PacificCommunity/ofp-sam-bet-2026-ensemble,a0f94e9f34e229136c3fc7e85b8241a1b0ca8e01,bet-2026-ensemble,a-d68aa26e1f1a192f4adbbdf8034f3fbc0394f3e412f831ec9cf9241ce2fc62f0,bet2026-ensemble-027,UNASSESSED,./outputs/models/ensemble-080/doitall.sh,
kflow-020555,completed,completed,PacificCommunity/ofp-sam-bet-2026-ensemble,a0f94e9f34e229136c3fc7e85b8241a1b0ca8e01,bet-2026-ensemble,a-f3569663b463746ce6fc20f02a78982740707a2e144f60acb6b3f53a6e5ff402,bet2026-ensemble-027,UNASSESSED,./outputs/models/ensemble-081/doitall.sh,
kflow-020556,completed,completed,PacificCommunity/ofp-sam-bet-2026-ensemble,a0f94e9f34e229136c3fc7e85b8241a1b0ca8e01,bet-2026-ensemble,a-063e9dc3ba675558187f02cffd90b61c07dd6b078dc78aea74b5f3d6c7002650,bet2026-ensemble-027,UNASSESSED,./outputs/models/ensemble-082/doitall.sh,
kflow-020557,completed,completed,PacificCommunity/ofp-sam-bet-2026-ensemble,a0f94e9f34e229136c3fc7e85b8241a1b0ca8e01,bet-2026-ensemble,a-4b300de287f1b71d6fd55e210e3f85e0687edb3efc72722d97a635ef838eaee1,bet2026-ensemble-028,UNASSESSED,./outputs/models/ensemble-083/doitall.sh,
kflow-020558,completed,completed,PacificCommunity/ofp-sam-bet-2026-ensemble,a0f94e9f34e229136c3fc7e85b8241a1b0ca8e01,bet-2026-ensemble,a-3841b858e2d8c07ef38d0322d2ee955a7f07346fd224fccd85ef1dcfb2022474,bet2026-ensemble-028,UNASSESSED,./outputs/models/ensemble-084/doitall.sh,
kflow-020559,completed,completed,PacificCommunity/ofp-sam-bet-2026-ensemble,a0f94e9f34e229136c3fc7e85b8241a1b0ca8e01,bet-2026-ensemble,a-c376193d87719b786cc51ec3f869306171118157207790374716271571ca04f9,bet2026-ensemble-028,UNASSESSED,./outputs/models/ensemble-085/doitall.sh,
kflow-020560,completed,completed,PacificCommunity/ofp-sam-bet-2026-ensemble,a0f94e9f34e229136c3fc7e85b8241a1b0ca8e01,bet-2026-ensemble,a-fc542b56f127230498bed86d85faf654fb085d033fa165225fa94ab399caa831,bet2026-ensemble-028,UNASSESSED,./outputs/models/ensemble-086/doitall.sh,
kflow-020562,completed,completed,PacificCommunity/ofp-sam-bet-2026-ensemble,a0f94e9f34e229136c3fc7e85b8241a1b0ca8e01,bet-2026-ensemble,a-14124a7cabbfeb5abd868324d97c90f55ea245bbfbb1aea9e66f14e256d48c92,bet2026-ensemble-028,UNASSESSED,./outputs/models/ensemble-088/doitall.sh,
kflow-020563,completed,completed,PacificCommunity/ofp-sam-bet-2026-ensemble,a0f94e9f34e229136c3fc7e85b8241a1b0ca8e01,bet-2026-ensemble,a-b3986008c84feec02c47c3880058ea3c758adf25eb0a264de389ab92e84b0f72,bet2026-ensemble-028,UNASSESSED,./outputs/models/ensemble-089/doitall.sh,
kflow-020564,completed,completed,PacificCommunity/ofp-sam-bet-2026-ensemble,a0f94e9f34e229136c3fc7e85b8241a1b0ca8e01,bet-2026-ensemble,a-41a559908fff86c33ab500a2c9c4e639f0c9e43ca9939b6a20c470b15099d6ed,bet2026-ensemble-028,UNASSESSED,./outputs/models/ensemble-090/doitall.sh,
kflow-020565,completed,completed,PacificCommunity/ofp-sam-bet-2026-ensemble,a0f94e9f34e229136c3fc7e85b8241a1b0ca8e01,bet-2026-ensemble,a-aa08f37fc8169a72483073641c8c68d25520df5680f72037f4817b3709fbc643,bet2026-ensemble-028,UNASSESSED,./outputs/models/ensemble-091/doitall.sh,
kflow-020566,completed,completed,PacificCommunity/ofp-sam-bet-2026-ensemble,a0f94e9f34e229136c3fc7e85b8241a1b0ca8e01,bet-2026-ensemble,a-00b643b391fbe4714f1cdffdbf15e330ad09ecc7c8dc8a52600ed772aac13baf,bet2026-ensemble-028,UNASSESSED,./outputs/models/ensemble-092/doitall.sh,
kflow-020567,completed,completed,PacificCommunity/ofp-sam-bet-2026-ensemble,a0f94e9f34e229136c3fc7e85b8241a1b0ca8e01,bet-2026-ensemble,a-d82f5a5f95140a65bc17db648d88068ca740aba50c67ede2101e9e7b480acf59,bet2026-ensemble-028,UNASSESSED,./outputs/models/ensemble-093/doitall.sh,
kflow-020568,completed,completed,PacificCommunity/ofp-sam-bet-2026-ensemble,a0f94e9f34e229136c3fc7e85b8241a1b0ca8e01,bet-2026-ensemble,a-6a66c0b60473b83786a7edc6f83a4b7b99cf198573deba76706c326340462957,bet2026-ensemble-028,UNASSESSED,./outputs/models/ensemble-094/doitall.sh,
kflow-020569,completed,completed,PacificCommunity/ofp-sam-bet-2026-ensemble,a0f94e9f34e229136c3fc7e85b8241a1b0ca8e01,bet-2026-ensemble,a-459b52943568e0ca8c30faa0f60a69756160389b9ed04fb7a5e2421e6ba00bde,bet2026-ensemble-028,UNASSESSED,./outputs/models/ensemble-095/doitall.sh,
kflow-020570,completed,completed,PacificCommunity/ofp-sam-bet-2026-ensemble,a0f94e9f34e229136c3fc7e85b8241a1b0ca8e01,bet-2026-ensemble,a-3d8eacb37b974892213cb50c6eeea939031ffb06ca79f794c7019801a51a6f12,bet2026-ensemble-029,UNASSESSED,./outputs/models/ensemble-096/doitall.sh,
kflow-020571,completed,completed,PacificCommunity/ofp-sam-bet-2026-ensemble,a0f94e9f34e229136c3fc7e85b8241a1b0ca8e01,bet-2026-ensemble,a-ebf7ca041e51497bc8f795a3bbce0dddd1f6042d4fbd11a15c344aaf894e5c06,bet2026-ensemble-029,UNASSESSED,./outputs/models/ensemble-097/doitall.sh,
kflow-020572,completed,completed,PacificCommunity/ofp-sam-bet-2026-ensemble,a0f94e9f34e229136c3fc7e85b8241a1b0ca8e01,bet-2026-ensemble,a-15f7269d3b7efdda24235a39aae6e88f3e2e3bd2e811aefdd8f3d5d121d0dc29,bet2026-ensemble-029,UNASSESSED,./outputs/models/ensemble-098/doitall.sh,
kflow-020573,completed,completed,PacificCommunity/ofp-sam-bet-2026-ensemble,a0f94e9f34e229136c3fc7e85b8241a1b0ca8e01,bet-2026-ensemble,a-c8def678ea614f1e23013cac98ebed2deb90cb9decd52bffd65294db67bcc583,bet2026-ensemble-029,UNASSESSED,./outputs/models/ensemble-099/doitall.sh,
kflow-020574,completed,completed,PacificCommunity/ofp-sam-bet-2026-ensemble,a0f94e9f34e229136c3fc7e85b8241a1b0ca8e01,bet-2026-ensemble,a-e510efb7893a79caec1eccbd7715902f67e0ce08c367b955e9617559081b1f2d,bet2026-ensemble-029,UNASSESSED,./outputs/models/ensemble-100/doitall.sh,
kflow-021600,replaced,replaced,PacificCommunity/ofp-sam-bet-2026-diagnostic,edfa9e3e94b570b167daeacd3020e876aab54a5d,ofp-sam-bet-2026-diagnostic-report,a-1340b66e0ed091e33b157dc3220697d897b5fa7ae40e3495cabd78434c9b451b,bet2026-diagnostic-001,UNASSESSED,,
kflow-021601,failed,failed,PacificCommunity/ofp-sam-bet-2026-diagnostic,c60ab10602a558e71b072d8428e52c463ca8faf8,ofp-sam-bet-2026-diagnostic-report,a-3ff90fb417a02d312c39161988acb60c563576d0106034e435754ed400c94828,bet2026-diagnostic-001,UNASSESSED,,
kflow-021626,completed,completed,PacificCommunity/ofp-sam-bet-2026-diagnostic,3abf0c64fb9b0c2d70b9c672dc7d9a655d3060d6,ofp-sam-bet-2026-tau2-steepness-selectivity-grid,a-bb62daf132f3ae8e82d7292f819c23459782e714b017feb21a939878b0859942,bet2026-diagnostic-001,UNASSESSED,./outputs/S0.80-F1-tau2-fixed/doitall.sh,
kflow-021627,completed,completed,PacificCommunity/ofp-sam-bet-2026-diagnostic,3abf0c64fb9b0c2d70b9c672dc7d9a655d3060d6,ofp-sam-bet-2026-tau2-steepness-selectivity-grid,a-5728616117c288ee0b275ef0e56f9e6b64d88673ba39000234ae9a2a4482ae36,bet2026-diagnostic-001,UNASSESSED,./outputs/S0.80-F2-tau2-fixed/doitall.sh,
kflow-021628,completed,completed,PacificCommunity/ofp-sam-bet-2026-diagnostic,3abf0c64fb9b0c2d70b9c672dc7d9a655d3060d6,ofp-sam-bet-2026-tau2-steepness-selectivity-grid,a-b1b7bdd6b98eee5d0693471f49cad38bcea285a5f87619fcf2de838cde98b6ca,bet2026-diagnostic-001,UNASSESSED,./outputs/S0.80-F4-tau2-fixed/doitall.sh,
kflow-021629,completed,completed,PacificCommunity/ofp-sam-bet-2026-diagnostic,3abf0c64fb9b0c2d70b9c672dc7d9a655d3060d6,ofp-sam-bet-2026-tau2-steepness-selectivity-grid,a-96b1e73eb4b062d0a5e405990660e43c2290d23ec5c84811a5f7c5a3f8cd6814,bet2026-diagnostic-001,UNASSESSED,./outputs/S0.80-P1-tau2-fixed/doitall.sh,
kflow-021630,completed,completed,PacificCommunity/ofp-sam-bet-2026-diagnostic,3abf0c64fb9b0c2d70b9c672dc7d9a655d3060d6,ofp-sam-bet-2026-tau2-steepness-selectivity-grid,a-bfb078bc1fe8d2de201a2ef24b5d02ca09adb960706f1985ba062da3e6715b13,bet2026-diagnostic-001,UNASSESSED,./outputs/S0.80-P4-tau2-fixed/doitall.sh,
kflow-021631,completed,completed,PacificCommunity/ofp-sam-bet-2026-diagnostic,3abf0c64fb9b0c2d70b9c672dc7d9a655d3060d6,ofp-sam-bet-2026-tau2-steepness-selectivity-grid,a-850fffb0acde914e9183cfa643e61ef82da77887a1542c3b9d65868cc2b46f38,bet2026-diagnostic-001,UNASSESSED,./outputs/S0.80-F3-tau2-fixed/doitall.sh,
kflow-021632,completed,completed,PacificCommunity/ofp-sam-bet-2026-diagnostic,3abf0c64fb9b0c2d70b9c672dc7d9a655d3060d6,ofp-sam-bet-2026-tau2-steepness-selectivity-grid,a-f6da4ea6f59fde446e42b31b0316cfbff34cb706ab66a73a1abea42277db4a8c,bet2026-diagnostic-001,UNASSESSED,./outputs/S0.85-F2-tau2-fixed/doitall.sh,
kflow-021633,completed,completed,PacificCommunity/ofp-sam-bet-2026-diagnostic,3abf0c64fb9b0c2d70b9c672dc7d9a655d3060d6,ofp-sam-bet-2026-tau2-steepness-selectivity-grid,a-bd2c8cd651432f440edb8788a1102260a3d47834c52e747c800ea5ccb2b89932,bet2026-diagnostic-001,UNASSESSED,./outputs/S0.85-F3-tau2-fixed/doitall.sh,
kflow-021634,completed,completed,PacificCommunity/ofp-sam-bet-2026-diagnostic,3abf0c64fb9b0c2d70b9c672dc7d9a655d3060d6,ofp-sam-bet-2026-tau2-steepness-selectivity-grid,a-fd86a36bd727f94548dc800123045b606eb251d47d5777e500f627bff6bee935,bet2026-diagnostic-001,UNASSESSED,./outputs/S0.85-F1-tau2-fixed/doitall.sh,
kflow-021635,completed,completed,PacificCommunity/ofp-sam-bet-2026-diagnostic,3abf0c64fb9b0c2d70b9c672dc7d9a655d3060d6,ofp-sam-bet-2026-tau2-steepness-selectivity-grid,a-868653577c6beb243daa0773f374588a8765a64aa98475512e38106beddee263,bet2026-diagnostic-001,UNASSESSED,./outputs/S0.80-P2-tau2-fixed/doitall.sh,
kflow-021636,completed,completed,PacificCommunity/ofp-sam-bet-2026-diagnostic,3abf0c64fb9b0c2d70b9c672dc7d9a655d3060d6,ofp-sam-bet-2026-tau2-steepness-selectivity-grid,a-aa68fe42f6f59f50dd9cc3b46bddae2a7c2ead77789203ec41d31c7711d24166,bet2026-diagnostic-001,UNASSESSED,./outputs/S0.85-P2-tau2-fixed/doitall.sh,
kflow-021637,completed,completed,PacificCommunity/ofp-sam-bet-2026-diagnostic,3abf0c64fb9b0c2d70b9c672dc7d9a655d3060d6,ofp-sam-bet-2026-tau2-steepness-selectivity-grid,a-053ebbe2e8323a762e9f05df9a385c15375c3be3892c0f11093fedf3749586a1,bet2026-diagnostic-001,UNASSESSED,./outputs/S0.80-P3-tau2-fixed/doitall.sh,
kflow-021638,completed,completed,PacificCommunity/ofp-sam-bet-2026-diagnostic,3abf0c64fb9b0c2d70b9c672dc7d9a655d3060d6,ofp-sam-bet-2026-tau2-steepness-selectivity-grid,a-27227b053cc8525a8a72734d6df498e0ef1f25ca07da34bcc01fea237d9af92e,bet2026-diagnostic-001,UNASSESSED,./outputs/S0.85-P1-tau2-fixed/doitall.sh,
kflow-021639,completed,completed,PacificCommunity/ofp-sam-bet-2026-diagnostic,3abf0c64fb9b0c2d70b9c672dc7d9a655d3060d6,ofp-sam-bet-2026-tau2-steepness-selectivity-grid,a-c43de77115f409cf3447e350d5b910eee5e9d852b7d1a8e38aea48b795609b00,bet2026-diagnostic-002,UNASSESSED,./outputs/S0.85-P4-tau2-fixed/doitall.sh,
kflow-021640,completed,completed,PacificCommunity/ofp-sam-bet-2026-diagnostic,3abf0c64fb9b0c2d70b9c672dc7d9a655d3060d6,ofp-sam-bet-2026-tau2-steepness-selectivity-grid,a-53a39691213f92fb3c979f99aba00a009b85da363e296347b950c8e7bfdebda5,bet2026-diagnostic-002,UNASSESSED,./outputs/S0.85-P3-tau2-fixed/doitall.sh,
kflow-021641,completed,completed,PacificCommunity/ofp-sam-bet-2026-diagnostic,3abf0c64fb9b0c2d70b9c672dc7d9a655d3060d6,ofp-sam-bet-2026-tau2-steepness-selectivity-grid,a-de732634023a558c38fa364de9ea43c8e37eee197622c8e3d386081eeeaa48c5,bet2026-diagnostic-002,./outputs/S0.90-F2-tau2-fixed/final.par,./outputs/S0.90-F2-tau2-fixed/doitall.sh,
kflow-021642,completed,completed,PacificCommunity/ofp-sam-bet-2026-diagnostic,3abf0c64fb9b0c2d70b9c672dc7d9a655d3060d6,ofp-sam-bet-2026-tau2-steepness-selectivity-grid,a-8672cc54feee7b4792aa74ab15cce817a7e68abcaaed9eaaa4053fb84e88d7d8,bet2026-diagnostic-002,UNASSESSED,./outputs/S0.90-F1-tau2-fixed/doitall.sh,
kflow-021643,completed,completed,PacificCommunity/ofp-sam-bet-2026-diagnostic,3abf0c64fb9b0c2d70b9c672dc7d9a655d3060d6,ofp-sam-bet-2026-tau2-steepness-selectivity-grid,a-08b27c66019e03fb40fccd7907f022a5c04f6e03433a7adf0bb2c8cde4eceb7a,bet2026-diagnostic-002,UNASSESSED,./outputs/S0.90-F4-tau2-fixed/doitall.sh,
kflow-021644,completed,completed,PacificCommunity/ofp-sam-bet-2026-diagnostic,3abf0c64fb9b0c2d70b9c672dc7d9a655d3060d6,ofp-sam-bet-2026-tau2-steepness-selectivity-grid,a-55cbed1f61012ac64afcd728165ab9a664b6996e8e6af3b19d7a57ef67b4716d,bet2026-diagnostic-002,UNASSESSED,./outputs/S0.85-F4-tau2-fixed/doitall.sh,
kflow-021645,completed,completed,PacificCommunity/ofp-sam-bet-2026-diagnostic,3abf0c64fb9b0c2d70b9c672dc7d9a655d3060d6,ofp-sam-bet-2026-tau2-steepness-selectivity-grid,a-7050f4e82a811f0fb3cb6cf894c27f35a23e702f232975eefc91ddceae9cf532,bet2026-diagnostic-002,UNASSESSED,./outputs/S0.90-F3-tau2-fixed/doitall.sh,
kflow-021646,completed,completed,PacificCommunity/ofp-sam-bet-2026-diagnostic,3abf0c64fb9b0c2d70b9c672dc7d9a655d3060d6,ofp-sam-bet-2026-tau2-steepness-selectivity-grid,a-47e3a68f4c7a0dcc623e939b80aa856556727579e64404fb8797faaccc89bbf9,bet2026-diagnostic-002,UNASSESSED,./outputs/S0.90-P2-tau2-fixed/doitall.sh,
kflow-021647,completed,completed,PacificCommunity/ofp-sam-bet-2026-diagnostic,3abf0c64fb9b0c2d70b9c672dc7d9a655d3060d6,ofp-sam-bet-2026-tau2-steepness-selectivity-grid,a-1914a3552a1c4d8c2db38b597962909a98b9fbaf2d508bbf3df7db00dc1822dd,bet2026-diagnostic-002,UNASSESSED,./outputs/S0.90-P1-tau2-fixed/doitall.sh,
kflow-021648,completed,completed,PacificCommunity/ofp-sam-bet-2026-diagnostic,3abf0c64fb9b0c2d70b9c672dc7d9a655d3060d6,ofp-sam-bet-2026-tau2-steepness-selectivity-grid,a-ae9aaf97f22fb9a3fbb4e5b4bb2d9fc8b280733d28298345c45ec9b0c4577697,bet2026-diagnostic-002,UNASSESSED,./outputs/S0.90-P4-tau2-fixed/doitall.sh,
kflow-021649,completed,completed,PacificCommunity/ofp-sam-bet-2026-diagnostic,3abf0c64fb9b0c2d70b9c672dc7d9a655d3060d6,ofp-sam-bet-2026-tau2-steepness-selectivity-grid,a-4d7e7749be9d385f68d67885ffe0fa7d6de208b8d5788e4a5611c6c6ffa5b0d7,bet2026-diagnostic-002,UNASSESSED,./outputs/S0.90-P3-tau2-fixed/doitall.sh,
kflow-021650,completed,completed,PacificCommunity/ofp-sam-bet-2026-diagnostic,9161004032b1bbbfda2ad8cbb3637b772c1cfa67,ofp-sam-bet-2026-diagnostic-report,a-1a263919ef63b2cbaccbddf02e5f71d321ccba9d7da277eb6efd1328bd5b3140,bet2026-diagnostic-002,UNASSESSED,,
kflow-021651,failed,failed,PacificCommunity/ofp-sam-bet-2026-diagnostic,37204a203e55a9125f328ae771ab83efd26b1d94,ofp-sam-bet-2026-diagnostic-model-report,a-bf75f04769e1e75aba9a118b0c05994fdd697e7dccb9f072fe9f52c7bb2c7f17,bet2026-diagnostic-002,UNASSESSED,,
kflow-021652,failed,failed,PacificCommunity/ofp-sam-bet-2026-diagnostic,37204a203e55a9125f328ae771ab83efd26b1d94,ofp-sam-bet-2026-diagnostic-model-report,a-fed61fc20b5aff22bdcf04d981eb7e30dc396bb62aa7618cad8803792f4fd708,bet2026-diagnostic-002,UNASSESSED,,
kflow-021653,failed,failed,PacificCommunity/ofp-sam-bet-2026-diagnostic,f54611ad33563ecca258f30cd64de7065f4e74c9,ofp-sam-bet-2026-diagnostic-model-report,a-42c7d9208d771a8420ff4e4737282fd5f0802c76f7e127a95c19f242478ba6b2,bet2026-diagnostic-002,UNASSESSED,,
kflow-021654,failed,failed,PacificCommunity/ofp-sam-bet-2026-diagnostic,f54611ad33563ecca258f30cd64de7065f4e74c9,ofp-sam-bet-2026-diagnostic-model-report,a-d5f2f87b54217b97b9882e9e4ac0eb4c865a1d6dc857ae30cf2ef3b8d5681601,bet2026-diagnostic-002,UNASSESSED,,
kflow-021655,completed,completed,PacificCommunity/ofp-sam-bet-2026-diagnostic,650b3677985397fcd19c42cfdfcbc2d9142e2742,ofp-sam-bet-2026-diagnostic-model-report,a-1f143a03ed95649e423ed35cacb087e0fa42b6a7007b0bca60df60f1af458437,bet2026-diagnostic-002,UNASSESSED,,
kflow-021656,completed,completed,PacificCommunity/ofp-sam-bet-2026-diagnostic,e3c95eb1d75b848ab359ba9d4b16b446298c7e96,ofp-sam-bet-2026-tau2-steepness-selectivity-grid,a-5f48b1f1339e4edfd5007e637de2df7e789d689dd6b506ea1290299254be7232,bet2026-diagnostic-002,UNASSESSED,./outputs/S0.85-F5-tau2-fixed/doitall.sh,
kflow-021657,completed,completed,PacificCommunity/ofp-sam-bet-2026-diagnostic,e3c95eb1d75b848ab359ba9d4b16b446298c7e96,ofp-sam-bet-2026-tau2-steepness-selectivity-grid,a-e642519dff491f5d4443284ad25d9b116ff9a99d21f05a47d4e49f9aea76fd7e,bet2026-diagnostic-002,UNASSESSED,./outputs/S0.80-F5-tau2-fixed/doitall.sh,
kflow-021658,completed,completed,PacificCommunity/ofp-sam-bet-2026-diagnostic,e3c95eb1d75b848ab359ba9d4b16b446298c7e96,ofp-sam-bet-2026-tau2-steepness-selectivity-grid,a-0f9d6265348a3c1a3199bb80a7e2c70b08fe7322e4dbb74633eb1dbf0c1d8cc4,bet2026-diagnostic-003,UNASSESSED,./outputs/S0.90-F5-tau2-fixed/doitall.sh,
kflow-021747,completed,completed,PacificCommunity/ofp-sam-bet-2026-checks,2198d12049a04f7a0b7d53f4bbb37f4d0f944398,ofp-sam-bet-2026-tau2-compact-model-payloads,a-f88ce2cd70c6c721ca9ffd1fd8655687b158cb229d546b7d78a929fa3508000d,bet2026-checks21641-001,UNASSESSED,,
kflow-021960,completed,completed,PacificCommunity/ofp-sam-bet-2026-checks,2602c6a92a5169f1b0f391f937a61f6c9dcaccf6,ofp-sam-bet-2026-job21641-hessian,a-8c28066b78d1ed6a521cebcd213790182715292e920926d9362d744773fb6706,bet2026-checks-001,UNASSESSED,,
kflow-021961,completed,completed,PacificCommunity/ofp-sam-bet-2026-checks,2602c6a92a5169f1b0f391f937a61f6c9dcaccf6,ofp-sam-bet-2026-job21641-hessian,a-ea353d35e18c32db7dbd9cd72d1d63a7c15572a8ccd5da01d6969b351ee3440d,bet2026-checks-001,UNASSESSED,,
kflow-021962,completed,completed,PacificCommunity/ofp-sam-bet-2026-checks,2602c6a92a5169f1b0f391f937a61f6c9dcaccf6,ofp-sam-bet-2026-job21641-hessian,a-a2b677c7c9f7e9c8bb8542e061060d3c462f65d2df63f823a6964fd458eda8bd,bet2026-checks-001,UNASSESSED,,
kflow-021963,completed,completed,PacificCommunity/ofp-sam-bet-2026-checks,2602c6a92a5169f1b0f391f937a61f6c9dcaccf6,ofp-sam-bet-2026-job21641-hessian,a-ed33e0d129998f794995e376ce3162c2e28001aefc8ddbfe8869333d288c910c,bet2026-checks-001,UNASSESSED,,
kflow-021964,completed,completed,PacificCommunity/ofp-sam-bet-2026-checks,2602c6a92a5169f1b0f391f937a61f6c9dcaccf6,ofp-sam-bet-2026-job21641-hessian,a-378e2c7171cc327dafc8514d137c72fc7b6449696e6709869ad98ad964a6e66d,bet2026-checks-001,UNASSESSED,,
kflow-021965,completed,completed,PacificCommunity/ofp-sam-bet-2026-checks,2602c6a92a5169f1b0f391f937a61f6c9dcaccf6,ofp-sam-bet-2026-job21641-hessian,a-b8f27c9aa723d3472dd1df68a8aeda23ea1c177fb81c85b4231039937da9f662,bet2026-checks-001,UNASSESSED,,
kflow-021966,completed,completed,PacificCommunity/ofp-sam-bet-2026-checks,2602c6a92a5169f1b0f391f937a61f6c9dcaccf6,ofp-sam-bet-2026-job21641-hessian,a-a84ed421d3268d925c1622f74c172cef58ca1e579871315f7315a7e38ac2c491,bet2026-checks-001,UNASSESSED,,
kflow-021967,completed,completed,PacificCommunity/ofp-sam-bet-2026-checks,2602c6a92a5169f1b0f391f937a61f6c9dcaccf6,ofp-sam-bet-2026-job21641-hessian,a-1e38592e69c6e29ef03a94c6fdd0587712f4ceb53d4195ba99258055b47c8c51,bet2026-checks-001,UNASSESSED,,
kflow-021968,completed,completed,PacificCommunity/ofp-sam-bet-2026-checks,2602c6a92a5169f1b0f391f937a61f6c9dcaccf6,ofp-sam-bet-2026-job21641-hessian,a-eedbe16966ecf279882d9bb6b758049109fc232041111aa61cdc3e2262a1671f,bet2026-checks-001,UNASSESSED,,
kflow-021969,completed,completed,PacificCommunity/ofp-sam-bet-2026-checks,2602c6a92a5169f1b0f391f937a61f6c9dcaccf6,ofp-sam-bet-2026-job21641-hessian,a-066a6b5ce770daffb49b5939759dfbaba27a5a21fda2d7d9ed7b7a0d3e127b95,bet2026-checks-001,UNASSESSED,,
kflow-021970,completed,completed,PacificCommunity/ofp-sam-bet-2026-checks,2602c6a92a5169f1b0f391f937a61f6c9dcaccf6,ofp-sam-bet-2026-job21641-hessian,a-2ee74c763bad91c795822704eb9ab902ef4f3f4d3ab4bf6c26d6782fa4a72db6,bet2026-checks-001,UNASSESSED,,
kflow-021971,completed,completed,PacificCommunity/ofp-sam-bet-2026-checks,2602c6a92a5169f1b0f391f937a61f6c9dcaccf6,ofp-sam-bet-2026-job21641-hessian,a-4086b655c36845751e881a69d77d1c65ea810dae8862f968c1f9ecbdd6fac535,bet2026-checks-001,UNASSESSED,,
kflow-021972,completed,completed,PacificCommunity/ofp-sam-bet-2026-checks,2602c6a92a5169f1b0f391f937a61f6c9dcaccf6,ofp-sam-bet-2026-job21641-hessian,a-be78956ba9e66e98ec3809243a469976b79988d57614f71a3aec61db5018a443,bet2026-checks-001,UNASSESSED,,
kflow-021973,completed,completed,PacificCommunity/ofp-sam-bet-2026-checks,2602c6a92a5169f1b0f391f937a61f6c9dcaccf6,ofp-sam-bet-2026-job21641-hessian,a-76f97eea6e93b84e318648c8154313c5f44a10086e7780020fd7977b91c1a393,bet2026-checks-001,UNASSESSED,,
kflow-021974,completed,completed,PacificCommunity/ofp-sam-bet-2026-checks,2602c6a92a5169f1b0f391f937a61f6c9dcaccf6,ofp-sam-bet-2026-job21641-hessian,a-8ed5c6a6cefa54ba5bd3d0a5a71f5a36be2a804ede087d3e8cc8cb9151a3e525,bet2026-checks-001,UNASSESSED,,
kflow-021975,completed,completed,PacificCommunity/ofp-sam-bet-2026-checks,2602c6a92a5169f1b0f391f937a61f6c9dcaccf6,ofp-sam-bet-2026-job21641-hessian,a-90143b60a49b92515357b6d66b7b54104e309fa7b9727e4a70467bb9961c95e2,bet2026-checks-001,UNASSESSED,,
kflow-021976,completed,completed,PacificCommunity/ofp-sam-bet-2026-checks,2602c6a92a5169f1b0f391f937a61f6c9dcaccf6,ofp-sam-bet-2026-job21641-hessian,a-890ced1ecfbab1a139601ff05abfd5b3ffdd7d4eb9bb41a5861783aff4a15103,bet2026-checks-001,UNASSESSED,,
kflow-021977,completed,completed,PacificCommunity/ofp-sam-bet-2026-checks,2602c6a92a5169f1b0f391f937a61f6c9dcaccf6,ofp-sam-bet-2026-job21641-hessian,a-d85db808b2dfc13b636e869c9cace8e711389bd5e665dc38f7b5b1032d37c5ca,bet2026-checks-001,UNASSESSED,,
kflow-021978,completed,completed,PacificCommunity/ofp-sam-bet-2026-checks,2602c6a92a5169f1b0f391f937a61f6c9dcaccf6,ofp-sam-bet-2026-job21641-hessian,a-afc915d527c0d92d1ea352cf61f0cf0356e67a6848e79d20ee869aa1cfe73c06,bet2026-checks-001,UNASSESSED,,
kflow-021979,completed,completed,PacificCommunity/ofp-sam-bet-2026-checks,2602c6a92a5169f1b0f391f937a61f6c9dcaccf6,ofp-sam-bet-2026-job21641-hessian,a-1dce117740831903d6bd7336ce501ce6f65fd8018523dc12ed6926fcd259c254,bet2026-checks-001,UNASSESSED,,
kflow-021980,completed,completed,PacificCommunity/ofp-sam-bet-2026-checks,2602c6a92a5169f1b0f391f937a61f6c9dcaccf6,ofp-sam-bet-2026-job21641-hessian,a-5e0406c32a13b5102f418d95e7e0aca52552d3106b55e3baf4ccd454c8dd58c1,bet2026-checks-001,UNASSESSED,,
kflow-021981,completed,completed,PacificCommunity/ofp-sam-bet-2026-checks,2602c6a92a5169f1b0f391f937a61f6c9dcaccf6,ofp-sam-bet-2026-job21641-hessian,a-8b32f78ddd377b00a3d1f070d3039142d9dd72f3744df3adb90fe2377bb79d55,bet2026-checks-001,UNASSESSED,,
kflow-021982,completed,completed,PacificCommunity/ofp-sam-bet-2026-checks,2602c6a92a5169f1b0f391f937a61f6c9dcaccf6,ofp-sam-bet-2026-job21641-hessian,a-773ba5462de5b1a2dc4dbd4fe2698f429d27abc3fad2f9dd8368f776fba3facc,bet2026-checks-001,UNASSESSED,,
kflow-021983,completed,completed,PacificCommunity/ofp-sam-bet-2026-checks,2602c6a92a5169f1b0f391f937a61f6c9dcaccf6,ofp-sam-bet-2026-job21641-hessian,a-61e4e3c075fc45c6c00b38cfd21c885e221e1eccec79c8ce718c3466aa5db936,bet2026-checks-001,UNASSESSED,,
kflow-021984,completed,completed,PacificCommunity/ofp-sam-bet-2026-checks,2602c6a92a5169f1b0f391f937a61f6c9dcaccf6,ofp-sam-bet-2026-job21641-hessian,a-dd0ed03fd5c6a1d19404cc968f0f4265695343970e3bef3e16568896c35651e7,bet2026-checks-001,UNASSESSED,,
kflow-021985,completed,completed,PacificCommunity/ofp-sam-bet-2026-checks,2602c6a92a5169f1b0f391f937a61f6c9dcaccf6,ofp-sam-bet-2026-job21641-hessian,a-232963c1d0eeda7c68fe8955b1942abcb11083508268bad9c292037312361497,bet2026-checks-001,UNASSESSED,,
kflow-021986,completed,completed,PacificCommunity/ofp-sam-bet-2026-checks,2602c6a92a5169f1b0f391f937a61f6c9dcaccf6,ofp-sam-bet-2026-job21641-hessian,a-2050b6403a9245f2b101873701fdd7e1d1cccf68cae13ef39b005e0740be4471,bet2026-checks-001,UNASSESSED,,
kflow-021987,completed,completed,PacificCommunity/ofp-sam-bet-2026-checks,2602c6a92a5169f1b0f391f937a61f6c9dcaccf6,ofp-sam-bet-2026-job21641-hessian,a-0b30916ef57d8a2b92a23f39e40dd4238dbeb3c3228de5aabae2b5a7647239ef,bet2026-checks-001,UNASSESSED,,
kflow-021988,completed,completed,PacificCommunity/ofp-sam-bet-2026-checks,2602c6a92a5169f1b0f391f937a61f6c9dcaccf6,ofp-sam-bet-2026-job21641-hessian,a-14edfa968d881de06d24bb79042ce70c74cb882eec4f2f1e7ecb5b3d4728b3ee,bet2026-checks-001,UNASSESSED,,
kflow-021989,completed,completed,PacificCommunity/ofp-sam-bet-2026-checks,2602c6a92a5169f1b0f391f937a61f6c9dcaccf6,ofp-sam-bet-2026-job21641-hessian,a-9240c14083dd981ca7962b19761b19cfa8a757135b9d19f8bb14afcb5a4be5df,bet2026-checks-001,UNASSESSED,,
kflow-021990,completed,completed,PacificCommunity/ofp-sam-bet-2026-checks,2602c6a92a5169f1b0f391f937a61f6c9dcaccf6,ofp-sam-bet-2026-job21641-hessian,a-4a063ee1a753c0902b4935c869b4f851083f7cc89fe0846b2b86e4e4d8502355,bet2026-checks-001,UNASSESSED,,
kflow-021991,completed,completed,PacificCommunity/ofp-sam-bet-2026-checks,2602c6a92a5169f1b0f391f937a61f6c9dcaccf6,ofp-sam-bet-2026-job21641-hessian,a-c22add6a309b8f77ed30f7f40def7917d4c369cebd445c37c753cff319e63be9,bet2026-checks-001,UNASSESSED,,
kflow-021992,completed,completed,PacificCommunity/ofp-sam-bet-2026-checks,2602c6a92a5169f1b0f391f937a61f6c9dcaccf6,ofp-sam-bet-2026-job21641-hessian,a-a2c850260014e1e98e330239320437a856188c7c49893da81e6d23fc44b341ff,bet2026-checks-001,UNASSESSED,,
kflow-021993,completed,completed,PacificCommunity/ofp-sam-bet-2026-checks,2602c6a92a5169f1b0f391f937a61f6c9dcaccf6,ofp-sam-bet-2026-job21641-hessian,a-988af658f150571f737f29263cbed45b4a2af108bdafefec048ace584884b180,bet2026-checks-001,UNASSESSED,,
kflow-021994,completed,completed,PacificCommunity/ofp-sam-bet-2026-checks,2602c6a92a5169f1b0f391f937a61f6c9dcaccf6,ofp-sam-bet-2026-job21641-hessian,a-897f5ac0f2b408d33457b810ca5a822ade3b0d0405991fda8acd03e5e98f4c02,bet2026-checks-001,UNASSESSED,,
kflow-021995,completed,completed,PacificCommunity/ofp-sam-bet-2026-checks,2602c6a92a5169f1b0f391f937a61f6c9dcaccf6,ofp-sam-bet-2026-job21641-hessian,a-6473d967729c36e31dc75c8e7fe21fa48cf32bf82d430e378c78476ac2d04bb2,bet2026-checks-001,UNASSESSED,,
kflow-021996,completed,completed,PacificCommunity/ofp-sam-bet-2026-checks,2602c6a92a5169f1b0f391f937a61f6c9dcaccf6,ofp-sam-bet-2026-job21641-hessian,a-1bc1098c21c3efac25a259534f0310d4fb911fdf5f3f0674e6a49119ccd6474a,bet2026-checks-001,UNASSESSED,,
kflow-021997,completed,completed,PacificCommunity/ofp-sam-bet-2026-checks,2602c6a92a5169f1b0f391f937a61f6c9dcaccf6,ofp-sam-bet-2026-job21641-hessian,a-349a81cae7d0256dbee6006960cd237ecc2f643bdca21fa6a6e034b281d60fed,bet2026-checks-001,UNASSESSED,,
kflow-021998,completed,completed,PacificCommunity/ofp-sam-bet-2026-checks,2602c6a92a5169f1b0f391f937a61f6c9dcaccf6,ofp-sam-bet-2026-job21641-hessian,a-e3dc10f48cb6af729393d82cdd63b69b6b75b1b753a0f95baa00ac18f0069656,bet2026-checks-001,UNASSESSED,,
kflow-021999,completed,completed,PacificCommunity/ofp-sam-bet-2026-checks,2602c6a92a5169f1b0f391f937a61f6c9dcaccf6,ofp-sam-bet-2026-job21641-hessian,a-eb3b53a56dbe946ef4c28245690b2add1487cbb0af6093f33c3cfdad0d7c12e7,bet2026-checks-001,UNASSESSED,,
kflow-022000,completed,completed,PacificCommunity/ofp-sam-bet-2026-checks,2602c6a92a5169f1b0f391f937a61f6c9dcaccf6,ofp-sam-bet-2026-job21641-hessian,a-18aa6975791d6f57f2e0feab13ca71d4fe9fdf710c19c6980385456f260751e1,bet2026-checks-001,UNASSESSED,,
kflow-022001,completed,completed,PacificCommunity/ofp-sam-bet-2026-checks,2602c6a92a5169f1b0f391f937a61f6c9dcaccf6,ofp-sam-bet-2026-job21641-hessian,a-7e4b37f6c9dc5cede92147301c6a721ac66c36785eff4289ff8f7e203e2117c3,bet2026-checks-001,UNASSESSED,,
kflow-022002,completed,completed,PacificCommunity/ofp-sam-bet-2026-checks,2602c6a92a5169f1b0f391f937a61f6c9dcaccf6,ofp-sam-bet-2026-job21641-hessian,a-e6423e40d1a80fb495b506f2cafa2f03613a5d93f41fcfca78d0102152c3eff3,bet2026-checks-001,UNASSESSED,,
kflow-022003,completed,completed,PacificCommunity/ofp-sam-bet-2026-checks,2602c6a92a5169f1b0f391f937a61f6c9dcaccf6,ofp-sam-bet-2026-job21641-hessian,a-9349f0a63b72a50b991555c08983e135eb16aeb7e4ce141ae5dd2ad5aeb88ccc,bet2026-checks-001,UNASSESSED,,
kflow-022004,completed,completed,PacificCommunity/ofp-sam-bet-2026-checks,2602c6a92a5169f1b0f391f937a61f6c9dcaccf6,ofp-sam-bet-2026-job21641-hessian,a-c7a84cb77204b0c7958d7256ecc2e548a555feed6dd9fe58ff362356d22a9c7a,bet2026-checks-001,UNASSESSED,,
kflow-022005,completed,completed,PacificCommunity/ofp-sam-bet-2026-checks,2602c6a92a5169f1b0f391f937a61f6c9dcaccf6,ofp-sam-bet-2026-job21641-hessian,a-0b47792eb5724d2dd732aa1c6e4b1bb794d296a701d1fa0d81c0cb86d7ebf29d,bet2026-checks-001,UNASSESSED,,
kflow-022006,completed,completed,PacificCommunity/ofp-sam-bet-2026-checks,2602c6a92a5169f1b0f391f937a61f6c9dcaccf6,ofp-sam-bet-2026-job21641-hessian,a-fde9ef2d9aa477a9089c928521e1ae6b7311f3b5d6062a2233c9309a19f6743d,bet2026-checks-001,UNASSESSED,,
kflow-022007,completed,completed,PacificCommunity/ofp-sam-bet-2026-checks,2602c6a92a5169f1b0f391f937a61f6c9dcaccf6,ofp-sam-bet-2026-job21641-hessian,a-0bac1cd820a2ca13eb3965def6207b7c166803576d1555198c740dcb20764a3a,bet2026-checks-001,UNASSESSED,,
kflow-022008,completed,completed,PacificCommunity/ofp-sam-bet-2026-checks,2602c6a92a5169f1b0f391f937a61f6c9dcaccf6,ofp-sam-bet-2026-job21641-hessian,a-7e013ec6b7e740cf5b15ee986bfecf0124b7234abece73333a7fec84a928e006,bet2026-checks-001,UNASSESSED,,
kflow-022009,completed,completed,PacificCommunity/ofp-sam-bet-2026-checks,2602c6a92a5169f1b0f391f937a61f6c9dcaccf6,ofp-sam-bet-2026-job21641-hessian,a-de8ca3be94f512408a2df20a1dfd05085d38bc7e6527950e6217fce91e906d00,bet2026-checks-001,UNASSESSED,,
kflow-022010,completed,completed,PacificCommunity/ofp-sam-bet-2026-checks,2602c6a92a5169f1b0f391f937a61f6c9dcaccf6,ofp-sam-bet-2026-job21641-hessian,a-8dc7ddf31785d0d11a3d488e94c0ecc3663a66d457712b58f6b46e6717233a26,bet2026-checks-001,UNASSESSED,,
kflow-022011,completed,completed,PacificCommunity/ofp-sam-bet-2026-checks,2602c6a92a5169f1b0f391f937a61f6c9dcaccf6,ofp-sam-bet-2026-job21641-hessian,a-481f914f92350d4528f3490f929e5472636ca86a64c4a3baa41923c49ad21a9f,bet2026-checks-001,UNASSESSED,,
kflow-022012,completed,completed,PacificCommunity/ofp-sam-bet-2026-checks,2602c6a92a5169f1b0f391f937a61f6c9dcaccf6,ofp-sam-bet-2026-job21641-hessian,a-2756e026d75ac0692c3636bf1afd9f829efaea24764b71cfd952bdf251a7e087,bet2026-checks-001,UNASSESSED,,
kflow-022013,completed,completed,PacificCommunity/ofp-sam-bet-2026-checks,2602c6a92a5169f1b0f391f937a61f6c9dcaccf6,ofp-sam-bet-2026-job21641-hessian,a-c74ca6ba598a8a01cdc4d6e642106e4b451766c2e2ccdc673da3be19a0de1d38,bet2026-checks-001,UNASSESSED,,
kflow-022014,completed,completed,PacificCommunity/ofp-sam-bet-2026-checks,2602c6a92a5169f1b0f391f937a61f6c9dcaccf6,ofp-sam-bet-2026-job21641-hessian,a-b976a331951f001422ced730975209f68f6461b2b62e13aaa4591e75e9e6c3a6,bet2026-checks-001,UNASSESSED,,
kflow-022015,completed,completed,PacificCommunity/ofp-sam-bet-2026-checks,2602c6a92a5169f1b0f391f937a61f6c9dcaccf6,ofp-sam-bet-2026-job21641-hessian,a-8b2e244874db8a1d5c8af9dbd491365e14d2a0d87873e58e575d08939f43893a,bet2026-checks-001,UNASSESSED,,
kflow-022016,completed,completed,PacificCommunity/ofp-sam-bet-2026-checks,2602c6a92a5169f1b0f391f937a61f6c9dcaccf6,ofp-sam-bet-2026-job21641-hessian,a-21eb29c3b5884db5939ee9c56c61777baa726726192adfd3a578b1b6dc547551,bet2026-checks-001,UNASSESSED,,
kflow-022017,completed,completed,PacificCommunity/ofp-sam-bet-2026-checks,2602c6a92a5169f1b0f391f937a61f6c9dcaccf6,ofp-sam-bet-2026-job21641-hessian,a-4ce51f5b803e92594680bb53d3e2e6449838d26172d833020f07e1e4420b544a,bet2026-checks-001,UNASSESSED,,
kflow-022018,completed,completed,PacificCommunity/ofp-sam-bet-2026-checks,2602c6a92a5169f1b0f391f937a61f6c9dcaccf6,ofp-sam-bet-2026-job21641-hessian,a-b8275267536a8aff410c535c67c4cba33de21fedf0f268edf72feed545fb9839,bet2026-checks-001,UNASSESSED,,
kflow-022019,completed,completed,PacificCommunity/ofp-sam-bet-2026-checks,2602c6a92a5169f1b0f391f937a61f6c9dcaccf6,ofp-sam-bet-2026-job21641-hessian,a-eb455a2ff4edb72954b14c40b1e77a6f63d8502f95ce545cca1f17f2f29a524b,bet2026-checks-001,UNASSESSED,,
kflow-022020,completed,completed,PacificCommunity/ofp-sam-bet-2026-checks,2602c6a92a5169f1b0f391f937a61f6c9dcaccf6,ofp-sam-bet-2026-job21641-hessian-merge,a-49094dffab7015809a3f391f8df34eb8fab65f967958f088a452a639094cdfce,bet2026-checks-001,UNASSESSED,,
kflow-022021,completed,completed,PacificCommunity/ofp-sam-bet-2026-checks,2602c6a92a5169f1b0f391f937a61f6c9dcaccf6,ofp-sam-bet-2026-job21641-retro,a-a5663f486560a55929553d6633b8510fd53d5f2d9807349ad493165c4dfee87a,bet2026-checks-001,retro/job-022021/peel_5/final.par,,
kflow-022022,completed,completed,PacificCommunity/ofp-sam-bet-2026-checks,2602c6a92a5169f1b0f391f937a61f6c9dcaccf6,ofp-sam-bet-2026-job21641-retro,a-d563202c0c6e8c2ee31346a9ec3beeecce6cab1c2b9edfb8f3deaaa29146ebc1,bet2026-checks-001,retro/job-022022/peel_7/final.par,,
kflow-022023,completed,completed,PacificCommunity/ofp-sam-bet-2026-checks,2602c6a92a5169f1b0f391f937a61f6c9dcaccf6,ofp-sam-bet-2026-job21641-retro,a-11075fc8c6d275b8da1b6aa8cf19692dbe955115ffb0ecb57e68945b25537a4d,bet2026-checks-001,retro/job-022023/peel_1/final.par,,
kflow-022024,completed,completed,PacificCommunity/ofp-sam-bet-2026-checks,2602c6a92a5169f1b0f391f937a61f6c9dcaccf6,ofp-sam-bet-2026-job21641-retro,a-d2dd466e5d8e601afddc99bc98841bca5efe205989c45bd50b1b767ddc26cb98,bet2026-checks-001,retro/job-022024/peel_3/final.par,,
kflow-022025,completed,completed,PacificCommunity/ofp-sam-bet-2026-checks,2602c6a92a5169f1b0f391f937a61f6c9dcaccf6,ofp-sam-bet-2026-job21641-retro,a-64b84c039df8979ec59ded2562f65f1b6bedab0358f225d1ac3f3e9ff234822b,bet2026-checks-001,retro/job-022025/peel_4/final.par,,
kflow-022026,completed,completed,PacificCommunity/ofp-sam-bet-2026-checks,2602c6a92a5169f1b0f391f937a61f6c9dcaccf6,ofp-sam-bet-2026-job21641-retro,a-18fd132ad39e9daf0d08a4f587c000e2f942f8cc44673a99911ed6471ea045be,bet2026-checks-001,retro/job-022026/peel_2/final.par,,
kflow-022027,completed,completed,PacificCommunity/ofp-sam-bet-2026-checks,2602c6a92a5169f1b0f391f937a61f6c9dcaccf6,ofp-sam-bet-2026-job21641-retro,a-44ae0bc77f398a09e46718fe03c98cc42a342926dd235df5b7b44683efebdc4c,bet2026-checks-001,retro/job-022027/peel_6/final.par,,
kflow-022028,completed,completed,PacificCommunity/ofp-sam-bet-2026-checks,2e0b93d5dc14a68d078bdaeddf2f5adfbd1eb160,ofp-sam-bet-2026-job21641-retro-merge,a-8b465c1905ac5a4396bbf594d97782b861ef1fb0c6bd395c1e07d770cb95ab9c,bet2026-checks21641-001,UNASSESSED,,
kflow-022029,completed,completed,PacificCommunity/ofp-sam-bet-2026-checks,2602c6a92a5169f1b0f391f937a61f6c9dcaccf6,ofp-sam-bet-2026-job21641-profile,a-7e651409b98f6b555da9a56d9dd779a594c22a5f8a2d9544710c92adafe30229,bet2026-checks21641-001,UNASSESSED,,
kflow-022030,completed,completed,PacificCommunity/ofp-sam-bet-2026-checks,2602c6a92a5169f1b0f391f937a61f6c9dcaccf6,ofp-sam-bet-2026-job21641-profile,a-894693a939283cc550a4cfea8775ca6f28850f68c34894518c3493a6a1861458,bet2026-checks21641-001,UNASSESSED,,
kflow-022031,completed,completed,PacificCommunity/ofp-sam-bet-2026-checks,2e0b93d5dc14a68d078bdaeddf2f5adfbd1eb160,ofp-sam-bet-2026-job21641-profile-merge,a-662ac3b86a8e7366045278d7c3a12f886dcc2cce4073d6c08ee720d16cfb221a,bet2026-checks21641-001,UNASSESSED,,
kflow-022032,completed,completed,PacificCommunity/ofp-sam-bet-2026-checks,2602c6a92a5169f1b0f391f937a61f6c9dcaccf6,ofp-sam-bet-2026-job21641-jitter,a-3e2a36122019edd8bf044f75066f9483ee08641eef123c2f119a5379d7786d49,bet2026-checks21641-001,jitter/job-022032/seed_14/final.par,,
kflow-022033,completed,completed,PacificCommunity/ofp-sam-bet-2026-checks,2602c6a92a5169f1b0f391f937a61f6c9dcaccf6,ofp-sam-bet-2026-job21641-jitter,a-a75662bffcdb6a5e49219d242bde4a3f4c734f4fe8a45917c673816a286cc92e,bet2026-checks21641-001,jitter/job-022033/seed_1/final.par,,
kflow-022034,completed,completed,PacificCommunity/ofp-sam-bet-2026-checks,2602c6a92a5169f1b0f391f937a61f6c9dcaccf6,ofp-sam-bet-2026-job21641-jitter,a-3a87f95aec653f65ccad1b9603da1984eac8a7b642bcd74a26980be05ac47f5d,bet2026-checks21641-001,jitter/job-022034/seed_5/final.par,,
kflow-022035,completed,completed,PacificCommunity/ofp-sam-bet-2026-checks,2602c6a92a5169f1b0f391f937a61f6c9dcaccf6,ofp-sam-bet-2026-job21641-jitter,a-6f69d1fdaedbf81e261ff865f87600556838c551607bae3f50ab820f204e8707,bet2026-checks21641-001,jitter/job-022035/seed_15/final.par,,
kflow-022036,completed,completed,PacificCommunity/ofp-sam-bet-2026-checks,2602c6a92a5169f1b0f391f937a61f6c9dcaccf6,ofp-sam-bet-2026-job21641-jitter,a-2c5bd7bd1ca8751e0aea5bed04c21f45b3c5e31a13c9e682bb6f3fba5dc2c7fa,bet2026-checks21641-001,jitter/job-022036/seed_2/final.par,,
kflow-022037,completed,completed,PacificCommunity/ofp-sam-bet-2026-checks,2602c6a92a5169f1b0f391f937a61f6c9dcaccf6,ofp-sam-bet-2026-job21641-jitter,a-0a66b6bb4f167bc4fa2174bd636d8f18f0cb3f21d6c329a5cb8e3240937b78fb,bet2026-checks21641-001,jitter/job-022037/seed_6/final.par,,
kflow-022038,completed,completed,PacificCommunity/ofp-sam-bet-2026-checks,2602c6a92a5169f1b0f391f937a61f6c9dcaccf6,ofp-sam-bet-2026-job21641-jitter,a-6365c3e33644864fb93b72b99b158ec5896487485b6e97b897e47d8df3f0e2db,bet2026-checks21641-001,jitter/job-022038/seed_10/final.par,,
kflow-022039,completed,completed,PacificCommunity/ofp-sam-bet-2026-checks,2602c6a92a5169f1b0f391f937a61f6c9dcaccf6,ofp-sam-bet-2026-job21641-jitter,a-9e1568f8b7c3fa76e4fc335af50bba9ffef127ae9b945908a642319352441922,bet2026-checks21641-001,jitter/job-022039/seed_3/final.par,,
kflow-022040,completed,completed,PacificCommunity/ofp-sam-bet-2026-checks,2602c6a92a5169f1b0f391f937a61f6c9dcaccf6,ofp-sam-bet-2026-job21641-jitter,a-9947cb380c1874f896486f8a21412f92931754689723f0a0224765cf7790fab5,bet2026-checks21641-001,jitter/job-022040/seed_16/final.par,,
kflow-022041,completed,completed,PacificCommunity/ofp-sam-bet-2026-checks,2602c6a92a5169f1b0f391f937a61f6c9dcaccf6,ofp-sam-bet-2026-job21641-jitter,a-b1f99ffdd36af13ab048883e931613ffea8c0f976a01f97e005f60957c0d9cc6,bet2026-checks21641-001,jitter/job-022041/seed_11/final.par,,
kflow-022042,completed,completed,PacificCommunity/ofp-sam-bet-2026-checks,2602c6a92a5169f1b0f391f937a61f6c9dcaccf6,ofp-sam-bet-2026-job21641-jitter,a-250ba767e7759e6dc8b7c0bb45dc852ecc2420d40bbdd39ea75a770a2d38452c,bet2026-checks21641-001,jitter/job-022042/seed_7/final.par,,
kflow-022043,completed,completed,PacificCommunity/ofp-sam-bet-2026-checks,2602c6a92a5169f1b0f391f937a61f6c9dcaccf6,ofp-sam-bet-2026-job21641-jitter,a-18a53815e795f86d435c232b93f7aa86b4cd5d1d46cc4719817df18fd460a7fa,bet2026-checks21641-001,UNASSESSED,,
kflow-022044,completed,completed,PacificCommunity/ofp-sam-bet-2026-checks,2602c6a92a5169f1b0f391f937a61f6c9dcaccf6,ofp-sam-bet-2026-job21641-jitter,a-5137ea49b39372acd7aa6377033a9cf23ac1f32e9cd67630b8210f63b2d18194,bet2026-checks21641-001,jitter/job-022044/seed_12/final.par,,
kflow-022045,completed,completed,PacificCommunity/ofp-sam-bet-2026-checks,2602c6a92a5169f1b0f391f937a61f6c9dcaccf6,ofp-sam-bet-2026-job21641-jitter,a-e3ab19326b3e3308b847b9c83434a39869a7df71e904897b08b51173cd19d5d4,bet2026-checks21641-001,jitter/job-022045/seed_9/final.par,,
kflow-022046,completed,completed,PacificCommunity/ofp-sam-bet-2026-checks,2602c6a92a5169f1b0f391f937a61f6c9dcaccf6,ofp-sam-bet-2026-job21641-jitter,a-4af5cfce496ad3d1cdd502f77e29de69b0c7e3f72705f293ddbba9e04c77082d,bet2026-checks21641-001,jitter/job-022046/seed_8/final.par,,
kflow-022047,completed,completed,PacificCommunity/ofp-sam-bet-2026-checks,2602c6a92a5169f1b0f391f937a61f6c9dcaccf6,ofp-sam-bet-2026-job21641-jitter,a-9c61d84bfb56d8ec1d7386dd9c85dd3f6764cb2e534c8dfb54bba8f10388ebee,bet2026-checks21641-001,jitter/job-022047/seed_13/final.par,,
kflow-022048,completed,completed,PacificCommunity/ofp-sam-bet-2026-checks,2602c6a92a5169f1b0f391f937a61f6c9dcaccf6,ofp-sam-bet-2026-job21641-jitter,a-5e0cb5934b7c943413cc27f4cfa12be86fed64e5df2611aa6f33a5e09ec6b01e,bet2026-checks21641-001,jitter/job-022048/seed_18/final.par,,
kflow-022049,completed,completed,PacificCommunity/ofp-sam-bet-2026-checks,2602c6a92a5169f1b0f391f937a61f6c9dcaccf6,ofp-sam-bet-2026-job21641-jitter,a-07db68b87269d6b01e945860ceb3a6edd608d282df8c752bc03c6d3abc1dfcb0,bet2026-checks21641-001,jitter/job-022049/seed_17/final.par,,
kflow-022050,completed,completed,PacificCommunity/ofp-sam-bet-2026-checks,2602c6a92a5169f1b0f391f937a61f6c9dcaccf6,ofp-sam-bet-2026-job21641-jitter,a-ac787c8a10441e8569e68f4b7ac95e00e709a437eadc628962c5f0cd496811ea,bet2026-checks21641-001,jitter/job-022050/seed_19/final.par,,
kflow-022051,completed,completed,PacificCommunity/ofp-sam-bet-2026-checks,2602c6a92a5169f1b0f391f937a61f6c9dcaccf6,ofp-sam-bet-2026-job21641-jitter,a-3c46a52286410b5086c4c5302579aede02750b951edf96dd7fdbcda89d544205,bet2026-checks21641-001,jitter/job-022051/seed_20/final.par,,
kflow-022052,completed,completed,PacificCommunity/ofp-sam-bet-2026-checks,2602c6a92a5169f1b0f391f937a61f6c9dcaccf6,ofp-sam-bet-2026-job21641-jitter,a-b8c7ca3760c7c175f4cfea810c6757bce08b62e240df0eb00436d80d46c96fd1,bet2026-checks21641-001,jitter/job-022052/seed_21/final.par,,
kflow-022053,completed,completed,PacificCommunity/ofp-sam-bet-2026-checks,2602c6a92a5169f1b0f391f937a61f6c9dcaccf6,ofp-sam-bet-2026-job21641-jitter,a-9b657eb6ef5795fafeb3663b33bd139def15369231918156eed8b5b75c416ae7,bet2026-checks21641-001,jitter/job-022053/seed_22/final.par,,
kflow-022054,completed,completed,PacificCommunity/ofp-sam-bet-2026-checks,2602c6a92a5169f1b0f391f937a61f6c9dcaccf6,ofp-sam-bet-2026-job21641-jitter,a-182f42b35c18ee7f33c888ba12096ca5fe1f2b769f7c80b0b78c28d28bf86e58,bet2026-checks21641-001,UNASSESSED,,
kflow-022055,completed,completed,PacificCommunity/ofp-sam-bet-2026-checks,2602c6a92a5169f1b0f391f937a61f6c9dcaccf6,ofp-sam-bet-2026-job21641-jitter,a-a9607d1c9958a1d6a3e0aa00ba5cc00fef19ca633882bcc079b20fd3fd060cbe,bet2026-checks21641-001,UNASSESSED,,
kflow-022056,completed,completed,PacificCommunity/ofp-sam-bet-2026-checks,2602c6a92a5169f1b0f391f937a61f6c9dcaccf6,ofp-sam-bet-2026-job21641-jitter,a-deafeff9452106e569b9a789c731033012f2eec8ee13a188709ddc4414a1d9e3,bet2026-checks21641-001,jitter/job-022056/seed_25/final.par,,
kflow-022057,completed,completed,PacificCommunity/ofp-sam-bet-2026-checks,2602c6a92a5169f1b0f391f937a61f6c9dcaccf6,ofp-sam-bet-2026-job21641-jitter,a-726283d45dad99802b4c7f1dcc4777f4acf15414c62e00db94433a482d3ca304,bet2026-checks21641-001,jitter/job-022057/seed_26/final.par,,
kflow-022058,completed,completed,PacificCommunity/ofp-sam-bet-2026-checks,2602c6a92a5169f1b0f391f937a61f6c9dcaccf6,ofp-sam-bet-2026-job21641-jitter,a-23cfc3e8d9aa85687eb612f2b22a676fd5aaa6b464abd67f0ae6f026c0d6112e,bet2026-checks21641-001,UNASSESSED,,
kflow-022059,completed,completed,PacificCommunity/ofp-sam-bet-2026-checks,2602c6a92a5169f1b0f391f937a61f6c9dcaccf6,ofp-sam-bet-2026-job21641-jitter,a-a7fae1765656e21ef6511de8552d096bc71f52765c38132a86d766a8d8824843,bet2026-checks21641-001,jitter/job-022059/seed_28/final.par,,
kflow-022060,completed,completed,PacificCommunity/ofp-sam-bet-2026-checks,2602c6a92a5169f1b0f391f937a61f6c9dcaccf6,ofp-sam-bet-2026-job21641-jitter,a-3750d0a3bd05962296342792eb5ac2b79e7153425c02da3b4dc9e88f09ca8f75,bet2026-checks21641-001,jitter/job-022060/seed_29/final.par,,
kflow-022061,completed,completed,PacificCommunity/ofp-sam-bet-2026-checks,2602c6a92a5169f1b0f391f937a61f6c9dcaccf6,ofp-sam-bet-2026-job21641-jitter,a-ad7fe4ad168e90d21dc8cedef360e0f59c432df5043e69525b171b2f72b7a440,bet2026-checks21641-001,jitter/job-022061/seed_30/final.par,,
kflow-022062,completed,completed,PacificCommunity/ofp-sam-bet-2026-checks,7e347ab72b9b692fee5252369fd5a81e355d8e90,ofp-sam-bet-2026-job21641-jitter-merge,a-940480c4936e7622213fc71f766a9d1b3089c2268cd442343da6bf776913f606,bet2026-checks21641-001,UNASSESSED,,
kflow-022068,replaced,replaced,PacificCommunity/ofp-sam-bet-2026-checks,207668f0bb93c90eb179d6b23477fbe1a724f14d,ofp-sam-bet-2026-check-profile,a-82c338c77495ec17a1f0295c6f3a4744003ea4a88768173bba46f9e968bd8965,bet2026-checks21641-001,UNASSESSED,,
kflow-022069,replaced,replaced,PacificCommunity/ofp-sam-bet-2026-checks,207668f0bb93c90eb179d6b23477fbe1a724f14d,ofp-sam-bet-2026-check-profile,a-69930ff7bfc77739b4d50f10c6859bfc93447c369d956402fb8469fcb3332926,bet2026-checks21641-001,UNASSESSED,,
kflow-022070,completed,completed,PacificCommunity/ofp-sam-bet-2026-checks,4b416036efc4d54b227a4735429e06b69f61b8d6,ofp-sam-bet-2026-check-profile,a-4e2a56fea7f31bacf0c3efa65efbf4e8c4e13f5974e1a6d73a85013c8bfcf0df,bet2026-checks21641-001,UNASSESSED,,
kflow-022071,completed,completed,PacificCommunity/ofp-sam-bet-2026-checks,4b416036efc4d54b227a4735429e06b69f61b8d6,ofp-sam-bet-2026-check-profile,a-252a7eac156a09a60412bcc29381fd0a149f7756eb56b8a9371f6ddf990d5dda,bet2026-checks21641-001,UNASSESSED,,
kflow-022072,completed,completed,PacificCommunity/ofp-sam-bet-2026-checks,d6bd06a6b809a132ed077cdd4e385e2f0140064d,ofp-sam-bet-2026-check-profile-merge,a-c47cb53f42dc089f4a9cc48672843c974228f24c70c2a1d9c73b8feac569ef32,bet2026-checks21641-001,UNASSESSED,,
kflow-022073,failed,failed,PacificCommunity/ofp-sam-bet-2026-ensemble,0fab5a47df6a1c6ca9a512c4da830d5f2460a726,bet-2026-ensemble-tau2,a-315639112c337eea70e12125dc8dd92f03f31d4fd904f9505e653bb4503be788,bet2026-ensemble-029,UNASSESSED,,
kflow-022074,completed,completed,PacificCommunity/ofp-sam-bet-2026-ensemble,0fab5a47df6a1c6ca9a512c4da830d5f2460a726,bet-2026-ensemble-tau2,a-08eb0772cded3103cc7946888fc645d5dc5c17493c852622a959281f9d55e01d,bet2026-ensemble-029,UNASSESSED,./outputs/models/ensemble-009/doitall.sh,
kflow-022075,completed,completed,PacificCommunity/ofp-sam-bet-2026-ensemble,0fab5a47df6a1c6ca9a512c4da830d5f2460a726,bet-2026-ensemble-tau2,a-d6f07de616c2cd408acb50bdd2c879d73fadabd7d4e8e8f86eab0670841e2d99,bet2026-ensemble-029,UNASSESSED,./outputs/models/ensemble-013/doitall.sh,
kflow-022076,completed,completed,PacificCommunity/ofp-sam-bet-2026-ensemble,0fab5a47df6a1c6ca9a512c4da830d5f2460a726,bet-2026-ensemble-tau2,a-c548a01c83a1874f95c3b21b12abffa288f42deea5f65af01242c5dcd2743fcd,bet2026-ensemble-029,UNASSESSED,./outputs/models/ensemble-006/doitall.sh,
kflow-022077,completed,completed,PacificCommunity/ofp-sam-bet-2026-ensemble,0fab5a47df6a1c6ca9a512c4da830d5f2460a726,bet-2026-ensemble-tau2,a-0420b09bd6319b61515d0c00b2298da4eb96e58a2ecd6383a4c337b9cff011d3,bet2026-ensemble-029,UNASSESSED,./outputs/models/ensemble-004/doitall.sh,
kflow-022078,completed,completed,PacificCommunity/ofp-sam-bet-2026-ensemble,0fab5a47df6a1c6ca9a512c4da830d5f2460a726,bet-2026-ensemble-tau2,a-a540928aa18e2a827d561af2038dd41af74ff48a13830ecb2de9afba82f0f105,bet2026-ensemble-029,UNASSESSED,./outputs/models/ensemble-010/doitall.sh,
kflow-022079,completed,completed,PacificCommunity/ofp-sam-bet-2026-ensemble,0fab5a47df6a1c6ca9a512c4da830d5f2460a726,bet-2026-ensemble-tau2,a-b75250948dc3ee522309523408be0acfb03b7db2763f2b574ec6f1ca2e08c1df,bet2026-ensemble-029,UNASSESSED,./outputs/models/ensemble-007/doitall.sh,
kflow-022080,completed,completed,PacificCommunity/ofp-sam-bet-2026-ensemble,0fab5a47df6a1c6ca9a512c4da830d5f2460a726,bet-2026-ensemble-tau2,a-79de106e9cba5e5b3c60e6d767e411f6245140994fccfc4393397933ed90d0ab,bet2026-ensemble-029,UNASSESSED,./outputs/models/ensemble-014/doitall.sh,
kflow-022081,completed,completed,PacificCommunity/ofp-sam-bet-2026-ensemble,0fab5a47df6a1c6ca9a512c4da830d5f2460a726,bet-2026-ensemble-tau2,a-9c1ca74abbe8621bb1c888d057f7cc36aeb0382e6e231972bd59bfe8cd5d7486,bet2026-ensemble-029,UNASSESSED,./outputs/models/ensemble-008/doitall.sh,
kflow-022082,completed,completed,PacificCommunity/ofp-sam-bet-2026-ensemble,0fab5a47df6a1c6ca9a512c4da830d5f2460a726,bet-2026-ensemble-tau2,a-89473cb28469c82c9ea34faccb990fa10d664708478540a8df1524eb39df82f2,bet2026-ensemble-030,UNASSESSED,./outputs/models/ensemble-003/doitall.sh,
kflow-022083,failed,failed,PacificCommunity/ofp-sam-bet-2026-ensemble,0fab5a47df6a1c6ca9a512c4da830d5f2460a726,bet-2026-ensemble-tau2,a-6cd1904e94074f1cf4d27be07eec7b36eb45c206d3ac64f22a40412fa452b1e8,bet2026-ensemble-030,UNASSESSED,,
kflow-022084,failed,failed,PacificCommunity/ofp-sam-bet-2026-ensemble,0fab5a47df6a1c6ca9a512c4da830d5f2460a726,bet-2026-ensemble-tau2,a-66e9eb50dc42f4ad1d0438643f9d78858afaf53f5c318412d9455a7084f2c0f5,bet2026-ensemble-049,UNASSESSED,,
kflow-022085,failed,failed,PacificCommunity/ofp-sam-bet-2026-ensemble,0fab5a47df6a1c6ca9a512c4da830d5f2460a726,bet-2026-ensemble-tau2,a-19d8e2267e3ddb4ad12fb332b59f8c51d7065785ac80f8fd18cb9984d1e5ad85,bet2026-ensemble-030,UNASSESSED,,
kflow-022086,completed,completed,PacificCommunity/ofp-sam-bet-2026-ensemble,0fab5a47df6a1c6ca9a512c4da830d5f2460a726,bet-2026-ensemble-tau2,a-f7d48f8a67471eccc9fcea1d8d77e0ebd36524428042364fc46607c74f446125,bet2026-ensemble-030,UNASSESSED,./outputs/models/ensemble-002/doitall.sh,
kflow-022087,completed,completed,PacificCommunity/ofp-sam-bet-2026-ensemble,0fab5a47df6a1c6ca9a512c4da830d5f2460a726,bet-2026-ensemble-tau2,a-ccf71e6c8c3592c9d2e827cf946c130759c2735437dfe33c9d6a7273c183d082,bet2026-ensemble-030,UNASSESSED,./outputs/models/ensemble-012/doitall.sh,
kflow-022088,completed,completed,PacificCommunity/ofp-sam-bet-2026-ensemble,0fab5a47df6a1c6ca9a512c4da830d5f2460a726,bet-2026-ensemble-tau2,a-ab9d8e553dd313316351cd46e1d1fa3d3f49ae77baa5b9a98c75aa89064e7f35,bet2026-ensemble-030,UNASSESSED,./outputs/models/ensemble-018/doitall.sh,
kflow-022089,completed,completed,PacificCommunity/ofp-sam-bet-2026-ensemble,0fab5a47df6a1c6ca9a512c4da830d5f2460a726,bet-2026-ensemble-tau2,a-1855303dd8c312b596a14067a68821e5ad9218cca746b11db3c22958019ac98d,bet2026-ensemble-030,UNASSESSED,./outputs/models/ensemble-016/doitall.sh,
kflow-022090,completed,completed,PacificCommunity/ofp-sam-bet-2026-ensemble,0fab5a47df6a1c6ca9a512c4da830d5f2460a726,bet-2026-ensemble-tau2,a-e6ff8fdf91393861c136ed1ca094b3f1ad107fe3e97c7c57a9f4402491f7dd16,bet2026-ensemble-030,UNASSESSED,./outputs/models/ensemble-020/doitall.sh,
kflow-022091,completed,completed,PacificCommunity/ofp-sam-bet-2026-ensemble,0fab5a47df6a1c6ca9a512c4da830d5f2460a726,bet-2026-ensemble-tau2,a-5a5248ab699a861b26d38460dc93e15927f891f2cb2c01dedb9b32b34ac3ad61,bet2026-ensemble-030,UNASSESSED,./outputs/models/ensemble-019/doitall.sh,
kflow-022092,failed,failed,PacificCommunity/ofp-sam-bet-2026-ensemble,0fab5a47df6a1c6ca9a512c4da830d5f2460a726,bet-2026-ensemble-tau2,a-0c1640bc6323606c4fbd256a216a85322365e1b8b84478123948a70fbb50e9ba,bet2026-ensemble-030,UNASSESSED,,
kflow-022093,completed,completed,PacificCommunity/ofp-sam-bet-2026-ensemble,0fab5a47df6a1c6ca9a512c4da830d5f2460a726,bet-2026-ensemble-tau2,a-892172c264ad969716cdd8e385c8baefc746a87a50a83e666137e30f62f64748,bet2026-ensemble-030,UNASSESSED,./outputs/models/ensemble-021/doitall.sh,
kflow-022094,completed,completed,PacificCommunity/ofp-sam-bet-2026-ensemble,0fab5a47df6a1c6ca9a512c4da830d5f2460a726,bet-2026-ensemble-tau2,a-ae8b097f1407e8b6fb6a6956639f7ac4d33ba04f9f6f3fb599d6427b8ce780ea,bet2026-ensemble-030,UNASSESSED,./outputs/models/ensemble-022/doitall.sh,
kflow-022095,failed,failed,PacificCommunity/ofp-sam-bet-2026-ensemble,0fab5a47df6a1c6ca9a512c4da830d5f2460a726,bet-2026-ensemble-tau2,a-15a3b3fddd57353aa103c18def4feae36579536eda3010f81ab6bd4c065b362d,bet2026-ensemble-030,UNASSESSED,,
kflow-022096,failed,failed,PacificCommunity/ofp-sam-bet-2026-ensemble,0fab5a47df6a1c6ca9a512c4da830d5f2460a726,bet-2026-ensemble-tau2,a-e4c6c80a7c49a3f0ad48f9b24bf4e7f3e630652d465461d32f2cb627a926c170,bet2026-ensemble-030,UNASSESSED,,
kflow-022097,completed,completed,PacificCommunity/ofp-sam-bet-2026-ensemble,0fab5a47df6a1c6ca9a512c4da830d5f2460a726,bet-2026-ensemble-tau2,a-881c91005a8cb6a5b805676292c4242739b81922f772d5f7fb7286eb2e21f697,bet2026-ensemble-030,UNASSESSED,./outputs/models/ensemble-025/doitall.sh,
kflow-022098,completed,completed,PacificCommunity/ofp-sam-bet-2026-ensemble,0fab5a47df6a1c6ca9a512c4da830d5f2460a726,bet-2026-ensemble-tau2,a-ead154a2eacf749f64371ca6f8c3cfc14fb209527ff215af24de6726c0a5c114,bet2026-ensemble-030,UNASSESSED,./outputs/models/ensemble-026/doitall.sh,
kflow-022099,completed,completed,PacificCommunity/ofp-sam-bet-2026-ensemble,0fab5a47df6a1c6ca9a512c4da830d5f2460a726,bet-2026-ensemble-tau2,a-f3014d1c5ceb4c21222ad40e5aed6be129085561ca9e02d427ef52fd27d82fcf,bet2026-ensemble-030,UNASSESSED,./outputs/models/ensemble-027/doitall.sh,
kflow-022100,completed,completed,PacificCommunity/ofp-sam-bet-2026-ensemble,0fab5a47df6a1c6ca9a512c4da830d5f2460a726,bet-2026-ensemble-tau2,a-785bf7309c7bb02edb849e25c09e9aceb49bd1e9ae1c44b9020777775e183c8e,bet2026-ensemble-030,UNASSESSED,./outputs/models/ensemble-028/doitall.sh,
kflow-022101,failed,failed,PacificCommunity/ofp-sam-bet-2026-ensemble,0fab5a47df6a1c6ca9a512c4da830d5f2460a726,bet-2026-ensemble-tau2,a-095140654b66f723e2b6a560a074c38ac10eafeaf823f0d800525c0bb3e2d26e,bet2026-ensemble-031,UNASSESSED,,member_inventory_error:ReadError;original_archive_truncated_member_inventory_incomplete
kflow-022102,completed,completed,PacificCommunity/ofp-sam-bet-2026-ensemble,0fab5a47df6a1c6ca9a512c4da830d5f2460a726,bet-2026-ensemble-tau2,a-3b862c2b76aa5616ba2dc7485d41cabdafaeb7846381d093955f0ae0ae9654b0,bet2026-ensemble-031,UNASSESSED,./outputs/models/ensemble-030/doitall.sh,
kflow-022103,completed,completed,PacificCommunity/ofp-sam-bet-2026-ensemble,0fab5a47df6a1c6ca9a512c4da830d5f2460a726,bet-2026-ensemble-tau2,a-cae6d809b8e704c9355b68171e9924490af9c0d73e460664d9b412d4f0979dce,bet2026-ensemble-031,UNASSESSED,./outputs/models/ensemble-031/doitall.sh,
kflow-022104,completed,completed,PacificCommunity/ofp-sam-bet-2026-ensemble,0fab5a47df6a1c6ca9a512c4da830d5f2460a726,bet-2026-ensemble-tau2,a-b791318981358bd55957c227700ea3cc27f13ae0f744123ddeb11c14bc6bb26e,bet2026-ensemble-031,UNASSESSED,./outputs/models/ensemble-032/doitall.sh,
kflow-022105,completed,completed,PacificCommunity/ofp-sam-bet-2026-ensemble,0fab5a47df6a1c6ca9a512c4da830d5f2460a726,bet-2026-ensemble-tau2,a-7cdb8e4d6d1e3006667f93a151cfe58aa3515d6f136f4576e4cc9440afad86f0,bet2026-ensemble-031,UNASSESSED,./outputs/models/ensemble-033/doitall.sh,
kflow-022106,completed,completed,PacificCommunity/ofp-sam-bet-2026-ensemble,0fab5a47df6a1c6ca9a512c4da830d5f2460a726,bet-2026-ensemble-tau2,a-5ce04b5c97791f48e3b51804bc5c67fa94bdec1b21bb1e018a7128272c9c968b,bet2026-ensemble-031,UNASSESSED,./outputs/models/ensemble-034/doitall.sh,
kflow-022107,completed,completed,PacificCommunity/ofp-sam-bet-2026-ensemble,0fab5a47df6a1c6ca9a512c4da830d5f2460a726,bet-2026-ensemble-tau2,a-a39f1864690d3bbbfc7fd4820e63501d8a8e2f55845a59d0ccd8a544062ae8f1,bet2026-ensemble-031,UNASSESSED,./outputs/models/ensemble-035/doitall.sh,
kflow-022108,failed,failed,PacificCommunity/ofp-sam-bet-2026-ensemble,0fab5a47df6a1c6ca9a512c4da830d5f2460a726,bet-2026-ensemble-tau2,a-1e274f8151c67a186243ca01f7a689ef99210400f1634082be4fee7d5cfe5f07,bet2026-ensemble-031,UNASSESSED,,
kflow-022109,completed,completed,PacificCommunity/ofp-sam-bet-2026-ensemble,0fab5a47df6a1c6ca9a512c4da830d5f2460a726,bet-2026-ensemble-tau2,a-1f08fe72fd0006eb960bb13a9cdeb0d91111f7b53d3ee3ac5ad48162ee4c2c86,bet2026-ensemble-031,UNASSESSED,./outputs/models/ensemble-037/doitall.sh,
kflow-022110,failed,failed,PacificCommunity/ofp-sam-bet-2026-ensemble,0fab5a47df6a1c6ca9a512c4da830d5f2460a726,bet-2026-ensemble-tau2,a-ffeaacbb49a1bc7910159ef5a83cda3c3c44888f5a8ce8fd66a34adfc8dc0ec0,bet2026-ensemble-031,UNASSESSED,,
kflow-022111,completed,completed,PacificCommunity/ofp-sam-bet-2026-ensemble,0fab5a47df6a1c6ca9a512c4da830d5f2460a726,bet-2026-ensemble-tau2,a-9ad5976e4c888306de1bd9d04950058353ea445b43aa330438132b1f9525a358,bet2026-ensemble-031,UNASSESSED,./outputs/models/ensemble-039/doitall.sh,
kflow-022112,completed,completed,PacificCommunity/ofp-sam-bet-2026-ensemble,0fab5a47df6a1c6ca9a512c4da830d5f2460a726,bet-2026-ensemble-tau2,a-9f6a957508c0f3ed03c8c7b8f8e5a1972b27877f464e8af1a2c345c8237a1d1c,bet2026-ensemble-031,UNASSESSED,./outputs/models/ensemble-040/doitall.sh,
kflow-022113,completed,completed,PacificCommunity/ofp-sam-bet-2026-ensemble,0fab5a47df6a1c6ca9a512c4da830d5f2460a726,bet-2026-ensemble-tau2,a-be7e20eeed9cfadea87101bdfd743229670a2e93cf777d056e2ff2f9c1e4c831,bet2026-ensemble-031,UNASSESSED,./outputs/models/ensemble-042/doitall.sh,
kflow-022114,completed,completed,PacificCommunity/ofp-sam-bet-2026-ensemble,0fab5a47df6a1c6ca9a512c4da830d5f2460a726,bet-2026-ensemble-tau2,a-c3855350becd071c32080996f308105202aa9f87fd2792ef430dc838cda03cf6,bet2026-ensemble-031,UNASSESSED,./outputs/models/ensemble-041/doitall.sh,
kflow-022115,completed,completed,PacificCommunity/ofp-sam-bet-2026-ensemble,0fab5a47df6a1c6ca9a512c4da830d5f2460a726,bet-2026-ensemble-tau2,a-9c584a029c2abd8d339722d125002f3465ee0973ef7839a496b713ab83238ae4,bet2026-ensemble-031,UNASSESSED,./outputs/models/ensemble-043/doitall.sh,
kflow-022116,completed,completed,PacificCommunity/ofp-sam-bet-2026-ensemble,0fab5a47df6a1c6ca9a512c4da830d5f2460a726,bet-2026-ensemble-tau2,a-2825101afe030b722a86818a1bc98198126de74d644a68228dbec4a4f88315a8,bet2026-ensemble-032,UNASSESSED,./outputs/models/ensemble-045/doitall.sh,
kflow-022117,completed,completed,PacificCommunity/ofp-sam-bet-2026-ensemble,0fab5a47df6a1c6ca9a512c4da830d5f2460a726,bet-2026-ensemble-tau2,a-b44fb84e94a23821f1fba0e9c4d4425a4432e4e057a269c6fc04937c607610b8,bet2026-ensemble-032,UNASSESSED,./outputs/models/ensemble-044/doitall.sh,
kflow-022118,failed,failed,PacificCommunity/ofp-sam-bet-2026-ensemble,0fab5a47df6a1c6ca9a512c4da830d5f2460a726,bet-2026-ensemble-tau2,a-0dfc51d3813e7b424cd37340642b7f3011ddf7cc34ea498037a34bcf059f3b7e,bet2026-ensemble-032,UNASSESSED,,
kflow-022119,completed,completed,PacificCommunity/ofp-sam-bet-2026-ensemble,0fab5a47df6a1c6ca9a512c4da830d5f2460a726,bet-2026-ensemble-tau2,a-1a5a075e79b852e2548aee2ae072bee7fc1bbc4e228513978bcd0dce7d5f3c26,bet2026-ensemble-032,UNASSESSED,./outputs/models/ensemble-046/doitall.sh,
kflow-022120,completed,completed,PacificCommunity/ofp-sam-bet-2026-ensemble,0fab5a47df6a1c6ca9a512c4da830d5f2460a726,bet-2026-ensemble-tau2,a-bc005867c8f0b6484d6bf1d179dd9fe34871ca2d1f857fd0e84d70483ba79e7c,bet2026-ensemble-032,UNASSESSED,./outputs/models/ensemble-048/doitall.sh,
kflow-022121,completed,completed,PacificCommunity/ofp-sam-bet-2026-ensemble,0fab5a47df6a1c6ca9a512c4da830d5f2460a726,bet-2026-ensemble-tau2,a-e6f1532becaaffaee897963e5696d900b0babc09736d6cd71951b72b08c5dd75,bet2026-ensemble-032,UNASSESSED,./outputs/models/ensemble-049/doitall.sh,
kflow-022122,completed,completed,PacificCommunity/ofp-sam-bet-2026-ensemble,0fab5a47df6a1c6ca9a512c4da830d5f2460a726,bet-2026-ensemble-tau2,a-f5c93d4535f690c57aa676fe5a5d968474116b669eabc9b1ee4988a838dd7f21,bet2026-ensemble-032,UNASSESSED,./outputs/models/ensemble-050/doitall.sh,
kflow-022123,completed,completed,PacificCommunity/ofp-sam-bet-2026-ensemble,0fab5a47df6a1c6ca9a512c4da830d5f2460a726,bet-2026-ensemble-tau2,a-be70ae436a3f5f720f405084e5ddd08fab670e4f2350aa9c507ace1bd40af8d5,bet2026-ensemble-032,UNASSESSED,./outputs/models/ensemble-051/doitall.sh,
kflow-022124,failed,failed,PacificCommunity/ofp-sam-bet-2026-ensemble,0fab5a47df6a1c6ca9a512c4da830d5f2460a726,bet-2026-ensemble-tau2,a-497e992630973e664fb1a190b1118095aa3667c52f8f916f4406024efdfeca3b,bet2026-ensemble-032,UNASSESSED,,
kflow-022125,completed,completed,PacificCommunity/ofp-sam-bet-2026-ensemble,0fab5a47df6a1c6ca9a512c4da830d5f2460a726,bet-2026-ensemble-tau2,a-69d15b5f05059650a03f1fa09b2e85d5dbdd8f9b0b089dcc29900f7a586345e8,bet2026-ensemble-032,UNASSESSED,./outputs/models/ensemble-053/doitall.sh,
kflow-022126,completed,completed,PacificCommunity/ofp-sam-bet-2026-ensemble,0fab5a47df6a1c6ca9a512c4da830d5f2460a726,bet-2026-ensemble-tau2,a-5e60ad135035d892b77d60d82e4fdaa4326a3056b58b1037281d8e6e12868085,bet2026-ensemble-032,UNASSESSED,./outputs/models/ensemble-054/doitall.sh,
kflow-022127,completed,completed,PacificCommunity/ofp-sam-bet-2026-ensemble,0fab5a47df6a1c6ca9a512c4da830d5f2460a726,bet-2026-ensemble-tau2,a-0f70cd207e3db4caa6601fdc70926b9e3694ec7fe2669d2caaeeafb6d87a0b2b,bet2026-ensemble-032,UNASSESSED,./outputs/models/ensemble-055/doitall.sh,
kflow-022128,completed,completed,PacificCommunity/ofp-sam-bet-2026-ensemble,0fab5a47df6a1c6ca9a512c4da830d5f2460a726,bet-2026-ensemble-tau2,a-fc12c7e57561cf10277356c7cb2cc840531fa75c491c5700c554e0eab08671ef,bet2026-ensemble-032,UNASSESSED,./outputs/models/ensemble-056/doitall.sh,
kflow-022129,failed,failed,PacificCommunity/ofp-sam-bet-2026-ensemble,0fab5a47df6a1c6ca9a512c4da830d5f2460a726,bet-2026-ensemble-tau2,a-9d6e524a7ee87a5d711748c01f42eded7f630d56dc67bb2b139369c508b779a3,bet2026-ensemble-032,UNASSESSED,,
kflow-022130,completed,completed,PacificCommunity/ofp-sam-bet-2026-ensemble,0fab5a47df6a1c6ca9a512c4da830d5f2460a726,bet-2026-ensemble-tau2,a-44ec50651b0ef2e81a757a71413d5c208d92b8ef3c71d6eb8b89bdc783d992b2,bet2026-ensemble-032,UNASSESSED,./outputs/models/ensemble-058/doitall.sh,
kflow-022131,completed,completed,PacificCommunity/ofp-sam-bet-2026-ensemble,0fab5a47df6a1c6ca9a512c4da830d5f2460a726,bet-2026-ensemble-tau2,a-9f0485fc05eea1b479bca8617e0123d6fa372811f9630debb073acfd78db3550,bet2026-ensemble-032,UNASSESSED,./outputs/models/ensemble-059/doitall.sh,
kflow-022132,completed,completed,PacificCommunity/ofp-sam-bet-2026-ensemble,0fab5a47df6a1c6ca9a512c4da830d5f2460a726,bet-2026-ensemble-tau2,a-52fb47bd9fab0c80925ccde7817bf624472c1e6bc81d213a770630fdc6387c08,bet2026-ensemble-033,UNASSESSED,./outputs/models/ensemble-060/doitall.sh,
kflow-022133,completed,completed,PacificCommunity/ofp-sam-bet-2026-ensemble,0fab5a47df6a1c6ca9a512c4da830d5f2460a726,bet-2026-ensemble-tau2,a-8064735f92b20042019080233cb62a635e3e805da9073a1cffa3472cc89953b6,bet2026-ensemble-033,UNASSESSED,./outputs/models/ensemble-061/doitall.sh,
kflow-022134,completed,completed,PacificCommunity/ofp-sam-bet-2026-ensemble,0fab5a47df6a1c6ca9a512c4da830d5f2460a726,bet-2026-ensemble-tau2,a-02fcf20223ed6940f15f07965db4e7ead9131056e539b2b7f8179f2c049d22d7,bet2026-ensemble-033,UNASSESSED,./outputs/models/ensemble-062/doitall.sh,
kflow-022135,completed,completed,PacificCommunity/ofp-sam-bet-2026-ensemble,0fab5a47df6a1c6ca9a512c4da830d5f2460a726,bet-2026-ensemble-tau2,a-0c4090acbc24492aec2d90b18382abcba4be1fa1e9a3211c2c3b0731e987acf8,bet2026-ensemble-033,UNASSESSED,./outputs/models/ensemble-063/doitall.sh,
kflow-022136,completed,completed,PacificCommunity/ofp-sam-bet-2026-ensemble,0fab5a47df6a1c6ca9a512c4da830d5f2460a726,bet-2026-ensemble-tau2,a-2c246267b81ab26f5e1f4c648a04cb62d9f7201531987722c363fc5534b63b54,bet2026-ensemble-033,UNASSESSED,./outputs/models/ensemble-065/doitall.sh,
kflow-022137,failed,failed,PacificCommunity/ofp-sam-bet-2026-ensemble,0fab5a47df6a1c6ca9a512c4da830d5f2460a726,bet-2026-ensemble-tau2,a-ee34d284bb457dff8b52d2513253cde44780fc55b677532d415b4be0d8862931,bet2026-ensemble-049,UNASSESSED,,
kflow-022138,completed,completed,PacificCommunity/ofp-sam-bet-2026-ensemble,0fab5a47df6a1c6ca9a512c4da830d5f2460a726,bet-2026-ensemble-tau2,a-7e725b755950a3e4715a2efe4a0cd83d8b10e3957454c5b2f69d9213c30d30ef,bet2026-ensemble-033,UNASSESSED,./outputs/models/ensemble-066/doitall.sh,
kflow-022139,failed,failed,PacificCommunity/ofp-sam-bet-2026-ensemble,0fab5a47df6a1c6ca9a512c4da830d5f2460a726,bet-2026-ensemble-tau2,a-2f487bf56b120b2e033e58463121758b2a36bf9781eee746a5ae95d1c5e8f079,bet2026-ensemble-033,UNASSESSED,,
kflow-022140,completed,completed,PacificCommunity/ofp-sam-bet-2026-ensemble,0fab5a47df6a1c6ca9a512c4da830d5f2460a726,bet-2026-ensemble-tau2,a-736de44367ca83f4e4507a8efcdad0ca3105476ec448b6b2ac991015e3d76d34,bet2026-ensemble-033,UNASSESSED,./outputs/models/ensemble-068/doitall.sh,
kflow-022141,completed,completed,PacificCommunity/ofp-sam-bet-2026-ensemble,0fab5a47df6a1c6ca9a512c4da830d5f2460a726,bet-2026-ensemble-tau2,a-ed9bdff57030226259e0ae4d5bbc7b8f0d6ea1e95ac0b75a3ba5c9ebb50e63fc,bet2026-ensemble-033,UNASSESSED,./outputs/models/ensemble-070/doitall.sh,
kflow-022142,completed,completed,PacificCommunity/ofp-sam-bet-2026-ensemble,0fab5a47df6a1c6ca9a512c4da830d5f2460a726,bet-2026-ensemble-tau2,a-5836a56ecd8c6fad285d6cf7040f34120a7a2d11f25efdee70724326a17fa252,bet2026-ensemble-033,UNASSESSED,./outputs/models/ensemble-069/doitall.sh,
kflow-022143,completed,completed,PacificCommunity/ofp-sam-bet-2026-ensemble,0fab5a47df6a1c6ca9a512c4da830d5f2460a726,bet-2026-ensemble-tau2,a-b2d50bb76db0079e1376e7d4201b2f6280436bf7b22517f1203de6dc6f685a46,bet2026-ensemble-033,UNASSESSED,./outputs/models/ensemble-071/doitall.sh,
kflow-022144,completed,completed,PacificCommunity/ofp-sam-bet-2026-ensemble,0fab5a47df6a1c6ca9a512c4da830d5f2460a726,bet-2026-ensemble-tau2,a-9bdbc391040ab27100e3f8813a08d07d1e81924387915647d062be54d12b08c3,bet2026-ensemble-033,UNASSESSED,./outputs/models/ensemble-072/doitall.sh,
kflow-022145,failed,failed,PacificCommunity/ofp-sam-bet-2026-ensemble,0fab5a47df6a1c6ca9a512c4da830d5f2460a726,bet-2026-ensemble-tau2,a-684e064b1a037b636fef1f8bda76822114c15ac7a8d241d4e33412dd2222891d,bet2026-ensemble-049,UNASSESSED,,
kflow-022146,completed,completed,PacificCommunity/ofp-sam-bet-2026-ensemble,0fab5a47df6a1c6ca9a512c4da830d5f2460a726,bet-2026-ensemble-tau2,a-475ba5117bb2032cdb4690f9f255ce283a8784afcff0790763be0600a22acead,bet2026-ensemble-033,UNASSESSED,./outputs/models/ensemble-074/doitall.sh,
kflow-022147,completed,completed,PacificCommunity/ofp-sam-bet-2026-ensemble,0fab5a47df6a1c6ca9a512c4da830d5f2460a726,bet-2026-ensemble-tau2,a-f6241e8fdfce9ab0b8ebe9fb7e8955b7ff8bbda4573883aa3aab0d8f53ff32ba,bet2026-ensemble-033,UNASSESSED,./outputs/models/ensemble-075/doitall.sh,
kflow-022148,completed,completed,PacificCommunity/ofp-sam-bet-2026-ensemble,0fab5a47df6a1c6ca9a512c4da830d5f2460a726,bet-2026-ensemble-tau2,a-e9d2f2bc45fa5b334382d782e1ef4f1ce303882aafe8cc969b8ff6fb58cecec6,bet2026-ensemble-034,UNASSESSED,./outputs/models/ensemble-076/doitall.sh,
kflow-022149,failed,failed,PacificCommunity/ofp-sam-bet-2026-ensemble,0fab5a47df6a1c6ca9a512c4da830d5f2460a726,bet-2026-ensemble-tau2,a-131f9189707d62bb8cde0b8f54492d2d89e7cbbfe3b8d2c64dc443cbf4afc2ba,bet2026-ensemble-034,UNASSESSED,,
kflow-022150,completed,completed,PacificCommunity/ofp-sam-bet-2026-ensemble,0fab5a47df6a1c6ca9a512c4da830d5f2460a726,bet-2026-ensemble-tau2,a-f31b34a66a6ed4fd7036510e895b32d4cbea43fb604720e7051f04b754b6f695,bet2026-ensemble-034,UNASSESSED,./outputs/models/ensemble-079/doitall.sh,
kflow-022151,failed,failed,PacificCommunity/ofp-sam-bet-2026-ensemble,0fab5a47df6a1c6ca9a512c4da830d5f2460a726,bet-2026-ensemble-tau2,a-bb60a77f362ae17318ccc4151d0d86c2ff13033626f34c988fd1f2bf91688b57,bet2026-ensemble-049,UNASSESSED,,
kflow-022152,completed,completed,PacificCommunity/ofp-sam-bet-2026-ensemble,0fab5a47df6a1c6ca9a512c4da830d5f2460a726,bet-2026-ensemble-tau2,a-b51e26e52ccfdcaf97faab3ee90505e67fbc62bd2cfd5686240d3895fe8864eb,bet2026-ensemble-034,UNASSESSED,./outputs/models/ensemble-080/doitall.sh,
kflow-022153,failed,failed,PacificCommunity/ofp-sam-bet-2026-ensemble,0fab5a47df6a1c6ca9a512c4da830d5f2460a726,bet-2026-ensemble-tau2,a-91ba90a394088dbb897bed8ac080ff7cc26cdcdb3434dfafdc2bc4f7bd0cb98e,bet2026-ensemble-034,UNASSESSED,,
kflow-022154,failed,failed,PacificCommunity/ofp-sam-bet-2026-ensemble,0fab5a47df6a1c6ca9a512c4da830d5f2460a726,bet-2026-ensemble-tau2,a-c5615704e8b2c5af6b8bd24282ad06c5095294667c3eab194153367977c01b4b,bet2026-ensemble-049,UNASSESSED,,
kflow-022155,completed,completed,PacificCommunity/ofp-sam-bet-2026-ensemble,0fab5a47df6a1c6ca9a512c4da830d5f2460a726,bet-2026-ensemble-tau2,a-5e2ebef7fa66fd9388cb6287cb377f20a7d9da7cf802d4c9e0e73ee8067df1ed,bet2026-ensemble-034,UNASSESSED,./outputs/models/ensemble-083/doitall.sh,
kflow-022156,completed,completed,PacificCommunity/ofp-sam-bet-2026-ensemble,0fab5a47df6a1c6ca9a512c4da830d5f2460a726,bet-2026-ensemble-tau2,a-5ec5082f476f7b3349eaac4b8a25e6c938e2ee906887515b6d5cb83e4fb07b93,bet2026-ensemble-034,UNASSESSED,./outputs/models/ensemble-084/doitall.sh,
kflow-022157,completed,completed,PacificCommunity/ofp-sam-bet-2026-ensemble,0fab5a47df6a1c6ca9a512c4da830d5f2460a726,bet-2026-ensemble-tau2,a-dfe7d3747b538dfd2f80993ee121024326eefb4a2e7dec324a759aa5e66aca2c,bet2026-ensemble-034,UNASSESSED,./outputs/models/ensemble-085/doitall.sh,
kflow-022158,completed,completed,PacificCommunity/ofp-sam-bet-2026-ensemble,0fab5a47df6a1c6ca9a512c4da830d5f2460a726,bet-2026-ensemble-tau2,a-9b2da1f20b9ced52787d3e9c5101d2ab1fbba624e4b06b7569c9c879372ea24b,bet2026-ensemble-034,UNASSESSED,./outputs/models/ensemble-086/doitall.sh,
kflow-022159,failed,failed,PacificCommunity/ofp-sam-bet-2026-ensemble,0fab5a47df6a1c6ca9a512c4da830d5f2460a726,bet-2026-ensemble-tau2,a-742d4c84e099151d60928f5c72c949e49facc5d91f6e5d31725c76fa5ca20421,bet2026-ensemble-034,UNASSESSED,,
kflow-022160,completed,completed,PacificCommunity/ofp-sam-bet-2026-ensemble,0fab5a47df6a1c6ca9a512c4da830d5f2460a726,bet-2026-ensemble-tau2,a-30d6e9f2b0230bec1450b7640fbde5eb534500393f0b194369ff054bcbf6e365,bet2026-ensemble-034,UNASSESSED,./outputs/models/ensemble-088/doitall.sh,
kflow-022161,failed,failed,PacificCommunity/ofp-sam-bet-2026-ensemble,0fab5a47df6a1c6ca9a512c4da830d5f2460a726,bet-2026-ensemble-tau2,a-ecc7f797c962815354d0f39bd34aee91c4e16a8ae173d9bd4457e64e85561ad8,bet2026-ensemble-049,UNASSESSED,,
kflow-022162,completed,completed,PacificCommunity/ofp-sam-bet-2026-ensemble,0fab5a47df6a1c6ca9a512c4da830d5f2460a726,bet-2026-ensemble-tau2,a-f9e6306110b3d0dfd55ee2eed56419d293b516528350f003b23b415aa9695fcc,bet2026-ensemble-034,UNASSESSED,./outputs/models/ensemble-090/doitall.sh,
kflow-022163,completed,completed,PacificCommunity/ofp-sam-bet-2026-ensemble,0fab5a47df6a1c6ca9a512c4da830d5f2460a726,bet-2026-ensemble-tau2,a-3c3b02439abcd3752cbfedbee9c6f571c6b8edd0e185a2603533289b1e7cf42c,bet2026-ensemble-034,UNASSESSED,./outputs/models/ensemble-091/doitall.sh,
kflow-022164,completed,completed,PacificCommunity/ofp-sam-bet-2026-ensemble,0fab5a47df6a1c6ca9a512c4da830d5f2460a726,bet-2026-ensemble-tau2,a-e2ac4a1ca36622375a931431ef1655a0313eb264850c93568e8c3ea9ccd52c2f,bet2026-ensemble-034,UNASSESSED,./outputs/models/ensemble-092/doitall.sh,
kflow-022165,completed,completed,PacificCommunity/ofp-sam-bet-2026-ensemble,0fab5a47df6a1c6ca9a512c4da830d5f2460a726,bet-2026-ensemble-tau2,a-2be4921b34d825a7753aff44eb613fe396258fa7c14d1f30a3b56f298a42e1ab,bet2026-ensemble-034,UNASSESSED,./outputs/models/ensemble-093/doitall.sh,
kflow-022166,completed,completed,PacificCommunity/ofp-sam-bet-2026-ensemble,0fab5a47df6a1c6ca9a512c4da830d5f2460a726,bet-2026-ensemble-tau2,a-fb9a7db7bc8f369fac6cb5a58d54b878bc220a3c4b6fbbf3ca2e80393f618aef,bet2026-ensemble-034,UNASSESSED,./outputs/models/ensemble-094/doitall.sh,
kflow-022167,completed,completed,PacificCommunity/ofp-sam-bet-2026-ensemble,0fab5a47df6a1c6ca9a512c4da830d5f2460a726,bet-2026-ensemble-tau2,a-01fb61289c16f00676db6c03be506a787c13b24f1c8605e4970c00e16cdfc97f,bet2026-ensemble-035,UNASSESSED,./outputs/models/ensemble-095/doitall.sh,
kflow-022168,completed,completed,PacificCommunity/ofp-sam-bet-2026-ensemble,0fab5a47df6a1c6ca9a512c4da830d5f2460a726,bet-2026-ensemble-tau2,a-34aafdd2179958139db8143730dea44e755aea6e0cb2d92e37bea44c930b2fdb,bet2026-ensemble-035,UNASSESSED,./outputs/models/ensemble-096/doitall.sh,
kflow-022169,completed,completed,PacificCommunity/ofp-sam-bet-2026-ensemble,0fab5a47df6a1c6ca9a512c4da830d5f2460a726,bet-2026-ensemble-tau2,a-7c2c8ccf6525916d74cf74196f765264032196f984e8313d43db42f070302b5e,bet2026-ensemble-035,UNASSESSED,./outputs/models/ensemble-097/doitall.sh,
kflow-022170,completed,completed,PacificCommunity/ofp-sam-bet-2026-ensemble,0fab5a47df6a1c6ca9a512c4da830d5f2460a726,bet-2026-ensemble-tau2,a-038ca319a5db41310c6af9ab8c4c48879369f2c70c16601eea2282538160b8aa,bet2026-ensemble-035,UNASSESSED,./outputs/models/ensemble-098/doitall.sh,
kflow-022171,completed,completed,PacificCommunity/ofp-sam-bet-2026-ensemble,0fab5a47df6a1c6ca9a512c4da830d5f2460a726,bet-2026-ensemble-tau2,a-588a3517597fdaeb49eb4346a6c87954b6f5689f2f7e69c670722ae94e536049,bet2026-ensemble-035,UNASSESSED,./outputs/models/ensemble-099/doitall.sh,
kflow-022172,failed,failed,PacificCommunity/ofp-sam-bet-2026-ensemble,0fab5a47df6a1c6ca9a512c4da830d5f2460a726,bet-2026-ensemble-tau2,a-24c4e9f7d78be3bce12de1ca53de96ca300afb22807ba7e0a75a1ebfd04c2b27,bet2026-ensemble-035,UNASSESSED,,
kflow-022179,completed,completed,PacificCommunity/ofp-sam-bet-2026-sensitivity,63267b676538c601a19f60a38cf2a179a30e4f20,BET-2026-sensitivity-tau2,a-238d1a11a01b29253b3578b1d03cd7475f6ed74dcb60a12a49fa879d363ae2d4,bet2026-sensitivity-006,./outputs/models/tau-1.8/final.par,./outputs/models/tau-1.8/doitall.sh,
kflow-022180,completed,completed,PacificCommunity/ofp-sam-bet-2026-sensitivity,63267b676538c601a19f60a38cf2a179a30e4f20,BET-2026-sensitivity-tau2,a-e344e302291a68758598f5cdde3671bac175df7485d606f23f75882258459c6a,bet2026-sensitivity-007,./outputs/models/steepness-0.95/final.par,./outputs/models/steepness-0.95/doitall.sh,
kflow-022181,completed,completed,PacificCommunity/ofp-sam-bet-2026-sensitivity,63267b676538c601a19f60a38cf2a179a30e4f20,BET-2026-sensitivity-tau2,a-3d14e5d8a57e064e4b79d0661157bb87ee6ee501a8fbea28bd8ae343e5f2fa2b,bet2026-sensitivity-007,./outputs/models/tau-1.006738/final.par,./outputs/models/tau-1.006738/doitall.sh,
kflow-022182,completed,completed,PacificCommunity/ofp-sam-bet-2026-sensitivity,63267b676538c601a19f60a38cf2a179a30e4f20,BET-2026-sensitivity-tau2,a-1160269090cad84a7aa598cd19b0e0e24491c511b823dd2993c9dc8d453d5bbc,bet2026-sensitivity-007,./outputs/models/caal-0.5-sub-basin/final.par,./outputs/models/caal-0.5-sub-basin/doitall.sh,
kflow-022183,completed,completed,PacificCommunity/ofp-sam-bet-2026-sensitivity,63267b676538c601a19f60a38cf2a179a30e4f20,BET-2026-sensitivity-tau2,a-08ad1697dde48bd914acc899fff13708321e1dcd2880f82f432780fed217e1e8,bet2026-sensitivity-007,./outputs/models/steepness-0.80/final.par,./outputs/models/steepness-0.80/doitall.sh,
kflow-022184,completed,completed,PacificCommunity/ofp-sam-bet-2026-sensitivity,63267b676538c601a19f60a38cf2a179a30e4f20,BET-2026-sensitivity-tau2,a-c61b4c43cc45a1274a1ff0462c1a999d0169bec87af8279d36fd9e093bd37fb2,bet2026-sensitivity-007,./outputs/models/tau-1.2/final.par,./outputs/models/tau-1.2/doitall.sh,
kflow-022185,completed,completed,PacificCommunity/ofp-sam-bet-2026-sensitivity,63267b676538c601a19f60a38cf2a179a30e4f20,BET-2026-sensitivity-tau2,a-9f8cdecf25a1adebf1457b6b1b257d890c381413e16e1bbd78b649773906082a,bet2026-sensitivity-007,./outputs/models/steepness-0.65/final.par,./outputs/models/steepness-0.65/doitall.sh,
kflow-022186,completed,completed,PacificCommunity/ofp-sam-bet-2026-sensitivity,63267b676538c601a19f60a38cf2a179a30e4f20,BET-2026-sensitivity-tau2,a-bc3cf6ec852d555b9dc7580848fe3e2e7295e5a09ac3d5c4d9e94f0703482480,bet2026-sensitivity-007,./outputs/models/tau-1.4/final.par,./outputs/models/tau-1.4/doitall.sh,
kflow-022187,completed,completed,PacificCommunity/ofp-sam-bet-2026-sensitivity,63267b676538c601a19f60a38cf2a179a30e4f20,BET-2026-sensitivity-tau2,a-b7e38d11d31c990800298af79a000cec82b74c3792f0b2cd04cd60c6f3fa5b09,bet2026-sensitivity-007,./outputs/models/tag-mixing-k-0.3/final.par,./outputs/models/tag-mixing-k-0.3/doitall.sh,
kflow-022188,completed,completed,PacificCommunity/ofp-sam-bet-2026-sensitivity,63267b676538c601a19f60a38cf2a179a30e4f20,BET-2026-sensitivity-tau2,a-a1cc3d30082cf8199ffad455c763b3de3d64928f711fe16caeb6dad1b5cb4f90,bet2026-sensitivity-007,./outputs/models/tau-1.6/final.par,./outputs/models/tau-1.6/doitall.sh,
kflow-022189,completed,completed,PacificCommunity/ofp-sam-bet-2026-sensitivity,63267b676538c601a19f60a38cf2a179a30e4f20,BET-2026-sensitivity-tau2,a-10fd86608137991b8ec9c119f5eed98b0e17094d63caa82e18fec502b80ce9b0,bet2026-sensitivity-007,./outputs/models/tag-mixing-k-0.1/final.par,./outputs/models/tag-mixing-k-0.1/doitall.sh,
kflow-022190,completed,completed,PacificCommunity/ofp-sam-bet-2026-sensitivity,63267b676538c601a19f60a38cf2a179a30e4f20,BET-2026-sensitivity-tau2,a-1f534edb185f339bf4af1c77c671c7c1d3d619aec1622123c0cffc635a0384ae,bet2026-sensitivity-007,./outputs/models/lorenzen-m-scalar-0.062/final.par,./outputs/models/lorenzen-m-scalar-0.062/doitall.sh,
kflow-022191,completed,completed,PacificCommunity/ofp-sam-bet-2026-sensitivity,63267b676538c601a19f60a38cf2a179a30e4f20,BET-2026-sensitivity-tau2,a-a92c6451cc5fccc823d8f998a5743fb13ad23ca0affe4329d4bf94427645b515,bet2026-sensitivity-007,./outputs/models/lorenzen-m-scalar-0.1/final.par,./outputs/models/lorenzen-m-scalar-0.1/doitall.sh,
kflow-022192,completed,completed,PacificCommunity/ofp-sam-bet-2026-sensitivity,63267b676538c601a19f60a38cf2a179a30e4f20,BET-2026-sensitivity-tau2,a-d1cd9d944e5ecdf2576714cd5dfdcee0e106deab4ffd990dd39d5229053db72e,bet2026-sensitivity-007,./outputs/models/effort-creep-high/final.par,./outputs/models/effort-creep-high/doitall.sh,
kflow-022193,completed,completed,PacificCommunity/ofp-sam-bet-2026-sensitivity,63267b676538c601a19f60a38cf2a179a30e4f20,BET-2026-sensitivity-tau2,a-12527fbc82865b54dcf7b61632cf3c5e8dd6718309fa8a3bd5a11ddc0a7d42b7,bet2026-sensitivity-008,./outputs/models/pre-mixing-tag-reporting-inclusion/final.par,./outputs/models/pre-mixing-tag-reporting-inclusion/doitall.sh,
kflow-022194,completed,completed,PacificCommunity/ofp-sam-bet-2026-sensitivity,63267b676538c601a19f60a38cf2a179a30e4f20,BET-2026-sensitivity-tau2,a-7ababb14d2019a87446a947998b5e3b95f882befe158d59c13906a92d58945ed,bet2026-sensitivity-008,./outputs/models/caal-1.0-sub-basin/final.par,./outputs/models/caal-1.0-sub-basin/doitall.sh,
kflow-022195,completed,completed,PacificCommunity/ofp-sam-bet-2026-sensitivity,63267b676538c601a19f60a38cf2a179a30e4f20,BET-2026-sensitivity-tau2,a-8a60f6e7fe1b4a7dda23512addefdef53bf7b56866291f1992a3b50aa47a0a1b,bet2026-sensitivity-008,./outputs/models/regional-scaling-whole-period/final.par,./outputs/models/regional-scaling-whole-period/doitall.sh,
kflow-022196,completed,completed,PacificCommunity/ofp-sam-bet-2026-checks,7e347ab72b9b692fee5252369fd5a81e355d8e90,ofp-sam-bet-2026-job21641-hessian-merge,a-25f31626c9eda3de51b00c4aaec40baaab6a13f1f7d03fc4eea89c9f0141d3e6,bet2026-checks-001,UNASSESSED,./outputs/models/S0.90-F2-tau2-fixed/doitall.sh;./outputs/checks/hessian/S0.90-F2-tau2-fixed/doitall.sh,
kflow-022197,completed,completed,PacificCommunity/ofp-sam-bet-2026-diagnostic,0d6db041478a582d44577d14915048d3ee60866b,ofp-sam-bet-2026-diagnostic-report,a-1323c12622f56f4d7d104fd44667e1d6238801b9457b1b0e2dddabe4890286c5,bet2026-diagnostic-003,UNASSESSED,,
kflow-022198,completed,completed,PacificCommunity/ofp-sam-bet-2026-stepwise,2cfa1e61727d83a34315e46575b071316e132962,bet-2026-final-stepwise-diagnostic-04aug,a-ee493ab6789cedd2ca0f67602a4e8a3f819602a4a2d1a012b13b300d193ce207,bet2026-stepwise-016,stepwise/job-022198/20-Tau2Fixed/final.par,./outputs/models/20-Tau2Fixed/mfcl-inputs/doitall.sh,
kflow-022199,completed,completed,PacificCommunity/ofp-sam-bet-2026-stepwise,2cfa1e61727d83a34315e46575b071316e132962,bet-2026-final-stepwise-diagnostic-04aug,a-334bb3973b0091f050d0b6b8bed3980b690b89ca327c31f7f6d4ee5e84575221,bet2026-stepwise-016,stepwise/job-022199/21-F33WeakPenalty/final.par,./outputs/models/21-F33WeakPenalty/mfcl-inputs/doitall.sh,
kflow-022200,failed,failed,PacificCommunity/ofp-sam-bet-2026-stepwise,2cfa1e61727d83a34315e46575b071316e132962,bet-2026-final-stepwise-diagnostic-04aug,a-2c779903052381fe7b1b71ce962cbcc39f35862490262e47b6da07a64f7c4252,bet2026-stepwise-016,UNASSESSED,,
kflow-022201,completed,completed,PacificCommunity/ofp-sam-bet-2026-stepwise,73d6d79f4fd40b2d399fb833a067e8c61356d56d,bet-2026-final-stepwise-diagnostic-04aug,a-2916deeca17bb4850204e6d41d6a2c8abdee112acbf099857fbf89935e0a7e01,bet2026-stepwise-016,UNASSESSED,./outputs/models/19b-Job19835Seed23/mfcl-inputs/doitall.sh,
kflow-022500,completed,completed,PacificCommunity/ofp-sam-bet-2026-ensemble,24483e3c3a36cddb511fc85454b81a218e1c46e7,bet-2026-ensemble-tau,a-6bd1e06e23f7e199a2c7ff760555906186992f3e9c0202eb7a7591b27f1cb1fe,bet2026-ensemble-035,UNASSESSED,./outputs/models/ensemble-003/doitall.sh,
kflow-022501,completed,completed,PacificCommunity/ofp-sam-bet-2026-ensemble,24483e3c3a36cddb511fc85454b81a218e1c46e7,bet-2026-ensemble-tau,a-2f4e93a5098e4ff438bfb955032a7b346302f4bcbf756e90748f9587994996f8,bet2026-ensemble-035,./outputs/models/ensemble-001/final.par,./outputs/models/ensemble-001/doitall.sh,
kflow-022502,completed,completed,PacificCommunity/ofp-sam-bet-2026-ensemble,24483e3c3a36cddb511fc85454b81a218e1c46e7,bet-2026-ensemble-tau,a-3ba0eb631cdec8ce67647996141b6ec0982fdf8591200c9f2d5a9e94747479c5,bet2026-ensemble-035,./outputs/models/ensemble-009/final.par,./outputs/models/ensemble-009/doitall.sh,
kflow-022503,completed,completed,PacificCommunity/ofp-sam-bet-2026-ensemble,24483e3c3a36cddb511fc85454b81a218e1c46e7,bet-2026-ensemble-tau,a-3dbb4af73c4c60fcf7c07888a9606daeb722d8803f45460f9ff7304946d6ee2b,bet2026-ensemble-035,./outputs/models/ensemble-006/final.par,./outputs/models/ensemble-006/doitall.sh,
kflow-022504,completed,completed,PacificCommunity/ofp-sam-bet-2026-ensemble,24483e3c3a36cddb511fc85454b81a218e1c46e7,bet-2026-ensemble-tau,a-530bb74609fa53497d5965cc0f612b3cb185f0ae8fd60eeaa7d607ebe5f29d1c,bet2026-ensemble-035,./outputs/models/ensemble-011/final.par,./outputs/models/ensemble-011/doitall.sh,
kflow-022505,completed,completed,PacificCommunity/ofp-sam-bet-2026-ensemble,24483e3c3a36cddb511fc85454b81a218e1c46e7,bet-2026-ensemble-tau,a-a28d5148aae96110f5ed8eb2454e2c5715a99a0e8d296638b9a246d2cc262d73,bet2026-ensemble-035,./outputs/models/ensemble-005/final.par,./outputs/models/ensemble-005/doitall.sh,
kflow-022506,completed,completed,PacificCommunity/ofp-sam-bet-2026-ensemble,24483e3c3a36cddb511fc85454b81a218e1c46e7,bet-2026-ensemble-tau,a-82381a46bf3aa0968d97abbf561c1c6d3aa822f22603adde62ebc6f27be705a7,bet2026-ensemble-035,./outputs/models/ensemble-008/final.par,./outputs/models/ensemble-008/doitall.sh,
kflow-022507,completed,completed,PacificCommunity/ofp-sam-bet-2026-ensemble,24483e3c3a36cddb511fc85454b81a218e1c46e7,bet-2026-ensemble-tau,a-5e3f1208153c3d981e0ac6965fd3b381304b97da2c552aeab11ddf0913227f73,bet2026-ensemble-035,./outputs/models/ensemble-002/final.par,./outputs/models/ensemble-002/doitall.sh,
kflow-022508,completed,completed,PacificCommunity/ofp-sam-bet-2026-ensemble,24483e3c3a36cddb511fc85454b81a218e1c46e7,bet-2026-ensemble-tau,a-5c1b8f32fbab0ae4592800c68870da9c7351c18f503b5da55ed4d23a87552a6a,bet2026-ensemble-036,./outputs/models/ensemble-012/final.par,./outputs/models/ensemble-012/doitall.sh,
kflow-022509,completed,completed,PacificCommunity/ofp-sam-bet-2026-ensemble,24483e3c3a36cddb511fc85454b81a218e1c46e7,bet-2026-ensemble-tau,a-5ecb4b626ac5f3aafc6686ffaff23782150813765f73b96b7764d55230abd5f8,bet2026-ensemble-036,UNASSESSED,./outputs/models/ensemble-016/doitall.sh,
kflow-022510,completed,completed,PacificCommunity/ofp-sam-bet-2026-ensemble,24483e3c3a36cddb511fc85454b81a218e1c46e7,bet-2026-ensemble-tau,a-9cfd7cbfef8b489cde76e96c5f780e0b7430312900f72bcf862ce03a18ef45c1,bet2026-ensemble-036,./outputs/models/ensemble-007/final.par,./outputs/models/ensemble-007/doitall.sh,
kflow-022511,completed,completed,PacificCommunity/ofp-sam-bet-2026-ensemble,24483e3c3a36cddb511fc85454b81a218e1c46e7,bet-2026-ensemble-tau,a-091a6bcd27fd2448eae465f00770ac3f0d1f6cd7efaf0de0ef938ebe17cdaf36,bet2026-ensemble-036,./outputs/models/ensemble-004/final.par,./outputs/models/ensemble-004/doitall.sh,
kflow-022512,completed,completed,PacificCommunity/ofp-sam-bet-2026-ensemble,24483e3c3a36cddb511fc85454b81a218e1c46e7,bet-2026-ensemble-tau,a-86171c07c9f3c2bab45780ac92a2e5fe76ca7cf2aca508486ff316d6dd08ed2c,bet2026-ensemble-036,./outputs/models/ensemble-010/final.par,./outputs/models/ensemble-010/doitall.sh,
kflow-022513,completed,completed,PacificCommunity/ofp-sam-bet-2026-ensemble,24483e3c3a36cddb511fc85454b81a218e1c46e7,bet-2026-ensemble-tau,a-2877dde4d51dc61673c5e17ac078e80715899137074faae463c2f9c7ca92c14c,bet2026-ensemble-036,UNASSESSED,./outputs/models/ensemble-017/doitall.sh,
kflow-022514,completed,completed,PacificCommunity/ofp-sam-bet-2026-ensemble,24483e3c3a36cddb511fc85454b81a218e1c46e7,bet-2026-ensemble-tau,a-edd67d6f68ad1b0a6dc598736add6c0fc77e5c598721ce60e0c2d0aa2f09b76c,bet2026-ensemble-036,./outputs/models/ensemble-015/final.par,./outputs/models/ensemble-015/doitall.sh,
kflow-022515,completed,completed,PacificCommunity/ofp-sam-bet-2026-ensemble,24483e3c3a36cddb511fc85454b81a218e1c46e7,bet-2026-ensemble-tau,a-823c28f6d617a883006dfe108e7db744ba5a137a17130a9aa3531257c3c2f791,bet2026-ensemble-036,./outputs/models/ensemble-014/final.par,./outputs/models/ensemble-014/doitall.sh,
kflow-022516,failed,failed,PacificCommunity/ofp-sam-bet-2026-ensemble,24483e3c3a36cddb511fc85454b81a218e1c46e7,bet-2026-ensemble-tau,a-9f1c1535b464850abb64dbb950a4b6dbc464b79d1a6ef87b9829a12b45179f10,bet2026-ensemble-036,UNASSESSED,,
kflow-022517,completed,completed,PacificCommunity/ofp-sam-bet-2026-ensemble,24483e3c3a36cddb511fc85454b81a218e1c46e7,bet-2026-ensemble-tau,a-6f51ce4708e73ebd381644ea67bca3458ca46c5a28daa6a84991ad52e381ddfe,bet2026-ensemble-036,./outputs/models/ensemble-019/final.par,./outputs/models/ensemble-019/doitall.sh,
kflow-022518,completed,completed,PacificCommunity/ofp-sam-bet-2026-ensemble,24483e3c3a36cddb511fc85454b81a218e1c46e7,bet-2026-ensemble-tau,a-7ee7ba3aebeb560b5df9e123d111b30a834dc6ee5d6f78f011fd22280f1a9ea8,bet2026-ensemble-036,./outputs/models/ensemble-018/final.par,./outputs/models/ensemble-018/doitall.sh,
kflow-022519,completed,completed,PacificCommunity/ofp-sam-bet-2026-ensemble,24483e3c3a36cddb511fc85454b81a218e1c46e7,bet-2026-ensemble-tau,a-7682b8936e4f1b876e8b03c567a799a9626c733c69157e6643b2ce4e3f495901,bet2026-ensemble-036,UNASSESSED,./outputs/models/ensemble-020/doitall.sh,
kflow-022520,completed,completed,PacificCommunity/ofp-sam-bet-2026-ensemble,24483e3c3a36cddb511fc85454b81a218e1c46e7,bet-2026-ensemble-tau,a-064c7510b6d34561849565a7e636e3753920745cfc968bae8a4059bf878e8d3a,bet2026-ensemble-036,./outputs/models/ensemble-021/final.par,./outputs/models/ensemble-021/doitall.sh,
kflow-022521,completed,completed,PacificCommunity/ofp-sam-bet-2026-ensemble,24483e3c3a36cddb511fc85454b81a218e1c46e7,bet-2026-ensemble-tau,a-115d7e27f42c8ebc2a045956071a75801f628140715f7c6b51893aaeb32e46c2,bet2026-ensemble-036,./outputs/models/ensemble-022/final.par,./outputs/models/ensemble-022/doitall.sh,
kflow-022522,completed,completed,PacificCommunity/ofp-sam-bet-2026-ensemble,24483e3c3a36cddb511fc85454b81a218e1c46e7,bet-2026-ensemble-tau,a-bd0ce2904ca0491522d4011e81cece1b1c4863990b41e7bb44b721e3300c3aed,bet2026-ensemble-037,./outputs/models/ensemble-023/final.par,./outputs/models/ensemble-023/doitall.sh,
kflow-022523,completed,completed,PacificCommunity/ofp-sam-bet-2026-ensemble,24483e3c3a36cddb511fc85454b81a218e1c46e7,bet-2026-ensemble-tau,a-1b7abe534da798bbadfc19d935f93e30d70bb595f261a5f0ef9746083494ac60,bet2026-ensemble-037,./outputs/models/ensemble-024/final.par,./outputs/models/ensemble-024/doitall.sh,
kflow-022524,completed,completed,PacificCommunity/ofp-sam-bet-2026-ensemble,24483e3c3a36cddb511fc85454b81a218e1c46e7,bet-2026-ensemble-tau,a-7d302e8029a73ecdae575efb6cb0a6e850348375c71067cb4b523f6cae05735b,bet2026-ensemble-037,./outputs/models/ensemble-025/final.par,./outputs/models/ensemble-025/doitall.sh,
kflow-022525,failed,failed,PacificCommunity/ofp-sam-bet-2026-ensemble,24483e3c3a36cddb511fc85454b81a218e1c46e7,bet-2026-ensemble-tau,a-45b0ebffd786addca3381ab4761f0a8f08b7a0d662ac15830ae1a421eaba14f1,bet2026-ensemble-037,UNASSESSED,,
kflow-022526,completed,completed,PacificCommunity/ofp-sam-bet-2026-ensemble,24483e3c3a36cddb511fc85454b81a218e1c46e7,bet-2026-ensemble-tau,a-15e1eba603716027e825c23d83a402f71890def580abe074c15131527cef414b,bet2026-ensemble-037,./outputs/models/ensemble-027/final.par,./outputs/models/ensemble-027/doitall.sh,
kflow-022527,failed,failed,PacificCommunity/ofp-sam-bet-2026-ensemble,24483e3c3a36cddb511fc85454b81a218e1c46e7,bet-2026-ensemble-tau,a-3744810fd09de9bd1ea5d09cc1bec20783a408c71c810c93950a6d5793a64d65,bet2026-ensemble-037,UNASSESSED,,
kflow-022528,completed,completed,PacificCommunity/ofp-sam-bet-2026-ensemble,24483e3c3a36cddb511fc85454b81a218e1c46e7,bet-2026-ensemble-tau,a-f5c975d87e90e7c82a072889cc9a1bf15fce70c68fd51b43f6071e15fc9105f8,bet2026-ensemble-037,./outputs/models/ensemble-029/final.par,./outputs/models/ensemble-029/doitall.sh,
kflow-022529,completed,completed,PacificCommunity/ofp-sam-bet-2026-ensemble,24483e3c3a36cddb511fc85454b81a218e1c46e7,bet-2026-ensemble-tau,a-490627c462e4cf70e6be87241e70e780546c61cee1bed2e3382cf53b1f5469f2,bet2026-ensemble-037,./outputs/models/ensemble-030/final.par,./outputs/models/ensemble-030/doitall.sh,
kflow-022530,completed,completed,PacificCommunity/ofp-sam-bet-2026-ensemble,24483e3c3a36cddb511fc85454b81a218e1c46e7,bet-2026-ensemble-tau,a-39fce0a549877f897caa567b29156e589eb60ec28967a356930d957ddef95366,bet2026-ensemble-037,./outputs/models/ensemble-031/final.par,./outputs/models/ensemble-031/doitall.sh,
kflow-022531,completed,completed,PacificCommunity/ofp-sam-bet-2026-ensemble,24483e3c3a36cddb511fc85454b81a218e1c46e7,bet-2026-ensemble-tau,a-9d0102a0340dc4567aa31f5a2e39ac590ebc05a531be6c24375b0a8fa4df114c,bet2026-ensemble-037,./outputs/models/ensemble-032/final.par,./outputs/models/ensemble-032/doitall.sh,
kflow-022532,completed,completed,PacificCommunity/ofp-sam-bet-2026-ensemble,24483e3c3a36cddb511fc85454b81a218e1c46e7,bet-2026-ensemble-tau,a-28765be3ae10827377f366831e99c85098e50f69bb780ab4e2e98f60e2ba5a85,bet2026-ensemble-037,./outputs/models/ensemble-033/final.par,./outputs/models/ensemble-033/doitall.sh,
kflow-022533,completed,completed,PacificCommunity/ofp-sam-bet-2026-ensemble,24483e3c3a36cddb511fc85454b81a218e1c46e7,bet-2026-ensemble-tau,a-f5750fd14f8e861f3c7670c3656af151f9d16fb9e07f802f777b07111f6647dc,bet2026-ensemble-037,./outputs/models/ensemble-034/final.par,./outputs/models/ensemble-034/doitall.sh,
kflow-022534,completed,completed,PacificCommunity/ofp-sam-bet-2026-ensemble,24483e3c3a36cddb511fc85454b81a218e1c46e7,bet-2026-ensemble-tau,a-067eb313eca7693676eacc20cf689967496828ddab42b3c92927a18228521b95,bet2026-ensemble-037,./outputs/models/ensemble-035/final.par,./outputs/models/ensemble-035/doitall.sh,
kflow-022535,completed,completed,PacificCommunity/ofp-sam-bet-2026-ensemble,24483e3c3a36cddb511fc85454b81a218e1c46e7,bet-2026-ensemble-tau,a-d76f7d4ed0c4e412b70c600b51381d1218405ac0dad75e77d01b05ad27bc2aff,bet2026-ensemble-037,./outputs/models/ensemble-036/final.par,./outputs/models/ensemble-036/doitall.sh,
kflow-022536,completed,completed,PacificCommunity/ofp-sam-bet-2026-ensemble,24483e3c3a36cddb511fc85454b81a218e1c46e7,bet-2026-ensemble-tau,a-72e9c38197f665273482398326fc3d3584732681e75a8e7aa019a7051c3032f6,bet2026-ensemble-037,UNASSESSED,./outputs/models/ensemble-037/doitall.sh,
kflow-022537,completed,completed,PacificCommunity/ofp-sam-bet-2026-ensemble,24483e3c3a36cddb511fc85454b81a218e1c46e7,bet-2026-ensemble-tau,a-b67cffc4748ec123e855352547ce05fe602900f84f27d331899fb1894b844ab8,bet2026-ensemble-038,./outputs/models/ensemble-038/final.par,./outputs/models/ensemble-038/doitall.sh,
kflow-022538,completed,completed,PacificCommunity/ofp-sam-bet-2026-ensemble,24483e3c3a36cddb511fc85454b81a218e1c46e7,bet-2026-ensemble-tau,a-69b855da9bc012136bf22e7d1bc06f44e1df5b09048b283d357809abe69de451,bet2026-ensemble-038,./outputs/models/ensemble-039/final.par,./outputs/models/ensemble-039/doitall.sh,
kflow-022539,completed,completed,PacificCommunity/ofp-sam-bet-2026-ensemble,24483e3c3a36cddb511fc85454b81a218e1c46e7,bet-2026-ensemble-tau,a-675c17246c3f5473477e7c2eaa278f2cd5d6c5c24650e9f496cea032eb84bff5,bet2026-ensemble-038,./outputs/models/ensemble-040/final.par,./outputs/models/ensemble-040/doitall.sh,
kflow-022540,completed,completed,PacificCommunity/ofp-sam-bet-2026-ensemble,24483e3c3a36cddb511fc85454b81a218e1c46e7,bet-2026-ensemble-tau,a-b9c9959cfb7f3b444054707ada872ddc7f12faf76c1e68b5fc5a2151d2d62d2e,bet2026-ensemble-038,./outputs/models/ensemble-041/final.par,./outputs/models/ensemble-041/doitall.sh,
kflow-022541,completed,completed,PacificCommunity/ofp-sam-bet-2026-ensemble,24483e3c3a36cddb511fc85454b81a218e1c46e7,bet-2026-ensemble-tau,a-60e6936f955b7b95e0b32073e6f59f8598e87e76f1c662a0b167b287c1456019,bet2026-ensemble-038,./outputs/models/ensemble-042/final.par,./outputs/models/ensemble-042/doitall.sh,
kflow-022542,completed,completed,PacificCommunity/ofp-sam-bet-2026-ensemble,24483e3c3a36cddb511fc85454b81a218e1c46e7,bet-2026-ensemble-tau,a-87c5fba4aa2946bfa49c22863c1fe84fa8725523305de093bcef8b766ae432a8,bet2026-ensemble-038,./outputs/models/ensemble-043/final.par,./outputs/models/ensemble-043/doitall.sh,
kflow-022543,completed,completed,PacificCommunity/ofp-sam-bet-2026-ensemble,24483e3c3a36cddb511fc85454b81a218e1c46e7,bet-2026-ensemble-tau,a-02acb3c97d2a7bb1801bf8f0be1c99937ff828193625010c2096c7b05809af6f,bet2026-ensemble-038,./outputs/models/ensemble-044/final.par,./outputs/models/ensemble-044/doitall.sh,
kflow-022544,completed,completed,PacificCommunity/ofp-sam-bet-2026-ensemble,24483e3c3a36cddb511fc85454b81a218e1c46e7,bet-2026-ensemble-tau,a-4051c593ac00d30adba94570f20ce716b05adc8c5b5fc6d129bfa5a2826664af,bet2026-ensemble-038,./outputs/models/ensemble-045/final.par,./outputs/models/ensemble-045/doitall.sh,
kflow-022545,completed,completed,PacificCommunity/ofp-sam-bet-2026-ensemble,24483e3c3a36cddb511fc85454b81a218e1c46e7,bet-2026-ensemble-tau,a-affa1cb3a850201a112651070bdae9a8e013f29186c4f8a0802b6d6c6f866078,bet2026-ensemble-038,./outputs/models/ensemble-046/final.par,./outputs/models/ensemble-046/doitall.sh,
kflow-022546,completed,completed,PacificCommunity/ofp-sam-bet-2026-ensemble,24483e3c3a36cddb511fc85454b81a218e1c46e7,bet-2026-ensemble-tau,a-18e1a81888e3694827a60854accab386311955cf20c71b511ccac082bad2ccfb,bet2026-ensemble-038,./outputs/models/ensemble-047/final.par,./outputs/models/ensemble-047/doitall.sh,
kflow-022547,completed,completed,PacificCommunity/ofp-sam-bet-2026-ensemble,24483e3c3a36cddb511fc85454b81a218e1c46e7,bet-2026-ensemble-tau,a-f67bae5269c4358c669939a50c78b833bfc4ee92599261394d53ba85d73642bc,bet2026-ensemble-038,UNASSESSED,./outputs/models/ensemble-048/doitall.sh,
kflow-022548,completed,completed,PacificCommunity/ofp-sam-bet-2026-ensemble,24483e3c3a36cddb511fc85454b81a218e1c46e7,bet-2026-ensemble-tau,a-18e4a8652b3fb2061afddebcea8805af1175970ef4c1dc973ed7f19711b81e2c,bet2026-ensemble-038,./outputs/models/ensemble-049/final.par,./outputs/models/ensemble-049/doitall.sh,
kflow-022549,completed,completed,PacificCommunity/ofp-sam-bet-2026-ensemble,24483e3c3a36cddb511fc85454b81a218e1c46e7,bet-2026-ensemble-tau,a-fb0cedec86706f1f8dc7b872896b966ff88782fd41de0ca500d54484d1fbd095,bet2026-ensemble-038,./outputs/models/ensemble-050/final.par,./outputs/models/ensemble-050/doitall.sh,
kflow-022550,completed,completed,PacificCommunity/ofp-sam-bet-2026-ensemble,24483e3c3a36cddb511fc85454b81a218e1c46e7,bet-2026-ensemble-tau,a-45fb93a76de50272f4ca9b4078d51a352d53d71dd3e6d93df1d96dc2390c1453,bet2026-ensemble-039,./outputs/models/ensemble-051/final.par,./outputs/models/ensemble-051/doitall.sh,
kflow-022551,completed,completed,PacificCommunity/ofp-sam-bet-2026-ensemble,24483e3c3a36cddb511fc85454b81a218e1c46e7,bet-2026-ensemble-tau,a-684d04a2086970a13a01fdccee9c35258b7fe8bdbaf2081ad485107230e3e4cc,bet2026-ensemble-039,./outputs/models/ensemble-052/final.par,./outputs/models/ensemble-052/doitall.sh,
kflow-022552,completed,completed,PacificCommunity/ofp-sam-bet-2026-ensemble,24483e3c3a36cddb511fc85454b81a218e1c46e7,bet-2026-ensemble-tau,a-c4c1f1b4e85b691d7858a0e47d1b740acb36878a9f5f92ffe680a17155f05cb4,bet2026-ensemble-039,./outputs/models/ensemble-053/final.par,./outputs/models/ensemble-053/doitall.sh,
kflow-022553,completed,completed,PacificCommunity/ofp-sam-bet-2026-ensemble,24483e3c3a36cddb511fc85454b81a218e1c46e7,bet-2026-ensemble-tau,a-72ebd743b006348375a302b4566f360ba4b0f9a37316be54fe03176e3df1812c,bet2026-ensemble-039,./outputs/models/ensemble-054/final.par,./outputs/models/ensemble-054/doitall.sh,
kflow-022554,completed,completed,PacificCommunity/ofp-sam-bet-2026-ensemble,24483e3c3a36cddb511fc85454b81a218e1c46e7,bet-2026-ensemble-tau,a-c191381df6b075810d370fe79b743db88c18f3613e6d149b773c9e368118bc69,bet2026-ensemble-039,./outputs/models/ensemble-055/final.par,./outputs/models/ensemble-055/doitall.sh,
kflow-022555,completed,completed,PacificCommunity/ofp-sam-bet-2026-ensemble,24483e3c3a36cddb511fc85454b81a218e1c46e7,bet-2026-ensemble-tau,a-8f4b6cb6f0dbd0525ff59b66b18707636e7f26cde0114ecf251a2e73f5943a74,bet2026-ensemble-039,./outputs/models/ensemble-056/final.par,./outputs/models/ensemble-056/doitall.sh,
kflow-022556,completed,completed,PacificCommunity/ofp-sam-bet-2026-ensemble,24483e3c3a36cddb511fc85454b81a218e1c46e7,bet-2026-ensemble-tau,a-430cde72dc9f907bef303a8bd68ebbdbbf5bd1b3c76f09289cea18c2395a23cc,bet2026-ensemble-039,./outputs/models/ensemble-057/final.par,./outputs/models/ensemble-057/doitall.sh,
kflow-022557,failed,failed,PacificCommunity/ofp-sam-bet-2026-ensemble,24483e3c3a36cddb511fc85454b81a218e1c46e7,bet-2026-ensemble-tau,a-1941d0b4904d43938943aebd2036b06be8d52767a756033c5f44674469dc757d,bet2026-ensemble-039,UNASSESSED,,
kflow-022558,completed,completed,PacificCommunity/ofp-sam-bet-2026-ensemble,24483e3c3a36cddb511fc85454b81a218e1c46e7,bet-2026-ensemble-tau,a-2b50c13842177989ef270a8c127915b6cbe590212511d52c04fc9e1df992aef5,bet2026-ensemble-039,UNASSESSED,./outputs/models/ensemble-059/doitall.sh,
kflow-022559,failed,failed,PacificCommunity/ofp-sam-bet-2026-ensemble,24483e3c3a36cddb511fc85454b81a218e1c46e7,bet-2026-ensemble-tau,a-ef7397d01c1c0fe016981bcddc8aacca3cfbbd73d99803ff80eeb211758f4c1b,bet2026-ensemble-039,UNASSESSED,,
kflow-022560,failed,failed,PacificCommunity/ofp-sam-bet-2026-ensemble,24483e3c3a36cddb511fc85454b81a218e1c46e7,bet-2026-ensemble-tau,a-911f49ce7092ac548bbfb92818a34a443ae3889e21aa2f44074a6c2744c2e454,bet2026-ensemble-039,UNASSESSED,,
kflow-022561,completed,completed,PacificCommunity/ofp-sam-bet-2026-ensemble,24483e3c3a36cddb511fc85454b81a218e1c46e7,bet-2026-ensemble-tau,a-2365dd04e7a1fc5fc8380b523bb94f4c4d11ef7f753fd14c33893239e2a02357,bet2026-ensemble-039,./outputs/models/ensemble-062/final.par,./outputs/models/ensemble-062/doitall.sh,
kflow-022562,completed,completed,PacificCommunity/ofp-sam-bet-2026-ensemble,24483e3c3a36cddb511fc85454b81a218e1c46e7,bet-2026-ensemble-tau,a-b83b09cb95298d220ccb273460eed8f2d8078f8688e50a8058c63e6e712bfbf0,bet2026-ensemble-039,./outputs/models/ensemble-063/final.par,./outputs/models/ensemble-063/doitall.sh,
kflow-022563,failed,failed,PacificCommunity/ofp-sam-bet-2026-ensemble,24483e3c3a36cddb511fc85454b81a218e1c46e7,bet-2026-ensemble-tau,a-fea699797fa8e67cf0c1effbb380bb6cec437c2d4642e77d0d673069e6d2bd36,bet2026-ensemble-039,UNASSESSED,,
kflow-022564,completed,completed,PacificCommunity/ofp-sam-bet-2026-ensemble,24483e3c3a36cddb511fc85454b81a218e1c46e7,bet-2026-ensemble-tau,a-9cb0bdad7b70f5bc86bd334e21200f7875c5c58e05c5f4ed8dace653ad8fc54b,bet2026-ensemble-039,./outputs/models/ensemble-065/final.par,./outputs/models/ensemble-065/doitall.sh,
kflow-022565,completed,completed,PacificCommunity/ofp-sam-bet-2026-ensemble,24483e3c3a36cddb511fc85454b81a218e1c46e7,bet-2026-ensemble-tau,a-4591e26374d142a1a6c2ab35b90cc898de6e9bb0709d4e90040347c3ab58011b,bet2026-ensemble-039,./outputs/models/ensemble-066/final.par,./outputs/models/ensemble-066/doitall.sh,
kflow-022566,failed,failed,PacificCommunity/ofp-sam-bet-2026-ensemble,24483e3c3a36cddb511fc85454b81a218e1c46e7,bet-2026-ensemble-tau,a-4323689a223b33b4f69a0532a8b534fd03d4f6cb589c1c11aaedd8672cab6c0a,bet2026-ensemble-039,UNASSESSED,,
kflow-022567,completed,completed,PacificCommunity/ofp-sam-bet-2026-ensemble,24483e3c3a36cddb511fc85454b81a218e1c46e7,bet-2026-ensemble-tau,a-338a4a11334512256cf4c1d273f55a3add28d165bb86bc6f1d30d2dc1af73418,bet2026-ensemble-039,./outputs/models/ensemble-068/final.par,./outputs/models/ensemble-068/doitall.sh,
kflow-022568,completed,completed,PacificCommunity/ofp-sam-bet-2026-ensemble,24483e3c3a36cddb511fc85454b81a218e1c46e7,bet-2026-ensemble-tau,a-64cac5629d8f9dfe1d5e88194cf36fb9a7a249fe8f14033cc473f48b3d9a5bc3,bet2026-ensemble-040,./outputs/models/ensemble-069/final.par,./outputs/models/ensemble-069/doitall.sh,
kflow-022569,completed,completed,PacificCommunity/ofp-sam-bet-2026-ensemble,24483e3c3a36cddb511fc85454b81a218e1c46e7,bet-2026-ensemble-tau,a-44752ce165365510dfccd9c685ec8b9a9fdd5d6ab95b67ecf82682299b816be7,bet2026-ensemble-040,./outputs/models/ensemble-070/final.par,./outputs/models/ensemble-070/doitall.sh,
kflow-022570,completed,completed,PacificCommunity/ofp-sam-bet-2026-ensemble,24483e3c3a36cddb511fc85454b81a218e1c46e7,bet-2026-ensemble-tau,a-e0e1906886d277b7f17b060b2decc09998717d490106697b3b770cf336a33986,bet2026-ensemble-040,./outputs/models/ensemble-071/final.par,./outputs/models/ensemble-071/doitall.sh,
kflow-022571,completed,completed,PacificCommunity/ofp-sam-bet-2026-ensemble,24483e3c3a36cddb511fc85454b81a218e1c46e7,bet-2026-ensemble-tau,a-a68c82c745a185a443b3e5b9d04f9ed694048e8c9739a7c9b1f75d909f8736ce,bet2026-ensemble-040,./outputs/models/ensemble-072/final.par,./outputs/models/ensemble-072/doitall.sh,
kflow-022572,completed,completed,PacificCommunity/ofp-sam-bet-2026-ensemble,24483e3c3a36cddb511fc85454b81a218e1c46e7,bet-2026-ensemble-tau,a-0ef2941ce6c12f4ce3d4b4dd365c4aa8500bb6b24939ca169afc99034fb92126,bet2026-ensemble-040,./outputs/models/ensemble-073/final.par,./outputs/models/ensemble-073/doitall.sh,
kflow-022573,completed,completed,PacificCommunity/ofp-sam-bet-2026-ensemble,24483e3c3a36cddb511fc85454b81a218e1c46e7,bet-2026-ensemble-tau,a-666eb79c8cf7cb333d9a222227ed51000dee220c8a4a1268bb0d934467d04810,bet2026-ensemble-040,./outputs/models/ensemble-074/final.par,./outputs/models/ensemble-074/doitall.sh,
kflow-022574,completed,completed,PacificCommunity/ofp-sam-bet-2026-ensemble,24483e3c3a36cddb511fc85454b81a218e1c46e7,bet-2026-ensemble-tau,a-33344011e95c3ae8d4b5d743986c082311e667c27ee844f2ba9e20b23ce02273,bet2026-ensemble-040,./outputs/models/ensemble-075/final.par,./outputs/models/ensemble-075/doitall.sh,
kflow-022575,completed,completed,PacificCommunity/ofp-sam-bet-2026-ensemble,24483e3c3a36cddb511fc85454b81a218e1c46e7,bet-2026-ensemble-tau,a-2b4928be22c95d0866fd47aff1c68264be7c96b33527e402d118c862bf0e5bbe,bet2026-ensemble-040,./outputs/models/ensemble-076/final.par,./outputs/models/ensemble-076/doitall.sh,
kflow-022576,failed,failed,PacificCommunity/ofp-sam-bet-2026-ensemble,24483e3c3a36cddb511fc85454b81a218e1c46e7,bet-2026-ensemble-tau,a-db22438076ab723206de9ff39eccf739440962605a155a0724507a148d441f43,bet2026-ensemble-040,UNASSESSED,,
kflow-022577,completed,completed,PacificCommunity/ofp-sam-bet-2026-ensemble,24483e3c3a36cddb511fc85454b81a218e1c46e7,bet-2026-ensemble-tau,a-30abd42706b9c1ab900f400a451057061e468c9749cf5ab017b7961310ccd2bf,bet2026-ensemble-040,./outputs/models/ensemble-078/final.par,./outputs/models/ensemble-078/doitall.sh,
kflow-022578,completed,completed,PacificCommunity/ofp-sam-bet-2026-ensemble,24483e3c3a36cddb511fc85454b81a218e1c46e7,bet-2026-ensemble-tau,a-de310f6ee951ab201690517e98a2afa6e6226dc7b72bd2f3d06cdc6e2b60222d,bet2026-ensemble-040,./outputs/models/ensemble-079/final.par,./outputs/models/ensemble-079/doitall.sh,
kflow-022579,completed,completed,PacificCommunity/ofp-sam-bet-2026-ensemble,24483e3c3a36cddb511fc85454b81a218e1c46e7,bet-2026-ensemble-tau,a-4ab966ef1d9eeb311631d43f77c3b779740f3a12e5007a5a7b53fe5ff38f7cc9,bet2026-ensemble-040,./outputs/models/ensemble-080/final.par,./outputs/models/ensemble-080/doitall.sh,
kflow-022580,completed,completed,PacificCommunity/ofp-sam-bet-2026-ensemble,24483e3c3a36cddb511fc85454b81a218e1c46e7,bet-2026-ensemble-tau,a-d6c7c23e921a65bd9049c25434c0dcf63ce52e66841b1394e850c5843c9850a3,bet2026-ensemble-040,./outputs/models/ensemble-081/final.par,./outputs/models/ensemble-081/doitall.sh,
kflow-022581,completed,completed,PacificCommunity/ofp-sam-bet-2026-ensemble,24483e3c3a36cddb511fc85454b81a218e1c46e7,bet-2026-ensemble-tau,a-9bc4c3c90926154fa913c8d4b6b82bfa0aa9952e9e92d2110ce62a843ffb250b,bet2026-ensemble-040,./outputs/models/ensemble-082/final.par,./outputs/models/ensemble-082/doitall.sh,
kflow-022582,completed,completed,PacificCommunity/ofp-sam-bet-2026-ensemble,24483e3c3a36cddb511fc85454b81a218e1c46e7,bet-2026-ensemble-tau,a-a11c29e3c39872dae27a0871b6ce5836a22a4748a8b26370fbb9a84f1ed3f6a9,bet2026-ensemble-041,UNASSESSED,./outputs/models/ensemble-083/doitall.sh,
kflow-022583,completed,completed,PacificCommunity/ofp-sam-bet-2026-ensemble,24483e3c3a36cddb511fc85454b81a218e1c46e7,bet-2026-ensemble-tau,a-1dfe35075566b19c476de54c500e3abbcef9f4d1ceaa777bdebc3e9ef10e6a40,bet2026-ensemble-041,./outputs/models/ensemble-084/final.par,./outputs/models/ensemble-084/doitall.sh,
kflow-022584,completed,completed,PacificCommunity/ofp-sam-bet-2026-ensemble,24483e3c3a36cddb511fc85454b81a218e1c46e7,bet-2026-ensemble-tau,a-e284a0abbd9ebbc15c139970bf69e91cba44ab6d77e4eb71a4a975bcc7356699,bet2026-ensemble-041,./outputs/models/ensemble-085/final.par,./outputs/models/ensemble-085/doitall.sh,
kflow-022585,completed,completed,PacificCommunity/ofp-sam-bet-2026-ensemble,24483e3c3a36cddb511fc85454b81a218e1c46e7,bet-2026-ensemble-tau,a-f9ce490784945a15bb1956fd6a08416794ca8540cae89c021125e03eea1c51cd,bet2026-ensemble-041,./outputs/models/ensemble-086/final.par,./outputs/models/ensemble-086/doitall.sh,
kflow-022586,completed,completed,PacificCommunity/ofp-sam-bet-2026-ensemble,24483e3c3a36cddb511fc85454b81a218e1c46e7,bet-2026-ensemble-tau,a-c12c2d213182511094abf48c476a844077207e9004fde2ab968a90ad8d2b8e32,bet2026-ensemble-041,./outputs/models/ensemble-087/final.par,./outputs/models/ensemble-087/doitall.sh,
kflow-022587,completed,completed,PacificCommunity/ofp-sam-bet-2026-ensemble,24483e3c3a36cddb511fc85454b81a218e1c46e7,bet-2026-ensemble-tau,a-42e017d4fd595ca58ed54120044d37beb6b57eac58065e88e82e83f92ff61c82,bet2026-ensemble-041,./outputs/models/ensemble-088/final.par,./outputs/models/ensemble-088/doitall.sh,
kflow-022588,completed,completed,PacificCommunity/ofp-sam-bet-2026-ensemble,24483e3c3a36cddb511fc85454b81a218e1c46e7,bet-2026-ensemble-tau,a-5867b3d2f0f95a15eb5181f26c9dc9148385d910a835051de7b0a9e90b8280a0,bet2026-ensemble-041,./outputs/models/ensemble-089/final.par,./outputs/models/ensemble-089/doitall.sh,
kflow-022589,completed,completed,PacificCommunity/ofp-sam-bet-2026-ensemble,24483e3c3a36cddb511fc85454b81a218e1c46e7,bet-2026-ensemble-tau,a-b597eaff4cb86eb3712789b56594a95d6cd44bb8c7349d1d8e9b05978b92aba6,bet2026-ensemble-041,./outputs/models/ensemble-090/final.par,./outputs/models/ensemble-090/doitall.sh,
kflow-022590,completed,completed,PacificCommunity/ofp-sam-bet-2026-ensemble,24483e3c3a36cddb511fc85454b81a218e1c46e7,bet-2026-ensemble-tau,a-aef937a9bfb5782561052d442d640ceba2fb5ea135112df1bbb3859abd3e001d,bet2026-ensemble-041,./outputs/models/ensemble-091/final.par,./outputs/models/ensemble-091/doitall.sh,
kflow-022591,completed,completed,PacificCommunity/ofp-sam-bet-2026-ensemble,24483e3c3a36cddb511fc85454b81a218e1c46e7,bet-2026-ensemble-tau,a-0dae19aa5b4d11840900060723e761bc718d59eb4458a373192d6477a805f1c2,bet2026-ensemble-041,./outputs/models/ensemble-092/final.par,./outputs/models/ensemble-092/doitall.sh,
kflow-022592,completed,completed,PacificCommunity/ofp-sam-bet-2026-ensemble,24483e3c3a36cddb511fc85454b81a218e1c46e7,bet-2026-ensemble-tau,a-0f5bb55ef0af7f9aff3717f4cd245a7cb016822a8edfe19e68533902dbbdd7b8,bet2026-ensemble-041,./outputs/models/ensemble-093/final.par,./outputs/models/ensemble-093/doitall.sh,
kflow-022593,completed,completed,PacificCommunity/ofp-sam-bet-2026-ensemble,24483e3c3a36cddb511fc85454b81a218e1c46e7,bet-2026-ensemble-tau,a-266385e118dc756c0cf40bbb05295b543309931f1c64b4a60fe05717d4288ce8,bet2026-ensemble-041,./outputs/models/ensemble-094/final.par,./outputs/models/ensemble-094/doitall.sh,
kflow-022594,completed,completed,PacificCommunity/ofp-sam-bet-2026-ensemble,24483e3c3a36cddb511fc85454b81a218e1c46e7,bet-2026-ensemble-tau,a-6b24807bd36164220f935645eb7e69308d7cb3e2bb874bf55009ff210bc969d4,bet2026-ensemble-041,./outputs/models/ensemble-095/final.par,./outputs/models/ensemble-095/doitall.sh,
kflow-022595,completed,completed,PacificCommunity/ofp-sam-bet-2026-ensemble,24483e3c3a36cddb511fc85454b81a218e1c46e7,bet-2026-ensemble-tau,a-e48687f7881fe5c3286d951f5890efd22d67808fed84938e1d76eaf6d16ba6de,bet2026-ensemble-042,UNASSESSED,./outputs/models/ensemble-096/doitall.sh,
kflow-022596,failed,failed,PacificCommunity/ofp-sam-bet-2026-ensemble,24483e3c3a36cddb511fc85454b81a218e1c46e7,bet-2026-ensemble-tau,a-02056b90c56d746fd57b96e952db32114b0aaa3dabfe7e6386c1047b062c3f9b,bet2026-ensemble-042,UNASSESSED,,
kflow-022597,completed,completed,PacificCommunity/ofp-sam-bet-2026-ensemble,24483e3c3a36cddb511fc85454b81a218e1c46e7,bet-2026-ensemble-tau,a-5632057ab56e4dc985692040256ad34c66d1b6c00861f5ba4b6013ef06536bfe,bet2026-ensemble-042,./outputs/models/ensemble-098/final.par,./outputs/models/ensemble-098/doitall.sh,
kflow-022598,completed,completed,PacificCommunity/ofp-sam-bet-2026-ensemble,24483e3c3a36cddb511fc85454b81a218e1c46e7,bet-2026-ensemble-tau,a-17b309af0f52aaf2d6378c0a36b5dd915f45ccae5a671a70041fa71e74fb41d0,bet2026-ensemble-042,./outputs/models/ensemble-099/final.par,./outputs/models/ensemble-099/doitall.sh,
kflow-022599,completed,completed,PacificCommunity/ofp-sam-bet-2026-ensemble,24483e3c3a36cddb511fc85454b81a218e1c46e7,bet-2026-ensemble-tau,a-a29197737cc3884ab1251889f3e11ea757cdc4b35c1318f2b0f6f548aad16793,bet2026-ensemble-042,UNASSESSED,./outputs/models/ensemble-100/doitall.sh,
kflow-022602,failed,failed,PacificCommunity/ofp-sam-bet-2026-ensemble,32129cb0238113109dc008f7f2fb5f885567c21c,local-condor-visible-check-20260805,a-3552db2ccee85413934de61b43d0aeb5b8c7566ee11e6a2d13878065446801c2,bet2026-ensemble-049,UNASSESSED,,
kflow-022603,failed,failed,PacificCommunity/ofp-sam-bet-2026-ensemble,32129cb0238113109dc008f7f2fb5f885567c21c,local-condor-visible-check-20260805,a-d7017256fd2b10f7b5997b47e2ffb121b43ce31d6d56016877d452b6765f0823,bet2026-ensemble-049,UNASSESSED,,
kflow-022604,completed,completed,PacificCommunity/ofp-sam-bet-2026-ensemble,32129cb0238113109dc008f7f2fb5f885567c21c,local-condor-visible-root-20260805,a-b69c1e26df7d3c006dcdbabf6659b086e3915711f7f60459d7b71918b67e998b,bet2026-ensemble-053,UNASSESSED,,
kflow-022609,failed,failed,PacificCommunity/ofp-sam-bet-2026-diagnostic,0d6db041478a582d44577d14915048d3ee60866b,ofp-sam-bet-2026-diagnostic-report,a-32484caf8dd031c14ab1c41a3827e0d11c3174331fe3986fefc1d119a26eef7b,bet2026-diagnostic-005,UNASSESSED,,
kflow-022614,completed,completed,PacificCommunity/ofp-sam-bet-2026-diagnostic,61c2754ad48938048fde91ad48d3e438340aa911,ofp-sam-bet-2026-diagnostic-report,a-ac653ecc6391a40c70e71e05585778c28f9a1bc614a61fe70096731a6a2ed4bb,bet2026-diagnostic-005,UNASSESSED,,
kflow-022619,completed,completed,PacificCommunity/ofp-sam-bet-2026-model-checks,514299fa3d7591a2bf7edf97c7b0d562f6941c1a,ofp-sam-bet-2026-diagnostic-checks-retrospective,a-7fbd709d861b152f89cc00d6bfd4c15cc149045c4ce2907c78a53864433c014b,bet2026-dependencies-015,UNASSESSED,,
kflow-022622,completed,completed,PacificCommunity/ofp-sam-bet-2026-checks,8c5980e85389227d7c14dad0da502283c63650f3,bet-2026-ensemble-tau-hessian,a-4ef07248704193610353339d25b1f2b44a87c2c8ff98b3518e91e6c2ce01892e,bet2026-dependencies-003,UNASSESSED,,
kflow-022624,completed,completed,PacificCommunity/ofp-sam-bet-2026-checks,8c5980e85389227d7c14dad0da502283c63650f3,bet-2026-ensemble-tau-hessian,a-bd38695b439f4f0fb86a7e0c871b6de63c037d5b689e57cd1ea36753ae94c6fe,bet2026-dependencies-003,UNASSESSED,,
kflow-022626,completed,completed,PacificCommunity/ofp-sam-bet-2026-checks,8c5980e85389227d7c14dad0da502283c63650f3,bet-2026-ensemble-tau-hessian,a-56c82ede00379f6e41ccd2fbaba4cfe978e705e3dc1bfc57f9bcc7bcfd5d1852,bet2026-dependencies-004,UNASSESSED,,
kflow-022632,completed,completed,PacificCommunity/ofp-sam-bet-2026-checks,8c5980e85389227d7c14dad0da502283c63650f3,bet-2026-ensemble-tau-hessian,a-968f72d78689c7bde859c90703cfba8c6ee5d9546b58e77b95c4e0e3b59b7fdd,bet2026-dependencies-004,UNASSESSED,,
kflow-022634,completed,completed,PacificCommunity/ofp-sam-bet-2026-checks,8c5980e85389227d7c14dad0da502283c63650f3,bet-2026-ensemble-tau-hessian,a-06c26824514a31d01a52f0765b9bef331e1e6163a4b3971b06db3f32f65aefdd,bet2026-dependencies-004,UNASSESSED,,
kflow-022648,completed,completed,PacificCommunity/ofp-sam-bet-2026-checks,8c5980e85389227d7c14dad0da502283c63650f3,bet-2026-ensemble-tau-hessian,a-9d15bd5ae19bf0c3a76365d731da1fdf40b0ff393b910173aeb347f0a27a672c,bet2026-dependencies-004,UNASSESSED,,
kflow-022649,completed,completed,PacificCommunity/ofp-sam-bet-2026-checks,8c5980e85389227d7c14dad0da502283c63650f3,bet-2026-ensemble-tau-hessian,a-d82f8dee697bcb9e526f547507daa8be5cecc12d4d03a7012258c48707efd5ae,bet2026-dependencies-004,UNASSESSED,,
kflow-022652,completed,completed,PacificCommunity/ofp-sam-bet-2026-checks,8c5980e85389227d7c14dad0da502283c63650f3,bet-2026-ensemble-tau-hessian,a-6fff586d66356152394e2d3c928b140c17feaf74100b29204e9d4bc25f9c8b62,bet2026-dependencies-004,UNASSESSED,,
kflow-022654,completed,completed,PacificCommunity/ofp-sam-bet-2026-checks,8c5980e85389227d7c14dad0da502283c63650f3,bet-2026-ensemble-tau-hessian,a-df34abe0d37d185c0f5d38f9daf8ecf32c5aa2970b358533ded9d94fe864e8f7,bet2026-dependencies-004,UNASSESSED,,
kflow-022655,completed,completed,PacificCommunity/ofp-sam-bet-2026-checks,8c5980e85389227d7c14dad0da502283c63650f3,bet-2026-ensemble-tau-hessian,a-26ed2bf4a16e09d60d93156057ce3ae8fec3816abb05422a2ec27825e2cfd290,bet2026-dependencies-004,UNASSESSED,,
kflow-022658,completed,completed,PacificCommunity/ofp-sam-bet-2026-checks,8c5980e85389227d7c14dad0da502283c63650f3,bet-2026-ensemble-tau-hessian,a-fe158172351f4e6150403f7bda23c13049e43d3e2d5c374901099af1d1b7964f,bet2026-dependencies-005,UNASSESSED,,
kflow-022660,completed,completed,PacificCommunity/ofp-sam-bet-2026-checks,8c5980e85389227d7c14dad0da502283c63650f3,bet-2026-ensemble-tau-hessian,a-4fe5c3c1f56062e54b02361dd6088c75887c2f9de2e4e0d0478fb578068d8da1,bet2026-dependencies-005,UNASSESSED,,
kflow-022662,completed,completed,PacificCommunity/ofp-sam-bet-2026-checks,8c5980e85389227d7c14dad0da502283c63650f3,bet-2026-ensemble-tau-hessian,a-5c6829385cd0268d4a05f6f5fed072b71816d609168ce8dfd76718b4e74dee7c,bet2026-dependencies-005,UNASSESSED,,
kflow-022666,completed,completed,PacificCommunity/ofp-sam-bet-2026-checks,8c5980e85389227d7c14dad0da502283c63650f3,bet-2026-ensemble-tau-hessian,a-0832d8eb0630e828485de877f814098e959fc04041aaee14ddac1a5b93c4d955,bet2026-dependencies-005,UNASSESSED,,
kflow-022668,completed,completed,PacificCommunity/ofp-sam-bet-2026-checks,8c5980e85389227d7c14dad0da502283c63650f3,bet-2026-ensemble-tau-hessian,a-a85fdf0413e460874eaadd701ec184a11b5a32d1c6b579f06e0f860df84ef426,bet2026-dependencies-005,UNASSESSED,,
kflow-022670,completed,completed,PacificCommunity/ofp-sam-bet-2026-checks,8c5980e85389227d7c14dad0da502283c63650f3,bet-2026-ensemble-tau-hessian,a-1aab6c0e60b7badaee6dbdce2c095a14a3eec7b9a318e48279a4d15b166bcd76,bet2026-dependencies-005,UNASSESSED,,
kflow-022678,completed,completed,PacificCommunity/ofp-sam-bet-2026-checks,8c5980e85389227d7c14dad0da502283c63650f3,bet-2026-ensemble-tau-hessian,a-559d1f8d04911e52db2f8561f591f6595fa86fefd0ad0ceb635a75a5b5c32479,bet2026-dependencies-005,UNASSESSED,,
kflow-022682,completed,completed,PacificCommunity/ofp-sam-bet-2026-checks,8c5980e85389227d7c14dad0da502283c63650f3,bet-2026-ensemble-tau-hessian,a-d4ecbeb337c126cb718be21e1a4f55d7041e76c4c42f144494edaa45a8ae49d2,bet2026-dependencies-005,UNASSESSED,,
kflow-022685,completed,completed,PacificCommunity/ofp-sam-bet-2026-checks,8c5980e85389227d7c14dad0da502283c63650f3,bet-2026-ensemble-tau-hessian,a-e6986ca9114239a73f1f9fd60109364864d2e4953530a570fdf3726abc0c7a13,bet2026-dependencies-006,UNASSESSED,,
kflow-022689,completed,completed,PacificCommunity/ofp-sam-bet-2026-checks,8c5980e85389227d7c14dad0da502283c63650f3,bet-2026-ensemble-tau-hessian,a-cf80e439232216ffca72e795403a111294327a635fd67f0e8b427ab9f70eed83,bet2026-dependencies-006,UNASSESSED,,
kflow-022692,completed,completed,PacificCommunity/ofp-sam-bet-2026-checks,8c5980e85389227d7c14dad0da502283c63650f3,bet-2026-ensemble-tau-hessian,a-dbbec3ce57247502b4e72cc93b2f2094263b16b8c4c8e6e5e562f1fce07e9bb9,bet2026-dependencies-006,UNASSESSED,,
kflow-022694,completed,completed,PacificCommunity/ofp-sam-bet-2026-checks,8c5980e85389227d7c14dad0da502283c63650f3,bet-2026-ensemble-tau-hessian,a-38e106d1489247f55c7201147a89643ba88cb8930903f45249736ae7126ef96b,bet2026-dependencies-006,UNASSESSED,,
kflow-022696,completed,completed,PacificCommunity/ofp-sam-bet-2026-checks,8c5980e85389227d7c14dad0da502283c63650f3,bet-2026-ensemble-tau-hessian,a-2c1c311472df0b8ccb28d948c4393f39fb08519986dfae357f15cf57cf9a3e28,bet2026-dependencies-006,UNASSESSED,,
kflow-022698,completed,completed,PacificCommunity/ofp-sam-bet-2026-checks,8c5980e85389227d7c14dad0da502283c63650f3,bet-2026-ensemble-tau-hessian,a-19b6d2294ec683b08673593f5fac531744cc58a8fa62d05a9ea86ca00e6bc589,bet2026-dependencies-006,UNASSESSED,,
kflow-022700,completed,completed,PacificCommunity/ofp-sam-bet-2026-checks,8c5980e85389227d7c14dad0da502283c63650f3,bet-2026-ensemble-tau-hessian,a-69b90f73835992f5b8191cf051c8053785c6f94c9bf8701559d8862c75857b87,bet2026-dependencies-006,UNASSESSED,,
kflow-022702,completed,completed,PacificCommunity/ofp-sam-bet-2026-checks,8c5980e85389227d7c14dad0da502283c63650f3,bet-2026-ensemble-tau-hessian,a-a45a1e1e5c7e15720a4334399e3fb522fab4d0ce28c821c88d04bdc7a5c76ffa,bet2026-dependencies-006,UNASSESSED,,
kflow-022704,completed,completed,PacificCommunity/ofp-sam-bet-2026-checks,2e3c7ea96b390799c8ad8c43873a3b569ac8220d,bet-2026-ensemble-tau-hessian,a-8b5311a711055c1860e92cea045abd5a76884669e0b750a05556ec111cc747f3,bet2026-dependencies-007,UNASSESSED,,
kflow-022706,completed,completed,PacificCommunity/ofp-sam-bet-2026-checks,8c5980e85389227d7c14dad0da502283c63650f3,bet-2026-ensemble-tau-hessian,a-6a4eef560980a9f9488115147e3f4677c4741e1fb0c2a7e00da53203551bba7f,bet2026-dependencies-007,UNASSESSED,,
kflow-022708,completed,completed,PacificCommunity/ofp-sam-bet-2026-checks,8c5980e85389227d7c14dad0da502283c63650f3,bet-2026-ensemble-tau-hessian,a-d1cf116ee20de3015091d60de4bdb80a4ac0281d38b016b29e6d5a60ffcabaaa,bet2026-dependencies-007,UNASSESSED,,
kflow-022710,completed,completed,PacificCommunity/ofp-sam-bet-2026-checks,8c5980e85389227d7c14dad0da502283c63650f3,bet-2026-ensemble-tau-hessian,a-e8abfb546bd0f90b802cfa43970c2c979b00e463b6f4dae03e1e4204732e6084,bet2026-dependencies-007,UNASSESSED,,
kflow-022712,completed,completed,PacificCommunity/ofp-sam-bet-2026-checks,8c5980e85389227d7c14dad0da502283c63650f3,bet-2026-ensemble-tau-hessian,a-964259a3badfb3e46e83f950b3e2b03fe829aef47796c27b0c8705eacc35355e,bet2026-dependencies-007,UNASSESSED,,
kflow-022714,completed,completed,PacificCommunity/ofp-sam-bet-2026-checks,8c5980e85389227d7c14dad0da502283c63650f3,bet-2026-ensemble-tau-hessian,a-02022c200b24b9b870731eed367f5cde02cbe951d670248d05fc2a840750b3c4,bet2026-dependencies-007,UNASSESSED,,
kflow-022716,completed,completed,PacificCommunity/ofp-sam-bet-2026-checks,8c5980e85389227d7c14dad0da502283c63650f3,bet-2026-ensemble-tau-hessian,a-4675e886a910816e9d8e5c5c4518d3608bfcfcbed56b08df8f2a858c64b65d1a,bet2026-dependencies-007,UNASSESSED,,
kflow-022722,completed,completed,PacificCommunity/ofp-sam-bet-2026-checks,8c5980e85389227d7c14dad0da502283c63650f3,bet-2026-ensemble-tau-hessian,a-da33e9cc5cb22683e257f26514323bee3174c39fe6cba43036a26c9240e39da3,bet2026-dependencies-007,UNASSESSED,,
kflow-022724,completed,completed,PacificCommunity/ofp-sam-bet-2026-checks,0c90f1153f96229a3dd055079529aede02386aec,bet-2026-ensemble-tau-hessian,a-3654deef32cb91bce4e1e1aebbe09bdf0efdac5415053ed6abede81510f4d820,bet2026-dependencies-008,UNASSESSED,,
kflow-022726,completed,completed,PacificCommunity/ofp-sam-bet-2026-checks,0c90f1153f96229a3dd055079529aede02386aec,bet-2026-ensemble-tau-hessian,a-f8221fc0f89d3f29392cf284057cbb8ede025689993450096503ad36434ccb03,bet2026-dependencies-008,UNASSESSED,,
kflow-022728,completed,completed,PacificCommunity/ofp-sam-bet-2026-checks,0c90f1153f96229a3dd055079529aede02386aec,bet-2026-ensemble-tau-hessian,a-25f9368ee011256d4c7842732f1bc99d46040d3d14ccafd83ab605ddcf214392,bet2026-dependencies-008,UNASSESSED,,
kflow-022730,completed,completed,PacificCommunity/ofp-sam-bet-2026-checks,8c5980e85389227d7c14dad0da502283c63650f3,bet-2026-ensemble-tau-hessian,a-1908ebaa20adf62817799bfee00631254aded19e3ac6a9fd260902be542e3876,bet2026-dependencies-008,UNASSESSED,,
kflow-022732,completed,completed,PacificCommunity/ofp-sam-bet-2026-checks,8c5980e85389227d7c14dad0da502283c63650f3,bet-2026-ensemble-tau-hessian,a-adb0d588faaee31ccac00e86f923d43daff67b9b1e402a3841d00b0afd2d7ee5,bet2026-dependencies-008,UNASSESSED,,
kflow-022734,completed,completed,PacificCommunity/ofp-sam-bet-2026-checks,8c5980e85389227d7c14dad0da502283c63650f3,bet-2026-ensemble-tau-hessian,a-ae750f74654bee4852485d4a2b71568933c6d672d34bf7591133429c98fd5e40,bet2026-dependencies-008,UNASSESSED,,
kflow-022738,completed,completed,PacificCommunity/ofp-sam-bet-2026-checks,8c5980e85389227d7c14dad0da502283c63650f3,bet-2026-ensemble-tau-hessian,a-8e112cf051ccba5b0188b2d5ee27e98d87cdda4cf216473902f5e1c22d876ad3,bet2026-dependencies-008,UNASSESSED,,
kflow-022742,completed,completed,PacificCommunity/ofp-sam-bet-2026-checks,8c5980e85389227d7c14dad0da502283c63650f3,bet-2026-ensemble-tau-hessian,a-c67d0a5f3ca510ce67b1418af0a6cd183eef237fffe9590e747c5c364b61f140,bet2026-dependencies-008,UNASSESSED,,
kflow-022746,completed,completed,PacificCommunity/ofp-sam-bet-2026-checks,8c5980e85389227d7c14dad0da502283c63650f3,bet-2026-ensemble-tau-hessian,a-76e349cce9c93dd1ce98cfa99b8a345712fe90182878fc4609d7d1a86e900538,bet2026-dependencies-009,UNASSESSED,,
kflow-022750,completed,completed,PacificCommunity/ofp-sam-bet-2026-checks,8c5980e85389227d7c14dad0da502283c63650f3,bet-2026-ensemble-tau-hessian,a-38070c92243e712a676e2aec34e47ebd5355ccdb2d1d684b5f2345c2b31a470d,bet2026-dependencies-009,UNASSESSED,,
kflow-022754,completed,completed,PacificCommunity/ofp-sam-bet-2026-checks,0c90f1153f96229a3dd055079529aede02386aec,bet-2026-ensemble-tau-hessian,a-3f604969527876503bdd4ee24211e0cdc076f64359b0850c83d5a335706815a8,bet2026-dependencies-009,UNASSESSED,,
kflow-022758,completed,completed,PacificCommunity/ofp-sam-bet-2026-checks,0c90f1153f96229a3dd055079529aede02386aec,bet-2026-ensemble-tau-hessian,a-3f194e47a16beea2af4d4697b1a276a63bb3a3f310b581aa4cf9b702c0f94f1b,bet2026-dependencies-009,UNASSESSED,,
kflow-022762,completed,completed,PacificCommunity/ofp-sam-bet-2026-checks,8c5980e85389227d7c14dad0da502283c63650f3,bet-2026-ensemble-tau-hessian,a-12e2255393fcad2450774e1a735f7f0a4ea704e142465867ccd60711ba29937a,bet2026-dependencies-009,UNASSESSED,,
kflow-022766,completed,completed,PacificCommunity/ofp-sam-bet-2026-checks,8c5980e85389227d7c14dad0da502283c63650f3,bet-2026-ensemble-tau-hessian,a-34e28720d6856192f2f643a3df4c94122617527ea88f2e79ce2d76d53096dc6a,bet2026-dependencies-009,UNASSESSED,,
kflow-022770,completed,completed,PacificCommunity/ofp-sam-bet-2026-checks,0c90f1153f96229a3dd055079529aede02386aec,bet-2026-ensemble-tau-hessian,a-e6e38f7ba2de316ce9709841c17ae0843c566d1b61f161c66a41e8b9b1a3bbc3,bet2026-dependencies-009,UNASSESSED,,
kflow-022774,completed,completed,PacificCommunity/ofp-sam-bet-2026-checks,8c5980e85389227d7c14dad0da502283c63650f3,bet-2026-ensemble-tau-hessian,a-5d1c66091e4c95b71052577d6d2e619c8bae014cabe674f6669fb76dcd510a31,bet2026-dependencies-009,UNASSESSED,,
kflow-022778,completed,completed,PacificCommunity/ofp-sam-bet-2026-checks,8c5980e85389227d7c14dad0da502283c63650f3,bet-2026-ensemble-tau-hessian,a-1a524f0859beaea29f0ebcfab852459eb020c620c9de45c83709d9e5eefaa3a9,bet2026-dependencies-010,UNASSESSED,,
kflow-022782,completed,completed,PacificCommunity/ofp-sam-bet-2026-checks,8c5980e85389227d7c14dad0da502283c63650f3,bet-2026-ensemble-tau-hessian,a-e58aad4909491cece3bb68558d162b6a4bb0bd49ed8280b50ef1f78d62e4de6b,bet2026-dependencies-010,UNASSESSED,,
kflow-022784,completed,completed,PacificCommunity/ofp-sam-bet-2026-checks,8c5980e85389227d7c14dad0da502283c63650f3,bet-2026-ensemble-tau-hessian,a-3822dc1f2d8848a8ddad99cf96277f52e4a8ee24cda70c92e278effd35f0cd92,bet2026-dependencies-010,UNASSESSED,,
kflow-022786,completed,completed,PacificCommunity/ofp-sam-bet-2026-checks,8c5980e85389227d7c14dad0da502283c63650f3,bet-2026-ensemble-tau-hessian,a-0526312906c9bcb3c6c475dfc627464982e0b587febf310e7e750fc096ea1d25,bet2026-dependencies-010,UNASSESSED,,
kflow-022788,completed,completed,PacificCommunity/ofp-sam-bet-2026-checks,8c5980e85389227d7c14dad0da502283c63650f3,bet-2026-ensemble-tau-hessian,a-1ff5de646ab1e390fc5e9ca673a80558994f0e0b9f18eb028e4fcb96a702ea06,bet2026-dependencies-010,UNASSESSED,,
kflow-022790,completed,completed,PacificCommunity/ofp-sam-bet-2026-checks,8c5980e85389227d7c14dad0da502283c63650f3,bet-2026-ensemble-tau-hessian,a-92f8ae2dd0c28efa22c9f1229c35c9f7647741f8760d9cea7b83eb61d806b1aa,bet2026-dependencies-010,UNASSESSED,,
kflow-022792,completed,completed,PacificCommunity/ofp-sam-bet-2026-checks,8c5980e85389227d7c14dad0da502283c63650f3,bet-2026-ensemble-tau-hessian,a-14f5f91c941acb685290b0e5bd40f6763c198956667fb62887453af996d899fa,bet2026-dependencies-010,UNASSESSED,,
kflow-022794,completed,completed,PacificCommunity/ofp-sam-bet-2026-checks,8c5980e85389227d7c14dad0da502283c63650f3,bet-2026-ensemble-tau-hessian,a-02c1411287095ae2c3db1f60cec040b1400a3291e97bf11e66ff6ce3f1ab1bbe,bet2026-dependencies-010,UNASSESSED,,
kflow-022796,completed,completed,PacificCommunity/ofp-sam-bet-2026-checks,8c5980e85389227d7c14dad0da502283c63650f3,bet-2026-ensemble-tau-hessian,a-89ce55fdfb65af12f3371f7504fc10c51eed305d7edd0ccee27b18dec39f66d5,bet2026-dependencies-011,UNASSESSED,,
kflow-022798,completed,completed,PacificCommunity/ofp-sam-bet-2026-checks,0c90f1153f96229a3dd055079529aede02386aec,bet-2026-ensemble-tau-hessian,a-6e5cc6804993dca1cdb3e66502f1c139324da49b4d0d0552b32d2c251ac27e0c,bet2026-dependencies-011,UNASSESSED,,
kflow-022800,completed,completed,PacificCommunity/ofp-sam-bet-2026-checks,8c5980e85389227d7c14dad0da502283c63650f3,bet-2026-ensemble-tau-hessian,a-0e938ecd4b3ad869c955339dfd009d3528ca9f83f3b28f65ee27cfacacfd958c,bet2026-dependencies-011,UNASSESSED,,
kflow-022802,completed,completed,PacificCommunity/ofp-sam-bet-2026-checks,0c90f1153f96229a3dd055079529aede02386aec,bet-2026-ensemble-tau-hessian,a-464de1d2002b0cb686dcddf27082c8bd9249383bea82628960d327063639a239,bet2026-dependencies-011,UNASSESSED,,
kflow-022804,completed,completed,PacificCommunity/ofp-sam-bet-2026-checks,0c90f1153f96229a3dd055079529aede02386aec,bet-2026-ensemble-tau-hessian,a-03b4740efc8a4230a95576f1ce4f956c121dce3c5becfc37ed7a98940fa69712,bet2026-dependencies-011,UNASSESSED,,
kflow-022806,completed,completed,PacificCommunity/ofp-sam-bet-2026-checks,8c5980e85389227d7c14dad0da502283c63650f3,bet-2026-ensemble-tau-hessian,a-a7cca2b49147be61245d128bb1f5f7cd56a189c0ceb468264f59f0d5cec5e8fb,bet2026-dependencies-011,UNASSESSED,,
kflow-022808,completed,completed,PacificCommunity/ofp-sam-bet-2026-checks,0c90f1153f96229a3dd055079529aede02386aec,bet-2026-ensemble-tau-hessian,a-228f27056e9f500d3a833c4d42bfb6e02a094c39748a1f3f1abbdfddd00642b3,bet2026-dependencies-011,UNASSESSED,,
kflow-022810,completed,completed,PacificCommunity/ofp-sam-bet-2026-checks,8c5980e85389227d7c14dad0da502283c63650f3,bet-2026-ensemble-tau-hessian,a-564cd39a5ade08704c7e482ca234eb5eed463c1ba1ea3836006e49ac47c30804,bet2026-dependencies-011,UNASSESSED,,
kflow-022812,completed,completed,PacificCommunity/ofp-sam-bet-2026-checks,8c5980e85389227d7c14dad0da502283c63650f3,bet-2026-ensemble-tau-hessian,a-48ff8d6ac4bdee81a58adf719a8f0434a856ee1e0cef6407b37605fd076be846,bet2026-dependencies-012,UNASSESSED,,
kflow-022814,completed,completed,PacificCommunity/ofp-sam-bet-2026-checks,0c90f1153f96229a3dd055079529aede02386aec,bet-2026-ensemble-tau-hessian,a-c3b5fe4ca1e7b2008e99a39a0a23b6694d59604cbea5c466117ce65190aa5563,bet2026-dependencies-012,UNASSESSED,,
kflow-022816,completed,completed,PacificCommunity/ofp-sam-bet-2026-checks,0c90f1153f96229a3dd055079529aede02386aec,bet-2026-ensemble-tau-hessian,a-9ba4e46406897eecd1f0ca1967bb586b57c0c928502b537dbbb8b1e89bcef992,bet2026-dependencies-012,UNASSESSED,,
kflow-022820,completed,completed,PacificCommunity/ofp-sam-bet-2026-checks,0c90f1153f96229a3dd055079529aede02386aec,bet-2026-ensemble-tau-hessian,a-6e888a4ad8ced2f68b999ea66175e64f9cdb4da5f679277d216a65ef084425d3,bet2026-dependencies-012,UNASSESSED,,
kflow-022822,completed,completed,PacificCommunity/ofp-sam-bet-2026-checks,8c5980e85389227d7c14dad0da502283c63650f3,bet-2026-ensemble-tau-hessian,a-353914fd612ee49e08e7209ba2bdec248f16afd57508a9a4d4cf461bfe5f1afe,bet2026-dependencies-012,UNASSESSED,,
kflow-022824,completed,completed,PacificCommunity/ofp-sam-bet-2026-checks,8c5980e85389227d7c14dad0da502283c63650f3,bet-2026-ensemble-tau-hessian,a-7b6f8460876c5ca17f24867fb64e864cf7d15298d2523b7dbcb17275f6b399c2,bet2026-dependencies-012,UNASSESSED,,
kflow-022826,completed,completed,PacificCommunity/ofp-sam-bet-2026-checks,8c5980e85389227d7c14dad0da502283c63650f3,bet-2026-ensemble-tau-hessian,a-4e8ee00fb49e39ac9adbc120ab392f82269750f879905b769751c86aa35fe486,bet2026-dependencies-012,UNASSESSED,,
kflow-022830,completed,completed,PacificCommunity/ofp-sam-bet-2026-checks,0c90f1153f96229a3dd055079529aede02386aec,bet-2026-ensemble-tau-hessian,a-a138595810db5bd55e143daa549fef10c8c2171fc344986a19d05129d9463420,bet2026-dependencies-012,UNASSESSED,,
kflow-022832,completed,completed,PacificCommunity/ofp-sam-bet-2026-checks,8c5980e85389227d7c14dad0da502283c63650f3,bet-2026-ensemble-tau-hessian,a-578ccf25514b5bf2dbeecd5f307b1aa044883da2b68ce2e190204de2a66568bd,bet2026-dependencies-013,UNASSESSED,,
kflow-022834,completed,completed,PacificCommunity/ofp-sam-bet-2026-checks,8c5980e85389227d7c14dad0da502283c63650f3,bet-2026-ensemble-tau-hessian,a-12eaeea3a899a0ed868a3416425e171dd44994f9f125b8c9fcead23abac1b6fc,bet2026-dependencies-013,UNASSESSED,,
kflow-022836,completed,completed,PacificCommunity/ofp-sam-bet-2026-checks,0c90f1153f96229a3dd055079529aede02386aec,bet-2026-ensemble-tau-hessian,a-18a5d3fcc4acaf159d7e5b3f84190c7f1515b2e7f4056ff3f96c1d497a6149b4,bet2026-dependencies-013,UNASSESSED,,
kflow-022838,completed,completed,PacificCommunity/ofp-sam-bet-2026-checks,8c5980e85389227d7c14dad0da502283c63650f3,bet-2026-ensemble-tau-hessian,a-091707a15d72e4ca3fb23b4da61fda2df6fbb6c4581c02a1afa8452b70066dc4,bet2026-dependencies-013,UNASSESSED,,
kflow-022840,completed,completed,PacificCommunity/ofp-sam-bet-2026-checks,8c5980e85389227d7c14dad0da502283c63650f3,bet-2026-ensemble-tau-hessian,a-6e9788c9b6e66915db0372d87b2081e0f4b4407d62eac982b11c8e5f87502f6b,bet2026-dependencies-013,UNASSESSED,,
kflow-022842,completed,completed,PacificCommunity/ofp-sam-bet-2026-checks,0c90f1153f96229a3dd055079529aede02386aec,bet-2026-ensemble-tau-hessian,a-5113ad679c3176c89f973084ad114ced654e9340ef6d58910bec620dfccaf2ca,bet2026-dependencies-013,UNASSESSED,,
kflow-022844,completed,completed,PacificCommunity/ofp-sam-bet-2026-checks,0c90f1153f96229a3dd055079529aede02386aec,bet-2026-ensemble-tau-hessian,a-faeb91f6277619b577669f6a91790ba150b9b96ba440c83874900e4739f4b768,bet2026-dependencies-013,UNASSESSED,,
kflow-022850,completed,completed,PacificCommunity/ofp-sam-bet-2026-checks,0c90f1153f96229a3dd055079529aede02386aec,bet-2026-ensemble-tau-hessian,a-ee477b62634584547230563b5fad4bac684882eda160aa15bd6ce6de1fe8ee9a,bet2026-dependencies-013,UNASSESSED,,
kflow-022855,completed,completed,PacificCommunity/ofp-sam-bet-2026-checks,0c90f1153f96229a3dd055079529aede02386aec,bet-2026-ensemble-tau-hessian,a-300fae8d5b701f3b97d04c2ba9239c7f466d15c11569072ce1c9ad607753d4b6,bet2026-dependencies-014,UNASSESSED,,
kflow-022859,completed,completed,PacificCommunity/ofp-sam-bet-2026-checks,0c90f1153f96229a3dd055079529aede02386aec,bet-2026-ensemble-tau-hessian,a-5e2004e0e0b2e2a73371b81a271d83feccd2658f462c8b21f9d09b72760063f8,bet2026-dependencies-014,UNASSESSED,,
kflow-022862,completed,completed,PacificCommunity/ofp-sam-bet-2026-checks,0c90f1153f96229a3dd055079529aede02386aec,bet-2026-ensemble-tau-hessian,a-2fd6bff68ddc256c18ef0c31fb0f65a7ef2d000387f731e43b73dcdb3d6364dd,bet2026-dependencies-014,UNASSESSED,,
kflow-022864,completed,completed,PacificCommunity/ofp-sam-bet-2026-checks,0c90f1153f96229a3dd055079529aede02386aec,bet-2026-ensemble-tau-hessian,a-5133077006ad5cd8ec1917ecdfffa7e042b0c1475f5c06ec4ecc3ec92e5dd097,bet2026-dependencies-014,UNASSESSED,,
kflow-022866,failed,failed,PacificCommunity/ofp-sam-bet-2026-checks,0c90f1153f96229a3dd055079529aede02386aec,bet-2026-diagnostic-checks-selftest,a-b8a51d0578b1424303fb0c98d8b846faaa739c787dbd6d0eb45754e94b787e65,bet2026-checks21641-002,UNASSESSED,,
kflow-022867,failed,failed,PacificCommunity/ofp-sam-bet-2026-checks,0c90f1153f96229a3dd055079529aede02386aec,bet-2026-diagnostic-checks-selftest,a-46eabd6d05de6649bd4ac7e7beec608ab37ebdd752bbae898e2f3d337400c0b0,bet2026-checks21641-002,UNASSESSED,,
kflow-022868,failed,failed,PacificCommunity/ofp-sam-bet-2026-checks,0c90f1153f96229a3dd055079529aede02386aec,bet-2026-diagnostic-checks-selftest,a-fb4439548578c18c95a04a0d41a8dc295a1edc35ae6ed878e420359c728d4a26,bet2026-checks21641-002,UNASSESSED,,
kflow-022869,failed,failed,PacificCommunity/ofp-sam-bet-2026-checks,0c90f1153f96229a3dd055079529aede02386aec,bet-2026-diagnostic-checks-selftest,a-0901f39a4f573e34d3ffedca5958d7724b084035b818d2810109af641e62ace1,bet2026-checks21641-002,UNASSESSED,,
kflow-022870,failed,failed,PacificCommunity/ofp-sam-bet-2026-checks,0c90f1153f96229a3dd055079529aede02386aec,bet-2026-diagnostic-checks-selftest,a-cbc26b235a3c83164057c9567fcb56b06f97c331c1844bfe64944c8b352eae00,bet2026-checks21641-002,UNASSESSED,,
kflow-022871,failed,failed,PacificCommunity/ofp-sam-bet-2026-checks,0c90f1153f96229a3dd055079529aede02386aec,bet-2026-diagnostic-checks-selftest,a-ae25fc6ccb1b4bea6cb866d0ed595096fd5a6ee720e99b3bca3a3bcc0c965407,bet2026-checks21641-002,UNASSESSED,,
kflow-022872,failed,failed,PacificCommunity/ofp-sam-bet-2026-checks,0c90f1153f96229a3dd055079529aede02386aec,bet-2026-diagnostic-checks-selftest,a-0225fa1972afef45b463d63c375bdf39e530f927aa196692c6b5226f10c5cc13,bet2026-checks21641-002,UNASSESSED,,
kflow-022873,failed,failed,PacificCommunity/ofp-sam-bet-2026-checks,0c90f1153f96229a3dd055079529aede02386aec,bet-2026-diagnostic-checks-selftest,a-69a1597eee00edb665d917bf64117e960210d432eb38edc6ac4212d462880ec8,bet2026-checks21641-002,UNASSESSED,,
kflow-022874,failed,failed,PacificCommunity/ofp-sam-bet-2026-checks,0c90f1153f96229a3dd055079529aede02386aec,bet-2026-diagnostic-checks-selftest,a-0959e9aa1f93ccc8b10545b74a11e4e28c910da342130e3d149eecea4f4553e7,bet2026-checks21641-002,UNASSESSED,,
kflow-022875,failed,failed,PacificCommunity/ofp-sam-bet-2026-checks,0c90f1153f96229a3dd055079529aede02386aec,bet-2026-diagnostic-checks-selftest,a-ce8a1bf73cad0cbfd4bdbf34d8db96585f89bf6c53e3e4f04a0e770198e444aa,bet2026-checks21641-002,UNASSESSED,,
kflow-022876,failed,failed,PacificCommunity/ofp-sam-bet-2026-checks,0c90f1153f96229a3dd055079529aede02386aec,bet-2026-diagnostic-checks-selftest,a-c2646474ab881906a41668537994a6a4a389d771e4423256ff1f36073fb7b8ac,bet2026-checks21641-002,UNASSESSED,,
kflow-022877,failed,failed,PacificCommunity/ofp-sam-bet-2026-checks,0c90f1153f96229a3dd055079529aede02386aec,bet-2026-diagnostic-checks-selftest,a-d95864b5c861ec9a40e6061f9baec2f2de571f73db3c32c5d9dc3f8c5357c78f,bet2026-checks21641-002,UNASSESSED,,
kflow-022878,failed,failed,PacificCommunity/ofp-sam-bet-2026-checks,0c90f1153f96229a3dd055079529aede02386aec,bet-2026-diagnostic-checks-selftest,a-1afd43095fa6898dfe59f3445e90b15b438b978986949a76967c7c9565ab307e,bet2026-checks21641-002,UNASSESSED,,
kflow-022879,failed,failed,PacificCommunity/ofp-sam-bet-2026-checks,0c90f1153f96229a3dd055079529aede02386aec,bet-2026-diagnostic-checks-selftest,a-3620f760bc10b9c2156a48f19bbe1b8aac848c61801740aea14088ca427de830,bet2026-checks21641-002,UNASSESSED,,
kflow-022880,failed,failed,PacificCommunity/ofp-sam-bet-2026-checks,0c90f1153f96229a3dd055079529aede02386aec,bet-2026-diagnostic-checks-selftest,a-9e97cc1de53b9bd60522c1a744902d76e72628e4fa24160bb3931a288c825038,bet2026-checks21641-002,UNASSESSED,,
kflow-022881,failed,failed,PacificCommunity/ofp-sam-bet-2026-checks,0c90f1153f96229a3dd055079529aede02386aec,bet-2026-diagnostic-checks-selftest,a-864bd74e43c358a19ca32a02a3365e1e01807b894f8b9826dd6d2ea4ff8410e1,bet2026-checks21641-002,UNASSESSED,,
kflow-022882,failed,failed,PacificCommunity/ofp-sam-bet-2026-checks,0c90f1153f96229a3dd055079529aede02386aec,bet-2026-diagnostic-checks-selftest,a-2504866ae14a575b24128bfdf30b16e67febfd9129793eba79cf613129d7236d,bet2026-checks21641-002,UNASSESSED,,
kflow-022883,failed,failed,PacificCommunity/ofp-sam-bet-2026-checks,0c90f1153f96229a3dd055079529aede02386aec,bet-2026-diagnostic-checks-selftest,a-ae0380c619863b6762669f121ce483c5ca1a33a6a9416b99096139ab6f3d8e12,bet2026-checks21641-002,UNASSESSED,,
kflow-022884,failed,failed,PacificCommunity/ofp-sam-bet-2026-checks,0c90f1153f96229a3dd055079529aede02386aec,bet-2026-diagnostic-checks-selftest,a-43b783c7b2558068770388a4cfb5832db1489e89e731eb34dc4e7e7536971a60,bet2026-checks21641-002,UNASSESSED,,
kflow-022885,failed,failed,PacificCommunity/ofp-sam-bet-2026-checks,0c90f1153f96229a3dd055079529aede02386aec,bet-2026-diagnostic-checks-selftest,a-7bd6a3f5a8eee2363ea9d2023da0044855ee030cf75962a0072457cb8a04d428,bet2026-checks21641-002,UNASSESSED,,
kflow-022886,failed,failed,PacificCommunity/ofp-sam-bet-2026-checks,0c90f1153f96229a3dd055079529aede02386aec,bet-2026-diagnostic-checks-selftest,a-bdfd83dd7910041338acbf3bc6e99568d4a684b44056eefbedc88da46ab5c2c4,bet2026-checks21641-002,UNASSESSED,,
kflow-022887,failed,failed,PacificCommunity/ofp-sam-bet-2026-checks,0c90f1153f96229a3dd055079529aede02386aec,bet-2026-diagnostic-checks-selftest,a-1f2bfd8aeb4a1e0e36a73b3db3edba4ceefa6a581b783667a532ba1429a2c00c,bet2026-checks21641-002,UNASSESSED,,
kflow-022888,failed,failed,PacificCommunity/ofp-sam-bet-2026-checks,0c90f1153f96229a3dd055079529aede02386aec,bet-2026-diagnostic-checks-selftest,a-d1829792c95a3f27873f5620f41eb1c698983223040e78527e3942b59bde4aca,bet2026-checks21641-002,UNASSESSED,,
kflow-022889,failed,failed,PacificCommunity/ofp-sam-bet-2026-checks,0c90f1153f96229a3dd055079529aede02386aec,bet-2026-diagnostic-checks-selftest,a-9a8e1c47cdd0884ee2085e05217a760484e46a7e60cac16f9c36618fcc01c9a8,bet2026-checks21641-002,UNASSESSED,,
kflow-022890,failed,failed,PacificCommunity/ofp-sam-bet-2026-checks,0c90f1153f96229a3dd055079529aede02386aec,bet-2026-diagnostic-checks-selftest,a-9fb958014feb74797031fb555bfa2a74b5a83077e237a848dac343202d46eb7b,bet2026-checks21641-002,UNASSESSED,,
kflow-022891,failed,failed,PacificCommunity/ofp-sam-bet-2026-checks,0c90f1153f96229a3dd055079529aede02386aec,bet-2026-diagnostic-checks-selftest,a-1ea15b1e1a906eaad5927a619497c6f55e5d63a3c10377c4cd1e5beb38861fca,bet2026-checks21641-002,UNASSESSED,,
kflow-022892,failed,failed,PacificCommunity/ofp-sam-bet-2026-checks,0c90f1153f96229a3dd055079529aede02386aec,bet-2026-diagnostic-checks-selftest,a-729cbb296c9c2f09af0dc8e1048dae65961d12c82eb72b14c2cf0511a828a15a,bet2026-checks21641-002,UNASSESSED,,
kflow-022893,failed,failed,PacificCommunity/ofp-sam-bet-2026-checks,0c90f1153f96229a3dd055079529aede02386aec,bet-2026-diagnostic-checks-selftest,a-cdfd2d77625264f1e13db7c3893038d13f456f51459cacc75a5b24349b5d0a8d,bet2026-checks21641-002,UNASSESSED,,
kflow-022894,failed,failed,PacificCommunity/ofp-sam-bet-2026-checks,0c90f1153f96229a3dd055079529aede02386aec,bet-2026-diagnostic-checks-selftest,a-b38da38aadcce907115b6623fc3e7d0fcb28636934d0544b3f14bcb94c878352,bet2026-checks21641-002,UNASSESSED,,
kflow-022895,failed,failed,PacificCommunity/ofp-sam-bet-2026-checks,0c90f1153f96229a3dd055079529aede02386aec,bet-2026-diagnostic-checks-selftest,a-7b9fcf03d4974f0a178d974d2a847930631b7822492755e6531a767fc3c48678,bet2026-checks21641-002,UNASSESSED,,
kflow-022896,failed,failed,PacificCommunity/ofp-sam-bet-2026-checks,0c90f1153f96229a3dd055079529aede02386aec,bet-2026-diagnostic-checks-selftest,a-1a25ef7d9040e463cf47a9a0380f801efc15966a61160587578057f493e914c2,bet2026-checks21641-002,UNASSESSED,,
kflow-022897,failed,failed,PacificCommunity/ofp-sam-bet-2026-checks,0c90f1153f96229a3dd055079529aede02386aec,bet-2026-diagnostic-checks-selftest,a-db90a0c44d7da0b261b82e80274019577085681fc7f9116d4574c2f17ad29c60,bet2026-checks21641-002,UNASSESSED,,
kflow-022898,failed,failed,PacificCommunity/ofp-sam-bet-2026-checks,0c90f1153f96229a3dd055079529aede02386aec,bet-2026-diagnostic-checks-selftest,a-8ca76df6cb7874bc4090907343a977f50d5948a546bb3338155248f1b07a2e7b,bet2026-checks21641-002,UNASSESSED,,
kflow-022899,failed,failed,PacificCommunity/ofp-sam-bet-2026-checks,0c90f1153f96229a3dd055079529aede02386aec,bet-2026-diagnostic-checks-selftest,a-1247b15dd4a881341aff1a52c328f8a390a143ab382a6956145755d0a813a3c9,bet2026-checks21641-002,UNASSESSED,,
kflow-022900,failed,failed,PacificCommunity/ofp-sam-bet-2026-checks,0c90f1153f96229a3dd055079529aede02386aec,bet-2026-diagnostic-checks-selftest,a-ff4f8fe3d028b0ec3139e02ca1746091f833d1b32906f8998e5d0bdd36c59f4c,bet2026-checks21641-002,UNASSESSED,,
kflow-022901,failed,failed,PacificCommunity/ofp-sam-bet-2026-checks,0c90f1153f96229a3dd055079529aede02386aec,bet-2026-diagnostic-checks-selftest,a-709f7870240253b153775aeb0c8952750f3f9cdf689b2021cc54050db880abd7,bet2026-checks21641-002,UNASSESSED,,
kflow-022902,failed,failed,PacificCommunity/ofp-sam-bet-2026-checks,0c90f1153f96229a3dd055079529aede02386aec,bet-2026-diagnostic-checks-selftest,a-fb277186b5c4116c2b81782afe1a95289bdcfc2374748a39f2457cdd2e5253a5,bet2026-checks21641-002,UNASSESSED,,
kflow-022903,failed,failed,PacificCommunity/ofp-sam-bet-2026-checks,0c90f1153f96229a3dd055079529aede02386aec,bet-2026-diagnostic-checks-selftest,a-86ddc80207078d4a4546633c38022238725ac9e7f6fc5c914d735abfbc09686d,bet2026-checks21641-002,UNASSESSED,,
kflow-022904,failed,failed,PacificCommunity/ofp-sam-bet-2026-checks,0c90f1153f96229a3dd055079529aede02386aec,bet-2026-diagnostic-checks-selftest,a-a257b6d9cef3fd187b639372defa30c37caf76c564d57b99b1018a2604323621,bet2026-checks21641-002,UNASSESSED,,
kflow-022905,failed,failed,PacificCommunity/ofp-sam-bet-2026-checks,0c90f1153f96229a3dd055079529aede02386aec,bet-2026-diagnostic-checks-selftest,a-04d290582547a46652ef727c9c3973c3573f7b70fcaef5776c6d24c8a73a5e5b,bet2026-checks21641-002,UNASSESSED,,
kflow-022906,failed,failed,PacificCommunity/ofp-sam-bet-2026-checks,0c90f1153f96229a3dd055079529aede02386aec,bet-2026-diagnostic-checks-selftest,a-b792c2c2c8bb8956fcc7e24b255bb86e264faf6a6a545e6a73f0082d7e0ec270,bet2026-checks21641-002,UNASSESSED,,
kflow-022907,failed,failed,PacificCommunity/ofp-sam-bet-2026-checks,0c90f1153f96229a3dd055079529aede02386aec,bet-2026-diagnostic-checks-selftest,a-0baecf000a2e5d1554efc499f7c2e3bd3269aae4e855d27fab2380b3a65cc8a7,bet2026-checks21641-002,UNASSESSED,,
kflow-022908,failed,failed,PacificCommunity/ofp-sam-bet-2026-checks,0c90f1153f96229a3dd055079529aede02386aec,bet-2026-diagnostic-checks-selftest,a-82298f97b8509bd27b2c87ae342eca4ce9dcfd7ca3621d691476361401a124ec,bet2026-checks21641-002,UNASSESSED,,
kflow-022909,failed,failed,PacificCommunity/ofp-sam-bet-2026-checks,0c90f1153f96229a3dd055079529aede02386aec,bet-2026-diagnostic-checks-selftest,a-9cc20eb9f74fd4102d892e1784c9e8220d756d4324b6f5d981dc987a18e7d6ba,bet2026-checks21641-002,UNASSESSED,,
kflow-022910,failed,failed,PacificCommunity/ofp-sam-bet-2026-checks,0c90f1153f96229a3dd055079529aede02386aec,bet-2026-diagnostic-checks-selftest,a-eaeddfecb09bc3618e5d74d3348b0c7779a0814b3094ecd1faf76ac9641fd9d1,bet2026-checks21641-002,UNASSESSED,,
kflow-022911,failed,failed,PacificCommunity/ofp-sam-bet-2026-checks,0c90f1153f96229a3dd055079529aede02386aec,bet-2026-diagnostic-checks-selftest,a-f9be1e5c1ebd69fb5b56dd1a122c3e4a0acb2fdb1affc32e295385260e793a80,bet2026-checks21641-002,UNASSESSED,,
kflow-022912,failed,failed,PacificCommunity/ofp-sam-bet-2026-checks,0c90f1153f96229a3dd055079529aede02386aec,bet-2026-diagnostic-checks-selftest,a-59e2eb94a33370380f7640d96e18fd0c20dd5aa4ac44cb09608a3e712cb36db3,bet2026-checks21641-002,UNASSESSED,,
kflow-022913,failed,failed,PacificCommunity/ofp-sam-bet-2026-checks,0c90f1153f96229a3dd055079529aede02386aec,bet-2026-diagnostic-checks-selftest,a-0cc9ed5d75601156c6560f752194040a0f18b8f313fbe343d1e05a0493c8c51b,bet2026-checks21641-002,UNASSESSED,,
kflow-022914,failed,failed,PacificCommunity/ofp-sam-bet-2026-checks,0c90f1153f96229a3dd055079529aede02386aec,bet-2026-diagnostic-checks-selftest,a-a971b8aee71e42e8022fb336d3019489d9ec8834d18d2117efa303ca15b4b6c7,bet2026-checks21641-002,UNASSESSED,,
kflow-022915,failed,failed,PacificCommunity/ofp-sam-bet-2026-checks,0c90f1153f96229a3dd055079529aede02386aec,bet-2026-diagnostic-checks-selftest,a-19e0ab236b6ae6a9939b87f829ee61988798e5368f32d914041bdbd16a33cd84,bet2026-checks21641-002,UNASSESSED,,
kflow-022916,failed,failed,PacificCommunity/ofp-sam-bet-2026-checks,0c90f1153f96229a3dd055079529aede02386aec,bet-2026-diagnostic-checks-selftest-merge,a-5c6580a7b8bc4c911e14f2532e27850a789ec3345ef38e1eb7e5c96276a3bc7a,bet2026-checks21641-002,UNASSESSED,,
kflow-022917,completed,completed,PacificCommunity/ofp-sam-bet-2026-checks,0c90f1153f96229a3dd055079529aede02386aec,bet-2026-selftest-tau-selftest,a-aeaca5f02968c531194590494a3cf5fc6377c68a301bdcd6ab07fb51b4d341db,bet2026-checks21641-002,UNASSESSED,./outputs/models/S0.90-F2-tau2-fixed/selftest/sim/rep_001/doitall.sh;./outputs/checks/selftest/S0.90-F2-tau2-fixed/selftest/sim/rep_001/doitall.sh,
kflow-022918,completed,completed,PacificCommunity/ofp-sam-bet-2026-checks,0c90f1153f96229a3dd055079529aede02386aec,bet-2026-selftest-tau-selftest,a-88aad9688a0421718682999898c25f301511a414aca717b5f414df3d58e5f090,bet2026-checks21641-002,UNASSESSED,./outputs/checks/selftest/S0.90-F2-tau2-fixed/selftest/sim/rep_004/doitall.sh;./outputs/models/S0.90-F2-tau2-fixed/selftest/sim/rep_004/doitall.sh,
kflow-022919,completed,completed,PacificCommunity/ofp-sam-bet-2026-checks,0c90f1153f96229a3dd055079529aede02386aec,bet-2026-selftest-tau-selftest,a-907cad5eb6ba2260d488f2c5c62a851ebb232c36b183ecf0ca1bbfe619605a32,bet2026-checks21641-002,UNASSESSED,./outputs/checks/selftest/S0.90-F2-tau2-fixed/selftest/sim/rep_001/doitall.sh;./outputs/models/S0.90-F2-tau2-fixed/selftest/sim/rep_001/doitall.sh,
kflow-022920,completed,completed,PacificCommunity/ofp-sam-bet-2026-checks,0c90f1153f96229a3dd055079529aede02386aec,bet-2026-selftest-tau-selftest,a-2db85c65b2f108c9b353506c8b02a5e535d7be8e06528f51f3fa7cbb05059533,bet2026-checks21641-002,UNASSESSED,./outputs/checks/selftest/S0.90-F2-tau2-fixed/selftest/sim/rep_002/doitall.sh;./outputs/models/S0.90-F2-tau2-fixed/selftest/sim/rep_002/doitall.sh,
kflow-022921,completed,completed,PacificCommunity/ofp-sam-bet-2026-checks,0c90f1153f96229a3dd055079529aede02386aec,bet-2026-selftest-tau-selftest,a-23104b82ce693540598ad4e6c37209f51dc9c7334b07fc8a4fc709b1cfcf367e,bet2026-checks21641-002,UNASSESSED,./outputs/models/S0.90-F2-tau2-fixed/selftest/sim/rep_006/doitall.sh;./outputs/checks/selftest/S0.90-F2-tau2-fixed/selftest/sim/rep_006/doitall.sh,
kflow-022922,completed,completed,PacificCommunity/ofp-sam-bet-2026-checks,0c90f1153f96229a3dd055079529aede02386aec,bet-2026-selftest-tau-selftest,a-48a17c24997d1f8f58ad5cd09adfeeaa6aed255cbaafb89dc64d94bcb511b018,bet2026-checks21641-002,UNASSESSED,./outputs/checks/selftest/S0.90-F2-tau2-fixed/selftest/sim/rep_011/doitall.sh;./outputs/models/S0.90-F2-tau2-fixed/selftest/sim/rep_011/doitall.sh,
kflow-022923,completed,completed,PacificCommunity/ofp-sam-bet-2026-checks,0c90f1153f96229a3dd055079529aede02386aec,bet-2026-selftest-tau-selftest,a-06aaf772aef4245519c3ab4c3e4ffcc2480da795cc587b0845a80b8ca0b73ef4,bet2026-checks21641-002,UNASSESSED,./outputs/models/S0.90-F2-tau2-fixed/selftest/sim/rep_010/doitall.sh;./outputs/checks/selftest/S0.90-F2-tau2-fixed/selftest/sim/rep_010/doitall.sh,
kflow-022924,completed,completed,PacificCommunity/ofp-sam-bet-2026-checks,0c90f1153f96229a3dd055079529aede02386aec,bet-2026-selftest-tau-selftest,a-6b050a41d4accfc2d60583f5eb411f0f164bc69a228f2d6371aeaef8cfa1c173,bet2026-checks21641-002,UNASSESSED,./outputs/models/S0.90-F2-tau2-fixed/selftest/sim/rep_009/doitall.sh;./outputs/checks/selftest/S0.90-F2-tau2-fixed/selftest/sim/rep_009/doitall.sh,
kflow-022925,completed,completed,PacificCommunity/ofp-sam-bet-2026-checks,0c90f1153f96229a3dd055079529aede02386aec,bet-2026-selftest-tau-selftest,a-ec3bac453b79dcf28c1cb3c060ff7789f8013408d1c283ef1d0eef8301799367,bet2026-checks21641-002,UNASSESSED,./outputs/models/S0.90-F2-tau2-fixed/selftest/sim/rep_008/doitall.sh;./outputs/checks/selftest/S0.90-F2-tau2-fixed/selftest/sim/rep_008/doitall.sh,
kflow-022926,completed,completed,PacificCommunity/ofp-sam-bet-2026-checks,0c90f1153f96229a3dd055079529aede02386aec,bet-2026-selftest-tau-selftest,a-3980d7340fac4e28558386228e360d65465b337c713d4973a4d656882b73ca79,bet2026-checks21641-002,UNASSESSED,./outputs/models/S0.90-F2-tau2-fixed/selftest/sim/rep_012/doitall.sh;./outputs/checks/selftest/S0.90-F2-tau2-fixed/selftest/sim/rep_012/doitall.sh,
kflow-022927,completed,completed,PacificCommunity/ofp-sam-bet-2026-checks,0c90f1153f96229a3dd055079529aede02386aec,bet-2026-selftest-tau-selftest,a-1285ce9c0b9f2cff09649a23dd551f6901e210a54d67a1cef3dc99fc093e4686,bet2026-checks21641-002,UNASSESSED,./outputs/checks/selftest/S0.90-F2-tau2-fixed/selftest/sim/rep_003/doitall.sh;./outputs/models/S0.90-F2-tau2-fixed/selftest/sim/rep_003/doitall.sh,
kflow-022928,completed,completed,PacificCommunity/ofp-sam-bet-2026-checks,0c90f1153f96229a3dd055079529aede02386aec,bet-2026-selftest-tau-selftest,a-8137956f914a462464104825c1b2497ec209d7fc37a9ecb7a7b1c073d7613b2b,bet2026-checks21641-002,UNASSESSED,./outputs/models/S0.90-F2-tau2-fixed/selftest/sim/rep_007/doitall.sh;./outputs/checks/selftest/S0.90-F2-tau2-fixed/selftest/sim/rep_007/doitall.sh,
kflow-022929,completed,completed,PacificCommunity/ofp-sam-bet-2026-checks,0c90f1153f96229a3dd055079529aede02386aec,bet-2026-selftest-tau-selftest,a-fa928219f5e1affb028e24fad75184d2d6b219ce998aac2a14d98da98c35c226,bet2026-checks21641-002,UNASSESSED,./outputs/models/S0.90-F2-tau2-fixed/selftest/sim/rep_005/doitall.sh;./outputs/checks/selftest/S0.90-F2-tau2-fixed/selftest/sim/rep_005/doitall.sh,
kflow-022930,completed,completed,PacificCommunity/ofp-sam-bet-2026-checks,0c90f1153f96229a3dd055079529aede02386aec,bet-2026-selftest-tau-selftest,a-8ad18fd6fe4886afb3a334e28e6707a4915f0cacb6ae26f06061964e503774a4,bet2026-checks21641-002,UNASSESSED,./outputs/checks/selftest/S0.90-F2-tau2-fixed/selftest/sim/rep_013/doitall.sh;./outputs/models/S0.90-F2-tau2-fixed/selftest/sim/rep_013/doitall.sh,
kflow-022931,completed,completed,PacificCommunity/ofp-sam-bet-2026-checks,0c90f1153f96229a3dd055079529aede02386aec,bet-2026-selftest-tau-selftest,a-596e4f848057331e5ba5d04cb318e525a4007e8e109f563ce9b28918cfb1fa47,bet2026-checks21641-002,UNASSESSED,./outputs/models/S0.90-F2-tau2-fixed/selftest/sim/rep_014/doitall.sh;./outputs/checks/selftest/S0.90-F2-tau2-fixed/selftest/sim/rep_014/doitall.sh,
kflow-022932,completed,completed,PacificCommunity/ofp-sam-bet-2026-checks,0c90f1153f96229a3dd055079529aede02386aec,bet-2026-selftest-tau-selftest,a-421ff68fbc71b3fe0653dadbe34550f7bfe7636171f776c418f5efd6585fb74a,bet2026-checks21641-002,UNASSESSED,./outputs/checks/selftest/S0.90-F2-tau2-fixed/selftest/sim/rep_015/doitall.sh;./outputs/models/S0.90-F2-tau2-fixed/selftest/sim/rep_015/doitall.sh,
kflow-022933,completed,completed,PacificCommunity/ofp-sam-bet-2026-checks,0c90f1153f96229a3dd055079529aede02386aec,bet-2026-selftest-tau-selftest,a-854332ea76d0035b95d53cd381f29ef60c0302fc6554d30e1fe7387788581555,bet2026-checks21641-002,UNASSESSED,./outputs/models/S0.90-F2-tau2-fixed/selftest/sim/rep_016/doitall.sh;./outputs/checks/selftest/S0.90-F2-tau2-fixed/selftest/sim/rep_016/doitall.sh,
kflow-022934,completed,completed,PacificCommunity/ofp-sam-bet-2026-checks,0c90f1153f96229a3dd055079529aede02386aec,bet-2026-selftest-tau-selftest,a-c11d5540a6db2d82cd2957ad2ef33258175010dee8023a7fb8858e96375e8656,bet2026-checks21641-002,UNASSESSED,./outputs/models/S0.90-F2-tau2-fixed/selftest/sim/rep_018/doitall.sh;./outputs/checks/selftest/S0.90-F2-tau2-fixed/selftest/sim/rep_018/doitall.sh,
kflow-022935,completed,completed,PacificCommunity/ofp-sam-bet-2026-checks,0c90f1153f96229a3dd055079529aede02386aec,bet-2026-selftest-tau-selftest,a-2cc5594a8592dd4e3a817a8f30581189bdbd0ea1d02dfed7bbd2efa55b7edf9f,bet2026-checks21641-002,UNASSESSED,./outputs/checks/selftest/S0.90-F2-tau2-fixed/selftest/sim/rep_020/doitall.sh;./outputs/models/S0.90-F2-tau2-fixed/selftest/sim/rep_020/doitall.sh,
kflow-022936,completed,completed,PacificCommunity/ofp-sam-bet-2026-checks,0c90f1153f96229a3dd055079529aede02386aec,bet-2026-selftest-tau-selftest,a-e9c0b928c728ffad32c7465c90a8ccdd691a2cfda26dc6f299ec04e0c4fda496,bet2026-checks21641-002,UNASSESSED,./outputs/models/S0.90-F2-tau2-fixed/selftest/sim/rep_019/doitall.sh;./outputs/checks/selftest/S0.90-F2-tau2-fixed/selftest/sim/rep_019/doitall.sh,
kflow-022937,completed,completed,PacificCommunity/ofp-sam-bet-2026-checks,0c90f1153f96229a3dd055079529aede02386aec,bet-2026-selftest-tau-selftest,a-4fa7762a2fc89add64f2c6a64e9c5d31a27f2d3dc27b9ea4ce4b388f785d10e3,bet2026-checks21641-002,UNASSESSED,./outputs/checks/selftest/S0.90-F2-tau2-fixed/selftest/sim/rep_017/doitall.sh;./outputs/models/S0.90-F2-tau2-fixed/selftest/sim/rep_017/doitall.sh,
kflow-022938,completed,completed,PacificCommunity/ofp-sam-bet-2026-checks,0c90f1153f96229a3dd055079529aede02386aec,bet-2026-selftest-tau-selftest,a-24eae4a0b72e89576be14683c6e981f7623c06cbb1abb4c808432e449e497e88,bet2026-checks21641-002,UNASSESSED,./outputs/checks/selftest/S0.90-F2-tau2-fixed/selftest/sim/rep_022/doitall.sh;./outputs/models/S0.90-F2-tau2-fixed/selftest/sim/rep_022/doitall.sh,
kflow-022939,completed,completed,PacificCommunity/ofp-sam-bet-2026-checks,0c90f1153f96229a3dd055079529aede02386aec,bet-2026-selftest-tau-selftest,a-6d9cc47e2eca869c77ab79762396a7e78f62a3acecd6e3b2b15e961a54d54744,bet2026-checks21641-002,UNASSESSED,./outputs/checks/selftest/S0.90-F2-tau2-fixed/selftest/sim/rep_021/doitall.sh;./outputs/models/S0.90-F2-tau2-fixed/selftest/sim/rep_021/doitall.sh,
kflow-022940,completed,completed,PacificCommunity/ofp-sam-bet-2026-checks,0c90f1153f96229a3dd055079529aede02386aec,bet-2026-selftest-tau-selftest,a-aaac075d639609e5c83c5e7ba3c67d6d5422040178339ad17a5cb07dbe05112b,bet2026-checks21641-002,UNASSESSED,./outputs/checks/selftest/S0.90-F2-tau2-fixed/selftest/sim/rep_023/doitall.sh;./outputs/models/S0.90-F2-tau2-fixed/selftest/sim/rep_023/doitall.sh,
kflow-022941,completed,completed,PacificCommunity/ofp-sam-bet-2026-checks,0c90f1153f96229a3dd055079529aede02386aec,bet-2026-selftest-tau-selftest,a-cf19c85ec0c32f36f660a83cd3ef438a2463ed544fd22b7c53cf15059a8e89a0,bet2026-checks21641-002,UNASSESSED,./outputs/models/S0.90-F2-tau2-fixed/selftest/sim/rep_024/doitall.sh;./outputs/checks/selftest/S0.90-F2-tau2-fixed/selftest/sim/rep_024/doitall.sh,
kflow-022942,completed,completed,PacificCommunity/ofp-sam-bet-2026-checks,0c90f1153f96229a3dd055079529aede02386aec,bet-2026-selftest-tau-selftest,a-8c424e12c82bda8d25fa7393166a4ed1754b0692baaf141ae61a5afbf34f6749,bet2026-checks21641-002,UNASSESSED,./outputs/models/S0.90-F2-tau2-fixed/selftest/sim/rep_025/doitall.sh;./outputs/checks/selftest/S0.90-F2-tau2-fixed/selftest/sim/rep_025/doitall.sh,
kflow-022943,completed,completed,PacificCommunity/ofp-sam-bet-2026-checks,0c90f1153f96229a3dd055079529aede02386aec,bet-2026-selftest-tau-selftest,a-793a0d4be79b30a569aad4e93d3a317753af754547a789305b6b7b193f79d1d2,bet2026-checks21641-002,UNASSESSED,./outputs/models/S0.90-F2-tau2-fixed/selftest/sim/rep_026/doitall.sh;./outputs/checks/selftest/S0.90-F2-tau2-fixed/selftest/sim/rep_026/doitall.sh,
kflow-022944,completed,completed,PacificCommunity/ofp-sam-bet-2026-checks,0c90f1153f96229a3dd055079529aede02386aec,bet-2026-selftest-tau-selftest,a-6d4e782b596ef91996a6fba643f633fdfe58060c1e30e54c6599493223c67d54,bet2026-checks21641-002,UNASSESSED,./outputs/checks/selftest/S0.90-F2-tau2-fixed/selftest/sim/rep_028/doitall.sh;./outputs/models/S0.90-F2-tau2-fixed/selftest/sim/rep_028/doitall.sh,
kflow-022945,completed,completed,PacificCommunity/ofp-sam-bet-2026-checks,0c90f1153f96229a3dd055079529aede02386aec,bet-2026-selftest-tau-selftest,a-d302048ed6310772077a2eb87b061ede6a2f3821c8616e3dace62e5a6f651ae7,bet2026-checks21641-002,UNASSESSED,./outputs/checks/selftest/S0.90-F2-tau2-fixed/selftest/sim/rep_027/doitall.sh;./outputs/models/S0.90-F2-tau2-fixed/selftest/sim/rep_027/doitall.sh,
kflow-022946,completed,completed,PacificCommunity/ofp-sam-bet-2026-checks,0c90f1153f96229a3dd055079529aede02386aec,bet-2026-selftest-tau-selftest,a-7366a50ea63db56323ef62906b1d73be8ba3cd2edd2129a4e7c7ee3c8b1a8a7d,bet2026-checks21641-002,UNASSESSED,./outputs/models/S0.90-F2-tau2-fixed/selftest/sim/rep_030/doitall.sh;./outputs/checks/selftest/S0.90-F2-tau2-fixed/selftest/sim/rep_030/doitall.sh,
kflow-022947,completed,completed,PacificCommunity/ofp-sam-bet-2026-checks,0c90f1153f96229a3dd055079529aede02386aec,bet-2026-selftest-tau-selftest,a-371b8856c80cb7e51214dcdbba0d6b7c8888d7837373303af8e54008f6908d2c,bet2026-checks21641-002,UNASSESSED,./outputs/checks/selftest/S0.90-F2-tau2-fixed/selftest/sim/rep_029/doitall.sh;./outputs/models/S0.90-F2-tau2-fixed/selftest/sim/rep_029/doitall.sh,
kflow-022948,completed,completed,PacificCommunity/ofp-sam-bet-2026-checks,0c90f1153f96229a3dd055079529aede02386aec,bet-2026-selftest-tau-selftest,a-126a832fd81d3fcf2feebbd9a28dc51dc361b3e0815f80aab4aa55a0b535d999,bet2026-checks21641-002,UNASSESSED,./outputs/checks/selftest/S0.90-F2-tau2-fixed/selftest/sim/rep_033/doitall.sh;./outputs/models/S0.90-F2-tau2-fixed/selftest/sim/rep_033/doitall.sh,
kflow-022949,completed,completed,PacificCommunity/ofp-sam-bet-2026-checks,0c90f1153f96229a3dd055079529aede02386aec,bet-2026-selftest-tau-selftest,a-4378a8804bbc88bd9c35e3802276e6a875fdfcb03c5f2e24f4ac68352f8ad625,bet2026-checks21641-002,UNASSESSED,./outputs/models/S0.90-F2-tau2-fixed/selftest/sim/rep_031/doitall.sh;./outputs/checks/selftest/S0.90-F2-tau2-fixed/selftest/sim/rep_031/doitall.sh,
kflow-022950,completed,completed,PacificCommunity/ofp-sam-bet-2026-checks,0c90f1153f96229a3dd055079529aede02386aec,bet-2026-selftest-tau-selftest,a-82e187fc28febc3ba63d4874524b29be34f7095c6fac99d3ea3cc71c2e280881,bet2026-checks21641-002,UNASSESSED,./outputs/checks/selftest/S0.90-F2-tau2-fixed/selftest/sim/rep_032/doitall.sh;./outputs/models/S0.90-F2-tau2-fixed/selftest/sim/rep_032/doitall.sh,
kflow-022951,completed,completed,PacificCommunity/ofp-sam-bet-2026-checks,0c90f1153f96229a3dd055079529aede02386aec,bet-2026-selftest-tau-selftest,a-5e0b07ceeab317cdb69d6125290082ea9adce19fa9c9b096860642ed42c94e54,bet2026-checks21641-002,UNASSESSED,./outputs/checks/selftest/S0.90-F2-tau2-fixed/selftest/sim/rep_034/doitall.sh;./outputs/models/S0.90-F2-tau2-fixed/selftest/sim/rep_034/doitall.sh,
kflow-022952,completed,completed,PacificCommunity/ofp-sam-bet-2026-checks,0c90f1153f96229a3dd055079529aede02386aec,bet-2026-selftest-tau-selftest,a-ab168041571ddbf117d8418ac6e30b37fc8db534e24525081df757d9d06e713f,bet2026-checks21641-002,UNASSESSED,./outputs/checks/selftest/S0.90-F2-tau2-fixed/selftest/sim/rep_035/doitall.sh;./outputs/models/S0.90-F2-tau2-fixed/selftest/sim/rep_035/doitall.sh,
kflow-022953,completed,completed,PacificCommunity/ofp-sam-bet-2026-checks,0c90f1153f96229a3dd055079529aede02386aec,bet-2026-selftest-tau-selftest,a-621baf1e2100487e05c4f6009283de552ffe6995a33e792d121fa4401826b2b6,bet2026-checks21641-002,UNASSESSED,./outputs/models/S0.90-F2-tau2-fixed/selftest/sim/rep_036/doitall.sh;./outputs/checks/selftest/S0.90-F2-tau2-fixed/selftest/sim/rep_036/doitall.sh,
kflow-022954,completed,completed,PacificCommunity/ofp-sam-bet-2026-checks,0c90f1153f96229a3dd055079529aede02386aec,bet-2026-selftest-tau-selftest,a-d2b45bed44e5e9164f7aaa3dad3ae73c1f1078657b598ead010a5d46df79e08b,bet2026-checks21641-002,UNASSESSED,./outputs/checks/selftest/S0.90-F2-tau2-fixed/selftest/sim/rep_038/doitall.sh;./outputs/models/S0.90-F2-tau2-fixed/selftest/sim/rep_038/doitall.sh,
kflow-022955,completed,completed,PacificCommunity/ofp-sam-bet-2026-checks,0c90f1153f96229a3dd055079529aede02386aec,bet-2026-selftest-tau-selftest,a-55fa9af7d8a4df57131f4f7975ad963b89ae138089c773a7d5c8d9b7ddcdd11c,bet2026-checks21641-002,UNASSESSED,./outputs/models/S0.90-F2-tau2-fixed/selftest/sim/rep_037/doitall.sh;./outputs/checks/selftest/S0.90-F2-tau2-fixed/selftest/sim/rep_037/doitall.sh,
kflow-022956,completed,completed,PacificCommunity/ofp-sam-bet-2026-checks,0c90f1153f96229a3dd055079529aede02386aec,bet-2026-selftest-tau-selftest,a-adf9f90a30f5ce3a7c8459b7c1bcc17269c7d66a68f6f49f3154be8e0c1cc96a,bet2026-checks21641-002,UNASSESSED,./outputs/models/S0.90-F2-tau2-fixed/selftest/sim/rep_039/doitall.sh;./outputs/checks/selftest/S0.90-F2-tau2-fixed/selftest/sim/rep_039/doitall.sh,
kflow-022957,completed,completed,PacificCommunity/ofp-sam-bet-2026-checks,0c90f1153f96229a3dd055079529aede02386aec,bet-2026-selftest-tau-selftest,a-414913f2557d288073fb04c6b17c7731f14cf44a43a39f5b5168f127e9b29808,bet2026-checks21641-002,UNASSESSED,./outputs/checks/selftest/S0.90-F2-tau2-fixed/selftest/sim/rep_040/doitall.sh;./outputs/models/S0.90-F2-tau2-fixed/selftest/sim/rep_040/doitall.sh,
kflow-022958,completed,completed,PacificCommunity/ofp-sam-bet-2026-checks,0c90f1153f96229a3dd055079529aede02386aec,bet-2026-selftest-tau-selftest,a-f8de126c94cb066e56d1d447c12f931669f52b88129982e1554d3e7daf2e81b8,bet2026-checks21641-002,UNASSESSED,./outputs/checks/selftest/S0.90-F2-tau2-fixed/selftest/sim/rep_041/doitall.sh;./outputs/models/S0.90-F2-tau2-fixed/selftest/sim/rep_041/doitall.sh,
kflow-022959,completed,completed,PacificCommunity/ofp-sam-bet-2026-checks,0c90f1153f96229a3dd055079529aede02386aec,bet-2026-selftest-tau-selftest,a-f1003b835d15b75ae37fcfa5a6f67c5728a92a0a492f54efab3f0eaa8eabed45,bet2026-checks21641-002,UNASSESSED,./outputs/models/S0.90-F2-tau2-fixed/selftest/sim/rep_042/doitall.sh;./outputs/checks/selftest/S0.90-F2-tau2-fixed/selftest/sim/rep_042/doitall.sh,
kflow-022960,completed,completed,PacificCommunity/ofp-sam-bet-2026-checks,0c90f1153f96229a3dd055079529aede02386aec,bet-2026-selftest-tau-selftest,a-8d88ec9341a2f2d6a9ffea629d868108132d564729cac154935b71f7ef24fdde,bet2026-checks21641-002,UNASSESSED,./outputs/checks/selftest/S0.90-F2-tau2-fixed/selftest/sim/rep_043/doitall.sh;./outputs/models/S0.90-F2-tau2-fixed/selftest/sim/rep_043/doitall.sh,
kflow-022961,completed,completed,PacificCommunity/ofp-sam-bet-2026-checks,0c90f1153f96229a3dd055079529aede02386aec,bet-2026-selftest-tau-selftest,a-ff76ca07eca1888ef6fa010fe70e9ea403bc439f0501ba243cb3081cb8ede1d5,bet2026-checks21641-002,UNASSESSED,./outputs/checks/selftest/S0.90-F2-tau2-fixed/selftest/sim/rep_045/doitall.sh;./outputs/models/S0.90-F2-tau2-fixed/selftest/sim/rep_045/doitall.sh,
kflow-022962,completed,completed,PacificCommunity/ofp-sam-bet-2026-checks,0c90f1153f96229a3dd055079529aede02386aec,bet-2026-selftest-tau-selftest,a-12ef627a25da921c361f3a7c7bced6317c3173e0d89422d0708a9a72c872206c,bet2026-checks21641-002,UNASSESSED,./outputs/checks/selftest/S0.90-F2-tau2-fixed/selftest/sim/rep_044/doitall.sh;./outputs/models/S0.90-F2-tau2-fixed/selftest/sim/rep_044/doitall.sh,
kflow-022963,completed,completed,PacificCommunity/ofp-sam-bet-2026-checks,0c90f1153f96229a3dd055079529aede02386aec,bet-2026-selftest-tau-selftest,a-81a1650678053898f6561ae4d1d3b7520f5a95cbdb6cb6ae6530d91b02f55d56,bet2026-checks21641-002,UNASSESSED,./outputs/models/S0.90-F2-tau2-fixed/selftest/sim/rep_046/doitall.sh;./outputs/checks/selftest/S0.90-F2-tau2-fixed/selftest/sim/rep_046/doitall.sh,
kflow-022964,completed,completed,PacificCommunity/ofp-sam-bet-2026-checks,0c90f1153f96229a3dd055079529aede02386aec,bet-2026-selftest-tau-selftest,a-4fe2efda65eb71ecd905654765a92bd3f658ac0c11542c6098f90f8a50bef4b7,bet2026-checks21641-002,UNASSESSED,./outputs/models/S0.90-F2-tau2-fixed/selftest/sim/rep_047/doitall.sh;./outputs/checks/selftest/S0.90-F2-tau2-fixed/selftest/sim/rep_047/doitall.sh,
kflow-022965,completed,completed,PacificCommunity/ofp-sam-bet-2026-checks,0c90f1153f96229a3dd055079529aede02386aec,bet-2026-selftest-tau-selftest,a-c5d94ae1618055c3285806f10e20f59ce04d5f7c5ff467f0c21f95c5adf72ac7,bet2026-checks21641-002,UNASSESSED,./outputs/models/S0.90-F2-tau2-fixed/selftest/sim/rep_048/doitall.sh;./outputs/checks/selftest/S0.90-F2-tau2-fixed/selftest/sim/rep_048/doitall.sh,
kflow-022966,completed,completed,PacificCommunity/ofp-sam-bet-2026-checks,0c90f1153f96229a3dd055079529aede02386aec,bet-2026-selftest-tau-selftest,a-5b55baa5b0af779dc92f529ca33d3842303e7a7212ec23b13c07987613288e55,bet2026-checks21641-002,UNASSESSED,./outputs/checks/selftest/S0.90-F2-tau2-fixed/selftest/sim/rep_049/doitall.sh;./outputs/models/S0.90-F2-tau2-fixed/selftest/sim/rep_049/doitall.sh,
kflow-022967,completed,completed,PacificCommunity/ofp-sam-bet-2026-checks,0c90f1153f96229a3dd055079529aede02386aec,bet-2026-selftest-tau-selftest,a-62524042ad49a8987f250c401c701a56951582f58bc48e61a6e086ef6233d9ee,bet2026-checks21641-002,UNASSESSED,./outputs/checks/selftest/S0.90-F2-tau2-fixed/selftest/sim/rep_050/doitall.sh;./outputs/models/S0.90-F2-tau2-fixed/selftest/sim/rep_050/doitall.sh,
kflow-022968,completed,completed,PacificCommunity/ofp-sam-bet-2026-checks,0c90f1153f96229a3dd055079529aede02386aec,bet-2026-selftest-tau-selftest-merge,a-ede762613ad1d6fc0af91ddb819e4c86a7917c97f075507bd64f4aa03fa7ec9d,bet2026-checks21641-002,UNASSESSED,./outputs/models/S0.90-F2-tau2-fixed/selftest/sim/rep_030/doitall.sh;./outputs/models/S0.90-F2-tau2-fixed/selftest/sim/rep_043/doitall.sh;./outputs/models/S0.90-F2-tau2-fixed/selftest/sim/rep_049/doitall.sh;./outputs/models/S0.90-F2-tau2-fixed/selftest/sim/rep_010/doitall.sh;./outputs/models/S0.90-F2-tau2-fixed/selftest/sim/rep_044/doitall.sh;./outputs/models/S0.90-F2-tau2-fixed/selftest/sim/rep_040/doitall.sh;./outputs/models/S0.90-F2-tau2-fixed/selftest/sim/rep_003/doitall.sh;./outputs/models/S0.90-F2-tau2-fixed/selftest/sim/rep_041/doitall.sh;./outputs/models/S0.90-F2-tau2-fixed/selftest/sim/rep_018/doitall.sh;./outputs/models/S0.90-F2-tau2-fixed/selftest/sim/rep_015/doitall.sh;./outputs/models/S0.90-F2-tau2-fixed/selftest/sim/rep_045/doitall.sh;./outputs/models/S0.90-F2-tau2-fixed/selftest/sim/rep_037/doitall.sh;./outputs/models/S0.90-F2-tau2-fixed/selftest/sim/rep_016/doitall.sh;./outputs/models/S0.90-F2-tau2-fixed/selftest/sim/rep_038/doitall.sh;./outputs/models/S0.90-F2-tau2-fixed/selftest/sim/rep_047/doitall.sh;./outputs/models/S0.90-F2-tau2-fixed/selftest/sim/rep_004/doitall.sh;./outputs/models/S0.90-F2-tau2-fixed/selftest/sim/rep_009/doitall.sh;./outputs/models/S0.90-F2-tau2-fixed/selftest/sim/rep_025/doitall.sh;./outputs/models/S0.90-F2-tau2-fixed/selftest/sim/rep_050/doitall.sh;./outputs/models/S0.90-F2-tau2-fixed/selftest/sim/rep_001/doitall.sh;./outputs/models/S0.90-F2-tau2-fixed/selftest/sim/rep_019/doitall.sh;./outputs/models/S0.90-F2-tau2-fixed/selftest/sim/rep_005/doitall.sh;./outputs/models/S0.90-F2-tau2-fixed/selftest/sim/rep_042/doitall.sh;./outputs/models/S0.90-F2-tau2-fixed/selftest/sim/rep_032/doitall.sh;./outputs/models/S0.90-F2-tau2-fixed/selftest/sim/rep_028/doitall.sh;./outputs/models/S0.90-F2-tau2-fixed/selftest/sim/rep_017/doitall.sh;./outputs/models/S0.90-F2-tau2-fixed/selftest/sim/rep_002/doitall.sh;./outputs/models/S0.90-F2-tau2-fixed/selftest/sim/rep_035/doitall.sh;./outputs/models/S0.90-F2-tau2-fixed/selftest/sim/rep_036/doitall.sh;./outputs/models/S0.90-F2-tau2-fixed/selftest/sim/rep_048/doitall.sh;./outputs/models/S0.90-F2-tau2-fixed/selftest/sim/rep_007/doitall.sh;./outputs/models/S0.90-F2-tau2-fixed/selftest/sim/rep_006/doitall.sh;./outputs/models/S0.90-F2-tau2-fixed/selftest/sim/rep_027/doitall.sh;./outputs/models/S0.90-F2-tau2-fixed/selftest/sim/rep_008/doitall.sh;./outputs/models/S0.90-F2-tau2-fixed/selftest/sim/rep_033/doitall.sh;./outputs/models/S0.90-F2-tau2-fixed/selftest/sim/rep_023/doitall.sh;./outputs/models/S0.90-F2-tau2-fixed/selftest/sim/rep_021/doitall.sh;./outputs/models/S0.90-F2-tau2-fixed/selftest/sim/rep_024/doitall.sh;./outputs/models/S0.90-F2-tau2-fixed/selftest/sim/rep_046/doitall.sh;./outputs/models/S0.90-F2-tau2-fixed/selftest/sim/rep_022/doitall.sh;./outputs/models/S0.90-F2-tau2-fixed/selftest/sim/rep_031/doitall.sh;./outputs/models/S0.90-F2-tau2-fixed/selftest/sim/rep_014/doitall.sh;./outputs/models/S0.90-F2-tau2-fixed/selftest/sim/rep_029/doitall.sh;./outputs/models/S0.90-F2-tau2-fixed/selftest/sim/rep_026/doitall.sh;./outputs/models/S0.90-F2-tau2-fixed/selftest/sim/rep_034/doitall.sh;./outputs/models/S0.90-F2-tau2-fixed/selftest/sim/rep_012/doitall.sh;./outputs/models/S0.90-F2-tau2-fixed/selftest/sim/rep_020/doitall.sh;./outputs/models/S0.90-F2-tau2-fixed/selftest/sim/rep_011/doitall.sh;./outputs/models/S0.90-F2-tau2-fixed/selftest/sim/rep_039/doitall.sh;./outputs/models/S0.90-F2-tau2-fixed/selftest/sim/rep_013/doitall.sh,
kflow-022969,completed,completed,PacificCommunity/ofp-sam-bet-2026-checks,0c90f1153f96229a3dd055079529aede02386aec,bet-2026-selftest-tau-selftest,a-3e477575349daf5be874a9e3115a40577fbe20635a2602b0b681f598757e8928,bet2026-checks21641-002,UNASSESSED,./outputs/checks/selftest/S0.90-F2-tau2-fixed/selftest/truth_eval/rep_001/doitall.sh;./outputs/checks/selftest/S0.90-F2-tau2-fixed/selftest/sim/rep_001/doitall.sh;./outputs/checks/selftest/S0.90-F2-tau2-fixed/selftest/inputs/rep_001/doitall.sh;./outputs/checks/selftest/S0.90-F2-tau2-fixed/selftest/refit/rep_001/doitall.sh;./outputs/models/S0.90-F2-tau2-fixed/selftest/truth_eval/rep_001/doitall.sh;./outputs/models/S0.90-F2-tau2-fixed/selftest/sim/rep_001/doitall.sh;./outputs/models/S0.90-F2-tau2-fixed/selftest/inputs/rep_001/doitall.sh;./outputs/models/S0.90-F2-tau2-fixed/selftest/refit/rep_001/doitall.sh,
kflow-022970,completed,completed,PacificCommunity/ofp-sam-bet-2026-checks,0c90f1153f96229a3dd055079529aede02386aec,bet-2026-final-diagnostic,a-15483c2f220b9ba29d599beadfbda54192b8c346a588e70b2b776eb23df94282,bet2026-checks21641-002,UNASSESSED,,
kflow-022972,failed,failed,PacificCommunity/ofp-sam-bet-2026-checks,0c90f1153f96229a3dd055079529aede02386aec,bet-2026-final-diagnostic,a-6439b5d858e8c65e20994d23583aa76f71b4ea9dbd4fbe9bc508e09dcbae5d1a,bet2026-checks21641-002,UNASSESSED,,
kflow-022973,completed,completed,PacificCommunity/ofp-sam-bet-2026-checks,0c90f1153f96229a3dd055079529aede02386aec,bet-2026-selftest-tau-selftest,a-735238416636ac48c3a6f416812282a711ef54319aaf25d0904703eabd0ff822,bet2026-checks21641-002,UNASSESSED,./outputs/checks/selftest/S0.90-F2-tau2-fixed/selftest/truth_eval/rep_001/doitall.sh;./outputs/checks/selftest/S0.90-F2-tau2-fixed/selftest/sim/rep_001/doitall.sh;./outputs/checks/selftest/S0.90-F2-tau2-fixed/selftest/inputs/rep_001/doitall.sh;./outputs/checks/selftest/S0.90-F2-tau2-fixed/selftest/refit/rep_001/doitall.sh;./outputs/models/S0.90-F2-tau2-fixed/selftest/truth_eval/rep_001/doitall.sh;./outputs/models/S0.90-F2-tau2-fixed/selftest/sim/rep_001/doitall.sh;./outputs/models/S0.90-F2-tau2-fixed/selftest/inputs/rep_001/doitall.sh;./outputs/models/S0.90-F2-tau2-fixed/selftest/refit/rep_001/doitall.sh,
kflow-022974,completed,completed,PacificCommunity/ofp-sam-bet-2026-checks,0c90f1153f96229a3dd055079529aede02386aec,bet-2026-final-diagnostic,a-3bbdbaa372c30912f3cf33426ffee3760fb5033b2c47a0733dc2301b4d64255e,bet2026-checks21641-002,UNASSESSED,./outputs/outputs/S0.90-F2-tau2-fixed/doitall.sh,
kflow-022976,completed,completed,PacificCommunity/ofp-sam-bet-2026-checks,0c90f1153f96229a3dd055079529aede02386aec,bet-2026-selftest-tau-selftest,a-8a07d34eaf4306488a9f8472347081bca5434b4437508d09dea1445e4d1f9013,bet2026-checks21641-002,UNASSESSED,,selftest_case_native_PAR_REP_FRQ_TAG_INI_doitall_unavailable_at_examined_locations
kflow-022977,completed,completed,PacificCommunity/ofp-sam-bet-2026-checks,0c90f1153f96229a3dd055079529aede02386aec,bet-2026-selftest-tau-selftest,a-e4423b4c5d044ed40258021ad30be8907dde8e6892ac4184ae19c482af11ae52,bet2026-checks21641-002,UNASSESSED,,selftest_case_native_PAR_REP_FRQ_TAG_INI_doitall_unavailable_at_examined_locations
kflow-022978,completed,completed,PacificCommunity/ofp-sam-bet-2026-checks,0c90f1153f96229a3dd055079529aede02386aec,bet-2026-selftest-tau-selftest,a-bf5140ef3737bda1fe6b70afa4b39ebb238ebf388d107ecba5f015f38066b162,bet2026-checks21641-002,UNASSESSED,,selftest_case_native_PAR_REP_FRQ_TAG_INI_doitall_unavailable_at_examined_locations
kflow-022979,completed,completed,PacificCommunity/ofp-sam-bet-2026-checks,0c90f1153f96229a3dd055079529aede02386aec,bet-2026-selftest-tau-selftest,a-24024bec8db63238b47e58ae9eaa0797b0a117d5eec399b9ce5df55b69b3f83d,bet2026-checks21641-002,UNASSESSED,,selftest_case_native_PAR_REP_FRQ_TAG_INI_doitall_unavailable_at_examined_locations
kflow-022980,completed,completed,PacificCommunity/ofp-sam-bet-2026-checks,0c90f1153f96229a3dd055079529aede02386aec,bet-2026-selftest-tau-selftest,a-69950cc71842dedb56298160286361f974f50d45272e84753a8f641fb97a4941,bet2026-checks21641-002,UNASSESSED,,selftest_case_native_PAR_REP_FRQ_TAG_INI_doitall_unavailable_at_examined_locations
kflow-022981,completed,completed,PacificCommunity/ofp-sam-bet-2026-checks,0c90f1153f96229a3dd055079529aede02386aec,bet-2026-selftest-tau-selftest,a-388e80bd8b24dc7c0a8f1afab42af2d8f4bf910bcc0b75a76c5905c600f099bd,bet2026-checks21641-002,UNASSESSED,,selftest_case_native_PAR_REP_FRQ_TAG_INI_doitall_unavailable_at_examined_locations
kflow-022982,completed,completed,PacificCommunity/ofp-sam-bet-2026-checks,0c90f1153f96229a3dd055079529aede02386aec,bet-2026-selftest-tau-selftest,a-3120c33be9747b4ce286142c88b6f262f00d6383a1eb8c48051b0ae337976fba,bet2026-checks21641-002,UNASSESSED,,selftest_case_native_PAR_REP_FRQ_TAG_INI_doitall_unavailable_at_examined_locations
kflow-022983,completed,completed,PacificCommunity/ofp-sam-bet-2026-checks,0c90f1153f96229a3dd055079529aede02386aec,bet-2026-selftest-tau-selftest,a-9d7a69da776055943e13401e2319bf2fca8995718149bf6bfb012f83557fe400,bet2026-checks21641-002,UNASSESSED,,selftest_case_native_PAR_REP_FRQ_TAG_INI_doitall_unavailable_at_examined_locations
kflow-022984,completed,completed,PacificCommunity/ofp-sam-bet-2026-checks,0c90f1153f96229a3dd055079529aede02386aec,bet-2026-selftest-tau-selftest,a-b8c910577b64affcda37a01b4f6cfae5030e4bfaacb014f79436fc423644d3e3,bet2026-checks21641-002,UNASSESSED,,selftest_case_native_PAR_REP_FRQ_TAG_INI_doitall_unavailable_at_examined_locations
kflow-022985,completed,completed,PacificCommunity/ofp-sam-bet-2026-checks,0c90f1153f96229a3dd055079529aede02386aec,bet-2026-selftest-tau-selftest,a-9ed7b77e4d126de5df5e640d220a3c32be2ceaaa01a6ab0f2b20b8d707e1793c,bet2026-checks21641-002,UNASSESSED,,selftest_case_native_PAR_REP_FRQ_TAG_INI_doitall_unavailable_at_examined_locations
kflow-022986,completed,completed,PacificCommunity/ofp-sam-bet-2026-checks,0c90f1153f96229a3dd055079529aede02386aec,bet-2026-selftest-tau-selftest,a-3222c52c16fc37f086f60289e27f5da0d147222bef185e4351f7acfb06991096,bet2026-checks21641-002,UNASSESSED,,selftest_case_native_PAR_REP_FRQ_TAG_INI_doitall_unavailable_at_examined_locations
kflow-022987,completed,completed,PacificCommunity/ofp-sam-bet-2026-checks,0c90f1153f96229a3dd055079529aede02386aec,bet-2026-selftest-tau-selftest,a-86c522fc083296f13aa04775ca9ff5002ca72f52c3ac0a6dbe84df7fc433861f,bet2026-checks21641-002,UNASSESSED,,selftest_case_native_PAR_REP_FRQ_TAG_INI_doitall_unavailable_at_examined_locations
kflow-022988,completed,completed,PacificCommunity/ofp-sam-bet-2026-checks,0c90f1153f96229a3dd055079529aede02386aec,bet-2026-selftest-tau-selftest,a-a4758339885a88c02bba831e6271e9442f4a5a07841595ffc2c314e12befcb1e,bet2026-checks21641-002,UNASSESSED,,selftest_case_native_PAR_REP_FRQ_TAG_INI_doitall_unavailable_at_examined_locations
kflow-022989,completed,completed,PacificCommunity/ofp-sam-bet-2026-checks,0c90f1153f96229a3dd055079529aede02386aec,bet-2026-selftest-tau-selftest,a-337c14558f4a94cb60f0a93eec2dd6f95bacde0c330a319dd6c18eb40ff625eb,bet2026-checks21641-002,UNASSESSED,,selftest_case_native_PAR_REP_FRQ_TAG_INI_doitall_unavailable_at_examined_locations
kflow-022990,completed,completed,PacificCommunity/ofp-sam-bet-2026-checks,0c90f1153f96229a3dd055079529aede02386aec,bet-2026-selftest-tau-selftest,a-ef1787d4c6df67bf61885f36eb77c6e5d2294b1fb1c0fb5ccf812a8e688f6fbf,bet2026-checks21641-002,UNASSESSED,,selftest_case_native_PAR_REP_FRQ_TAG_INI_doitall_unavailable_at_examined_locations
kflow-022991,completed,completed,PacificCommunity/ofp-sam-bet-2026-checks,0c90f1153f96229a3dd055079529aede02386aec,bet-2026-selftest-tau-selftest,a-eccea785b7ee3c9b88a774d2aae63564dbcc9a126a673c4673f2041e40e57e5f,bet2026-checks21641-002,UNASSESSED,,selftest_case_native_PAR_REP_FRQ_TAG_INI_doitall_unavailable_at_examined_locations
kflow-022992,completed,completed,PacificCommunity/ofp-sam-bet-2026-checks,0c90f1153f96229a3dd055079529aede02386aec,bet-2026-selftest-tau-selftest,a-9165482807ebd9509cc4ea6b03df011853add9c49327de32443dac41f74a819f,bet2026-checks21641-002,UNASSESSED,,selftest_case_native_PAR_REP_FRQ_TAG_INI_doitall_unavailable_at_examined_locations
kflow-022993,completed,completed,PacificCommunity/ofp-sam-bet-2026-checks,0c90f1153f96229a3dd055079529aede02386aec,bet-2026-selftest-tau-selftest,a-ee89d29eeac7e5d3fbbd430907caff19936ddb98144b635007ea0c51f72b691c,bet2026-checks21641-002,UNASSESSED,,selftest_case_native_PAR_REP_FRQ_TAG_INI_doitall_unavailable_at_examined_locations
kflow-022994,completed,completed,PacificCommunity/ofp-sam-bet-2026-checks,0c90f1153f96229a3dd055079529aede02386aec,bet-2026-selftest-tau-selftest,a-20eb83a7f9d6ca680425ba8c1e0163b2583150e0b7df7907cdfe62114c604806,bet2026-checks21641-002,UNASSESSED,,selftest_case_native_PAR_REP_FRQ_TAG_INI_doitall_unavailable_at_examined_locations
kflow-022995,completed,completed,PacificCommunity/ofp-sam-bet-2026-checks,0c90f1153f96229a3dd055079529aede02386aec,bet-2026-selftest-tau-selftest,a-74d32d3a3e671ac471428b2a0465330fbe73945ffeeacd3420e871554656a87e,bet2026-checks21641-002,UNASSESSED,,selftest_case_native_PAR_REP_FRQ_TAG_INI_doitall_unavailable_at_examined_locations
kflow-022996,completed,completed,PacificCommunity/ofp-sam-bet-2026-checks,0c90f1153f96229a3dd055079529aede02386aec,bet-2026-selftest-tau-selftest,a-48ad09c0fe9a8c1aee1a909d93670c2db06164b799016b459d6fe5d83c34ed9c,bet2026-checks21641-002,UNASSESSED,,selftest_case_native_PAR_REP_FRQ_TAG_INI_doitall_unavailable_at_examined_locations
kflow-022997,completed,completed,PacificCommunity/ofp-sam-bet-2026-checks,0c90f1153f96229a3dd055079529aede02386aec,bet-2026-selftest-tau-selftest,a-cd209b941f12412991522819b98019c8d51f6c7cedf0325f907b7c9a8723b31b,bet2026-checks21641-002,UNASSESSED,,selftest_case_native_PAR_REP_FRQ_TAG_INI_doitall_unavailable_at_examined_locations
kflow-022998,completed,completed,PacificCommunity/ofp-sam-bet-2026-checks,0c90f1153f96229a3dd055079529aede02386aec,bet-2026-selftest-tau-selftest,a-fb762c5a11ca627494828e7a5183745c487a5d726cc4e144edf1427542ba427f,bet2026-checks21641-002,UNASSESSED,,selftest_case_native_PAR_REP_FRQ_TAG_INI_doitall_unavailable_at_examined_locations
kflow-022999,completed,completed,PacificCommunity/ofp-sam-bet-2026-checks,0c90f1153f96229a3dd055079529aede02386aec,bet-2026-selftest-tau-selftest,a-d75f55a298ac292e1f35be5813faf79d92f6ff0bce01e4b3083954498edb0cf0,bet2026-checks21641-002,UNASSESSED,,selftest_case_native_PAR_REP_FRQ_TAG_INI_doitall_unavailable_at_examined_locations
kflow-023000,completed,completed,PacificCommunity/ofp-sam-bet-2026-checks,0c90f1153f96229a3dd055079529aede02386aec,bet-2026-selftest-tau-selftest,a-e7a01d1dc3cf697af82a1544e3b546f4d575e41f73c5ba12f1c81ae0c15cb6cc,bet2026-checks21641-002,UNASSESSED,,selftest_case_native_PAR_REP_FRQ_TAG_INI_doitall_unavailable_at_examined_locations
kflow-023001,completed,completed,PacificCommunity/ofp-sam-bet-2026-checks,0c90f1153f96229a3dd055079529aede02386aec,bet-2026-selftest-tau-selftest,a-1847ca0c646623f3671dcf8b9df3dd76cfeb251a4f70a47e12cc62959281c6bc,bet2026-checks21641-002,UNASSESSED,,selftest_case_native_PAR_REP_FRQ_TAG_INI_doitall_unavailable_at_examined_locations
kflow-023002,completed,completed,PacificCommunity/ofp-sam-bet-2026-checks,0c90f1153f96229a3dd055079529aede02386aec,bet-2026-selftest-tau-selftest,a-a50fb0593e1b9650cf42471776e9e0b1529a3f30c17963741cdf042ea70ae858,bet2026-checks21641-002,UNASSESSED,,selftest_case_native_PAR_REP_FRQ_TAG_INI_doitall_unavailable_at_examined_locations
kflow-023003,completed,completed,PacificCommunity/ofp-sam-bet-2026-checks,0c90f1153f96229a3dd055079529aede02386aec,bet-2026-selftest-tau-selftest,a-058e31abdbbc93eeea611d375b9389aa60080760f5c3ffbde5adb4b75a1bb7be,bet2026-checks21641-002,UNASSESSED,,selftest_case_native_PAR_REP_FRQ_TAG_INI_doitall_unavailable_at_examined_locations
kflow-023004,completed,completed,PacificCommunity/ofp-sam-bet-2026-checks,0c90f1153f96229a3dd055079529aede02386aec,bet-2026-selftest-tau-selftest,a-ef330606b587e7ab4ab3c1046c8afeb29e49e5b45217fcfd4c1015fa25c330fc,bet2026-checks21641-002,UNASSESSED,,selftest_case_native_PAR_REP_FRQ_TAG_INI_doitall_unavailable_at_examined_locations
kflow-023005,completed,completed,PacificCommunity/ofp-sam-bet-2026-checks,0c90f1153f96229a3dd055079529aede02386aec,bet-2026-selftest-tau-selftest,a-8aa49ce2afc92b005904bdb7c290880f2b044e82018bb2b8f831a5f1178597fc,bet2026-checks21641-002,UNASSESSED,,selftest_case_native_PAR_REP_FRQ_TAG_INI_doitall_unavailable_at_examined_locations
kflow-023006,completed,completed,PacificCommunity/ofp-sam-bet-2026-checks,0c90f1153f96229a3dd055079529aede02386aec,bet-2026-selftest-tau-selftest,a-395e27e7d17e8700c8befe51c7202ecc0d0073eded858fc1632e7a99615c4af7,bet2026-checks21641-002,UNASSESSED,,selftest_case_native_PAR_REP_FRQ_TAG_INI_doitall_unavailable_at_examined_locations
kflow-023007,completed,completed,PacificCommunity/ofp-sam-bet-2026-checks,0c90f1153f96229a3dd055079529aede02386aec,bet-2026-selftest-tau-selftest,a-c8fe1588c1fba2bba24b65fc2d1261315287208ed837eb17d61264507f27ca84,bet2026-checks21641-002,UNASSESSED,,selftest_case_native_PAR_REP_FRQ_TAG_INI_doitall_unavailable_at_examined_locations
kflow-023008,completed,completed,PacificCommunity/ofp-sam-bet-2026-checks,0c90f1153f96229a3dd055079529aede02386aec,bet-2026-selftest-tau-selftest,a-a8c13021fc4a162b2e408cee7ffa9644fcf56cb3971621ab3a5b648b1a70ea20,bet2026-checks21641-002,UNASSESSED,,selftest_case_native_PAR_REP_FRQ_TAG_INI_doitall_unavailable_at_examined_locations
kflow-023009,completed,completed,PacificCommunity/ofp-sam-bet-2026-checks,0c90f1153f96229a3dd055079529aede02386aec,bet-2026-selftest-tau-selftest,a-f75752dc12370a49bb57c1c4cee095a02546b18c2dc82020a142e350efa9beeb,bet2026-checks21641-002,UNASSESSED,,selftest_case_native_PAR_REP_FRQ_TAG_INI_doitall_unavailable_at_examined_locations
kflow-023010,completed,completed,PacificCommunity/ofp-sam-bet-2026-checks,0c90f1153f96229a3dd055079529aede02386aec,bet-2026-selftest-tau-selftest,a-cd3ddea327e8e487027db565eb818519a68339017528d7b7decd15d928711f73,bet2026-checks21641-002,UNASSESSED,,selftest_case_native_PAR_REP_FRQ_TAG_INI_doitall_unavailable_at_examined_locations
kflow-023011,completed,completed,PacificCommunity/ofp-sam-bet-2026-checks,0c90f1153f96229a3dd055079529aede02386aec,bet-2026-selftest-tau-selftest,a-16ac9147f34128edbe886ffca22f179be3bf481259c75e42492ebfcb709d1044,bet2026-checks21641-002,UNASSESSED,,selftest_case_native_PAR_REP_FRQ_TAG_INI_doitall_unavailable_at_examined_locations
kflow-023012,completed,completed,PacificCommunity/ofp-sam-bet-2026-checks,0c90f1153f96229a3dd055079529aede02386aec,bet-2026-selftest-tau-selftest,a-6012f1864ae8a456dee9e4e5f6e93f6a1dc2b39fc24fd4483e59ef6977ee5cc7,bet2026-checks21641-002,UNASSESSED,,selftest_case_native_PAR_REP_FRQ_TAG_INI_doitall_unavailable_at_examined_locations
kflow-023013,completed,completed,PacificCommunity/ofp-sam-bet-2026-checks,0c90f1153f96229a3dd055079529aede02386aec,bet-2026-selftest-tau-selftest,a-852779d69e3764040a5fe6eea9c7c875199e0d574318c9ed67bd7af80f087b3c,bet2026-checks21641-002,UNASSESSED,,selftest_case_native_PAR_REP_FRQ_TAG_INI_doitall_unavailable_at_examined_locations
kflow-023014,completed,completed,PacificCommunity/ofp-sam-bet-2026-checks,0c90f1153f96229a3dd055079529aede02386aec,bet-2026-selftest-tau-selftest,a-bd1f5a4a736e541a724ee6ba56a6bf5a1216c39c7e4d49fa94306efb6b013d96,bet2026-checks21641-002,UNASSESSED,,selftest_case_native_PAR_REP_FRQ_TAG_INI_doitall_unavailable_at_examined_locations
kflow-023015,completed,completed,PacificCommunity/ofp-sam-bet-2026-checks,0c90f1153f96229a3dd055079529aede02386aec,bet-2026-selftest-tau-selftest,a-4bebbe9339fedcf6bfac55f5a93e35e274b962ed9e07b04183779fd38e794b92,bet2026-checks21641-002,UNASSESSED,,selftest_case_native_PAR_REP_FRQ_TAG_INI_doitall_unavailable_at_examined_locations
kflow-023016,completed,completed,PacificCommunity/ofp-sam-bet-2026-checks,0c90f1153f96229a3dd055079529aede02386aec,bet-2026-selftest-tau-selftest,a-4cd2b51e0da5f7dc6aaaab35fde1f7fa90a0ea7fcecfa3685f3b5e9c26e5b292,bet2026-checks21641-002,UNASSESSED,,selftest_case_native_PAR_REP_FRQ_TAG_INI_doitall_unavailable_at_examined_locations
kflow-023017,completed,completed,PacificCommunity/ofp-sam-bet-2026-checks,0c90f1153f96229a3dd055079529aede02386aec,bet-2026-selftest-tau-selftest,a-8b20b90f8ededdc071722fd8a7fc12becdf02b512e9eaf85cb599213c12d5b90,bet2026-checks21641-002,UNASSESSED,,selftest_case_native_PAR_REP_FRQ_TAG_INI_doitall_unavailable_at_examined_locations
kflow-023018,completed,completed,PacificCommunity/ofp-sam-bet-2026-checks,0c90f1153f96229a3dd055079529aede02386aec,bet-2026-selftest-tau-selftest,a-bbf2aab958bb71fd4cad9ba124a3ab8c505affc8ddfcf122b72239d1824eeed1,bet2026-checks21641-002,UNASSESSED,,selftest_case_native_PAR_REP_FRQ_TAG_INI_doitall_unavailable_at_examined_locations
kflow-023019,completed,completed,PacificCommunity/ofp-sam-bet-2026-checks,0c90f1153f96229a3dd055079529aede02386aec,bet-2026-selftest-tau-selftest,a-f320ff24c2661d82ba62ce7739da8fbac5e9e1fa51a579c560d29e2b468f11cf,bet2026-checks21641-002,UNASSESSED,,selftest_case_native_PAR_REP_FRQ_TAG_INI_doitall_unavailable_at_examined_locations
kflow-023020,completed,completed,PacificCommunity/ofp-sam-bet-2026-checks,0c90f1153f96229a3dd055079529aede02386aec,bet-2026-selftest-tau-selftest,a-849161bbad3f30e7820d9e3de74baad1dba4a5ef41b6a8eca56d773c5c78ae54,bet2026-checks21641-002,UNASSESSED,,selftest_case_native_PAR_REP_FRQ_TAG_INI_doitall_unavailable_at_examined_locations
kflow-023021,completed,completed,PacificCommunity/ofp-sam-bet-2026-checks,0c90f1153f96229a3dd055079529aede02386aec,bet-2026-selftest-tau-selftest,a-d548b625fe8863d206d76918bc4478bbaee0a9e385ead2496d84c0dc2085d067,bet2026-checks21641-002,UNASSESSED,,selftest_case_native_PAR_REP_FRQ_TAG_INI_doitall_unavailable_at_examined_locations
kflow-023022,completed,completed,PacificCommunity/ofp-sam-bet-2026-checks,0c90f1153f96229a3dd055079529aede02386aec,bet-2026-selftest-tau-selftest,a-eb30a5a4f5628109318712a62d712f4afbb7f42464fd3b13051eb7efe6fd88c7,bet2026-checks21641-002,UNASSESSED,,selftest_case_native_PAR_REP_FRQ_TAG_INI_doitall_unavailable_at_examined_locations
kflow-023023,completed,completed,PacificCommunity/ofp-sam-bet-2026-checks,0c90f1153f96229a3dd055079529aede02386aec,bet-2026-selftest-tau-selftest,a-8b0e22433acf3e48890ceb5976cce6f71e268437970d4a7232710974e57ff2fb,bet2026-checks21641-002,UNASSESSED,,selftest_case_native_PAR_REP_FRQ_TAG_INI_doitall_unavailable_at_examined_locations
kflow-023024,completed,completed,PacificCommunity/ofp-sam-bet-2026-checks,0c90f1153f96229a3dd055079529aede02386aec,bet-2026-selftest-tau-selftest,a-4ef8557e6ef9ef2a53b6eb87f02db2a457f4def8ec0653a254eea18234fa6cfe,bet2026-checks21641-002,UNASSESSED,,selftest_case_native_PAR_REP_FRQ_TAG_INI_doitall_unavailable_at_examined_locations
kflow-023025,completed,completed,PacificCommunity/ofp-sam-bet-2026-checks,0c90f1153f96229a3dd055079529aede02386aec,bet-2026-selftest-tau-selftest,a-9d943b491d3afbced60b8a595869a47ed5eadf91c4eae3e90586ac148e76fbd3,bet2026-checks21641-002,UNASSESSED,,selftest_case_native_PAR_REP_FRQ_TAG_INI_doitall_unavailable_at_examined_locations
kflow-023026,completed,completed,PacificCommunity/ofp-sam-bet-2026-checks,8c5980e85389227d7c14dad0da502283c63650f3,bet-2026-selftest-tau-selftest-merge,a-62f34935ee327bb5c624973553f9aa900b2a6b820f4486abd244abcf52dd1d0e,bet2026-checks21641-002,UNASSESSED,,
kflow-023098,completed,completed,PacificCommunity/ofp-sam-bet-2026-checks,8c5980e85389227d7c14dad0da502283c63650f3,bet-2026-final-diagnostic-check-aspm,a-5542ec6d7ff616482e1229e8adb9b8dc6fdb10abcf3e404634079918a03dc0e2,bet2026-checks21641-002,UNASSESSED,,
kflow-023099,completed,completed,PacificCommunity/ofp-sam-bet-2026-checks,8c5980e85389227d7c14dad0da502283c63650f3,bet-2026-final-diagnostic-check-aspm,a-88737be05f99d5842421c4ee293f66a3605eaff7a9bd602f22fc0c23b8723704,bet2026-checks21641-002,UNASSESSED,,
kflow-023135,failed,failed,PacificCommunity/ofp-sam-bet-2026-jitter,1f2ffad5b3ec420ed1e310348cd9247383a77d20,ofp-sam-bet-2026-diagnostic-checks-jitter,a-ac7fefb7da086fee780adf58e0a43cfbda6350ff775c62b6e1568506944b10c7,bet2026-jitter-054,UNASSESSED,,
kflow-023136,failed,failed,PacificCommunity/ofp-sam-bet-2026-jitter,1f2ffad5b3ec420ed1e310348cd9247383a77d20,ofp-sam-bet-2026-diagnostic-checks-jitter,a-3c5b711f75f770f479cd7b90dac0e14eb7f0b36d3286bbdd126518befe6d590c,bet2026-jitter-054,UNASSESSED,,
kflow-023137,failed,failed,PacificCommunity/ofp-sam-bet-2026-jitter,1f2ffad5b3ec420ed1e310348cd9247383a77d20,ofp-sam-bet-2026-diagnostic-checks-jitter,a-46b2dfeb62c1a7d5488249dde52c3eb4942f98aa755e6902b148df65313765a6,bet2026-jitter-054,UNASSESSED,,
kflow-023138,failed,failed,PacificCommunity/ofp-sam-bet-2026-jitter,1f2ffad5b3ec420ed1e310348cd9247383a77d20,ofp-sam-bet-2026-diagnostic-checks-jitter,a-60a6dc0c43bf19293acf2c6d5a2ff5cccdd1e4ead583b037e6fd7203c71f1352,bet2026-jitter-054,UNASSESSED,,
kflow-023139,failed,failed,PacificCommunity/ofp-sam-bet-2026-jitter,a693cfc2f41ccfe77d5f6a2aa2f548df56afa71b,ofp-sam-bet-2026-diagnostic-checks-jitter,a-a393c701ea42b3aad51d77d6a487036b532b5a0f534f38c08817a74f8d719a2a,bet2026-jitter-054,UNASSESSED,,
kflow-023140,completed,completed,PacificCommunity/ofp-sam-bet-2026-jitter,a693cfc2f41ccfe77d5f6a2aa2f548df56afa71b,ofp-sam-bet-2026-diagnostic-checks-jitter,a-7db9e6c845c915eee13eb08c8d80f9da3d03ac014c99cd89429b0416eaefe78c,bet2026-jitter-054,UNASSESSED,,
kflow-023141,completed,completed,PacificCommunity/ofp-sam-bet-2026-jitter,073693dd362b654aa4e1d442dc571d55c538f008,bet-2026-diagnostic-checks-jitter,a-bce3b91c8df5bb7d82e6382bae5ea1f3b9895d0eef8d54fcf6b961f9c64c2697,bet2026-jitter-054,UNASSESSED,,
kflow-023142,completed,completed,PacificCommunity/ofp-sam-bet-2026-jitter,073693dd362b654aa4e1d442dc571d55c538f008,bet-2026-diagnostic-checks-jitter,a-3ba8a583acfacaf737ea6df4c660abc2bd2860f05202d0a7294c14a09ff943f5,bet2026-jitter-054,UNASSESSED,,
kflow-023143,completed,completed,PacificCommunity/ofp-sam-bet-2026-jitter,c5ed7dcb0d57397ee80a11f18273c60cb18ffd88,bet-2026-diagnostic-checks-jitter,a-cbb7a2a8790590dc438312a86039fd4d01e4cd53fac4fc3198cf654261d3b175,bet2026-jitter-054,UNASSESSED,,
kflow-023144,completed,completed,PacificCommunity/ofp-sam-bet-2026-jitter,237d7154244af711c06a13f7353d2fe88620ac70,bet-2026-diagnostic-checks-jitter,a-954376da1f233c60cc1e1b1811e9190b0381df25328f973565743ebff37094bc,bet2026-jitter-054,UNASSESSED,,
kflow-023145,failed,failed,PacificCommunity/ofp-sam-bet-2026-retrospective,cab1e6849f63860267d20ffcd6345731d697b39a,bet-2026-diagnostic-checks-retrospective-payload,a-5022cec1297c6a452ea41bb08b18db2b652b9fc1e50b85a1fec688ad2c6dfb48,bet2026-retrospective-055,UNASSESSED,,
kflow-023146,failed,failed,PacificCommunity/ofp-sam-bet-2026-retrospective,23617007f5abf1cb3d2fb3aa4e183651d910be0f,bet-2026-diagnostic-checks-retrospective-payload,a-48d0e67c7e0f0169c7ff12b4fc1c1617661be5a849d7cdf8fb3c3823b169eb98,bet2026-retrospective-055,UNASSESSED,,
kflow-023147,completed,completed,PacificCommunity/ofp-sam-bet-2026-retrospective,08af42ea9c0befbb258b4e4dd01a694b3138236a,bet-2026-diagnostic-checks-retrospective-payload,a-20958137ee71cb2e9e2b704d25898e6ddd6445f820778279efaccc44f107519c,bet2026-retrospective-055,UNASSESSED,,
kflow-023148,completed,completed,PacificCommunity/ofp-sam-bet-2026-retrospective,bd38d41e65ad75292f8831b58ceaa6eee0c787a5,bet-2026-diagnostic-checks-retrospective-payload,a-b4d51cd04b5c86c204a38f6096f05440cf72666423940757edfdd6c56166af35,bet2026-retrospective-055,UNASSESSED,,
kflow-023149,failed,failed,PacificCommunity/ofp-sam-bet-2026-stepwise,17cce2becffad7f6b899a4b8e68bde0198566eda,ofp-sam-bet-2026-stepwise-report,a-a6d2c4e4b8ff65379247b7dac2a8548a9ceb546686568d4b275db08d2bfd0c96,bet2026-stepwise-020,UNASSESSED,,
kflow-023150,failed,failed,PacificCommunity/ofp-sam-bet-2026-stepwise,24241e7f44e9dd840691eab5afd9550717717d2a,ofp-sam-bet-2026-stepwise-report,a-7fb2173e265316eef2bf0233b4e704b95982432607778b5df7d5aa75640ee75c,bet2026-stepwise-021,UNASSESSED,,
kflow-023151,completed,completed,PacificCommunity/ofp-sam-bet-2026-stepwise,4a5962fd95179f0487ed3e67ec681cab45ab120a,ofp-sam-bet-2026-stepwise-report,a-51d77326a183c8e7cbf801d30bf1765c2f58f2856151030259a0e39887824d92,bet2026-stepwise-021,UNASSESSED,,
kflow-023174,completed,completed,PacificCommunity/ofp-sam-bet-2026-stepwise,6c27bdf79a95155410eccaab6986d2b43bb79c53,ofp-sam-bet-2026-stepwise-report,a-d702167447f354522cbcaf0a9884c58520db23091356e94a7ad58d500da2c935,bet2026-stepwise-021,UNASSESSED,,
kflow-023175,completed,completed,PacificCommunity/ofp-sam-bet-2026-stepwise,93291ec1ae39a1fe46f0c5332c2b8a167b040b5b,ofp-sam-bet-2026-stepwise-report,a-9cb65d1b1a905b4bb5b25320be3a818743cfe15808b7d3eaec55f6c945d24c9e,bet2026-stepwise-021,UNASSESSED,,
kflow-023176,completed,completed,PacificCommunity/ofp-sam-bet-2026-sensitivity,d26b5503bfff48f1f165cbf8cb1d50626d1fa239,BET-2026-sensitivity-tau2,a-37b13bb1a33a754faccbbc70e5e49f1b4e03c50a0219b4c48421ccccfdcf4bee,bet2026-sensitivity-011,UNASSESSED,,
kflow-023177,completed,completed,PacificCommunity/ofp-sam-bet-2026-sensitivity,402df822e9550eb229da42b8b9f2bfdaa5e4f30f,bet-2026-sensitivity-report,a-b0e437e9cddf4bc32fbf0805691deea5730739e23ebe2666ebc2933abccf4638,bet2026-sensitivity-011,UNASSESSED,,
kflow-023179,completed,completed,PacificCommunity/ofp-sam-bet-2026-selftest,229d9e98e11dca4cde560502c055cfe5006c035a,bet-2026-diagnostic-selftest-report,a-c43560c9982a8eb64d365a7cf49b6d629fbe53362c2745fa5244e12f594daf3d,bet2026-selftest-056,UNASSESSED,,
kflow-023180,completed,completed,PacificCommunity/ofp-sam-bet-2026-selftest,55db43c8561b1aa854388f170489e029e843f5c9,bet-2026-diagnostic-selftest-report,a-ff9bc8fb624af369920c3be4f8db9d7994eaeb3dacde4b06404844a08f648af6,bet2026-selftest-056,UNASSESSED,,
kflow-023182,failed,submit-failed,PacificCommunity/ofp-sam-bet-2026-ensemble,UNKNOWN,bet-2026-ensemble-tau-backup,a-16e58b08e59f3c9cf3bb1a2d7655d76c70e678dfdc203a7f367628eead75ce01,bet2026-ensemble-049,UNASSESSED,,executed_source_commit_unknown
kflow-023183,failed,submit-failed,PacificCommunity/ofp-sam-bet-2026-ensemble,UNKNOWN,bet-2026-ensemble-tau-backup,a-9fa0ad2a62d5b2333f21907298554ed777dd2cdb38c891f940a26f26d6324746,bet2026-ensemble-049,UNASSESSED,,executed_source_commit_unknown
kflow-023184,completed,completed,PacificCommunity/ofp-sam-bet-2026-ensemble,24483e3c3a36cddb511fc85454b81a218e1c46e7,bet-2026-ensemble-tau-backup,a-c815cf82f43c15a128c27381008f3209dc808ce5b8cf57ee50d984938f18094a,bet2026-ensemble-042,UNASSESSED,./outputs/models/ensemble-020/doitall.sh,
kflow-023185,completed,completed,PacificCommunity/ofp-sam-bet-2026-ensemble,24483e3c3a36cddb511fc85454b81a218e1c46e7,bet-2026-ensemble-tau-backup,a-8cf7580bbc5b7312b35719279999beddffb892a25ac215059e3e1323ca659548,bet2026-ensemble-042,UNASSESSED,./outputs/models/ensemble-096/doitall.sh,
kflow-023186,completed,completed,PacificCommunity/ofp-sam-bet-2026-ensemble,6c3982ea63458cef608af0a9da809d5a4cb8957e,bet-2026-ensemble-native-hessian-uncertainty,a-e8f787bec7897333e5eff71935018d4b9b00aa97e98f9cda20ef6d8c67db77f4,bet2026-ensemble-042,UNASSESSED,,
kflow-023187,failed,failed,PacificCommunity/ofp-sam-bet-2026-ensemble,6c3982ea63458cef608af0a9da809d5a4cb8957e,bet-2026-ensemble-native-hessian-uncertainty,a-dd9135bad5a6e27e7a9b30edd737cf999978677d8b82a192f384d338e0ab7586,bet2026-ensemble-042,UNASSESSED,,
kflow-023188,completed,completed,PacificCommunity/ofp-sam-bet-2026-ensemble,6c3982ea63458cef608af0a9da809d5a4cb8957e,bet-2026-ensemble-native-hessian-uncertainty,a-24fc038f184a190db114d5111803eddc71e5cc331d8beff29b63efbfd6896f84,bet2026-ensemble-042,UNASSESSED,,
kflow-023189,completed,completed,PacificCommunity/ofp-sam-bet-2026-ensemble,6c3982ea63458cef608af0a9da809d5a4cb8957e,bet-2026-ensemble-native-hessian-uncertainty,a-556b19c6f5b0b653832d433097087913e2c631cb34fe395b5c51f29a50146b53,bet2026-ensemble-042,UNASSESSED,,
kflow-023190,completed,completed,PacificCommunity/ofp-sam-bet-2026-ensemble,6c3982ea63458cef608af0a9da809d5a4cb8957e,bet-2026-ensemble-native-hessian-uncertainty,a-e6c49b8f8e67c999f420492a5d7f8da1c3ec530ff6d5a8f00f9210dcdc9ecb65,bet2026-ensemble-042,UNASSESSED,,
kflow-023191,completed,completed,PacificCommunity/ofp-sam-bet-2026-ensemble,6c3982ea63458cef608af0a9da809d5a4cb8957e,bet-2026-ensemble-native-hessian-uncertainty,a-1ebdf71c9a5e6e1226488b148c791c4e12733bf14bdcd25cd2f1c6b0587c21a0,bet2026-ensemble-042,UNASSESSED,,
kflow-023192,completed,completed,PacificCommunity/ofp-sam-bet-2026-ensemble,6c3982ea63458cef608af0a9da809d5a4cb8957e,bet-2026-ensemble-native-hessian-uncertainty,a-b81693ccbc3f9e0f3cde9c492701be8dce6cebb52c447e18e2f8112db4a469d2,bet2026-ensemble-042,UNASSESSED,,
kflow-023193,completed,completed,PacificCommunity/ofp-sam-bet-2026-ensemble,6c3982ea63458cef608af0a9da809d5a4cb8957e,bet-2026-ensemble-native-hessian-uncertainty,a-a2a64849e52053f65c66ee0160838a2ab6fa7e9b5e0a1afcdb9c1501b071c3f4,bet2026-ensemble-042,UNASSESSED,,
kflow-023194,completed,completed,PacificCommunity/ofp-sam-bet-2026-ensemble,6c3982ea63458cef608af0a9da809d5a4cb8957e,bet-2026-ensemble-native-hessian-uncertainty,a-f4e2b083a46c5f5a9d90f23672e43e8044faa1c06c8d521bf72786fb97cf6a8f,bet2026-ensemble-042,UNASSESSED,,
kflow-023195,completed,completed,PacificCommunity/ofp-sam-bet-2026-ensemble,6c3982ea63458cef608af0a9da809d5a4cb8957e,bet-2026-ensemble-native-hessian-uncertainty,a-7dbcdfebcb64a5c410a292753cb35880a42dce2a93b5d5cb3a9f87cc2f62be21,bet2026-ensemble-042,UNASSESSED,,
kflow-023196,completed,completed,PacificCommunity/ofp-sam-bet-2026-ensemble,6c3982ea63458cef608af0a9da809d5a4cb8957e,bet-2026-ensemble-native-hessian-uncertainty,a-7e132926c331f8347514bb6935d93f2967887c345e5f8efb8aa103126435eead,bet2026-ensemble-042,UNASSESSED,,
kflow-023197,completed,completed,PacificCommunity/ofp-sam-bet-2026-ensemble,6c3982ea63458cef608af0a9da809d5a4cb8957e,bet-2026-ensemble-native-hessian-uncertainty,a-932501fb529f5c7b54d77269360b4ca24b6fcdfb2eaa1ee7368c01eb51d35d11,bet2026-ensemble-042,UNASSESSED,,
kflow-023198,failed,failed,PacificCommunity/ofp-sam-bet-2026-ensemble,6c3982ea63458cef608af0a9da809d5a4cb8957e,bet-2026-ensemble-native-hessian-uncertainty,a-3e61d8f2a79a37c4bd80967d327129a227b89aa3c196b5eb980751297f4c079e,bet2026-ensemble-042,UNASSESSED,,
kflow-023199,completed,completed,PacificCommunity/ofp-sam-bet-2026-ensemble,6c3982ea63458cef608af0a9da809d5a4cb8957e,bet-2026-ensemble-native-hessian-uncertainty,a-5d3acab72a77d55f6037da93cf2c2b2059b3f5c2a511ba9c87ec534630a48d22,bet2026-ensemble-042,UNASSESSED,,
kflow-023200,completed,completed,PacificCommunity/ofp-sam-bet-2026-ensemble,6c3982ea63458cef608af0a9da809d5a4cb8957e,bet-2026-ensemble-native-hessian-uncertainty,a-f493c40da0bd92aa20e8c34cd092f58d3f3e7cde89cf28b1e73362dbb85927ea,bet2026-ensemble-042,UNASSESSED,,
kflow-023201,completed,completed,PacificCommunity/ofp-sam-bet-2026-ensemble,6c3982ea63458cef608af0a9da809d5a4cb8957e,bet-2026-ensemble-native-hessian-uncertainty,a-ffce6f2111d17f46649b0fc253be15b982551805f81a8b00770eee6ef642cb82,bet2026-ensemble-042,UNASSESSED,,
kflow-023202,completed,completed,PacificCommunity/ofp-sam-bet-2026-ensemble,6c3982ea63458cef608af0a9da809d5a4cb8957e,bet-2026-ensemble-native-hessian-uncertainty,a-1a99ebde102bf3f6e621eab3be833b4711c457f3bc8d9519643982a349404dc6,bet2026-ensemble-042,UNASSESSED,,
kflow-023203,failed,failed,PacificCommunity/ofp-sam-bet-2026-ensemble,6c3982ea63458cef608af0a9da809d5a4cb8957e,bet-2026-ensemble-native-hessian-uncertainty,a-13e90107b9a3417c9e60e09dbd9bf19dfb5faf5e8ca50876c808c5116b437296,bet2026-ensemble-042,UNASSESSED,,
kflow-023204,completed,completed,PacificCommunity/ofp-sam-bet-2026-ensemble,6c3982ea63458cef608af0a9da809d5a4cb8957e,bet-2026-ensemble-native-hessian-uncertainty,a-3f3c8c8a8920b7db9bd57acf2fa6dc0549cba8dcca1527f3219dcc3a60223b2a,bet2026-ensemble-042,UNASSESSED,,
kflow-023205,completed,completed,PacificCommunity/ofp-sam-bet-2026-ensemble,6c3982ea63458cef608af0a9da809d5a4cb8957e,bet-2026-ensemble-native-hessian-uncertainty,a-292a1508707abecb3e5efac7bfd302588c0490c9532524ba418a7e5195a386ce,bet2026-ensemble-042,UNASSESSED,,
kflow-023206,completed,completed,PacificCommunity/ofp-sam-bet-2026-ensemble,6c3982ea63458cef608af0a9da809d5a4cb8957e,bet-2026-ensemble-native-hessian-uncertainty,a-60a58849301ffecbc918c3ebf0226542751176f2c4f46ddc28e162d980f4beea,bet2026-ensemble-042,UNASSESSED,,
kflow-023207,completed,completed,PacificCommunity/ofp-sam-bet-2026-ensemble,6c3982ea63458cef608af0a9da809d5a4cb8957e,bet-2026-ensemble-native-hessian-uncertainty,a-7a5d420e094fc25c73625436c08bd3cc5a3740dd18d0b158f8bda57baa2f00b7,bet2026-ensemble-042,UNASSESSED,,
kflow-023208,completed,completed,PacificCommunity/ofp-sam-bet-2026-ensemble,6c3982ea63458cef608af0a9da809d5a4cb8957e,bet-2026-ensemble-native-hessian-uncertainty,a-66c71b277487756d6a6affe40c9a63ad23a0d256b9be2a95603a64736675a6f7,bet2026-ensemble-042,UNASSESSED,,
kflow-023209,completed,completed,PacificCommunity/ofp-sam-bet-2026-ensemble,6c3982ea63458cef608af0a9da809d5a4cb8957e,bet-2026-ensemble-native-hessian-uncertainty,a-411f1c5e497488386fdae850e250da0f457629171ba6eff3a35b99be7d64cc51,bet2026-ensemble-042,UNASSESSED,,
kflow-023210,completed,completed,PacificCommunity/ofp-sam-bet-2026-ensemble,6c3982ea63458cef608af0a9da809d5a4cb8957e,bet-2026-ensemble-native-hessian-uncertainty,a-4925e4c6f8caf1b7a7536086b7ab59857e038d8a1c552ef3e86548ed66ae9c66,bet2026-ensemble-042,UNASSESSED,,
kflow-023211,completed,completed,PacificCommunity/ofp-sam-bet-2026-ensemble,6c3982ea63458cef608af0a9da809d5a4cb8957e,bet-2026-ensemble-native-hessian-uncertainty,a-f9b2ad78b389f7c33e1146be8acfb68779dc45240c24896732ab1c8136f9bd68,bet2026-ensemble-042,UNASSESSED,,
kflow-023212,completed,completed,PacificCommunity/ofp-sam-bet-2026-ensemble,6c3982ea63458cef608af0a9da809d5a4cb8957e,bet-2026-ensemble-native-hessian-uncertainty,a-bd6caa1e972a588dbcf1e4d0a34f9fd082e09979ad78e7350b1b67ffd67c6650,bet2026-ensemble-042,UNASSESSED,,
kflow-023213,completed,completed,PacificCommunity/ofp-sam-bet-2026-ensemble,6c3982ea63458cef608af0a9da809d5a4cb8957e,bet-2026-ensemble-native-hessian-uncertainty,a-2524567ec29eeb85f2f48b1afad2ddd7c0645ba11c220b9c1d6f38a523c30a73,bet2026-ensemble-042,UNASSESSED,,
kflow-023214,completed,completed,PacificCommunity/ofp-sam-bet-2026-ensemble,6c3982ea63458cef608af0a9da809d5a4cb8957e,bet-2026-ensemble-native-hessian-uncertainty,a-a634c52a7a664acd80f444943b4176ebe2a7b26e991337802700ecd009ba36fd,bet2026-ensemble-042,UNASSESSED,,
kflow-023215,completed,completed,PacificCommunity/ofp-sam-bet-2026-ensemble,6c3982ea63458cef608af0a9da809d5a4cb8957e,bet-2026-ensemble-native-hessian-uncertainty,a-c21b772920a434c575a43915f1690a6744aecef1be6721cd029efe9dda9b4e6e,bet2026-ensemble-042,UNASSESSED,,
kflow-023216,completed,completed,PacificCommunity/ofp-sam-bet-2026-ensemble,6c3982ea63458cef608af0a9da809d5a4cb8957e,bet-2026-ensemble-native-hessian-uncertainty,a-1e37de05a01cb217a97882453c6052b9585e71a0ca8c9cd235a8b187f596f258,bet2026-ensemble-042,UNASSESSED,,
kflow-023217,completed,completed,PacificCommunity/ofp-sam-bet-2026-ensemble,6c3982ea63458cef608af0a9da809d5a4cb8957e,bet-2026-ensemble-native-hessian-uncertainty,a-3bbba4b134faa22aa421f2d4fdefc213036b13df4584d1f07a1815e7f3dae56d,bet2026-ensemble-042,UNASSESSED,,
kflow-023218,completed,completed,PacificCommunity/ofp-sam-bet-2026-ensemble,6c3982ea63458cef608af0a9da809d5a4cb8957e,bet-2026-ensemble-native-hessian-uncertainty,a-0ad08327abd8eb12230c48df98630fb96c01b47b0d743091997e76d19424e960,bet2026-ensemble-042,UNASSESSED,,
kflow-023219,completed,completed,PacificCommunity/ofp-sam-bet-2026-ensemble,6c3982ea63458cef608af0a9da809d5a4cb8957e,bet-2026-ensemble-native-hessian-uncertainty,a-26d9e94dbc6a3d01d0ca13e66916ace205934e4596aac32f735d45297c47df49,bet2026-ensemble-042,UNASSESSED,,
kflow-023220,completed,completed,PacificCommunity/ofp-sam-bet-2026-ensemble,6c3982ea63458cef608af0a9da809d5a4cb8957e,bet-2026-ensemble-native-hessian-uncertainty,a-5fd9b3547b2360c8eceaa12cc262140c059dbda7386a439cb035088b8a38846b,bet2026-ensemble-042,UNASSESSED,,
kflow-023221,completed,completed,PacificCommunity/ofp-sam-bet-2026-ensemble,6c3982ea63458cef608af0a9da809d5a4cb8957e,bet-2026-ensemble-native-hessian-uncertainty,a-bd21bd1aa235a47353c32592477aa582a07f3a4676d8a5e4dc5952b7d6b0c8e6,bet2026-ensemble-042,UNASSESSED,,
kflow-023222,completed,completed,PacificCommunity/ofp-sam-bet-2026-ensemble,6c3982ea63458cef608af0a9da809d5a4cb8957e,bet-2026-ensemble-native-hessian-uncertainty,a-ee1ca0ee7885cb88aa506795bf9dd894492200d2c54f8c43158aaa1dce0ad683,bet2026-ensemble-042,UNASSESSED,,
kflow-023223,completed,completed,PacificCommunity/ofp-sam-bet-2026-ensemble,6c3982ea63458cef608af0a9da809d5a4cb8957e,bet-2026-ensemble-native-hessian-uncertainty,a-681e1988541a31a00ca40ca57057116cbfd44beab0baf8ede0f8951744cf00f0,bet2026-ensemble-042,UNASSESSED,,
kflow-023224,completed,completed,PacificCommunity/ofp-sam-bet-2026-ensemble,6c3982ea63458cef608af0a9da809d5a4cb8957e,bet-2026-ensemble-native-hessian-uncertainty,a-572f52a675169518ffe67dbb0701971e1611e2782819645e2c7e93588557d861,bet2026-ensemble-042,UNASSESSED,,
kflow-023225,completed,completed,PacificCommunity/ofp-sam-bet-2026-ensemble,6c3982ea63458cef608af0a9da809d5a4cb8957e,bet-2026-ensemble-native-hessian-uncertainty,a-f779be7817b127e50cd17fd98897e2cf07b03db0844a560a90c7f134fbfed523,bet2026-ensemble-042,UNASSESSED,,
kflow-023226,completed,completed,PacificCommunity/ofp-sam-bet-2026-ensemble,6c3982ea63458cef608af0a9da809d5a4cb8957e,bet-2026-ensemble-native-hessian-uncertainty,a-d88f0af9484d8985a66b695611e1d7430fa50b2541ba70c00af37a85c5c69aa5,bet2026-ensemble-042,UNASSESSED,,
kflow-023227,completed,completed,PacificCommunity/ofp-sam-bet-2026-ensemble,6c3982ea63458cef608af0a9da809d5a4cb8957e,bet-2026-ensemble-native-hessian-uncertainty,a-5dd9f1e5c090c8a6b66119de23620c5166aaafd3f1f1ba2eb21c1a384eec86a7,bet2026-ensemble-042,UNASSESSED,,
kflow-023228,completed,completed,PacificCommunity/ofp-sam-bet-2026-ensemble,6c3982ea63458cef608af0a9da809d5a4cb8957e,bet-2026-ensemble-native-hessian-uncertainty,a-c04147aac2495f6c6f4e54b22d386558e1bb8afe3a62b25a75da2d096527fd19,bet2026-ensemble-042,UNASSESSED,,
kflow-023229,completed,completed,PacificCommunity/ofp-sam-bet-2026-ensemble,6c3982ea63458cef608af0a9da809d5a4cb8957e,bet-2026-ensemble-native-hessian-uncertainty,a-b7b3991fbc41087776fc50cfb0561fbff606d11042ec4a66fd2f832cdc81e121,bet2026-ensemble-042,UNASSESSED,,
kflow-023230,completed,completed,PacificCommunity/ofp-sam-bet-2026-ensemble,6c3982ea63458cef608af0a9da809d5a4cb8957e,bet-2026-ensemble-native-hessian-uncertainty,a-923febf83451b5e19d145887538fa9dd4aaaeff04508f538a408a8077af20e20,bet2026-ensemble-042,UNASSESSED,,
kflow-023231,failed,failed,PacificCommunity/ofp-sam-bet-2026-ensemble,6c3982ea63458cef608af0a9da809d5a4cb8957e,bet-2026-ensemble-native-hessian-uncertainty,a-c58f49325304b290dbdef8965a06e8a8de8670684fa23a565aa8eda96aba05d4,bet2026-ensemble-042,UNASSESSED,,
kflow-023232,completed,completed,PacificCommunity/ofp-sam-bet-2026-ensemble,6c3982ea63458cef608af0a9da809d5a4cb8957e,bet-2026-ensemble-native-hessian-uncertainty,a-7cb8f2efcb26d56d34d7095c46f2dcca11a3977694e9299f4c5fc9b69481392e,bet2026-ensemble-042,UNASSESSED,,
kflow-023233,completed,completed,PacificCommunity/ofp-sam-bet-2026-ensemble,6c3982ea63458cef608af0a9da809d5a4cb8957e,bet-2026-ensemble-native-hessian-uncertainty,a-4c4c084588799bfb56e94c43d62b316bdced8a8601365e144b419c7e487ccc62,bet2026-ensemble-042,UNASSESSED,,
kflow-023234,completed,completed,PacificCommunity/ofp-sam-bet-2026-ensemble,6c3982ea63458cef608af0a9da809d5a4cb8957e,bet-2026-ensemble-native-hessian-uncertainty,a-868f5a90bd8368156f874f1fa07d650685976450529b4823b080e6d0dbd71a90,bet2026-ensemble-042,UNASSESSED,,
kflow-023235,completed,completed,PacificCommunity/ofp-sam-bet-2026-ensemble,6c3982ea63458cef608af0a9da809d5a4cb8957e,bet-2026-ensemble-native-hessian-uncertainty,a-0bb67ab6fd544568bdbab1134f7e6fad3e423c543514ead08a48162e5081cd62,bet2026-ensemble-042,UNASSESSED,,
kflow-023236,completed,completed,PacificCommunity/ofp-sam-bet-2026-ensemble,6c3982ea63458cef608af0a9da809d5a4cb8957e,bet-2026-ensemble-native-hessian-uncertainty,a-3f2c87579d4fb8f8dc92829324d253124cfeff0f4e5cd942a7d952c78dff1b71,bet2026-ensemble-042,UNASSESSED,,
kflow-023237,completed,completed,PacificCommunity/ofp-sam-bet-2026-ensemble,6c3982ea63458cef608af0a9da809d5a4cb8957e,bet-2026-ensemble-native-hessian-uncertainty,a-65af85cf6adc68710d8be4c379b072ba55b5689131a09d156a9ca40d28ab9b10,bet2026-ensemble-042,UNASSESSED,,
kflow-023238,completed,completed,PacificCommunity/ofp-sam-bet-2026-ensemble,6c3982ea63458cef608af0a9da809d5a4cb8957e,bet-2026-ensemble-native-hessian-uncertainty,a-54fb4b68637cdf54dd5a0dfcaae629c253eaf0b041ff4682979b56ceeb218fc3,bet2026-ensemble-042,UNASSESSED,,
kflow-023239,completed,completed,PacificCommunity/ofp-sam-bet-2026-ensemble,6c3982ea63458cef608af0a9da809d5a4cb8957e,bet-2026-ensemble-native-hessian-uncertainty,a-4ccbb198e6b637ac881496485bf40aed6319b92979e2264a5c4ab1dfb77b6aea,bet2026-ensemble-042,UNASSESSED,,
kflow-023240,completed,completed,PacificCommunity/ofp-sam-bet-2026-ensemble,6c3982ea63458cef608af0a9da809d5a4cb8957e,bet-2026-ensemble-native-hessian-uncertainty,a-4a5b95c923aafa7fe1d116f044d6e2d1610caa1e35007ae37f6103ff97409618,bet2026-ensemble-042,UNASSESSED,,
kflow-023241,failed,failed,PacificCommunity/ofp-sam-bet-2026-ensemble,6c3982ea63458cef608af0a9da809d5a4cb8957e,bet-2026-ensemble-native-hessian-uncertainty,a-a48dffd219e5ae308609843ca33d8df79daed3f9df7200b1662696785aad5a3d,bet2026-ensemble-042,UNASSESSED,,
kflow-023242,completed,completed,PacificCommunity/ofp-sam-bet-2026-ensemble,6c3982ea63458cef608af0a9da809d5a4cb8957e,bet-2026-ensemble-native-hessian-uncertainty,a-a870e6025a89798f35689c2c2192ba0f4f6eff0e0f8e5e8cc177d31b175a07c7,bet2026-ensemble-042,UNASSESSED,,
kflow-023243,completed,completed,PacificCommunity/ofp-sam-bet-2026-ensemble,6c3982ea63458cef608af0a9da809d5a4cb8957e,bet-2026-ensemble-native-hessian-uncertainty,a-26a8ad18aaf2fd7f2efb53c3adbce6f3979425888249c3f76f510ff300088111,bet2026-ensemble-042,UNASSESSED,,
kflow-023244,completed,completed,PacificCommunity/ofp-sam-bet-2026-ensemble,6c3982ea63458cef608af0a9da809d5a4cb8957e,bet-2026-ensemble-native-hessian-uncertainty,a-bfd85e3c560d78e4bc83585c072c1a96b9e72fe5b6c9e02d0a965c17e53f7c6d,bet2026-ensemble-042,UNASSESSED,,
kflow-023245,completed,completed,PacificCommunity/ofp-sam-bet-2026-ensemble,6c3982ea63458cef608af0a9da809d5a4cb8957e,bet-2026-ensemble-native-hessian-uncertainty,a-46f03ecdbf1d530e62a163dbdaa73d43f2677e315a5e3a6e43a17c72b3997339,bet2026-ensemble-042,UNASSESSED,,
kflow-023246,completed,completed,PacificCommunity/ofp-sam-bet-2026-ensemble,6c3982ea63458cef608af0a9da809d5a4cb8957e,bet-2026-ensemble-native-hessian-uncertainty,a-bdf2151b6e67c269b359f5fcffca688a31ec434f0c4dfb8ba8bc6421d8ff5811,bet2026-ensemble-042,UNASSESSED,,
kflow-023247,completed,completed,PacificCommunity/ofp-sam-bet-2026-ensemble,6c3982ea63458cef608af0a9da809d5a4cb8957e,bet-2026-ensemble-native-hessian-uncertainty,a-f90d4447d5b22bec4a9e92eef839872c6b45a35610ab23837aead43ad98436cf,bet2026-ensemble-042,UNASSESSED,,
kflow-023248,completed,completed,PacificCommunity/ofp-sam-bet-2026-ensemble,6c3982ea63458cef608af0a9da809d5a4cb8957e,bet-2026-ensemble-native-hessian-uncertainty,a-2bf59838bc4d44d02a57d923cc756476388d6293ac7d0bb3cb97b8fcb4e9cda9,bet2026-ensemble-042,UNASSESSED,,
kflow-023249,completed,completed,PacificCommunity/ofp-sam-bet-2026-ensemble,6c3982ea63458cef608af0a9da809d5a4cb8957e,bet-2026-ensemble-native-hessian-uncertainty,a-4459ad982a83c2c9b4e4df7a196bea9e2a70d7c803d96c562c5e5c7e2a20d96a,bet2026-ensemble-042,UNASSESSED,,
kflow-023250,completed,completed,PacificCommunity/ofp-sam-bet-2026-ensemble,6c3982ea63458cef608af0a9da809d5a4cb8957e,bet-2026-ensemble-native-hessian-uncertainty,a-811f1d4421cdeadd402b1294f5e0c9b4322f199eefacea6d3ec5a95584986e46,bet2026-ensemble-042,UNASSESSED,,
kflow-023251,completed,completed,PacificCommunity/ofp-sam-bet-2026-ensemble,6c3982ea63458cef608af0a9da809d5a4cb8957e,bet-2026-ensemble-native-hessian-uncertainty,a-acab34f7b1b1d4e5ff909f5a72b34b1c576e571f55dccdd0e82a58b67dc58e18,bet2026-ensemble-042,UNASSESSED,,
kflow-023252,completed,completed,PacificCommunity/ofp-sam-bet-2026-ensemble,6c3982ea63458cef608af0a9da809d5a4cb8957e,bet-2026-ensemble-native-hessian-uncertainty,a-ca170b080107618c3d3cd7e6b0c0dce3d15f454c0090816a6bbb333c3311bd95,bet2026-ensemble-042,UNASSESSED,,
kflow-023253,completed,completed,PacificCommunity/ofp-sam-bet-2026-ensemble,6c3982ea63458cef608af0a9da809d5a4cb8957e,bet-2026-ensemble-native-hessian-uncertainty,a-5734c4e97daa8fc1323057896cf097857daaeac77a6d9ba8678690f9945b39e1,bet2026-ensemble-042,UNASSESSED,,
kflow-023254,completed,completed,PacificCommunity/ofp-sam-bet-2026-ensemble,c7bd53097d433a7316b1cb926606c77d9fe72efb,bet-2026-ensemble-native-hessian-uncertainty,a-2b176bd75b002a97861d475eeb62b66af498e0781e24e42da797e1778651f84d,bet2026-ensemble-042,UNASSESSED,,
kflow-023255,completed,completed,PacificCommunity/ofp-sam-bet-2026-ensemble,c7bd53097d433a7316b1cb926606c77d9fe72efb,bet-2026-ensemble-native-hessian-uncertainty,a-b1c410320448bca3c1e54c4ae650be365b168f591089dfb47465c0d74c3c5fcf,bet2026-ensemble-042,UNASSESSED,,
kflow-023256,completed,completed,PacificCommunity/ofp-sam-bet-2026-ensemble,c7bd53097d433a7316b1cb926606c77d9fe72efb,bet-2026-ensemble-native-hessian-uncertainty,a-12518365cb13c13c33cc09213fcb1a9eaa07848a6d4fcbde963f8ec6e7d4d889,bet2026-ensemble-042,UNASSESSED,,
kflow-023257,completed,completed,PacificCommunity/ofp-sam-bet-2026-ensemble,c7bd53097d433a7316b1cb926606c77d9fe72efb,bet-2026-ensemble-native-hessian-uncertainty,a-b9b28ef3d61cc60f9c3121320b795f7cd619efe4d843b95544eaa4d0cf7fa874,bet2026-ensemble-042,UNASSESSED,,
kflow-023258,completed,completed,PacificCommunity/ofp-sam-bet-2026-ensemble,c7bd53097d433a7316b1cb926606c77d9fe72efb,bet-2026-ensemble-native-hessian-uncertainty,a-6ace566bfe972331087b4e8c96ca64d4a5e2ef2a753ab018f99eb11c6cf2a7c9,bet2026-ensemble-042,UNASSESSED,,
kflow-023259,completed,completed,PacificCommunity/ofp-sam-bet-2026-ensemble,c7bd53097d433a7316b1cb926606c77d9fe72efb,bet-2026-ensemble-native-hessian-uncertainty,a-198c4649724158272ec92b1346cb44ca9a518706eba2976775ee4e553e35d714,bet2026-ensemble-042,UNASSESSED,,
kflow-023260,completed,completed,PacificCommunity/ofp-sam-bet-2026-ensemble,c7bd53097d433a7316b1cb926606c77d9fe72efb,bet-2026-ensemble-native-hessian-uncertainty,a-b913993cf16c2dec496cbd91421747dc317b7c75d3121b8010b654e9d6c54e69,bet2026-ensemble-042,UNASSESSED,,
kflow-023261,completed,completed,PacificCommunity/ofp-sam-bet-2026-ensemble,c7bd53097d433a7316b1cb926606c77d9fe72efb,bet-2026-ensemble-native-hessian-uncertainty,a-b5ee42a5d3a9911fab44b6e9a9c95267feca0e343166728100b6e5eb8fea1190,bet2026-ensemble-042,UNASSESSED,,
kflow-023262,completed,completed,PacificCommunity/ofp-sam-bet-2026-ensemble,c7bd53097d433a7316b1cb926606c77d9fe72efb,bet-2026-ensemble-native-hessian-uncertainty,a-85531c94f20bed56ad227e80ccf377506c9318911f4f6a5f47c8b622c74756ad,bet2026-ensemble-042,UNASSESSED,,
kflow-023263,completed,completed,PacificCommunity/ofp-sam-bet-2026-ensemble,749c2879253d899b9c6fc87479423c6a477498ff,bet-2026-ensemble-native-projections,a-76778d0dc913d41d7f622c70d8a38fd3f87eea82f32b7be33416ce91ae77936b,bet2026-ensemble-042,UNASSESSED,,
kflow-023264,completed,completed,PacificCommunity/ofp-sam-bet-2026-ensemble,749c2879253d899b9c6fc87479423c6a477498ff,bet-2026-ensemble-native-projections,a-a961dcefc75aad9da8de98a814814320c42b80bb2643326b50c4be94a525092e,bet2026-ensemble-042,UNASSESSED,,
kflow-023265,completed,completed,PacificCommunity/ofp-sam-bet-2026-ensemble,749c2879253d899b9c6fc87479423c6a477498ff,bet-2026-ensemble-native-projections,a-5a255ab247de1ddec29e2296760be789fe7fdc3062ffc85042cf95075fad8b8a,bet2026-ensemble-042,UNASSESSED,,
kflow-023266,completed,completed,PacificCommunity/ofp-sam-bet-2026-ensemble,749c2879253d899b9c6fc87479423c6a477498ff,bet-2026-ensemble-native-projections,a-04744fd600966dc279dc96d7560e722fbe1772c41c611b7fb8d5a0ff98a6156e,bet2026-ensemble-042,UNASSESSED,,
kflow-023267,failed,failed,PacificCommunity/ofp-sam-bet-2026-ensemble,749c2879253d899b9c6fc87479423c6a477498ff,bet-2026-ensemble-native-projections,a-0761aa54862501f1165a4da8f8902bfe30fcfd11c1ecf0cd02a9b254ac375801,bet2026-ensemble-042,UNASSESSED,,
kflow-023268,failed,failed,PacificCommunity/ofp-sam-bet-2026-ensemble,749c2879253d899b9c6fc87479423c6a477498ff,bet-2026-ensemble-native-projections,a-fba910c3ae334f647b55ad77c5baa788639e3bc8e5a9a6c33f834faeda86c593,bet2026-ensemble-042,UNASSESSED,,
kflow-023269,completed,completed,PacificCommunity/ofp-sam-bet-2026-ensemble,749c2879253d899b9c6fc87479423c6a477498ff,bet-2026-ensemble-native-projections,a-0d4af95d5994bfd385600124712ec886021c97b4c532178f1f748376419cfd5e,bet2026-ensemble-042,UNASSESSED,,
kflow-023270,completed,completed,PacificCommunity/ofp-sam-bet-2026-ensemble,749c2879253d899b9c6fc87479423c6a477498ff,bet-2026-ensemble-native-projections,a-8eefde2362b07e36a7d9b004c11aee5dab01782cb7b8d4095ec45127c69a3778,bet2026-ensemble-042,UNASSESSED,,
kflow-023271,completed,completed,PacificCommunity/ofp-sam-bet-2026-ensemble,749c2879253d899b9c6fc87479423c6a477498ff,bet-2026-ensemble-native-projections,a-e5a1039a408873a2df9592c04b277e2e91e9bb511926edfc1f150775a339f841,bet2026-ensemble-042,UNASSESSED,,
kflow-023272,completed,completed,PacificCommunity/ofp-sam-bet-2026-ensemble,749c2879253d899b9c6fc87479423c6a477498ff,bet-2026-ensemble-native-projections,a-7355f91cd057b2cc864f3b50bf6028db5bc312512db28abed5fa7b689594fb46,bet2026-ensemble-042,UNASSESSED,,
kflow-023273,completed,completed,PacificCommunity/ofp-sam-bet-2026-ensemble,749c2879253d899b9c6fc87479423c6a477498ff,bet-2026-ensemble-native-projections,a-7c4455cf2f79e34c819b6f3b6a5fbd711e746d53321d3aa3138b6ae21383ea93,bet2026-ensemble-042,UNASSESSED,,
kflow-023274,completed,completed,PacificCommunity/ofp-sam-bet-2026-ensemble,749c2879253d899b9c6fc87479423c6a477498ff,bet-2026-ensemble-native-projections,a-aee9e0af51b4dc185eeaf109088419ceccd6c7c5fefe92f8a2cd1a775ab8cc0c,bet2026-ensemble-042,UNASSESSED,,
kflow-023275,completed,completed,PacificCommunity/ofp-sam-bet-2026-ensemble,749c2879253d899b9c6fc87479423c6a477498ff,bet-2026-ensemble-native-projections,a-64bb322bd11de3a3f8b71ca9247b6d4422fd12ff320682d52ec7015df2ae05dc,bet2026-ensemble-042,UNASSESSED,,
kflow-023276,failed,failed,PacificCommunity/ofp-sam-bet-2026-ensemble,749c2879253d899b9c6fc87479423c6a477498ff,bet-2026-ensemble-native-projections,a-2cd9108e6a316a91b553b61feb11dfbe1b4280b4b5ec6abd48658cacd4bfcaad,bet2026-ensemble-042,UNASSESSED,,
kflow-023277,failed,failed,PacificCommunity/ofp-sam-bet-2026-ensemble,749c2879253d899b9c6fc87479423c6a477498ff,bet-2026-ensemble-native-projections,a-9810a4f6a8b145ef3a1839d0249dce8f3337f1469a5a3dbeab8dbd11a1b3ffdb,bet2026-ensemble-042,UNASSESSED,,
kflow-023278,completed,completed,PacificCommunity/ofp-sam-bet-2026-ensemble,749c2879253d899b9c6fc87479423c6a477498ff,bet-2026-ensemble-native-projections,a-9da8f11cea473723ea36b6aace40a00903812a6a1616e9357fcb350b096a494f,bet2026-ensemble-042,UNASSESSED,,
kflow-023279,completed,completed,PacificCommunity/ofp-sam-bet-2026-ensemble,749c2879253d899b9c6fc87479423c6a477498ff,bet-2026-ensemble-native-projections,a-26e20cfa5c2eb331afad2a83d5c41e54b5f2f4f3744d4ae8b26ddd0e58fe4716,bet2026-ensemble-042,UNASSESSED,,
kflow-023280,completed,completed,PacificCommunity/ofp-sam-bet-2026-ensemble,749c2879253d899b9c6fc87479423c6a477498ff,bet-2026-ensemble-native-projections,a-088574f89cce1844c5629fc4555888bc5aea04a5d1b3377b441f46cfb48c9eef,bet2026-ensemble-042,UNASSESSED,,
kflow-023281,completed,completed,PacificCommunity/ofp-sam-bet-2026-ensemble,749c2879253d899b9c6fc87479423c6a477498ff,bet-2026-ensemble-native-projections,a-6d031fa412b55158598c03d77f9af4f0b2a10229df2bae3474c4c9fbcfcea3fc,bet2026-ensemble-042,UNASSESSED,,
kflow-023282,completed,completed,PacificCommunity/ofp-sam-bet-2026-ensemble,749c2879253d899b9c6fc87479423c6a477498ff,bet-2026-ensemble-native-projections,a-faef35038e8012cd1d403094dfb78534dd6874e94ac58ef548f7637be9a492cf,bet2026-ensemble-042,UNASSESSED,,
kflow-023283,completed,completed,PacificCommunity/ofp-sam-bet-2026-ensemble,749c2879253d899b9c6fc87479423c6a477498ff,bet-2026-ensemble-native-projections,a-2d731a7b115e8ca41cd2dcf3e6f8abffb37b5c5a5c3b4f4e048be4d11bfb57bc,bet2026-ensemble-042,UNASSESSED,,
kflow-023284,completed,completed,PacificCommunity/ofp-sam-bet-2026-ensemble,749c2879253d899b9c6fc87479423c6a477498ff,bet-2026-ensemble-native-projections,a-b1b2a35e6f7bdb7cb6bf6ced39a3963606f1b7902988a24d9adc887c3d86a1df,bet2026-ensemble-042,UNASSESSED,,
kflow-023285,completed,completed,PacificCommunity/ofp-sam-bet-2026-ensemble,749c2879253d899b9c6fc87479423c6a477498ff,bet-2026-ensemble-native-projections,a-26d0b6f99251a938a0f2188a1fbc7ca4abb27b64a581093cac38050ceee0e917,bet2026-ensemble-042,UNASSESSED,,
kflow-023286,completed,completed,PacificCommunity/ofp-sam-bet-2026-ensemble,749c2879253d899b9c6fc87479423c6a477498ff,bet-2026-ensemble-native-projections,a-ca0868cf1f91500a54380eb54ec6f6edd5dcca63ddfbfc45461b17f0fb5c06c1,bet2026-ensemble-042,UNASSESSED,,
kflow-023287,completed,completed,PacificCommunity/ofp-sam-bet-2026-ensemble,749c2879253d899b9c6fc87479423c6a477498ff,bet-2026-ensemble-native-projections,a-eb84142194227900a5e49205c4c9f3f26bbe3fdccbed32e75eefc94214e0552c,bet2026-ensemble-042,UNASSESSED,,
kflow-023288,completed,completed,PacificCommunity/ofp-sam-bet-2026-ensemble,749c2879253d899b9c6fc87479423c6a477498ff,bet-2026-ensemble-native-projections,a-6201a3f7dd468a68894092bd9fb46e42b230f6185c9f1977169a4d3da822e810,bet2026-ensemble-042,UNASSESSED,,
kflow-023289,failed,failed,PacificCommunity/ofp-sam-bet-2026-ensemble,749c2879253d899b9c6fc87479423c6a477498ff,bet-2026-ensemble-native-projections,a-825320ce9b381076282fa6fa95fc35e304f108e42725d0b18217bf158a2c1bd3,bet2026-ensemble-042,UNASSESSED,,
kflow-023290,completed,completed,PacificCommunity/ofp-sam-bet-2026-ensemble,749c2879253d899b9c6fc87479423c6a477498ff,bet-2026-ensemble-native-projections,a-bf8d9fab4cb5574db294ce3cbf8286a2314edb034b8cd43843860befd7d7ee0b,bet2026-ensemble-042,UNASSESSED,,
kflow-023291,completed,completed,PacificCommunity/ofp-sam-bet-2026-ensemble,749c2879253d899b9c6fc87479423c6a477498ff,bet-2026-ensemble-native-projections,a-c15ff500c6e2eddd1546d2fcd5c03d431159115da4cfa84f67c681089004e6a4,bet2026-ensemble-042,UNASSESSED,,
kflow-023292,completed,completed,PacificCommunity/ofp-sam-bet-2026-ensemble,749c2879253d899b9c6fc87479423c6a477498ff,bet-2026-ensemble-native-projections,a-947cb46560379a027af214b1209fdc555c06dee4aebe38638208222e74fe7dd7,bet2026-ensemble-042,UNASSESSED,,
kflow-023293,completed,completed,PacificCommunity/ofp-sam-bet-2026-ensemble,749c2879253d899b9c6fc87479423c6a477498ff,bet-2026-ensemble-native-projections,a-e279356c194b5ba5ddb5df8bb0b7a1f7e296f83c3539107e345a25b611f0afde,bet2026-ensemble-042,UNASSESSED,,
kflow-023294,completed,completed,PacificCommunity/ofp-sam-bet-2026-ensemble,749c2879253d899b9c6fc87479423c6a477498ff,bet-2026-ensemble-native-projections,a-dae923e6dc10438df25e9d39382e7908fc0d7432856552a621a5b29d11b859a9,bet2026-ensemble-042,UNASSESSED,,
kflow-023295,completed,completed,PacificCommunity/ofp-sam-bet-2026-ensemble,749c2879253d899b9c6fc87479423c6a477498ff,bet-2026-ensemble-native-projections,a-ae371e9c1d2a824ea40e2af79d4920fa9d1736b54f0edc601791846f56b73153,bet2026-ensemble-042,UNASSESSED,,
kflow-023296,failed,failed,PacificCommunity/ofp-sam-bet-2026-ensemble,749c2879253d899b9c6fc87479423c6a477498ff,bet-2026-ensemble-native-projections,a-53be4f24e14a24601a0838eece6156f3f385adfa5df32cc259424ca37a0aca4f,bet2026-ensemble-042,UNASSESSED,,
kflow-023297,completed,completed,PacificCommunity/ofp-sam-bet-2026-ensemble,749c2879253d899b9c6fc87479423c6a477498ff,bet-2026-ensemble-native-projections,a-5a91911b7408e3c1f828877fdf72e7e816020e1940908c0c406a03d6827beee5,bet2026-ensemble-042,UNASSESSED,,
kflow-023298,completed,completed,PacificCommunity/ofp-sam-bet-2026-ensemble,749c2879253d899b9c6fc87479423c6a477498ff,bet-2026-ensemble-native-projections,a-32eac17bf144e516e08ffbe2518c9c5c10f461e8dfc70d82ec9adbdd692ee8e1,bet2026-ensemble-042,UNASSESSED,,
kflow-023299,completed,completed,PacificCommunity/ofp-sam-bet-2026-ensemble,749c2879253d899b9c6fc87479423c6a477498ff,bet-2026-ensemble-native-projections,a-ea5ef25233fbbf4c2ad4e898962c67bc3849eba13e2871a1a6e5c8c314cedd22,bet2026-ensemble-042,UNASSESSED,,
kflow-023300,completed,completed,PacificCommunity/ofp-sam-bet-2026-ensemble,749c2879253d899b9c6fc87479423c6a477498ff,bet-2026-ensemble-native-projections,a-557a232421766551d7a3d64d358560a1a36e244d2e4b787747877e9636389ae6,bet2026-ensemble-042,UNASSESSED,,
kflow-023301,failed,failed,PacificCommunity/ofp-sam-bet-2026-ensemble,749c2879253d899b9c6fc87479423c6a477498ff,bet-2026-ensemble-native-projections,a-a97a0b18fdc413bd4e58a21a84a5f540bf28eed711a49c90bc89a67485a24017,bet2026-ensemble-042,UNASSESSED,,
kflow-023302,completed,completed,PacificCommunity/ofp-sam-bet-2026-ensemble,749c2879253d899b9c6fc87479423c6a477498ff,bet-2026-ensemble-native-projections,a-1841cf26184567811578ae361d3c1c98242049dc7e35607bceaf5127e2a9b8d7,bet2026-ensemble-042,UNASSESSED,,
kflow-023303,completed,completed,PacificCommunity/ofp-sam-bet-2026-ensemble,749c2879253d899b9c6fc87479423c6a477498ff,bet-2026-ensemble-native-projections,a-ebe9d4139d40be03debb9dd467a65da857c110eab3b9c728f42dfa4292919687,bet2026-ensemble-042,UNASSESSED,,
kflow-023304,completed,completed,PacificCommunity/ofp-sam-bet-2026-ensemble,749c2879253d899b9c6fc87479423c6a477498ff,bet-2026-ensemble-native-projections,a-5026a8ab9f4c693edccddd41f05d1863536315223177093c702c92e9997a43cb,bet2026-ensemble-042,UNASSESSED,,
kflow-023305,completed,completed,PacificCommunity/ofp-sam-bet-2026-ensemble,749c2879253d899b9c6fc87479423c6a477498ff,bet-2026-ensemble-native-projections,a-7a6124a3fcd2fa70793544d8bf1b6653923af9c4e50e2e7c9125ab1e055acd2c,bet2026-ensemble-042,UNASSESSED,,
kflow-023306,failed,failed,PacificCommunity/ofp-sam-bet-2026-ensemble,749c2879253d899b9c6fc87479423c6a477498ff,bet-2026-ensemble-native-projections,a-685de24ea89d1f5526a5d1c3bf464129c315096f69c095085e8b2e93efa1792b,bet2026-ensemble-042,UNASSESSED,,
kflow-023307,completed,completed,PacificCommunity/ofp-sam-bet-2026-ensemble,749c2879253d899b9c6fc87479423c6a477498ff,bet-2026-ensemble-native-projections,a-d1bee32557a9a06e0c65c8c97eced2579f152af6d2f7c814ada1e6a1e4cadf34,bet2026-ensemble-042,UNASSESSED,,
kflow-023308,completed,completed,PacificCommunity/ofp-sam-bet-2026-ensemble,749c2879253d899b9c6fc87479423c6a477498ff,bet-2026-ensemble-native-projections,a-877319e055000165b4b6b6bc8d54df8c4b3b48112f424eebbbf3773848978c1b,bet2026-ensemble-042,UNASSESSED,,
kflow-023309,completed,completed,PacificCommunity/ofp-sam-bet-2026-ensemble,749c2879253d899b9c6fc87479423c6a477498ff,bet-2026-ensemble-native-projections,a-b70e75106f0d7fc35846462ad9079ac8f41f5677467ba1f3df0bac7192e69d25,bet2026-ensemble-042,UNASSESSED,,
kflow-023310,failed,failed,PacificCommunity/ofp-sam-bet-2026-ensemble,749c2879253d899b9c6fc87479423c6a477498ff,bet-2026-ensemble-native-projections,a-ffe75b211dd4e57da2439302f71cf7cbbf37f2300447107dcceae091db812bc1,bet2026-ensemble-042,UNASSESSED,,
kflow-023311,completed,completed,PacificCommunity/ofp-sam-bet-2026-ensemble,749c2879253d899b9c6fc87479423c6a477498ff,bet-2026-ensemble-native-projections,a-cb9b0492c51ce620e6881ed3f1d4af8eb870b162107af0d7331b965202df4b43,bet2026-ensemble-042,UNASSESSED,,
kflow-023312,completed,completed,PacificCommunity/ofp-sam-bet-2026-ensemble,749c2879253d899b9c6fc87479423c6a477498ff,bet-2026-ensemble-native-projections,a-97a9cfd2eb06c1fcd3bd12362803a5c9bff4225d71968a1863c55ebaa4493ac3,bet2026-ensemble-042,UNASSESSED,,
kflow-023313,completed,completed,PacificCommunity/ofp-sam-bet-2026-ensemble,749c2879253d899b9c6fc87479423c6a477498ff,bet-2026-ensemble-native-projections,a-f81527e77f0126d467b99c70d6de12fe7261d5d8a0d953fc257ce3d419bb54db,bet2026-ensemble-042,UNASSESSED,,
kflow-023314,completed,completed,PacificCommunity/ofp-sam-bet-2026-ensemble,749c2879253d899b9c6fc87479423c6a477498ff,bet-2026-ensemble-native-projections,a-a9bd94603f30f61092e9afdc35b6e86bbc4e448545c1b7c5c48bc91bb667a9da,bet2026-ensemble-042,UNASSESSED,,
kflow-023315,completed,completed,PacificCommunity/ofp-sam-bet-2026-ensemble,749c2879253d899b9c6fc87479423c6a477498ff,bet-2026-ensemble-native-projections,a-a4ab12758ec07d02f64cb7aabd2ac71834d5bc93e814e6e3951f9d845034c401,bet2026-ensemble-042,UNASSESSED,,
kflow-023316,failed,failed,PacificCommunity/ofp-sam-bet-2026-ensemble,749c2879253d899b9c6fc87479423c6a477498ff,bet-2026-ensemble-native-projections,a-f63e43e5aa37c9554641db74164627bcfe890abda8bc02624e3b9485e78941e5,bet2026-ensemble-042,UNASSESSED,,
kflow-023317,failed,failed,PacificCommunity/ofp-sam-bet-2026-ensemble,749c2879253d899b9c6fc87479423c6a477498ff,bet-2026-ensemble-native-projections,a-09ec2b3bd8954eafd21b309ca5221eabeafdd01acb3e36a1d549b39111bb012e,bet2026-ensemble-042,UNASSESSED,,
kflow-023318,failed,failed,PacificCommunity/ofp-sam-bet-2026-ensemble,749c2879253d899b9c6fc87479423c6a477498ff,bet-2026-ensemble-native-projections,a-33314c414ad797b5bd3d6d388e096a5adb8d6c13542b1dac2bc1895068de4910,bet2026-ensemble-042,UNASSESSED,,
kflow-023319,completed,completed,PacificCommunity/ofp-sam-bet-2026-ensemble,749c2879253d899b9c6fc87479423c6a477498ff,bet-2026-ensemble-native-projections,a-794b510830e8726ebbeec2bbbdd7fd9b7e99630ce2c216c3f51396a4fb825529,bet2026-ensemble-042,UNASSESSED,,
kflow-023320,completed,completed,PacificCommunity/ofp-sam-bet-2026-ensemble,749c2879253d899b9c6fc87479423c6a477498ff,bet-2026-ensemble-native-projections,a-6cab22cfd39cccf37edeb6562c666ca150d04d5ce4840e0690146fbf32b8bfb1,bet2026-ensemble-042,UNASSESSED,,
kflow-023321,completed,completed,PacificCommunity/ofp-sam-bet-2026-ensemble,749c2879253d899b9c6fc87479423c6a477498ff,bet-2026-ensemble-native-projections,a-e6ec09ef5d36d761887c29bda50c6e1673be1f60a4e74914763cc041ec63849e,bet2026-ensemble-042,UNASSESSED,,
kflow-023322,failed,failed,PacificCommunity/ofp-sam-bet-2026-ensemble,749c2879253d899b9c6fc87479423c6a477498ff,bet-2026-ensemble-native-projections,a-c6cd4fb9decd1caccf7bf9100567b163e70bb9064c722894b2723dc351f8c533,bet2026-ensemble-042,UNASSESSED,,
kflow-023323,failed,failed,PacificCommunity/ofp-sam-bet-2026-ensemble,749c2879253d899b9c6fc87479423c6a477498ff,bet-2026-ensemble-native-projections,a-85ddce1932bbea87c0721bfaa3d4a8efb5ebda915143d09240f4a945fbb01d30,bet2026-ensemble-042,UNASSESSED,,
kflow-023324,completed,completed,PacificCommunity/ofp-sam-bet-2026-ensemble,749c2879253d899b9c6fc87479423c6a477498ff,bet-2026-ensemble-native-projections,a-a4f46ecf08118e670659c9b5c3cceae2ca9a3e2fcc28aac85a42640ad2d2ce27,bet2026-ensemble-042,UNASSESSED,,
kflow-023325,completed,completed,PacificCommunity/ofp-sam-bet-2026-ensemble,749c2879253d899b9c6fc87479423c6a477498ff,bet-2026-ensemble-native-projections,a-a88e3c7fdf01f2b49ef1ab36695a62dc69be769d16c2696525b47559908a664c,bet2026-ensemble-042,UNASSESSED,,
kflow-023326,completed,completed,PacificCommunity/ofp-sam-bet-2026-ensemble,749c2879253d899b9c6fc87479423c6a477498ff,bet-2026-ensemble-native-projections,a-4f139241d1145dc303d3abec04736e592f241a37417c8620b5a705c9e4ede873,bet2026-ensemble-042,UNASSESSED,,
kflow-023327,completed,completed,PacificCommunity/ofp-sam-bet-2026-ensemble,749c2879253d899b9c6fc87479423c6a477498ff,bet-2026-ensemble-native-projections,a-42ca254d4383fe6502ce4cbfd01fa935b67e697ecd91140169065ab9c9461007,bet2026-ensemble-042,UNASSESSED,,
kflow-023328,completed,completed,PacificCommunity/ofp-sam-bet-2026-ensemble,749c2879253d899b9c6fc87479423c6a477498ff,bet-2026-ensemble-native-projections,a-64550a120b8327dacf610c91256224660d68b5cd735db28624c63e6a34c162c7,bet2026-ensemble-042,UNASSESSED,,
kflow-023329,completed,completed,PacificCommunity/ofp-sam-bet-2026-ensemble,749c2879253d899b9c6fc87479423c6a477498ff,bet-2026-ensemble-native-projections,a-ae0fbc608c2821fd27d3acbdc95fd5fbd8bce581af488d2dd5a43f0903b367d2,bet2026-ensemble-042,UNASSESSED,,
kflow-023330,completed,completed,PacificCommunity/ofp-sam-bet-2026-ensemble,749c2879253d899b9c6fc87479423c6a477498ff,bet-2026-ensemble-native-projections,a-0aa248d32a198ad80a40ce8c3ae5a664ed190cb68f8d387ed0ef36e1e948f0d5,bet2026-ensemble-042,UNASSESSED,,
kflow-023331,completed,completed,PacificCommunity/ofp-sam-bet-2026-ensemble,749c2879253d899b9c6fc87479423c6a477498ff,bet-2026-ensemble-native-projections,a-4d6d6e3140820452320d2c83196b29c3a78f8efa10e6086332c53752ef0882f6,bet2026-ensemble-042,UNASSESSED,,
kflow-023332,completed,completed,PacificCommunity/ofp-sam-bet-2026-ensemble,749c2879253d899b9c6fc87479423c6a477498ff,bet-2026-ensemble-native-projections,a-526ca8ed92e763102182b482ec0ade4130d77992e3becad5cf494ee685b6b203,bet2026-ensemble-042,UNASSESSED,,
kflow-023333,failed,failed,PacificCommunity/ofp-sam-bet-2026-ensemble,749c2879253d899b9c6fc87479423c6a477498ff,bet-2026-ensemble-native-projections,a-7646931e301724315be54d33b0c43e787220d261fd11f7b6164b26d2dad9375c,bet2026-ensemble-042,UNASSESSED,,
kflow-023334,completed,completed,PacificCommunity/ofp-sam-bet-2026-ensemble,749c2879253d899b9c6fc87479423c6a477498ff,bet-2026-ensemble-native-projections,a-bd27c6f353a3071842157445b34e7ae0e69ce6a12578611c8ed596472f0f63c9,bet2026-ensemble-042,UNASSESSED,,
kflow-023335,completed,completed,PacificCommunity/ofp-sam-bet-2026-ensemble,749c2879253d899b9c6fc87479423c6a477498ff,bet-2026-ensemble-native-projections,a-76697f75663d297b698469a723c6833f375b89a447c386b45df6318e921b9c03,bet2026-ensemble-042,UNASSESSED,,
kflow-023336,completed,completed,PacificCommunity/ofp-sam-bet-2026-ensemble,749c2879253d899b9c6fc87479423c6a477498ff,bet-2026-ensemble-native-projections,a-53456904d951d08013b90327ce811c2972e5d260978989545265aab09be60a42,bet2026-ensemble-042,UNASSESSED,,
kflow-023337,completed,completed,PacificCommunity/ofp-sam-bet-2026-ensemble,749c2879253d899b9c6fc87479423c6a477498ff,bet-2026-ensemble-native-projections,a-98b0dd88173d20c4614979ed12015fa7d98afc782014fb0e5544df3a68fa691b,bet2026-ensemble-042,UNASSESSED,,
kflow-023338,completed,completed,PacificCommunity/ofp-sam-bet-2026-ensemble,749c2879253d899b9c6fc87479423c6a477498ff,bet-2026-ensemble-native-projections,a-9668b21fcf2696cd0ca6392c8abc2ab2315f7d2a721a7c0e9f247f1eee35a882,bet2026-ensemble-042,UNASSESSED,,
kflow-023339,completed,completed,PacificCommunity/ofp-sam-bet-2026-ensemble,749c2879253d899b9c6fc87479423c6a477498ff,bet-2026-ensemble-native-projections,a-f6bf9a8eb4123123dad7b0fa5048abc1f89a60a34966334dfb7e9a6253d09439,bet2026-ensemble-042,UNASSESSED,,
kflow-023340,completed,completed,PacificCommunity/ofp-sam-bet-2026-ensemble,749c2879253d899b9c6fc87479423c6a477498ff,bet-2026-ensemble-native-projections,a-3554ad8424d2872122078bec3a644c4d6cba91961335f6e2e8ad14cf641ccbb1,bet2026-ensemble-042,UNASSESSED,,
kflow-023341,completed,completed,PacificCommunity/ofp-sam-bet-2026-ensemble,749c2879253d899b9c6fc87479423c6a477498ff,bet-2026-ensemble-native-projections,a-93854a57e6124d5f26003fb07c3328e92df6f22783b399f12ab64723c30460ee,bet2026-ensemble-042,UNASSESSED,,
kflow-023342,completed,completed,PacificCommunity/ofp-sam-bet-2026-ensemble,749c2879253d899b9c6fc87479423c6a477498ff,bet-2026-ensemble-native-projections,a-dd15c4460c049a0328f9bfc59e92127960d65926e10c9e7aa69d2ad5746bc7ad,bet2026-ensemble-042,UNASSESSED,,
kflow-023343,completed,completed,PacificCommunity/ofp-sam-bet-2026-ensemble,749c2879253d899b9c6fc87479423c6a477498ff,bet-2026-ensemble-native-projections,a-cc590c0bcad45f3f412378183a4fca933353da6e4c3d291cb90e76a4dd7465c6,bet2026-ensemble-042,UNASSESSED,,
kflow-023344,completed,completed,PacificCommunity/ofp-sam-bet-2026-ensemble,749c2879253d899b9c6fc87479423c6a477498ff,bet-2026-ensemble-native-projections,a-bb4bdf5ca4a5af9b35620097b6c923c909761d04e482f9227e3ffc38761ab891,bet2026-ensemble-042,UNASSESSED,,
kflow-023345,completed,completed,PacificCommunity/ofp-sam-bet-2026-ensemble,749c2879253d899b9c6fc87479423c6a477498ff,bet-2026-ensemble-native-projections,a-075e95d2113a2c63f8cdfc5f7200cba5082de74b81aa75b052034b24d4d1d684,bet2026-ensemble-042,UNASSESSED,,
kflow-023346,completed,completed,PacificCommunity/ofp-sam-bet-2026-ensemble,749c2879253d899b9c6fc87479423c6a477498ff,bet-2026-ensemble-native-projections,a-405bd69b64f5bdf7be003e21fb9e92c2073687e1a2e95f77c73e917c0abde854,bet2026-ensemble-042,UNASSESSED,,
kflow-023347,completed,completed,PacificCommunity/ofp-sam-bet-2026-ensemble,749c2879253d899b9c6fc87479423c6a477498ff,bet-2026-ensemble-native-projections,a-82dfafeb16d78a143d0a9f315e8b6607b6afbda4d5f35eda0c7d5299cf667734,bet2026-ensemble-042,UNASSESSED,,
kflow-023348,failed,failed,PacificCommunity/ofp-sam-bet-2026-ensemble,749c2879253d899b9c6fc87479423c6a477498ff,bet-2026-ensemble-native-projections,a-8571bab96ac4d0a572b3438ae931f71b994fa69fc8199485e72a94ec7702bd62,bet2026-ensemble-042,UNASSESSED,,
kflow-023349,completed,completed,PacificCommunity/ofp-sam-bet-2026-ensemble,749c2879253d899b9c6fc87479423c6a477498ff,bet-2026-ensemble-native-projections,a-7e112ab69f5d6e3b0263a2d3029d546483fd27d6b19c4f1c306602c96156865e,bet2026-ensemble-042,UNASSESSED,,
kflow-023350,completed,completed,PacificCommunity/ofp-sam-bet-2026-ensemble,749c2879253d899b9c6fc87479423c6a477498ff,bet-2026-ensemble-native-projections,a-3c5ac99551f3046e35857a12ccd404821a273952580b3342202b0a681088b602,bet2026-ensemble-042,UNASSESSED,,
kflow-023351,completed,completed,PacificCommunity/ofp-sam-bet-2026-ensemble,ae8968a2d62153d7f667f6e4f156a5f73f0e5f27,bet-2026-ensemble-native-projections,a-a8dd8493b00660c488b1e30e123596520e505fa3195d4bf0bf6db9f731c7dad4,bet2026-ensemble-042,UNASSESSED,,
kflow-023352,completed,completed,PacificCommunity/ofp-sam-bet-2026-ensemble,ae8968a2d62153d7f667f6e4f156a5f73f0e5f27,bet-2026-ensemble-native-projections,a-9e641434f8c78f873d1b4713f44c144cf6ad03649e171037bfc0147d35d82c01,bet2026-ensemble-042,UNASSESSED,,
kflow-023353,completed,completed,PacificCommunity/ofp-sam-bet-2026-ensemble,ae8968a2d62153d7f667f6e4f156a5f73f0e5f27,bet-2026-ensemble-native-projections,a-4fd71aaafd5b93ac1426772668486f5e82f1a1363bcfbd4ea639584fb175a32b,bet2026-ensemble-042,UNASSESSED,,
kflow-023354,completed,completed,PacificCommunity/ofp-sam-bet-2026-ensemble,ae8968a2d62153d7f667f6e4f156a5f73f0e5f27,bet-2026-ensemble-native-projections,a-c1ea991c1c462ab71328d735b0e01c698fb110214ebd3122e3b21760490e04e2,bet2026-ensemble-042,UNASSESSED,,
kflow-023355,completed,completed,PacificCommunity/ofp-sam-bet-2026-ensemble,ae8968a2d62153d7f667f6e4f156a5f73f0e5f27,bet-2026-ensemble-native-projections,a-f8197042f3a9bd933242de41c9268cb0f1eb52a2e4763ae665794143cb83005c,bet2026-ensemble-042,UNASSESSED,,
kflow-023356,completed,completed,PacificCommunity/ofp-sam-bet-2026-ensemble,ae8968a2d62153d7f667f6e4f156a5f73f0e5f27,bet-2026-ensemble-native-projections,a-712de4f71893e7e3c432f81b6e1d9a11286e2a031317a626f8d272a781405da2,bet2026-ensemble-042,UNASSESSED,,
kflow-023357,completed,completed,PacificCommunity/ofp-sam-bet-2026-ensemble,ae8968a2d62153d7f667f6e4f156a5f73f0e5f27,bet-2026-ensemble-native-projections,a-b74deade6c4fb2c133810444a53db19ff42b5e3a96ada4175f7b6875954cc7b4,bet2026-ensemble-042,UNASSESSED,,
kflow-023358,completed,completed,PacificCommunity/ofp-sam-bet-2026-ensemble,ae8968a2d62153d7f667f6e4f156a5f73f0e5f27,bet-2026-ensemble-native-projections,a-fa06258e5da3e58ec1af7f93ce32f55e073897c05aea4057297ff87e34841d99,bet2026-ensemble-042,UNASSESSED,,
kflow-023359,completed,completed,PacificCommunity/ofp-sam-bet-2026-ensemble,ae8968a2d62153d7f667f6e4f156a5f73f0e5f27,bet-2026-ensemble-native-projections,a-97e2fbf0e5c4941dcb10f692a35a7bcef8a29c7755e153d2abbb4378ab8dec2e,bet2026-ensemble-042,UNASSESSED,,
kflow-023360,completed,completed,PacificCommunity/ofp-sam-bet-2026-ensemble,ae8968a2d62153d7f667f6e4f156a5f73f0e5f27,bet-2026-ensemble-native-projections,a-413fc6e80a5ba3d58251150a8abb7afd4050b1df6d4f11a3cecf142249204191,bet2026-ensemble-042,UNASSESSED,,
kflow-023361,completed,completed,PacificCommunity/ofp-sam-bet-2026-ensemble,ae8968a2d62153d7f667f6e4f156a5f73f0e5f27,bet-2026-ensemble-native-projections,a-41d0964a77684c4ae7362876dde89ba3ed3abb37c8dc7a9e2d05bfaa99557b3e,bet2026-ensemble-042,UNASSESSED,,
kflow-023362,completed,completed,PacificCommunity/ofp-sam-bet-2026-ensemble,ae8968a2d62153d7f667f6e4f156a5f73f0e5f27,bet-2026-ensemble-native-projections,a-29be7fbeaf8f9732ca879fbbb4a816773bc43774926ea7d5422f8924e2cffdbf,bet2026-ensemble-042,UNASSESSED,,
kflow-023363,completed,completed,PacificCommunity/ofp-sam-bet-2026-ensemble,ae8968a2d62153d7f667f6e4f156a5f73f0e5f27,bet-2026-ensemble-native-projections,a-25a3a3ab3d33f33e0487707e8917286ab9714f4e275749a2a1438af8816185dc,bet2026-ensemble-042,UNASSESSED,,
kflow-023364,completed,completed,PacificCommunity/ofp-sam-bet-2026-ensemble,ae8968a2d62153d7f667f6e4f156a5f73f0e5f27,bet-2026-ensemble-native-projections,a-72a449d27c9f2affe4be4dc089b4e9c19df240bc154353c57827a37a3b75b091,bet2026-ensemble-042,UNASSESSED,,
kflow-023365,completed,completed,PacificCommunity/ofp-sam-bet-2026-ensemble,ae8968a2d62153d7f667f6e4f156a5f73f0e5f27,bet-2026-ensemble-native-projections,a-6643edf2c866a4bb8a89ed830c33249e196f7e37abd61711c603315df38dc5ee,bet2026-ensemble-042,UNASSESSED,,
kflow-023366,completed,completed,PacificCommunity/ofp-sam-bet-2026-ensemble,ae8968a2d62153d7f667f6e4f156a5f73f0e5f27,bet-2026-ensemble-native-projections,a-6c653c7db38410de25f85d36f51e45c837e2b970d7ea4b64c49a3b3f2937b7f9,bet2026-ensemble-042,UNASSESSED,,
kflow-023367,completed,completed,PacificCommunity/ofp-sam-bet-2026-ensemble,ae8968a2d62153d7f667f6e4f156a5f73f0e5f27,bet-2026-ensemble-native-projections,a-8af2e3d647c65d9f001ee0c7df0b0aa75adbb4561d4514e959609f7733fe7113,bet2026-ensemble-042,UNASSESSED,,
kflow-023368,completed,completed,PacificCommunity/ofp-sam-bet-2026-ensemble,ae8968a2d62153d7f667f6e4f156a5f73f0e5f27,bet-2026-ensemble-native-projections,a-3897ea25bd9f0cd8a779c7cbef6d4be77bc48fdeda154919e7286a8f2af94042,bet2026-ensemble-042,UNASSESSED,,
kflow-023369,completed,completed,PacificCommunity/ofp-sam-bet-2026-ensemble,ae8968a2d62153d7f667f6e4f156a5f73f0e5f27,bet-2026-ensemble-native-projections,a-3a763be54e094e43911a1ff24c067d6121f5d18dd41e179f128e632df6ed9829,bet2026-ensemble-042,UNASSESSED,,
kflow-023370,completed,completed,PacificCommunity/ofp-sam-bet-2026-ensemble,ae8968a2d62153d7f667f6e4f156a5f73f0e5f27,bet-2026-ensemble-native-projections,a-fbe11787dfb0d2dd76e66476eb7ff71ffc886c8538be8e9ca0bde7e30bd8393f,bet2026-ensemble-042,UNASSESSED,,
kflow-023371,completed,completed,PacificCommunity/ofp-sam-bet-2026-ensemble,ae8968a2d62153d7f667f6e4f156a5f73f0e5f27,bet-2026-ensemble-native-projections,a-a594229f46d5e4f13f81fee56c73b7b34cfa8aa0238258abd5c94a0a270abf6f,bet2026-ensemble-042,UNASSESSED,,
kflow-023372,completed,completed,PacificCommunity/ofp-sam-bet-2026-ensemble,ae8968a2d62153d7f667f6e4f156a5f73f0e5f27,bet-2026-ensemble-native-projections,a-6a8ebcb710bd5d039d378545dfe11d99fea5a21f6a098560b85e855b221ae388,bet2026-ensemble-042,UNASSESSED,,
kflow-023373,completed,completed,PacificCommunity/ofp-sam-bet-2026-ensemble,ae8968a2d62153d7f667f6e4f156a5f73f0e5f27,bet-2026-ensemble-native-projections,a-0f38ef5461d31fa1043adf73677fffd6ced53aae9dfe0c5d6f74562d23ae8bd2,bet2026-ensemble-042,UNASSESSED,,
kflow-023374,completed,completed,PacificCommunity/ofp-sam-bet-2026-ensemble,ae8968a2d62153d7f667f6e4f156a5f73f0e5f27,bet-2026-ensemble-native-projections,a-067b3251266ef7aee219aee4e1aa8795f123fc07bb8928719d68a7b92b4c686d,bet2026-ensemble-042,UNASSESSED,,
kflow-023375,completed,completed,PacificCommunity/ofp-sam-bet-2026-ensemble,ae8968a2d62153d7f667f6e4f156a5f73f0e5f27,bet-2026-ensemble-native-projections,a-3dca464b8728283eb43f7c38ed97f7854d39aa6cfeccd10c56543ef310900445,bet2026-ensemble-042,UNASSESSED,,
kflow-023376,completed,completed,PacificCommunity/ofp-sam-bet-2026-ensemble,ae8968a2d62153d7f667f6e4f156a5f73f0e5f27,bet-2026-ensemble-native-projections,a-6b5908146f106002ced991d017bedadbbdbff2bf4d318244e7174aba4702f7a1,bet2026-ensemble-042,UNASSESSED,,
kflow-023377,completed,completed,PacificCommunity/ofp-sam-bet-2026-ensemble,ae8968a2d62153d7f667f6e4f156a5f73f0e5f27,bet-2026-ensemble-native-projections,a-ba83ca001cc0060d15dad2ea93f04180eb2e4e306a700c23db223a9b076e7021,bet2026-ensemble-042,UNASSESSED,,
kflow-023378,completed,completed,PacificCommunity/ofp-sam-bet-2026-ensemble,ae8968a2d62153d7f667f6e4f156a5f73f0e5f27,bet-2026-ensemble-native-projections,a-7eb4209e2e5dc95ab410f5738806eb30aa30eb4e33c99a1acdd9791183848d02,bet2026-ensemble-042,UNASSESSED,,
kflow-023379,completed,completed,PacificCommunity/ofp-sam-bet-2026-ensemble,ae8968a2d62153d7f667f6e4f156a5f73f0e5f27,bet-2026-ensemble-native-projections,a-fcc71c6494b878a86b23f8e12ddadf5c6938b532b92ee3142e14e5b680ee61e6,bet2026-ensemble-042,UNASSESSED,,
kflow-023380,completed,completed,PacificCommunity/ofp-sam-bet-2026-ensemble,ae8968a2d62153d7f667f6e4f156a5f73f0e5f27,bet-2026-ensemble-native-projections,a-fa3873cdc150d20784dad8f776db5bf6661be4e02d11b56f432208973c4b45c1,bet2026-ensemble-042,UNASSESSED,,
kflow-023381,completed,completed,PacificCommunity/ofp-sam-bet-2026-ensemble,ae8968a2d62153d7f667f6e4f156a5f73f0e5f27,bet-2026-ensemble-native-projections,a-cfd5063d9f17cff5c177934e71296703b5149bb950608346e94b2622fda71433,bet2026-ensemble-042,UNASSESSED,,
kflow-023382,completed,completed,PacificCommunity/ofp-sam-bet-2026-ensemble,ae8968a2d62153d7f667f6e4f156a5f73f0e5f27,bet-2026-ensemble-native-projections,a-4bc923f20e8795e0eb2cb639f6186e190384eae7cf8dec1f0f1e42d57f55f596,bet2026-ensemble-042,UNASSESSED,,
kflow-023383,completed,completed,PacificCommunity/ofp-sam-bet-2026-ensemble,ae8968a2d62153d7f667f6e4f156a5f73f0e5f27,bet-2026-ensemble-native-projections,a-30b590975954958f13585a08220deb2eced91bea5536469687d3c736c4a45a6a,bet2026-ensemble-042,UNASSESSED,,
kflow-023384,completed,completed,PacificCommunity/ofp-sam-bet-2026-ensemble,ae8968a2d62153d7f667f6e4f156a5f73f0e5f27,bet-2026-ensemble-native-projections,a-343b3f3e9474b75a09ec9ca98054a29756a431da663cb4ea5efdea903711e48b,bet2026-ensemble-042,UNASSESSED,,
kflow-023385,completed,completed,PacificCommunity/ofp-sam-bet-2026-ensemble,ae8968a2d62153d7f667f6e4f156a5f73f0e5f27,bet-2026-ensemble-native-projections,a-02aea72ea831da60ba97de5cabdf1da7b114df016aab773575bf26beed10c227,bet2026-ensemble-042,UNASSESSED,,
kflow-023386,completed,completed,PacificCommunity/ofp-sam-bet-2026-ensemble,ae8968a2d62153d7f667f6e4f156a5f73f0e5f27,bet-2026-ensemble-native-projections,a-5312fbb38c31d038d4864f586070dc627aa1773e6c5c415ab90f6a223d6644f9,bet2026-ensemble-042,UNASSESSED,,
kflow-023387,completed,completed,PacificCommunity/ofp-sam-bet-2026-ensemble,ae8968a2d62153d7f667f6e4f156a5f73f0e5f27,bet-2026-ensemble-native-projections,a-709fa4c3159fe38d869fbd77cc6294c37107c9f91ef94b10501252beea401322,bet2026-ensemble-042,UNASSESSED,,
kflow-023388,completed,completed,PacificCommunity/ofp-sam-bet-2026-ensemble,ae8968a2d62153d7f667f6e4f156a5f73f0e5f27,bet-2026-ensemble-native-projections,a-e584d82723e36cc87403e6fe12547051b25493646c4bc675eab378446366d307,bet2026-ensemble-042,UNASSESSED,,
kflow-023389,completed,completed,PacificCommunity/ofp-sam-bet-2026-ensemble,ae8968a2d62153d7f667f6e4f156a5f73f0e5f27,bet-2026-ensemble-native-projections,a-af1d4fe90ff18f294aea7355a80c7068575a8cfa80c47d73c6eeba0fc202f063,bet2026-ensemble-042,UNASSESSED,,
kflow-023390,completed,completed,PacificCommunity/ofp-sam-bet-2026-ensemble,ae8968a2d62153d7f667f6e4f156a5f73f0e5f27,bet-2026-ensemble-native-projections,a-6cff5801e8aba82f23a3e7b93d8be02600d2ff6d05489fdcdbb12c10978bcb70,bet2026-ensemble-042,UNASSESSED,,
kflow-023391,completed,completed,PacificCommunity/ofp-sam-bet-2026-ensemble,ae8968a2d62153d7f667f6e4f156a5f73f0e5f27,bet-2026-ensemble-native-projections,a-7ad5d4750d1037aacb49eb17770f0405ea321a0d52a10442b438343c076c18d3,bet2026-ensemble-042,UNASSESSED,,
kflow-023392,completed,completed,PacificCommunity/ofp-sam-bet-2026-ensemble,ae8968a2d62153d7f667f6e4f156a5f73f0e5f27,bet-2026-ensemble-native-projections,a-dcafa75ad0ef142cb1fba4029bd35a7fe17370d24ff6ab642d19101801dd8feb,bet2026-ensemble-042,UNASSESSED,,
kflow-023393,completed,completed,PacificCommunity/ofp-sam-bet-2026-ensemble,ae8968a2d62153d7f667f6e4f156a5f73f0e5f27,bet-2026-ensemble-native-projections,a-1e30a53d70cc69aae86b859ccdb82b6e76c01a22c5c664698e5c7c9f4360b60a,bet2026-ensemble-042,UNASSESSED,,
kflow-023394,completed,completed,PacificCommunity/ofp-sam-bet-2026-ensemble,ae8968a2d62153d7f667f6e4f156a5f73f0e5f27,bet-2026-ensemble-native-projections,a-92d639e8d53740b5cbae9491f8feb723adc7d265f7453ea9e62f362153f962ec,bet2026-ensemble-042,UNASSESSED,,
kflow-023395,completed,completed,PacificCommunity/ofp-sam-bet-2026-ensemble,ae8968a2d62153d7f667f6e4f156a5f73f0e5f27,bet-2026-ensemble-native-projections,a-0233aee6d6d3319340731461c3feba4ab2e00c07d50891b6c87b82a1d6c7bdbb,bet2026-ensemble-042,UNASSESSED,,
kflow-023396,completed,completed,PacificCommunity/ofp-sam-bet-2026-ensemble,ae8968a2d62153d7f667f6e4f156a5f73f0e5f27,bet-2026-ensemble-native-projections,a-9238ca2a1dd0f5a60ae6df6dc1462cd9748d6d8ef819c828c05bd8758f2ed75d,bet2026-ensemble-042,UNASSESSED,,
kflow-023397,completed,completed,PacificCommunity/ofp-sam-bet-2026-ensemble,ae8968a2d62153d7f667f6e4f156a5f73f0e5f27,bet-2026-ensemble-native-projections,a-54b89466f7564910d4391e9e8c190f58299b1418b3c4c981f8e1ea5bb073e236,bet2026-ensemble-042,UNASSESSED,,
kflow-023398,completed,completed,PacificCommunity/ofp-sam-bet-2026-ensemble,ae8968a2d62153d7f667f6e4f156a5f73f0e5f27,bet-2026-ensemble-native-projections,a-59ba803cfebde9cca9d6c87975739323298849853d45661d4f2557e30fac26b0,bet2026-ensemble-042,UNASSESSED,,
kflow-023399,completed,completed,PacificCommunity/ofp-sam-bet-2026-ensemble,ae8968a2d62153d7f667f6e4f156a5f73f0e5f27,bet-2026-ensemble-native-projections,a-aa90487b16fe2402a91320326db5b273918102548f1bc1820b3e072d81af5081,bet2026-ensemble-042,UNASSESSED,,
kflow-023400,completed,completed,PacificCommunity/ofp-sam-bet-2026-ensemble,ae8968a2d62153d7f667f6e4f156a5f73f0e5f27,bet-2026-ensemble-native-projections,a-b4e8393788dfe3e9f2cc4317ec29653de47ba85eaa346a34deaaf97278d6d6c6,bet2026-ensemble-042,UNASSESSED,,
kflow-023401,completed,completed,PacificCommunity/ofp-sam-bet-2026-ensemble,ae8968a2d62153d7f667f6e4f156a5f73f0e5f27,bet-2026-ensemble-native-projections,a-eb7daf31acd93599912b254b80d49fa95916b8129326b0ee9c09478af78fe6aa,bet2026-ensemble-042,UNASSESSED,,
kflow-023402,completed,completed,PacificCommunity/ofp-sam-bet-2026-ensemble,ae8968a2d62153d7f667f6e4f156a5f73f0e5f27,bet-2026-ensemble-native-projections,a-28a0ad0a63c9b7f205da9123f7a3c6de088e8cae61d0fb2448e81a5c1a6ef428,bet2026-ensemble-042,UNASSESSED,,
kflow-023403,completed,completed,PacificCommunity/ofp-sam-bet-2026-ensemble,ae8968a2d62153d7f667f6e4f156a5f73f0e5f27,bet-2026-ensemble-native-projections,a-686c7d12e0d10d128807591ca225bd705e0a0d3f3ea9fd44efaa9df7decd1a4b,bet2026-ensemble-042,UNASSESSED,,
kflow-023404,completed,completed,PacificCommunity/ofp-sam-bet-2026-ensemble,ae8968a2d62153d7f667f6e4f156a5f73f0e5f27,bet-2026-ensemble-native-projections,a-3eaa5d952fb56269cdb123adea316e065df6bd64d88c9fecd1d15a41e8ab4ee9,bet2026-ensemble-042,UNASSESSED,,
kflow-023405,completed,completed,PacificCommunity/ofp-sam-bet-2026-ensemble,ae8968a2d62153d7f667f6e4f156a5f73f0e5f27,bet-2026-ensemble-native-projections,a-e6129555246c5330f2bd1bf7e324b539f76069c6d1026d161ef6e77923d9c344,bet2026-ensemble-042,UNASSESSED,,
kflow-023406,completed,completed,PacificCommunity/ofp-sam-bet-2026-ensemble,ae8968a2d62153d7f667f6e4f156a5f73f0e5f27,bet-2026-ensemble-native-projections,a-22a4c69b3370bcafadc7075dbffce5c383a701a3436b106324f26c8d17b9ce1e,bet2026-ensemble-042,UNASSESSED,,
kflow-023407,completed,completed,PacificCommunity/ofp-sam-bet-2026-ensemble,ae8968a2d62153d7f667f6e4f156a5f73f0e5f27,bet-2026-ensemble-native-projections,a-07f71d30fa5c1eb0b490fdd299b77670d2cb1ba730125c80e2246f0a3d381511,bet2026-ensemble-042,UNASSESSED,,
kflow-023408,completed,completed,PacificCommunity/ofp-sam-bet-2026-ensemble,ae8968a2d62153d7f667f6e4f156a5f73f0e5f27,bet-2026-ensemble-native-projections,a-44f7d2413e106a33f13800b5b4a6061f6f249fae49f1504a2ceb004ec3efe2e0,bet2026-ensemble-042,UNASSESSED,,
kflow-023409,completed,completed,PacificCommunity/ofp-sam-bet-2026-ensemble,ae8968a2d62153d7f667f6e4f156a5f73f0e5f27,bet-2026-ensemble-native-projections,a-0b1660b1d3a132eab75833374cfdc5c0a101ff9d390bc9266acabfe999fa219e,bet2026-ensemble-042,UNASSESSED,,
kflow-023410,completed,completed,PacificCommunity/ofp-sam-bet-2026-ensemble,ae8968a2d62153d7f667f6e4f156a5f73f0e5f27,bet-2026-ensemble-native-projections,a-6ff756cc20e272c3c674eabf1aed740d039bd8332bc1a9d64deeb3782bc44dbf,bet2026-ensemble-042,UNASSESSED,,
kflow-023411,completed,completed,PacificCommunity/ofp-sam-bet-2026-ensemble,ae8968a2d62153d7f667f6e4f156a5f73f0e5f27,bet-2026-ensemble-native-projections,a-714aefcfc6277b95fc3c7677c2906b26241fe860714226fd23cb70df53ef34e6,bet2026-ensemble-042,UNASSESSED,,
kflow-023412,completed,completed,PacificCommunity/ofp-sam-bet-2026-ensemble,ae8968a2d62153d7f667f6e4f156a5f73f0e5f27,bet-2026-ensemble-native-projections,a-4cb941790671131edcdf08a4295ee785dfeb5422dc8608e1719c643340592e98,bet2026-ensemble-042,UNASSESSED,,
kflow-023413,completed,completed,PacificCommunity/ofp-sam-bet-2026-ensemble,ae8968a2d62153d7f667f6e4f156a5f73f0e5f27,bet-2026-ensemble-native-projections,a-02208c4bd043606f9d46f505e0947dd90b5fced7be1f501f72fb8528ec2914e0,bet2026-ensemble-042,UNASSESSED,,
kflow-023414,completed,completed,PacificCommunity/ofp-sam-bet-2026-ensemble,ae8968a2d62153d7f667f6e4f156a5f73f0e5f27,bet-2026-ensemble-native-projections,a-6dcfd4cc33ef60dda4a180e663e092512c7965b841e3567e270f46df3d953582,bet2026-ensemble-042,UNASSESSED,,
kflow-023415,completed,completed,PacificCommunity/ofp-sam-bet-2026-ensemble,ae8968a2d62153d7f667f6e4f156a5f73f0e5f27,bet-2026-ensemble-native-projections,a-f0bbdfec278400d6b8bc3e8b0726a76df023dda58b2c4ea19f1f90a5308a8208,bet2026-ensemble-042,UNASSESSED,,
kflow-023416,completed,completed,PacificCommunity/ofp-sam-bet-2026-ensemble,ae8968a2d62153d7f667f6e4f156a5f73f0e5f27,bet-2026-ensemble-native-projections,a-91e8c010d7f081a3baf99fc33e685fc12e119fed5a37632527099e69ce9539b4,bet2026-ensemble-042,UNASSESSED,,
kflow-023417,completed,completed,PacificCommunity/ofp-sam-bet-2026-ensemble,ae8968a2d62153d7f667f6e4f156a5f73f0e5f27,bet-2026-ensemble-native-projections,a-184ce9310f88111db4c447a2f612f6a2d6d97a7a640156c336b8ac146a7389b3,bet2026-ensemble-042,UNASSESSED,,
kflow-023418,completed,completed,PacificCommunity/ofp-sam-bet-2026-ensemble,ae8968a2d62153d7f667f6e4f156a5f73f0e5f27,bet-2026-ensemble-native-projections,a-11f3d2b392bcb50e5d0079288040ee18c90dce53b90a5c85f2e17142018df13a,bet2026-ensemble-042,UNASSESSED,,
kflow-023419,completed,completed,PacificCommunity/ofp-sam-bet-2026-ensemble,ae8968a2d62153d7f667f6e4f156a5f73f0e5f27,bet-2026-ensemble-native-projections,a-214c6256f363df251da9007c1d51195a94428342e0aa09325d8435e28b2d48ee,bet2026-ensemble-042,UNASSESSED,,
kflow-023420,completed,completed,PacificCommunity/ofp-sam-bet-2026-ensemble,ae8968a2d62153d7f667f6e4f156a5f73f0e5f27,bet-2026-ensemble-native-projections,a-90046f805fd9c273869d14e15e8ddfb8e97a9b7751eee19fd12fd7a48af8effd,bet2026-ensemble-042,UNASSESSED,,
kflow-023421,completed,completed,PacificCommunity/ofp-sam-bet-2026-ensemble,ae8968a2d62153d7f667f6e4f156a5f73f0e5f27,bet-2026-ensemble-native-projections,a-5de5802dfcb69a2bcf628bb24bcb90029ce4131c72699595cc29b60f8c83a8de,bet2026-ensemble-042,UNASSESSED,,
kflow-023422,completed,completed,PacificCommunity/ofp-sam-bet-2026-ensemble,ae8968a2d62153d7f667f6e4f156a5f73f0e5f27,bet-2026-ensemble-native-projections,a-37c4762f4fcb4e7107f03964fca28687ab01d35fefc257f12d48ca8bd27c887e,bet2026-ensemble-042,UNASSESSED,,
kflow-023423,completed,completed,PacificCommunity/ofp-sam-bet-2026-ensemble,ae8968a2d62153d7f667f6e4f156a5f73f0e5f27,bet-2026-ensemble-native-projections,a-03b6d62a4314c332f49f3e053434482319b65f0eac1b661162edfe5367f25018,bet2026-ensemble-042,UNASSESSED,,
kflow-023424,completed,completed,PacificCommunity/ofp-sam-bet-2026-ensemble,ae8968a2d62153d7f667f6e4f156a5f73f0e5f27,bet-2026-ensemble-native-projections,a-dd04cfb0223110bdf7e6315221a741f8eb1bf62eda6919f576e01ec56a63a3c8,bet2026-ensemble-042,UNASSESSED,,
kflow-023425,completed,completed,PacificCommunity/ofp-sam-bet-2026-ensemble,ae8968a2d62153d7f667f6e4f156a5f73f0e5f27,bet-2026-ensemble-native-projections,a-389e155e15d15d03035a5fbe3b3404db6dd13cedc17bf8ecd3ad9536c33d89b7,bet2026-ensemble-042,UNASSESSED,,
kflow-023426,completed,completed,PacificCommunity/ofp-sam-bet-2026-ensemble,ae8968a2d62153d7f667f6e4f156a5f73f0e5f27,bet-2026-ensemble-native-projections,a-8878f8f657c32742bf5e25396ed2dbbee9b3fb399cc72cb467941d8fd5f7e759,bet2026-ensemble-042,UNASSESSED,,
kflow-023427,completed,completed,PacificCommunity/ofp-sam-bet-2026-ensemble,ae8968a2d62153d7f667f6e4f156a5f73f0e5f27,bet-2026-ensemble-native-projections,a-e8260b7a21371f20a2e92d49c7f73ed2e1db1c6a52d371fc1741bdbb8914ecf4,bet2026-ensemble-042,UNASSESSED,,
kflow-023428,completed,completed,PacificCommunity/ofp-sam-bet-2026-ensemble,ae8968a2d62153d7f667f6e4f156a5f73f0e5f27,bet-2026-ensemble-native-projections,a-5c02423100afc99b0872de3c5147e5d985eb11cdf0e3c09b562ed8067cd5a085,bet2026-ensemble-042,UNASSESSED,,
kflow-023429,completed,completed,PacificCommunity/ofp-sam-bet-2026-ensemble,ae8968a2d62153d7f667f6e4f156a5f73f0e5f27,bet-2026-ensemble-native-projections,a-f93238ad40d6769acddcac87d7d6a471c0c9aa9148c27ed3cba7702869e32e12,bet2026-ensemble-042,UNASSESSED,,
kflow-023430,completed,completed,PacificCommunity/ofp-sam-bet-2026-ensemble,ae8968a2d62153d7f667f6e4f156a5f73f0e5f27,bet-2026-ensemble-native-projections,a-24f4d1b83b86c528abaa1bde73499bd078406fdba66d85baef35f9e66bd424e7,bet2026-ensemble-042,UNASSESSED,,
kflow-023431,completed,completed,PacificCommunity/ofp-sam-bet-2026-ensemble,ae8968a2d62153d7f667f6e4f156a5f73f0e5f27,bet-2026-ensemble-native-projections,a-0177409683f86b40cd7e7940edd7cfc92613fba5204e4000db219d586dc2e6a5,bet2026-ensemble-042,UNASSESSED,,
kflow-023432,completed,completed,PacificCommunity/ofp-sam-bet-2026-ensemble,ae8968a2d62153d7f667f6e4f156a5f73f0e5f27,bet-2026-ensemble-native-projections,a-cfac4a665f4ee93afb2157ba2cb6c0b8db752542846601b9ed5673372f25fc7b,bet2026-ensemble-042,UNASSESSED,,
kflow-023433,completed,completed,PacificCommunity/ofp-sam-bet-2026-ensemble,ae8968a2d62153d7f667f6e4f156a5f73f0e5f27,bet-2026-ensemble-native-projections,a-7861937abd2b2007e1d953fb80cf4564e4d5c1c29cefe793475228de090c9880,bet2026-ensemble-042,UNASSESSED,,
kflow-023434,completed,completed,PacificCommunity/ofp-sam-bet-2026-ensemble,ae8968a2d62153d7f667f6e4f156a5f73f0e5f27,bet-2026-ensemble-native-projections,a-80f7d82b683c3f66e4aabe031ffb0a7b9d65c94ffd0c5d81d784ab1744b48431,bet2026-ensemble-042,UNASSESSED,,
kflow-023435,completed,completed,PacificCommunity/ofp-sam-bet-2026-ensemble,ae8968a2d62153d7f667f6e4f156a5f73f0e5f27,bet-2026-ensemble-native-projections,a-95d87ea5cf3693e759371cc68eab6ddd8fa6c4739e720b0720c74b5f9ed2284e,bet2026-ensemble-042,UNASSESSED,,
kflow-023436,completed,completed,PacificCommunity/ofp-sam-bet-2026-ensemble,ae8968a2d62153d7f667f6e4f156a5f73f0e5f27,bet-2026-ensemble-native-projections,a-7a95d1bea778b6cb7d692675811c053b9ea79858cf5cad9f78a8547d5dcb7217,bet2026-ensemble-042,UNASSESSED,,
kflow-023437,completed,completed,PacificCommunity/ofp-sam-bet-2026-ensemble,ae8968a2d62153d7f667f6e4f156a5f73f0e5f27,bet-2026-ensemble-native-projections,a-4aaabca02483d2c1e54b5a02cecf12b20c97e11bb3546a957eebb8ec5b75b4ee,bet2026-ensemble-042,UNASSESSED,,
kflow-023438,completed,completed,PacificCommunity/ofp-sam-bet-2026-ensemble,ae8968a2d62153d7f667f6e4f156a5f73f0e5f27,bet-2026-ensemble-native-projections,a-2383f84300c80324916195d403d453793ffef6757daa0a8156f69f5008e379ac,bet2026-ensemble-042,UNASSESSED,,
kflow-023439,completed,completed,PacificCommunity/ofp-sam-bet-2026-ensemble,ae8968a2d62153d7f667f6e4f156a5f73f0e5f27,bet-2026-ensemble-native-projections,a-3d9ad6891bfcee92ce3f3997911f67637ac4206cb2a0e540c306dc3b1008eab3,bet2026-ensemble-042,UNASSESSED,,
kflow-023440,completed,completed,PacificCommunity/ofp-sam-bet-2026-ensemble,ae8968a2d62153d7f667f6e4f156a5f73f0e5f27,bet-2026-ensemble-native-projections,a-dc0c318a5c7a37fb538d72a06a6b881e7529b7a76b8bddc422f1a8cfb60cdef9,bet2026-ensemble-042,UNASSESSED,,
kflow-023441,completed,completed,PacificCommunity/ofp-sam-bet-2026-ensemble,ae8968a2d62153d7f667f6e4f156a5f73f0e5f27,bet-2026-ensemble-native-projections,a-55c51b54098ee530ee9de7e65f27fcb60ffe95faeaab2fa77cdbf574010ae518,bet2026-ensemble-042,UNASSESSED,,
kflow-023442,completed,completed,PacificCommunity/ofp-sam-bet-2026-ensemble,ae8968a2d62153d7f667f6e4f156a5f73f0e5f27,bet-2026-ensemble-native-projections,a-5bdbf3d22fc84d0d1d7ef47cd93f134df7257e8e9ba42b65ab706e89f5fee60f,bet2026-ensemble-042,UNASSESSED,,
kflow-023443,completed,completed,PacificCommunity/ofp-sam-bet-2026-ensemble,ae8968a2d62153d7f667f6e4f156a5f73f0e5f27,bet-2026-ensemble-native-projections,a-89124b39f9ea1b810230b9df1c80f70fdcf37ddf763b92c64311fb281f9dd929,bet2026-ensemble-042,UNASSESSED,,
kflow-023444,completed,completed,PacificCommunity/ofp-sam-bet-2026-ensemble,ae8968a2d62153d7f667f6e4f156a5f73f0e5f27,bet-2026-ensemble-native-projections,a-61336439100254096a39ff8be431ce09640f8d9bc95ce49c88ee2b0d203cb07c,bet2026-ensemble-042,UNASSESSED,,
kflow-023445,completed,completed,PacificCommunity/ofp-sam-bet-2026-ensemble,ae8968a2d62153d7f667f6e4f156a5f73f0e5f27,bet-2026-ensemble-native-projections,a-02a48c477da3de73662d991856f41c3c60d52842a08d8db24742fcd047eb49f9,bet2026-ensemble-042,UNASSESSED,,
kflow-023446,completed,completed,PacificCommunity/ofp-sam-bet-2026-ensemble,ae8968a2d62153d7f667f6e4f156a5f73f0e5f27,bet-2026-ensemble-native-projections,a-c5105596400906a659489f8ecc1ac08d69c72a74f7e43794bd066ee133273f52,bet2026-ensemble-042,UNASSESSED,,
kflow-023447,completed,completed,PacificCommunity/ofp-sam-bet-2026-ensemble,ae8968a2d62153d7f667f6e4f156a5f73f0e5f27,bet-2026-ensemble-native-projections,a-9b1509d03ec58c821f344014b93a3966d0b6811589f7d27cac620c44b6f14058,bet2026-ensemble-042,UNASSESSED,,
kflow-023448,completed,completed,PacificCommunity/ofp-sam-bet-2026-ensemble,ae8968a2d62153d7f667f6e4f156a5f73f0e5f27,bet-2026-ensemble-native-projections,a-9b5f21b3107619bf0a2c95ff2eee9059474931f7fcad2f179dcfb3c7e8308916,bet2026-ensemble-042,UNASSESSED,,
kflow-023449,completed,completed,PacificCommunity/ofp-sam-bet-2026-ensemble,ae8968a2d62153d7f667f6e4f156a5f73f0e5f27,bet-2026-ensemble-native-projections,a-2ad65b2eb214cf8e826ae0e005901c263fbb70a61a542030da365c69c5b6672b,bet2026-ensemble-042,UNASSESSED,,
kflow-023450,completed,completed,PacificCommunity/ofp-sam-bet-2026-ensemble,ae8968a2d62153d7f667f6e4f156a5f73f0e5f27,bet-2026-ensemble-native-projections,a-c48d96f2edcb816fe1e69cb2aef13cae960613838a8f17597d68abeccfdce1ff,bet2026-ensemble-042,UNASSESSED,,
kflow-023451,completed,completed,PacificCommunity/ofp-sam-bet-2026-ensemble,ae8968a2d62153d7f667f6e4f156a5f73f0e5f27,bet-2026-ensemble-native-projections,a-bf9e8800eb1405812aa64254f7d70d69bbfc45948473790d941d4a41a92e7cc2,bet2026-ensemble-042,UNASSESSED,,
kflow-023452,completed,completed,PacificCommunity/ofp-sam-bet-2026-ensemble,ae8968a2d62153d7f667f6e4f156a5f73f0e5f27,bet-2026-ensemble-native-projections,a-381cb0a0f1a06a39d718c0f1c29ae839bbd1c9ab59d78b50df333e67a4ef46c9,bet2026-ensemble-042,UNASSESSED,,
kflow-023453,completed,completed,PacificCommunity/ofp-sam-bet-2026-ensemble,ae8968a2d62153d7f667f6e4f156a5f73f0e5f27,bet-2026-ensemble-native-projections,a-0f925f527e040b7fd5e7c59a38df604f3028f0f25558221a4a2e258e4243cb13,bet2026-ensemble-042,UNASSESSED,,
kflow-023454,completed,completed,PacificCommunity/ofp-sam-bet-2026-ensemble,ae8968a2d62153d7f667f6e4f156a5f73f0e5f27,bet-2026-ensemble-native-projections,a-db380ac39d70bdf118d5985a146ef0d675c802231d9b0b3bb5f22b44e6daf0d1,bet2026-ensemble-042,UNASSESSED,,
kflow-023455,completed,completed,PacificCommunity/ofp-sam-bet-2026-ensemble,ae8968a2d62153d7f667f6e4f156a5f73f0e5f27,bet-2026-ensemble-native-projections,a-c915403133d6375b6edee740a091ccbc39353ce3aad1e003704cebd43a05581e,bet2026-ensemble-042,UNASSESSED,,
kflow-023456,completed,completed,PacificCommunity/ofp-sam-bet-2026-ensemble,ae8968a2d62153d7f667f6e4f156a5f73f0e5f27,bet-2026-ensemble-native-projections,a-3994961af1e4564bc545e25b75431d2ea082e29b6fe28b567c9d368b91d65e45,bet2026-ensemble-042,UNASSESSED,,
kflow-023457,completed,completed,PacificCommunity/ofp-sam-bet-2026-ensemble,ae8968a2d62153d7f667f6e4f156a5f73f0e5f27,bet-2026-ensemble-native-projections,a-246deab4dd034fc7d1d922b6cb769c6a701732e96fcb5105a043b5f368b997f0,bet2026-ensemble-042,UNASSESSED,,
kflow-023458,completed,completed,PacificCommunity/ofp-sam-bet-2026-ensemble,ae8968a2d62153d7f667f6e4f156a5f73f0e5f27,bet-2026-ensemble-native-projections,a-012cefe783cd6b0f1f1537c6080759b5d51009cfd2d70b37c3044bfb40c14554,bet2026-ensemble-042,UNASSESSED,,
kflow-023459,completed,completed,PacificCommunity/ofp-sam-bet-2026-ensemble,ae8968a2d62153d7f667f6e4f156a5f73f0e5f27,bet-2026-ensemble-native-projections,a-be75810171b2a61f6f9cada49df74f93866a93d5277552c33c0b57616e8f7992,bet2026-ensemble-042,UNASSESSED,,
kflow-023460,completed,completed,PacificCommunity/ofp-sam-bet-2026-ensemble,ae8968a2d62153d7f667f6e4f156a5f73f0e5f27,bet-2026-ensemble-native-projections,a-2c39a65338b79e3cedfc1d7681c1b3c0b68751748a0fec8c5b43e5454ac6c55c,bet2026-ensemble-042,UNASSESSED,,
kflow-023461,completed,completed,PacificCommunity/ofp-sam-bet-2026-ensemble,ae8968a2d62153d7f667f6e4f156a5f73f0e5f27,bet-2026-ensemble-native-projections,a-6443fd6628d09da0a481f2123e94547483178e3ed7352efd70064abe6a342ddf,bet2026-ensemble-042,UNASSESSED,,
kflow-023462,completed,completed,PacificCommunity/ofp-sam-bet-2026-ensemble,ae8968a2d62153d7f667f6e4f156a5f73f0e5f27,bet-2026-ensemble-native-projections,a-bd4cf2b61432f92b92dad256f7072df5cee89d7646fc194cc6bcb579804ce1ca,bet2026-ensemble-042,UNASSESSED,,
kflow-023463,completed,completed,PacificCommunity/ofp-sam-bet-2026-ensemble,ae8968a2d62153d7f667f6e4f156a5f73f0e5f27,bet-2026-ensemble-native-projections,a-07a312720755c7106301a298b2b455b5402a17012330d0d6b1e1b4ed3869cff8,bet2026-ensemble-042,UNASSESSED,,
kflow-023464,completed,completed,PacificCommunity/ofp-sam-bet-2026-ensemble,ae8968a2d62153d7f667f6e4f156a5f73f0e5f27,bet-2026-ensemble-native-projections,a-b1503b41b33e27754b11d0642fe5e2034e292f3d3e27f0b528c0679805451df4,bet2026-ensemble-042,UNASSESSED,,
kflow-023465,completed,completed,PacificCommunity/ofp-sam-bet-2026-ensemble,ae8968a2d62153d7f667f6e4f156a5f73f0e5f27,bet-2026-ensemble-native-projections,a-1c16b4dc34b6aaeba12b1413450e944e61e9962447d7a158e5e98cac4af406b5,bet2026-ensemble-042,UNASSESSED,,
kflow-023466,completed,completed,PacificCommunity/ofp-sam-bet-2026-ensemble,ae8968a2d62153d7f667f6e4f156a5f73f0e5f27,bet-2026-ensemble-native-projections,a-0790ba4b357699c761524a007580e7dca745fe2e99f797056a8486e9db891c11,bet2026-ensemble-042,UNASSESSED,,
kflow-023467,completed,completed,PacificCommunity/ofp-sam-bet-2026-ensemble,ae8968a2d62153d7f667f6e4f156a5f73f0e5f27,bet-2026-ensemble-native-projections,a-035bf1bbc0198d6f27d3383e9c5e3e9c967efbba53fca87c3a53e1b8e78c2298,bet2026-ensemble-042,UNASSESSED,,
kflow-023468,completed,completed,PacificCommunity/ofp-sam-bet-2026-ensemble,ae8968a2d62153d7f667f6e4f156a5f73f0e5f27,bet-2026-ensemble-native-projections,a-39a22eaf00aca131b2cea8e05b47ca82be9542e9f5abdbbdd2f28fbec2f92315,bet2026-ensemble-042,UNASSESSED,,
kflow-023469,completed,completed,PacificCommunity/ofp-sam-bet-2026-ensemble,ae8968a2d62153d7f667f6e4f156a5f73f0e5f27,bet-2026-ensemble-native-projections,a-3c748e2ef273e789e660fa78f895ce4854ce2973286ea106e9da8fbdc3273fa9,bet2026-ensemble-042,UNASSESSED,,
kflow-023470,completed,completed,PacificCommunity/ofp-sam-bet-2026-ensemble,ae8968a2d62153d7f667f6e4f156a5f73f0e5f27,bet-2026-ensemble-native-projections,a-6320f15c552808f6e21ae2b80a53e68309b1075405d7a23466bedae720d17221,bet2026-ensemble-042,UNASSESSED,,
kflow-023471,completed,completed,PacificCommunity/ofp-sam-bet-2026-ensemble,ae8968a2d62153d7f667f6e4f156a5f73f0e5f27,bet-2026-ensemble-native-projections,a-be87f56924737a838a1e726477dc65c04b9dd40eebea35b4d5bd112a2033ded8,bet2026-ensemble-042,UNASSESSED,,
kflow-023472,completed,completed,PacificCommunity/ofp-sam-bet-2026-ensemble,ae8968a2d62153d7f667f6e4f156a5f73f0e5f27,bet-2026-ensemble-native-projections,a-4b13f38deabdb980dd0f2d0834c6774b6ec9add44bb77608c1a01674de26eb6b,bet2026-ensemble-042,UNASSESSED,,
kflow-023473,completed,completed,PacificCommunity/ofp-sam-bet-2026-ensemble,ae8968a2d62153d7f667f6e4f156a5f73f0e5f27,bet-2026-ensemble-native-projections,a-ecdfb3cf6ac1b112a76a862e9b899a092748e8c2b20c22e38690a178c4e07b38,bet2026-ensemble-042,UNASSESSED,,
kflow-023474,completed,completed,PacificCommunity/ofp-sam-bet-2026-ensemble,ae8968a2d62153d7f667f6e4f156a5f73f0e5f27,bet-2026-ensemble-native-projections,a-8ac0e36b4213e2ad3b757e2b61c60fc33e913207e9a0f60ee55954524f931621,bet2026-ensemble-042,UNASSESSED,,
kflow-023475,completed,completed,PacificCommunity/ofp-sam-bet-2026-ensemble,ae8968a2d62153d7f667f6e4f156a5f73f0e5f27,bet-2026-ensemble-native-projections,a-ec18382eb343acdb9be9185790811d4ba6e28c22118dfc27845e384024226403,bet2026-ensemble-042,UNASSESSED,,
kflow-023476,completed,completed,PacificCommunity/ofp-sam-bet-2026-ensemble,ae8968a2d62153d7f667f6e4f156a5f73f0e5f27,bet-2026-ensemble-native-projections,a-829b2d6e983ccca224e398b096e8bdd06f916ee481a5de57ad6dd58d3fc0bfb1,bet2026-ensemble-042,UNASSESSED,,
kflow-023477,completed,completed,PacificCommunity/ofp-sam-bet-2026-ensemble,ae8968a2d62153d7f667f6e4f156a5f73f0e5f27,bet-2026-ensemble-native-projections,a-4cf4bbc379355846acb5aa491f9cee8a3fbbb0d9b388d148ddbbb49e284c9657,bet2026-ensemble-042,UNASSESSED,,
kflow-023478,completed,completed,PacificCommunity/ofp-sam-bet-2026-ensemble,ae8968a2d62153d7f667f6e4f156a5f73f0e5f27,bet-2026-ensemble-native-projections,a-87e182d62cf7876be514db531bed394c145aa3c237b84a6e719e2b770e16dd22,bet2026-ensemble-042,UNASSESSED,,
kflow-023479,completed,completed,PacificCommunity/ofp-sam-bet-2026-ensemble,ae8968a2d62153d7f667f6e4f156a5f73f0e5f27,bet-2026-ensemble-native-projections,a-76bc32f6a7793c3d0b3a05dd426d37ebce7bbd01a364b2706a81240d693ee70a,bet2026-ensemble-042,UNASSESSED,,
kflow-023480,completed,completed,PacificCommunity/ofp-sam-bet-2026-ensemble,ae8968a2d62153d7f667f6e4f156a5f73f0e5f27,bet-2026-ensemble-native-projections,a-93299cf98639406a8517c76e49c5dcde20bc0af41df224779ac4651ce7e303e9,bet2026-ensemble-042,UNASSESSED,,
kflow-023481,completed,completed,PacificCommunity/ofp-sam-bet-2026-ensemble,ae8968a2d62153d7f667f6e4f156a5f73f0e5f27,bet-2026-ensemble-native-projections,a-ad3eb44529175c7c338da8e1b8d2004a4f04eaf942bbbd52798349d1ed46d318,bet2026-ensemble-042,UNASSESSED,,
kflow-023482,completed,completed,PacificCommunity/ofp-sam-bet-2026-ensemble,ae8968a2d62153d7f667f6e4f156a5f73f0e5f27,bet-2026-ensemble-native-projections,a-6d42331c78f31991832f9a0e4c5ef1517a26cc6d08e4e1f838b8a59cc6bdcf00,bet2026-ensemble-042,UNASSESSED,,
kflow-023483,completed,completed,PacificCommunity/ofp-sam-bet-2026-ensemble,ae8968a2d62153d7f667f6e4f156a5f73f0e5f27,bet-2026-ensemble-native-projections,a-be670a75de33d5d560efb72786a4120499ad81e22fecfb97648b0136e89f8304,bet2026-ensemble-042,UNASSESSED,,
kflow-023484,completed,completed,PacificCommunity/ofp-sam-bet-2026-ensemble,ae8968a2d62153d7f667f6e4f156a5f73f0e5f27,bet-2026-ensemble-native-projections,a-a92065be1b98482ddb39e9edfedb2a66908464ff7c6dad205400461758d08bad,bet2026-ensemble-042,UNASSESSED,,
kflow-023485,completed,completed,PacificCommunity/ofp-sam-bet-2026-ensemble,ae8968a2d62153d7f667f6e4f156a5f73f0e5f27,bet-2026-ensemble-native-projections,a-c7f32ecf3721cdc1bc181e15a34d6dd4dd76c7e9a64ef3cf8c9015cd820c1ba9,bet2026-ensemble-042,UNASSESSED,,
kflow-023486,completed,completed,PacificCommunity/ofp-sam-bet-2026-ensemble,ae8968a2d62153d7f667f6e4f156a5f73f0e5f27,bet-2026-ensemble-native-projections,a-8fe2b928ce0937333e9476ecc0329e6064e62f46e0f139e36ce2757f75da3564,bet2026-ensemble-042,UNASSESSED,,
kflow-023487,completed,completed,PacificCommunity/ofp-sam-bet-2026-ensemble,ae8968a2d62153d7f667f6e4f156a5f73f0e5f27,bet-2026-ensemble-native-projections,a-f653cdcf672eef3a974d1285888ff541afcedb16d2df62cc7883021138fbf76d,bet2026-ensemble-042,UNASSESSED,,
kflow-023488,completed,completed,PacificCommunity/ofp-sam-bet-2026-ensemble,ae8968a2d62153d7f667f6e4f156a5f73f0e5f27,bet-2026-ensemble-native-projections,a-0674d7757fb16bcdef7e4a30833926896317891a349c2d7ab1ff524993a6ce63,bet2026-ensemble-042,UNASSESSED,,
kflow-023489,completed,completed,PacificCommunity/ofp-sam-bet-2026-ensemble,ae8968a2d62153d7f667f6e4f156a5f73f0e5f27,bet-2026-ensemble-native-projections,a-d9c49d24120bd7458b2ead285937f88acbd44cb4750e3ef1796a18464549a003,bet2026-ensemble-042,UNASSESSED,,
kflow-023490,completed,completed,PacificCommunity/ofp-sam-bet-2026-ensemble,ae8968a2d62153d7f667f6e4f156a5f73f0e5f27,bet-2026-ensemble-native-projections,a-982efbcef8d07aa1d5e4735f561c4f8b8e20ce2414c4ac5f75e0b518044a4ea4,bet2026-ensemble-042,UNASSESSED,,
kflow-023491,completed,completed,PacificCommunity/ofp-sam-bet-2026-ensemble,ae8968a2d62153d7f667f6e4f156a5f73f0e5f27,bet-2026-ensemble-native-projections,a-5d1da3150f0c1b9140f8fe57491424eea5160ad7d3eb19b1fb871fedfab309bc,bet2026-ensemble-042,UNASSESSED,,
kflow-023492,completed,completed,PacificCommunity/ofp-sam-bet-2026-ensemble,ae8968a2d62153d7f667f6e4f156a5f73f0e5f27,bet-2026-ensemble-native-projections,a-543ca5a1d9293b5704f25d629b8c6ffd57d50a28a284224f155e36d602c423e0,bet2026-ensemble-042,UNASSESSED,,
kflow-023493,completed,completed,PacificCommunity/ofp-sam-bet-2026-ensemble,ae8968a2d62153d7f667f6e4f156a5f73f0e5f27,bet-2026-ensemble-native-projections,a-be07580bb2fcca4d3a3c4b29df2bfcf8f8278bcad1fddd1ada36cc6c08d13836,bet2026-ensemble-042,UNASSESSED,,
kflow-023494,completed,completed,PacificCommunity/ofp-sam-bet-2026-ensemble,ae8968a2d62153d7f667f6e4f156a5f73f0e5f27,bet-2026-ensemble-native-projections,a-ceb2feae23ebf5414223c9286fbdfdedecc888da1e2ba7362f31969b72453233,bet2026-ensemble-042,UNASSESSED,,
kflow-023495,completed,completed,PacificCommunity/ofp-sam-bet-2026-ensemble,ae8968a2d62153d7f667f6e4f156a5f73f0e5f27,bet-2026-ensemble-native-projections,a-6224211342eddab9fb4a8475d8f15649b1ba397db230a7675303e478f1ca6ef7,bet2026-ensemble-042,UNASSESSED,,
kflow-023496,completed,completed,PacificCommunity/ofp-sam-bet-2026-ensemble,ae8968a2d62153d7f667f6e4f156a5f73f0e5f27,bet-2026-ensemble-native-projections,a-6da19f028f01ba26b5cf140c5e4ba47b3485d4eefc3768496af4a386783e79a0,bet2026-ensemble-042,UNASSESSED,,
kflow-023497,completed,completed,PacificCommunity/ofp-sam-bet-2026-ensemble,ae8968a2d62153d7f667f6e4f156a5f73f0e5f27,bet-2026-ensemble-native-projections,a-69511ded7456a7d6c8b65bdf64f599387f69c94e99af062296ef5c18be7dac80,bet2026-ensemble-042,UNASSESSED,,
kflow-023498,completed,completed,PacificCommunity/ofp-sam-bet-2026-ensemble,ae8968a2d62153d7f667f6e4f156a5f73f0e5f27,bet-2026-ensemble-native-projections,a-7ac876d84d2227db634d0a236d71828fc8edd384d340ea10f505be48b2e77fe2,bet2026-ensemble-042,UNASSESSED,,
kflow-023499,completed,completed,PacificCommunity/ofp-sam-bet-2026-ensemble,ae8968a2d62153d7f667f6e4f156a5f73f0e5f27,bet-2026-ensemble-native-projections,a-bec88718e4629e0600eafa5d3bb3139fd60df89c414568bbcf723ff244930aaa,bet2026-ensemble-042,UNASSESSED,,
kflow-023500,completed,completed,PacificCommunity/ofp-sam-bet-2026-ensemble,ae8968a2d62153d7f667f6e4f156a5f73f0e5f27,bet-2026-ensemble-native-projections,a-e7fa4fb420407a9c0d40c026f1a709ced6add301ab63da1a395eb4f761f40dd1,bet2026-ensemble-042,UNASSESSED,,
kflow-023501,completed,completed,PacificCommunity/ofp-sam-bet-2026-ensemble,ae8968a2d62153d7f667f6e4f156a5f73f0e5f27,bet-2026-ensemble-native-projections,a-5ebae44363e51b5a61c24a73d18182b559a194901e158a3573433c8922bdf594,bet2026-ensemble-042,UNASSESSED,,
kflow-023502,failed,failed,PacificCommunity/ofp-sam-bet-2026-ensemble,deb2893ad7192f341d4c1a374e4d6948c5fd6192,bet-2026-ensemble-equilibrium-hessian,a-f82f42d257ad124237def2a969194655be42354c1c40d5c8372d37f5cbe808ae,bet2026-ensemble-042,UNASSESSED,,
kflow-023503,failed,failed,PacificCommunity/ofp-sam-bet-2026-ensemble,deb2893ad7192f341d4c1a374e4d6948c5fd6192,bet-2026-ensemble-equilibrium-hessian,a-75664d0c45bfab42dd0e2c821e35d93b9df9174fbcc4302444edb11bb053c030,bet2026-ensemble-042,UNASSESSED,,
kflow-023504,failed,failed,PacificCommunity/ofp-sam-bet-2026-ensemble,deb2893ad7192f341d4c1a374e4d6948c5fd6192,bet-2026-ensemble-equilibrium-hessian,a-06d6b267d45c36d83c0fb7f36cda8bc2481f3f32248c6665d91bbaed8a4049f8,bet2026-ensemble-042,UNASSESSED,,
kflow-023505,failed,failed,PacificCommunity/ofp-sam-bet-2026-ensemble,deb2893ad7192f341d4c1a374e4d6948c5fd6192,bet-2026-ensemble-equilibrium-hessian,a-d1397c484e240db81c9c97582a59fab25d6193a4a1f1a0c1e4ef17d6290dbd8e,bet2026-ensemble-042,UNASSESSED,,
kflow-023506,failed,failed,PacificCommunity/ofp-sam-bet-2026-ensemble,deb2893ad7192f341d4c1a374e4d6948c5fd6192,bet-2026-ensemble-equilibrium-hessian,a-2d8697dd9506009c37d3a741995183f4793b286c4683340a5205061134fa3cdc,bet2026-ensemble-042,UNASSESSED,,
kflow-023507,failed,failed,PacificCommunity/ofp-sam-bet-2026-ensemble,deb2893ad7192f341d4c1a374e4d6948c5fd6192,bet-2026-ensemble-equilibrium-hessian,a-ab8faa8bac4c9229eb814cdd838b2e091ad97e10b278f84249f80dabd8b6a5fc,bet2026-ensemble-042,UNASSESSED,,
kflow-023508,failed,failed,PacificCommunity/ofp-sam-bet-2026-ensemble,deb2893ad7192f341d4c1a374e4d6948c5fd6192,bet-2026-ensemble-equilibrium-hessian,a-bbca80999611c7bc11ab0ca9f63c110bc9f52274c294ca65addf2d46238a0cea,bet2026-ensemble-042,UNASSESSED,,
kflow-023509,failed,failed,PacificCommunity/ofp-sam-bet-2026-ensemble,deb2893ad7192f341d4c1a374e4d6948c5fd6192,bet-2026-ensemble-equilibrium-hessian,a-5623c3cf32e53b97be39dd962b1f56bc01080ecb735393a44d4ec206ea67e6a6,bet2026-ensemble-042,UNASSESSED,,
kflow-023510,failed,failed,PacificCommunity/ofp-sam-bet-2026-ensemble,deb2893ad7192f341d4c1a374e4d6948c5fd6192,bet-2026-ensemble-equilibrium-hessian,a-27ba7ede786efd30988a0ceed4301d6b3f170f1b858cdf1acf6d398ac12c2564,bet2026-ensemble-042,UNASSESSED,,
kflow-023511,failed,failed,PacificCommunity/ofp-sam-bet-2026-ensemble,deb2893ad7192f341d4c1a374e4d6948c5fd6192,bet-2026-ensemble-equilibrium-hessian,a-861e1da14fec049213398d2f61a7eebe3f8867ada80dc57f460e438083b892d2,bet2026-ensemble-042,UNASSESSED,,
kflow-023512,failed,failed,PacificCommunity/ofp-sam-bet-2026-ensemble,deb2893ad7192f341d4c1a374e4d6948c5fd6192,bet-2026-ensemble-equilibrium-hessian,a-ccf23ee5453738a8d6dc9a7fee6bba97620559fd71b4b21b8e5f9ff9d2c1b527,bet2026-ensemble-042,UNASSESSED,,
kflow-023513,failed,failed,PacificCommunity/ofp-sam-bet-2026-ensemble,deb2893ad7192f341d4c1a374e4d6948c5fd6192,bet-2026-ensemble-equilibrium-hessian,a-c11fa48f1b99e214a30478933e15ae0a4957bbd767916d24523aa487e732ee95,bet2026-ensemble-042,UNASSESSED,,
kflow-023514,failed,failed,PacificCommunity/ofp-sam-bet-2026-ensemble,deb2893ad7192f341d4c1a374e4d6948c5fd6192,bet-2026-ensemble-equilibrium-hessian,a-8bc0e81f0c39742ca9f45e5cfd5dfff860f5b12ed463a9e4c68dac566535b31c,bet2026-ensemble-042,UNASSESSED,,
kflow-023515,failed,failed,PacificCommunity/ofp-sam-bet-2026-ensemble,deb2893ad7192f341d4c1a374e4d6948c5fd6192,bet-2026-ensemble-equilibrium-hessian,a-36c880a636a9958eed7d8122f171693440e25c2066973a51fe8a5b04d258b0a1,bet2026-ensemble-042,UNASSESSED,,
kflow-023516,failed,failed,PacificCommunity/ofp-sam-bet-2026-ensemble,deb2893ad7192f341d4c1a374e4d6948c5fd6192,bet-2026-ensemble-equilibrium-hessian,a-e81848592f70da0695498b831f14265186c8b4eac88d0e734649f917ad1ad6c7,bet2026-ensemble-042,UNASSESSED,,
kflow-023517,failed,failed,PacificCommunity/ofp-sam-bet-2026-ensemble,deb2893ad7192f341d4c1a374e4d6948c5fd6192,bet-2026-ensemble-equilibrium-hessian,a-2dd5f5803920b8abc5d289b862217eb74fafaf166aaf789572edc0c46a890b04,bet2026-ensemble-042,UNASSESSED,,
kflow-023518,failed,failed,PacificCommunity/ofp-sam-bet-2026-ensemble,deb2893ad7192f341d4c1a374e4d6948c5fd6192,bet-2026-ensemble-equilibrium-hessian,a-64d111cd45950e4fdf9502a243799d52fc21cbde6ffdb47e172335cc02f2383d,bet2026-ensemble-042,UNASSESSED,,
kflow-023519,failed,failed,PacificCommunity/ofp-sam-bet-2026-ensemble,deb2893ad7192f341d4c1a374e4d6948c5fd6192,bet-2026-ensemble-equilibrium-hessian,a-51d0c6d9527a3740f3717db58b3539b467051e219a99b84c759e0b6bb70a1965,bet2026-ensemble-042,UNASSESSED,,
kflow-023520,failed,failed,PacificCommunity/ofp-sam-bet-2026-ensemble,deb2893ad7192f341d4c1a374e4d6948c5fd6192,bet-2026-ensemble-equilibrium-hessian,a-5615645e4413e43be4cd3351ab0cbb2dbca7617a75502c09e545457336eac7dd,bet2026-ensemble-042,UNASSESSED,,
kflow-023521,failed,failed,PacificCommunity/ofp-sam-bet-2026-ensemble,deb2893ad7192f341d4c1a374e4d6948c5fd6192,bet-2026-ensemble-equilibrium-hessian,a-af3c8d8a755bf47740ad0726fb670ccacbcbaf04a59e1a37fc0052656a12e765,bet2026-ensemble-042,UNASSESSED,,
kflow-023522,failed,failed,PacificCommunity/ofp-sam-bet-2026-ensemble,deb2893ad7192f341d4c1a374e4d6948c5fd6192,bet-2026-ensemble-equilibrium-hessian,a-2bb7f2515a95d887348e5dd8f3e9ad0ceaec860188130ae4cb48f246315135b7,bet2026-ensemble-042,UNASSESSED,,
kflow-023523,failed,failed,PacificCommunity/ofp-sam-bet-2026-ensemble,deb2893ad7192f341d4c1a374e4d6948c5fd6192,bet-2026-ensemble-equilibrium-hessian,a-2a0abed3c73290a0b6f930f77a5aaf902cdecedb1fd4222389d4432df3ae5986,bet2026-ensemble-042,UNASSESSED,,
kflow-023524,failed,failed,PacificCommunity/ofp-sam-bet-2026-ensemble,deb2893ad7192f341d4c1a374e4d6948c5fd6192,bet-2026-ensemble-equilibrium-hessian,a-8443dde8d078d757967b892c88c1f0008a0b619405b0d3b09991872370574bac,bet2026-ensemble-042,UNASSESSED,,
kflow-023525,failed,failed,PacificCommunity/ofp-sam-bet-2026-ensemble,deb2893ad7192f341d4c1a374e4d6948c5fd6192,bet-2026-ensemble-equilibrium-hessian,a-09e8805646a192464c62e00b9a29ec7f19ad4454d8d5e7532cf5ee993b3a1b2c,bet2026-ensemble-042,UNASSESSED,,
kflow-023526,failed,failed,PacificCommunity/ofp-sam-bet-2026-ensemble,deb2893ad7192f341d4c1a374e4d6948c5fd6192,bet-2026-ensemble-equilibrium-hessian,a-6363e780132f03bd38f4228183cd4f98ec68af238f96844c15e68dc1671834a5,bet2026-ensemble-042,UNASSESSED,,
kflow-023527,failed,failed,PacificCommunity/ofp-sam-bet-2026-ensemble,deb2893ad7192f341d4c1a374e4d6948c5fd6192,bet-2026-ensemble-equilibrium-hessian,a-5a6c96fe199ad81324019a2afb94f9ca666dad15e31b198383ff679f40eb4cea,bet2026-ensemble-042,UNASSESSED,,
kflow-023528,failed,failed,PacificCommunity/ofp-sam-bet-2026-ensemble,deb2893ad7192f341d4c1a374e4d6948c5fd6192,bet-2026-ensemble-equilibrium-hessian,a-ee43f01c479a436c5561737809d2d2e2cec7270751142460987814fd3cbe23d2,bet2026-ensemble-042,UNASSESSED,,
kflow-023529,failed,failed,PacificCommunity/ofp-sam-bet-2026-ensemble,deb2893ad7192f341d4c1a374e4d6948c5fd6192,bet-2026-ensemble-equilibrium-hessian,a-6a1041382c938ee750eee3cb5933ebf2b5cae1acebb80572ebb0661436dd75eb,bet2026-ensemble-042,UNASSESSED,,
kflow-023530,failed,failed,PacificCommunity/ofp-sam-bet-2026-ensemble,deb2893ad7192f341d4c1a374e4d6948c5fd6192,bet-2026-ensemble-equilibrium-hessian,a-02d5e94be53297c12c5c5969963a6fcd589a77ae6c8f730a59834a7f4f243d5b,bet2026-ensemble-042,UNASSESSED,,
kflow-023531,failed,failed,PacificCommunity/ofp-sam-bet-2026-ensemble,deb2893ad7192f341d4c1a374e4d6948c5fd6192,bet-2026-ensemble-equilibrium-hessian,a-4eeb90a0a34a79665c38639795b48b1628717c94408b88857149296223f5a788,bet2026-ensemble-042,UNASSESSED,,
kflow-023532,failed,failed,PacificCommunity/ofp-sam-bet-2026-ensemble,deb2893ad7192f341d4c1a374e4d6948c5fd6192,bet-2026-ensemble-equilibrium-hessian,a-71caacd38e0045beb722c84141d835b7cb8a3a6ce2928f498c6c11a3484033f0,bet2026-ensemble-042,UNASSESSED,,
kflow-023533,failed,failed,PacificCommunity/ofp-sam-bet-2026-ensemble,deb2893ad7192f341d4c1a374e4d6948c5fd6192,bet-2026-ensemble-equilibrium-hessian,a-d35ba3f547c64d969dccd16aacc3fe4f59d316b6c4b6714279118676d7b54ec5,bet2026-ensemble-042,UNASSESSED,,
kflow-023534,failed,failed,PacificCommunity/ofp-sam-bet-2026-ensemble,deb2893ad7192f341d4c1a374e4d6948c5fd6192,bet-2026-ensemble-equilibrium-hessian,a-a03f71850c546f6a1d07d4b4a6e163195779164e3930cbc9f154c9cdc15ff6e6,bet2026-ensemble-042,UNASSESSED,,
kflow-023535,failed,failed,PacificCommunity/ofp-sam-bet-2026-ensemble,deb2893ad7192f341d4c1a374e4d6948c5fd6192,bet-2026-ensemble-equilibrium-hessian,a-1826a41c3f43d2684982c4254a5e675d1173e63ec53649552cbb7aacc430cbe2,bet2026-ensemble-042,UNASSESSED,,
kflow-023536,failed,failed,PacificCommunity/ofp-sam-bet-2026-ensemble,deb2893ad7192f341d4c1a374e4d6948c5fd6192,bet-2026-ensemble-equilibrium-hessian,a-f926bf1d4a84882a288aaf1c3563a13e8fcc31bc95ad31e4e9120467df9c1dd5,bet2026-ensemble-042,UNASSESSED,,
kflow-023537,failed,failed,PacificCommunity/ofp-sam-bet-2026-ensemble,deb2893ad7192f341d4c1a374e4d6948c5fd6192,bet-2026-ensemble-equilibrium-hessian,a-d53b3280eba439dec4096d78649812d18fbd071dfa49907329838986bcd4b958,bet2026-ensemble-042,UNASSESSED,,
kflow-023538,failed,failed,PacificCommunity/ofp-sam-bet-2026-ensemble,deb2893ad7192f341d4c1a374e4d6948c5fd6192,bet-2026-ensemble-equilibrium-hessian,a-c3fe43d678eccd734b96a8b5afe5779c728350e25eaa68b8989ce8807fa16ca3,bet2026-ensemble-042,UNASSESSED,,
kflow-023539,failed,failed,PacificCommunity/ofp-sam-bet-2026-ensemble,deb2893ad7192f341d4c1a374e4d6948c5fd6192,bet-2026-ensemble-equilibrium-hessian,a-8664149e98e0b6e74012f7bbec001cd4ee330def0a00b179a33472e8d42a20e5,bet2026-ensemble-042,UNASSESSED,,
kflow-023540,failed,failed,PacificCommunity/ofp-sam-bet-2026-ensemble,deb2893ad7192f341d4c1a374e4d6948c5fd6192,bet-2026-ensemble-equilibrium-hessian,a-122a06b1bffbdb7fb7d80588fc12c10139e40af0c38c48db5864a24d6b8dee76,bet2026-ensemble-042,UNASSESSED,,
kflow-023541,failed,failed,PacificCommunity/ofp-sam-bet-2026-ensemble,deb2893ad7192f341d4c1a374e4d6948c5fd6192,bet-2026-ensemble-equilibrium-hessian,a-dcc437e76a20ea86feab5cae88b9b8f97a13ff8fca9df22129edac0b96d37ee6,bet2026-ensemble-042,UNASSESSED,,
kflow-023542,failed,failed,PacificCommunity/ofp-sam-bet-2026-ensemble,deb2893ad7192f341d4c1a374e4d6948c5fd6192,bet-2026-ensemble-equilibrium-hessian,a-198719fdd70e1b8c419cd917e3e2080a37af15095f8c1fbe53032825b9813d11,bet2026-ensemble-042,UNASSESSED,,
kflow-023543,failed,failed,PacificCommunity/ofp-sam-bet-2026-ensemble,deb2893ad7192f341d4c1a374e4d6948c5fd6192,bet-2026-ensemble-equilibrium-hessian,a-c640d1267a04488364d63e0bbcb65d762472bd2e0c5eef81b700cdb336fc56f7,bet2026-ensemble-042,UNASSESSED,,
kflow-023544,failed,failed,PacificCommunity/ofp-sam-bet-2026-ensemble,deb2893ad7192f341d4c1a374e4d6948c5fd6192,bet-2026-ensemble-equilibrium-hessian,a-e99df6aaada1e227177c5e277ecae18ca0d919f8cbdadfb1d07e609be120f8e2,bet2026-ensemble-042,UNASSESSED,,
kflow-023545,failed,failed,PacificCommunity/ofp-sam-bet-2026-ensemble,deb2893ad7192f341d4c1a374e4d6948c5fd6192,bet-2026-ensemble-equilibrium-hessian,a-b5f55ff17c8c4c298bf7a847bec5cdd5f6f1b8d75e661a77baa0221f06004109,bet2026-ensemble-042,UNASSESSED,,
kflow-023546,failed,failed,PacificCommunity/ofp-sam-bet-2026-ensemble,deb2893ad7192f341d4c1a374e4d6948c5fd6192,bet-2026-ensemble-equilibrium-hessian,a-1d95dfcb2f5fc1fc520764792e89b681f9516ace47c8ff5ce0459a1b714abfc6,bet2026-ensemble-042,UNASSESSED,,
kflow-023547,failed,failed,PacificCommunity/ofp-sam-bet-2026-ensemble,deb2893ad7192f341d4c1a374e4d6948c5fd6192,bet-2026-ensemble-equilibrium-hessian,a-10d5bd12bd346bf334bba5b62eb8bda32877f93196c659a52cc53484c9261186,bet2026-ensemble-042,UNASSESSED,,
kflow-023548,failed,failed,PacificCommunity/ofp-sam-bet-2026-ensemble,deb2893ad7192f341d4c1a374e4d6948c5fd6192,bet-2026-ensemble-equilibrium-hessian,a-c317544ffe5e51b55507f3a0e8420fcd9cf6e987f1d42bbc417f3145849bb091,bet2026-ensemble-042,UNASSESSED,,
kflow-023549,failed,failed,PacificCommunity/ofp-sam-bet-2026-ensemble,deb2893ad7192f341d4c1a374e4d6948c5fd6192,bet-2026-ensemble-equilibrium-hessian,a-f81aa81c18e4da7b1b52e034d91c2ab66d814216796fa8856624238515cd6bfb,bet2026-ensemble-042,UNASSESSED,,
kflow-023550,failed,failed,PacificCommunity/ofp-sam-bet-2026-ensemble,deb2893ad7192f341d4c1a374e4d6948c5fd6192,bet-2026-ensemble-equilibrium-hessian,a-7876f6ffd98d5c50ceb547e0d8663bb7cfbc77d146e8a02d8a731185ad06dce4,bet2026-ensemble-042,UNASSESSED,,
kflow-023551,failed,failed,PacificCommunity/ofp-sam-bet-2026-ensemble,deb2893ad7192f341d4c1a374e4d6948c5fd6192,bet-2026-ensemble-equilibrium-hessian,a-ede66ae5e2076abe5e70c4094e0f3bdbf1287e11930872b87535a6567ebb8f39,bet2026-ensemble-042,UNASSESSED,,
kflow-023552,failed,failed,PacificCommunity/ofp-sam-bet-2026-ensemble,deb2893ad7192f341d4c1a374e4d6948c5fd6192,bet-2026-ensemble-equilibrium-hessian,a-66a8fa3214113892f5ecfcc14435047674ac1b2550e4928dc293f9d8378a4d0a,bet2026-ensemble-042,UNASSESSED,,
kflow-023553,failed,failed,PacificCommunity/ofp-sam-bet-2026-ensemble,deb2893ad7192f341d4c1a374e4d6948c5fd6192,bet-2026-ensemble-equilibrium-hessian,a-160dc83163ef00bfe9dffff04f9759604f338098c183c47f00b0da42b4a38555,bet2026-ensemble-042,UNASSESSED,,
kflow-023554,failed,failed,PacificCommunity/ofp-sam-bet-2026-ensemble,deb2893ad7192f341d4c1a374e4d6948c5fd6192,bet-2026-ensemble-equilibrium-hessian,a-4b8d7b5755eb1b66458c7ed1f729ae9d8bfc2929e62245401e05fb39bc89d36e,bet2026-ensemble-042,UNASSESSED,,
kflow-023555,failed,failed,PacificCommunity/ofp-sam-bet-2026-ensemble,deb2893ad7192f341d4c1a374e4d6948c5fd6192,bet-2026-ensemble-equilibrium-hessian,a-61d0063b5dcce4dff5594ddab29ccba9988775adfcc09aaa4ed6ee39af3af416,bet2026-ensemble-042,UNASSESSED,,
kflow-023556,failed,failed,PacificCommunity/ofp-sam-bet-2026-ensemble,deb2893ad7192f341d4c1a374e4d6948c5fd6192,bet-2026-ensemble-equilibrium-hessian,a-cb362c790dc85d45225f869cb19f040b9da7ffd65ae6041a6f5682c81c96ddae,bet2026-ensemble-042,UNASSESSED,,
kflow-023557,failed,failed,PacificCommunity/ofp-sam-bet-2026-ensemble,deb2893ad7192f341d4c1a374e4d6948c5fd6192,bet-2026-ensemble-equilibrium-hessian,a-f24cc7f4ea83165a5a7f43bdec94a747f98677bd4d9cefacee4abffef2d0e5d7,bet2026-ensemble-042,UNASSESSED,,
kflow-023558,failed,failed,PacificCommunity/ofp-sam-bet-2026-ensemble,deb2893ad7192f341d4c1a374e4d6948c5fd6192,bet-2026-ensemble-equilibrium-hessian,a-29243fa444dbc508eebb970e8e176f8d5e1e1bfc889ba7dceb18ace7dd0629b3,bet2026-ensemble-042,UNASSESSED,,
kflow-023559,failed,failed,PacificCommunity/ofp-sam-bet-2026-ensemble,deb2893ad7192f341d4c1a374e4d6948c5fd6192,bet-2026-ensemble-equilibrium-hessian,a-3f290325eba18d02ae514487a0c5489dbd76fed177cb7caab91299dbf7c8db52,bet2026-ensemble-042,UNASSESSED,,
kflow-023560,failed,failed,PacificCommunity/ofp-sam-bet-2026-ensemble,deb2893ad7192f341d4c1a374e4d6948c5fd6192,bet-2026-ensemble-equilibrium-hessian,a-bf73f58f2769e620b8977878b4b270b2060b353630124e93000046a822e04f0b,bet2026-ensemble-042,UNASSESSED,,
kflow-023561,failed,failed,PacificCommunity/ofp-sam-bet-2026-ensemble,deb2893ad7192f341d4c1a374e4d6948c5fd6192,bet-2026-ensemble-equilibrium-hessian,a-9345a278d7479e67d4281134eb596eb85d30cdd1e84ecc86b9920339ecea41ba,bet2026-ensemble-042,UNASSESSED,,
kflow-023562,failed,failed,PacificCommunity/ofp-sam-bet-2026-ensemble,deb2893ad7192f341d4c1a374e4d6948c5fd6192,bet-2026-ensemble-equilibrium-hessian,a-89d0d71776578f885865cfa4b26ea663d627f06e2387812693695075d00635ce,bet2026-ensemble-042,UNASSESSED,,
kflow-023563,failed,failed,PacificCommunity/ofp-sam-bet-2026-ensemble,deb2893ad7192f341d4c1a374e4d6948c5fd6192,bet-2026-ensemble-equilibrium-hessian,a-fbf7a5560e1a1ea6a7e1666c1de2726c9ed1692068b6eb8fcfb685875b1fff00,bet2026-ensemble-042,UNASSESSED,,
kflow-023564,failed,failed,PacificCommunity/ofp-sam-bet-2026-ensemble,deb2893ad7192f341d4c1a374e4d6948c5fd6192,bet-2026-ensemble-equilibrium-hessian,a-02ed35b99979f971b7c588f63c9ac546f581aea0f5a12dc57530ed2f98bfb1fc,bet2026-ensemble-042,UNASSESSED,,
kflow-023565,failed,failed,PacificCommunity/ofp-sam-bet-2026-ensemble,deb2893ad7192f341d4c1a374e4d6948c5fd6192,bet-2026-ensemble-equilibrium-hessian,a-8d546ed79ba3f82e9254cf44bc68b4cd2fd509bdd24827addb8e0d2a1134845c,bet2026-ensemble-042,UNASSESSED,,
kflow-023566,failed,failed,PacificCommunity/ofp-sam-bet-2026-ensemble,deb2893ad7192f341d4c1a374e4d6948c5fd6192,bet-2026-ensemble-equilibrium-hessian,a-553df46ada1493c35d1278e840bc6292a0e88fe11ca58b057fda72e79e27e370,bet2026-ensemble-042,UNASSESSED,,
kflow-023567,failed,failed,PacificCommunity/ofp-sam-bet-2026-ensemble,deb2893ad7192f341d4c1a374e4d6948c5fd6192,bet-2026-ensemble-equilibrium-hessian,a-41f395aed02388ea74d53a1a42edc66f1a805c76c1ce4e73dffaa9e5eaa03b7d,bet2026-ensemble-042,UNASSESSED,,
kflow-023568,failed,failed,PacificCommunity/ofp-sam-bet-2026-ensemble,deb2893ad7192f341d4c1a374e4d6948c5fd6192,bet-2026-ensemble-equilibrium-hessian,a-459917a5766a9b0d078b3bfce720b4bf3bdc5fc295eff57b71b6b95c3869f200,bet2026-ensemble-042,UNASSESSED,,
kflow-023569,failed,failed,PacificCommunity/ofp-sam-bet-2026-ensemble,deb2893ad7192f341d4c1a374e4d6948c5fd6192,bet-2026-ensemble-equilibrium-hessian,a-a9a0058c1bfe143f0e3db019f4e3aac18209112dc1cf379a6e19081569f4edd3,bet2026-ensemble-042,UNASSESSED,,
kflow-023570,completed,completed,PacificCommunity/ofp-sam-bet-2026-ensemble,deb2893ad7192f341d4c1a374e4d6948c5fd6192,bet-2026-ensemble-projection-management-diagnostics,a-010c910f24801cfe8fc8560f312240935b0d90523c97539a85236938c639f7f4,bet2026-ensemble-042,UNASSESSED,,
kflow-023571,completed,completed,PacificCommunity/ofp-sam-bet-2026-ensemble,deb2893ad7192f341d4c1a374e4d6948c5fd6192,bet-2026-ensemble-projection-management-diagnostics,a-10b5a165e07c7c31ca027c6a76945f1b7215832194ce8f3c9c2108568893810b,bet2026-ensemble-042,UNASSESSED,,
kflow-023572,completed,completed,PacificCommunity/ofp-sam-bet-2026-ensemble,deb2893ad7192f341d4c1a374e4d6948c5fd6192,bet-2026-ensemble-projection-management-diagnostics,a-007b750d79bcdf4b542883267ce88c0a9c9cf592c77392af2ff5ea8712680b0f,bet2026-ensemble-042,UNASSESSED,,
kflow-023573,completed,completed,PacificCommunity/ofp-sam-bet-2026-ensemble,deb2893ad7192f341d4c1a374e4d6948c5fd6192,bet-2026-ensemble-projection-management-diagnostics,a-6c8729090644e07ecaf53f41d291a988f3ecf0a5589e428e044a0719102fe8b5,bet2026-ensemble-042,UNASSESSED,,
kflow-023574,completed,completed,PacificCommunity/ofp-sam-bet-2026-ensemble,deb2893ad7192f341d4c1a374e4d6948c5fd6192,bet-2026-ensemble-projection-management-diagnostics,a-aa8122df27de1a9e7a9aed1cd89f332ba8e8283f7f4d2cc183decb9fe88f89ec,bet2026-ensemble-042,UNASSESSED,,
kflow-023575,completed,completed,PacificCommunity/ofp-sam-bet-2026-ensemble,deb2893ad7192f341d4c1a374e4d6948c5fd6192,bet-2026-ensemble-projection-management-diagnostics,a-24c09d74db8356139854527e19f6c0b76c20db9e8b43761f6d6868f79ab817ec,bet2026-ensemble-042,UNASSESSED,,
kflow-023576,completed,completed,PacificCommunity/ofp-sam-bet-2026-ensemble,deb2893ad7192f341d4c1a374e4d6948c5fd6192,bet-2026-ensemble-projection-management-diagnostics,a-7a89bf215244e1e9d767fef9b005c6b8871c7fc35b95229a203ecde512c2078f,bet2026-ensemble-042,UNASSESSED,,
kflow-023577,completed,completed,PacificCommunity/ofp-sam-bet-2026-ensemble,deb2893ad7192f341d4c1a374e4d6948c5fd6192,bet-2026-ensemble-projection-management-diagnostics,a-e29d0919ebe63b2c53d4c033d52600550392dc4c190987118f433a05dfc69b85,bet2026-ensemble-042,UNASSESSED,,
kflow-023578,completed,completed,PacificCommunity/ofp-sam-bet-2026-ensemble,deb2893ad7192f341d4c1a374e4d6948c5fd6192,bet-2026-ensemble-projection-management-diagnostics,a-f1baed4441a63e8e87e4c0dd39a6b615f06340ca048495169dab0e68c6725c65,bet2026-ensemble-042,UNASSESSED,,
kflow-023579,completed,completed,PacificCommunity/ofp-sam-bet-2026-ensemble,deb2893ad7192f341d4c1a374e4d6948c5fd6192,bet-2026-ensemble-projection-management-diagnostics,a-af8ee4cbe4c6d3d6141126ca6fc34083c1ed2e0c9238bfbbb0c0534074d854a8,bet2026-ensemble-042,UNASSESSED,,
kflow-023580,completed,completed,PacificCommunity/ofp-sam-bet-2026-ensemble,deb2893ad7192f341d4c1a374e4d6948c5fd6192,bet-2026-ensemble-projection-management-diagnostics,a-078cf9d9678dd60c6816c634a93f46fcc333bd52930e0ad4df167c61d917e5c4,bet2026-ensemble-042,UNASSESSED,,
kflow-023581,completed,completed,PacificCommunity/ofp-sam-bet-2026-ensemble,deb2893ad7192f341d4c1a374e4d6948c5fd6192,bet-2026-ensemble-projection-management-diagnostics,a-4d4f67bad95616da4074c26aa13eff5d4463838b642542c2c9236c25a5d2aec5,bet2026-ensemble-042,UNASSESSED,,
kflow-023582,completed,completed,PacificCommunity/ofp-sam-bet-2026-ensemble,deb2893ad7192f341d4c1a374e4d6948c5fd6192,bet-2026-ensemble-projection-management-diagnostics,a-f01b339c1c129ce5577bec0f41e5d478af915770d5c9eee2b788ad8678f7e6c6,bet2026-ensemble-042,UNASSESSED,,
kflow-023583,completed,completed,PacificCommunity/ofp-sam-bet-2026-ensemble,deb2893ad7192f341d4c1a374e4d6948c5fd6192,bet-2026-ensemble-projection-management-diagnostics,a-5148906134e9b0f3d94ace3d185c865bfbbdb10b6f6c468583bf582610b39251,bet2026-ensemble-042,UNASSESSED,,
kflow-023584,completed,completed,PacificCommunity/ofp-sam-bet-2026-ensemble,deb2893ad7192f341d4c1a374e4d6948c5fd6192,bet-2026-ensemble-projection-management-diagnostics,a-f96b3fd7bc69fb62a5fde27408d3b9d51f3a5b291615fbcd9730beb92d9144fa,bet2026-ensemble-042,UNASSESSED,,
kflow-023585,completed,completed,PacificCommunity/ofp-sam-bet-2026-ensemble,deb2893ad7192f341d4c1a374e4d6948c5fd6192,bet-2026-ensemble-projection-management-diagnostics,a-3057af84056a27965dce60a2ace3b0669af78ba1494fcd20ac1fb67d12903ef2,bet2026-ensemble-042,UNASSESSED,,
kflow-023586,completed,completed,PacificCommunity/ofp-sam-bet-2026-ensemble,deb2893ad7192f341d4c1a374e4d6948c5fd6192,bet-2026-ensemble-projection-management-diagnostics,a-7f0ba47356d7036f867c16b2d52293ee238a1098d9b42575033a42d9b5af88cc,bet2026-ensemble-042,UNASSESSED,,
kflow-023587,completed,completed,PacificCommunity/ofp-sam-bet-2026-ensemble,deb2893ad7192f341d4c1a374e4d6948c5fd6192,bet-2026-ensemble-projection-management-diagnostics,a-59330cea5d8abade530b4d45e0fa6d1474b2c4f0122a0b47aab4cb6e19ffed67,bet2026-ensemble-042,UNASSESSED,,
kflow-023588,completed,completed,PacificCommunity/ofp-sam-bet-2026-ensemble,bafcb5e519d5bd6479773e304d33d50588d27e48,bet-2026-ensemble-projection-management-diagnostics,a-131ec699a3360bc2a8a8aa84a99b3af5584b9b9e7338c1f2b42b0947e2780f48,bet2026-ensemble-042,UNASSESSED,,
kflow-023589,completed,completed,PacificCommunity/ofp-sam-bet-2026-ensemble,bafcb5e519d5bd6479773e304d33d50588d27e48,bet-2026-ensemble-projection-management-diagnostics,a-0305761e889bac5e0178405390d13ffb5806133edee7c63713215b562c5d5e69,bet2026-ensemble-042,UNASSESSED,,
kflow-023590,completed,completed,PacificCommunity/ofp-sam-bet-2026-ensemble,bafcb5e519d5bd6479773e304d33d50588d27e48,bet-2026-ensemble-projection-management-diagnostics,a-ce5842c1d71122f24b14dd19fa7e85f2634677e3adaff0f4581dfadc04841aa2,bet2026-ensemble-042,UNASSESSED,,
kflow-023591,completed,completed,PacificCommunity/ofp-sam-bet-2026-ensemble,bafcb5e519d5bd6479773e304d33d50588d27e48,bet-2026-ensemble-projection-management-diagnostics,a-00217f17419f541a3d6a774e317f4c2a480208fd01ec55a3192577d541e53fca,bet2026-ensemble-042,UNASSESSED,,
kflow-023592,completed,completed,PacificCommunity/ofp-sam-bet-2026-ensemble,bafcb5e519d5bd6479773e304d33d50588d27e48,bet-2026-ensemble-projection-management-diagnostics,a-9f442830e262db36fd2cf94b7c3d021da9b6ad21b83c38c579b1189c93ba77c1,bet2026-ensemble-042,UNASSESSED,,
kflow-023593,completed,completed,PacificCommunity/ofp-sam-bet-2026-ensemble,bafcb5e519d5bd6479773e304d33d50588d27e48,bet-2026-ensemble-projection-management-diagnostics,a-706348c8669f7ef3d69a786461962ec594386dd3b0a456c29be75a8a37ced8c9,bet2026-ensemble-042,UNASSESSED,,
kflow-023594,failed,failed,PacificCommunity/ofp-sam-bet-2026-ensemble,bafcb5e519d5bd6479773e304d33d50588d27e48,bet-2026-ensemble-equilibrium-hessian,a-8bd540fe88a1e968def36ceb4612b360ff5e3c5dedbd1ea50bf819d5fa968f95,bet2026-ensemble-042,UNASSESSED,,
kflow-023595,failed,failed,PacificCommunity/ofp-sam-bet-2026-ensemble,bafcb5e519d5bd6479773e304d33d50588d27e48,bet-2026-ensemble-equilibrium-hessian,a-dc06ed52772fd0f7eaaf844ba793575976722135b4bc7953ebf8241cbbcbc385,bet2026-ensemble-042,UNASSESSED,,
kflow-023596,failed,failed,PacificCommunity/ofp-sam-bet-2026-ensemble,bafcb5e519d5bd6479773e304d33d50588d27e48,bet-2026-ensemble-equilibrium-hessian,a-1dc309415e89add011b801b36bf20e3b0420440c26e50e086d63b204c5c5ed0c,bet2026-ensemble-042,UNASSESSED,,
kflow-023597,failed,failed,PacificCommunity/ofp-sam-bet-2026-ensemble,bafcb5e519d5bd6479773e304d33d50588d27e48,bet-2026-ensemble-equilibrium-hessian,a-8679db621c4a210270d2da0e3e51b868d40cfb5a2efc4e3b2b52d44336cb2959,bet2026-ensemble-042,UNASSESSED,,
kflow-023598,failed,failed,PacificCommunity/ofp-sam-bet-2026-ensemble,bafcb5e519d5bd6479773e304d33d50588d27e48,bet-2026-ensemble-equilibrium-hessian,a-c08505bb1590e2bc37d0d88e524531b82f6a33df32e4072f1846d626d4b5305b,bet2026-ensemble-042,UNASSESSED,,
kflow-023599,failed,failed,PacificCommunity/ofp-sam-bet-2026-ensemble,bafcb5e519d5bd6479773e304d33d50588d27e48,bet-2026-ensemble-equilibrium-hessian,a-6b8bc64bd535cc97da3ecee0894f8e753509428b3069e108bed43945171330fe,bet2026-ensemble-042,UNASSESSED,,
kflow-023600,failed,failed,PacificCommunity/ofp-sam-bet-2026-ensemble,bafcb5e519d5bd6479773e304d33d50588d27e48,bet-2026-ensemble-equilibrium-hessian,a-0072bc5495fe867101f394781234ae8d4a4126e383c3bb296c403192cf6df714,bet2026-ensemble-042,UNASSESSED,,
kflow-023601,failed,failed,PacificCommunity/ofp-sam-bet-2026-ensemble,bafcb5e519d5bd6479773e304d33d50588d27e48,bet-2026-ensemble-equilibrium-hessian,a-142e5fa6d5926d491c44b8d3c9f515cd545bc62a200bdc0e17b1f37c3fc7c52b,bet2026-ensemble-042,UNASSESSED,,
kflow-023602,failed,failed,PacificCommunity/ofp-sam-bet-2026-ensemble,bafcb5e519d5bd6479773e304d33d50588d27e48,bet-2026-ensemble-equilibrium-hessian,a-8291739150eba6bda3dcbf9e6588e262b373b99c9fd4b1681258e206fd1922f1,bet2026-ensemble-042,UNASSESSED,,
kflow-023603,failed,failed,PacificCommunity/ofp-sam-bet-2026-ensemble,bafcb5e519d5bd6479773e304d33d50588d27e48,bet-2026-ensemble-equilibrium-hessian,a-020410782651f023de23fa8b3e87c99caa1ad6cce41b42442be2732bf9b42314,bet2026-ensemble-042,UNASSESSED,,
kflow-023604,failed,failed,PacificCommunity/ofp-sam-bet-2026-ensemble,bafcb5e519d5bd6479773e304d33d50588d27e48,bet-2026-ensemble-equilibrium-hessian,a-bcf3dbe6f80fb86623f463dfce9ccc7bc025ae421aca13971d94625b1ff3becd,bet2026-ensemble-042,UNASSESSED,,
kflow-023605,failed,failed,PacificCommunity/ofp-sam-bet-2026-ensemble,bafcb5e519d5bd6479773e304d33d50588d27e48,bet-2026-ensemble-equilibrium-hessian,a-f92e071f630007ce49f67e40138e49b5f304246e40dcf3081672e98cef494621,bet2026-ensemble-042,UNASSESSED,,
kflow-023606,failed,failed,PacificCommunity/ofp-sam-bet-2026-ensemble,bafcb5e519d5bd6479773e304d33d50588d27e48,bet-2026-ensemble-equilibrium-hessian,a-887bce2b87b3c19f4774e6ed95aae640d4607f717794c8dabfb0df64c273fe85,bet2026-ensemble-042,UNASSESSED,,
kflow-023607,failed,failed,PacificCommunity/ofp-sam-bet-2026-ensemble,bafcb5e519d5bd6479773e304d33d50588d27e48,bet-2026-ensemble-equilibrium-hessian,a-659012fd5da830ba39cb2bf852e44774e3f15badcf21e041b2d5c35ebb00a997,bet2026-ensemble-042,UNASSESSED,,
kflow-023608,failed,failed,PacificCommunity/ofp-sam-bet-2026-ensemble,bafcb5e519d5bd6479773e304d33d50588d27e48,bet-2026-ensemble-equilibrium-hessian,a-e1ba03186b75feba7c747ff4fc38294acf30b7d52876819ee27962d449d2fa62,bet2026-ensemble-042,UNASSESSED,,
kflow-023609,failed,failed,PacificCommunity/ofp-sam-bet-2026-ensemble,bafcb5e519d5bd6479773e304d33d50588d27e48,bet-2026-ensemble-equilibrium-hessian,a-2178c6fe78a6b8feb04764fd5ff2680f91992b0e6a0dcb79bf65c32fe6d00911,bet2026-ensemble-042,UNASSESSED,,
kflow-023610,failed,failed,PacificCommunity/ofp-sam-bet-2026-ensemble,bafcb5e519d5bd6479773e304d33d50588d27e48,bet-2026-ensemble-equilibrium-hessian,a-5c712548eaf476b1a4fd6c81d3eb0f9b12066fde5b452be8a03a26f4fae2c177,bet2026-ensemble-042,UNASSESSED,,
kflow-023611,failed,failed,PacificCommunity/ofp-sam-bet-2026-ensemble,bafcb5e519d5bd6479773e304d33d50588d27e48,bet-2026-ensemble-equilibrium-hessian,a-bf324f589ed5c4deb2d8e8bb667d22bf0161122a620b8c9194ec59f18e0ce550,bet2026-ensemble-042,UNASSESSED,,
kflow-023612,failed,failed,PacificCommunity/ofp-sam-bet-2026-ensemble,bafcb5e519d5bd6479773e304d33d50588d27e48,bet-2026-ensemble-equilibrium-hessian,a-cb648203deefb567aba1ab284bd09385ec64c670bcda14cb3f52ae932427e7d9,bet2026-ensemble-042,UNASSESSED,,
kflow-023613,failed,failed,PacificCommunity/ofp-sam-bet-2026-ensemble,bafcb5e519d5bd6479773e304d33d50588d27e48,bet-2026-ensemble-equilibrium-hessian,a-1310a247115bc28d2cd5153466ec119b89b4a8030587b5f087076ef238e58ac3,bet2026-ensemble-042,UNASSESSED,,
kflow-023614,failed,failed,PacificCommunity/ofp-sam-bet-2026-ensemble,bafcb5e519d5bd6479773e304d33d50588d27e48,bet-2026-ensemble-equilibrium-hessian,a-9208b8e47984cf2822dd4d3b6431178a3fcdf6aa31a7bc0adce06d39e0bf5d1c,bet2026-ensemble-042,UNASSESSED,,
kflow-023615,failed,failed,PacificCommunity/ofp-sam-bet-2026-ensemble,bafcb5e519d5bd6479773e304d33d50588d27e48,bet-2026-ensemble-equilibrium-hessian,a-4de06e80ca7450f624a7fa984bc4444ddba3c25c92266b26abf91f8c88f453c4,bet2026-ensemble-042,UNASSESSED,,
kflow-023616,completed,completed,PacificCommunity/ofp-sam-bet-2026-ensemble,bafcb5e519d5bd6479773e304d33d50588d27e48,bet-2026-ensemble-equilibrium-hessian,a-50b5e6e7904683159ef79a1fbd9390f60d457d9d58eb848155998024ebb77d0e,bet2026-ensemble-042,UNASSESSED,,
kflow-023617,failed,failed,PacificCommunity/ofp-sam-bet-2026-ensemble,bafcb5e519d5bd6479773e304d33d50588d27e48,bet-2026-ensemble-equilibrium-hessian,a-ca64662bfb3dd8da006d134bd17f41cfb55cdc5fb97e7e69375cea26378ab47e,bet2026-ensemble-042,UNASSESSED,,
kflow-023618,failed,failed,PacificCommunity/ofp-sam-bet-2026-ensemble,bafcb5e519d5bd6479773e304d33d50588d27e48,bet-2026-ensemble-equilibrium-hessian,a-31037f0bf09af5ae357cdf277154f512db52c220c3333448a610bf8ad3662293,bet2026-ensemble-042,UNASSESSED,,
kflow-023619,failed,failed,PacificCommunity/ofp-sam-bet-2026-ensemble,bafcb5e519d5bd6479773e304d33d50588d27e48,bet-2026-ensemble-equilibrium-hessian,a-5ed139350af4060214b0bc22e38a1d0817978c52b30e71f56148b8b0d585987c,bet2026-ensemble-042,UNASSESSED,,
kflow-023620,failed,failed,PacificCommunity/ofp-sam-bet-2026-ensemble,bafcb5e519d5bd6479773e304d33d50588d27e48,bet-2026-ensemble-equilibrium-hessian,a-dfeae7e1c17866c07d61bc3114110eebd3806259e435a5b8ce45e72a8cb4ea3e,bet2026-ensemble-042,UNASSESSED,,
kflow-023621,failed,failed,PacificCommunity/ofp-sam-bet-2026-ensemble,bafcb5e519d5bd6479773e304d33d50588d27e48,bet-2026-ensemble-equilibrium-hessian,a-8e5a9e0bbd3e54c5e8cc7250a130efe556b66d66caef9d92e714f31e7dfbb584,bet2026-ensemble-042,UNASSESSED,,
kflow-023622,failed,failed,PacificCommunity/ofp-sam-bet-2026-ensemble,bafcb5e519d5bd6479773e304d33d50588d27e48,bet-2026-ensemble-equilibrium-hessian,a-59289e2f20f565e9ac0b2048aa6499defa97cece2ef0745dd52a3952ddcd4f16,bet2026-ensemble-042,UNASSESSED,,
kflow-023623,failed,failed,PacificCommunity/ofp-sam-bet-2026-ensemble,bafcb5e519d5bd6479773e304d33d50588d27e48,bet-2026-ensemble-equilibrium-hessian,a-ce96014a82f782b25f13b603569ebeae41ef5877bb6facde74f5a556460edc4e,bet2026-ensemble-042,UNASSESSED,,
kflow-023624,failed,failed,PacificCommunity/ofp-sam-bet-2026-ensemble,bafcb5e519d5bd6479773e304d33d50588d27e48,bet-2026-ensemble-equilibrium-hessian,a-4e6b2aa0b297e9aaac9d8e91e28a087b1201798db5e28fca97a1c38aea3f4b93,bet2026-ensemble-042,UNASSESSED,,
kflow-023625,failed,failed,PacificCommunity/ofp-sam-bet-2026-ensemble,bafcb5e519d5bd6479773e304d33d50588d27e48,bet-2026-ensemble-equilibrium-hessian,a-df01b4a7e864cceb73ca2af7280a4a5303286a6e8b82c7aed0521022da748312,bet2026-ensemble-042,UNASSESSED,,
kflow-023626,failed,failed,PacificCommunity/ofp-sam-bet-2026-ensemble,bafcb5e519d5bd6479773e304d33d50588d27e48,bet-2026-ensemble-equilibrium-hessian,a-2b090e0eb4d0ef82219c28c0307f107eb4fba71334d72578ff3b0bc5f89521b6,bet2026-ensemble-042,UNASSESSED,,
kflow-023627,failed,failed,PacificCommunity/ofp-sam-bet-2026-ensemble,bafcb5e519d5bd6479773e304d33d50588d27e48,bet-2026-ensemble-equilibrium-hessian,a-b49317c1a15a673dc640f6a6ac75f097e92ebd9a907b7f4f9992717ed22deeaf,bet2026-ensemble-042,UNASSESSED,,
kflow-023628,failed,failed,PacificCommunity/ofp-sam-bet-2026-ensemble,bafcb5e519d5bd6479773e304d33d50588d27e48,bet-2026-ensemble-equilibrium-hessian,a-80c42d1485962544d3dee43dd84d3a3b416f76466f497c15a5103b795753f7c0,bet2026-ensemble-042,UNASSESSED,,
kflow-023629,failed,failed,PacificCommunity/ofp-sam-bet-2026-ensemble,bafcb5e519d5bd6479773e304d33d50588d27e48,bet-2026-ensemble-equilibrium-hessian,a-17a8a1aa7fe7e6b307320899e7725ecfc786dc9dcd7e2ee8a07df498fb609716,bet2026-ensemble-042,UNASSESSED,,
kflow-023630,failed,failed,PacificCommunity/ofp-sam-bet-2026-ensemble,bafcb5e519d5bd6479773e304d33d50588d27e48,bet-2026-ensemble-equilibrium-hessian,a-261fcd4b6b83de490766f6c8e4180575c50b2353959a3f56ec1d335d0a3d5286,bet2026-ensemble-042,UNASSESSED,,
kflow-023631,failed,failed,PacificCommunity/ofp-sam-bet-2026-ensemble,bafcb5e519d5bd6479773e304d33d50588d27e48,bet-2026-ensemble-equilibrium-hessian,a-6c0683fb6338681d96f0dc195f7b201d861328037891ae45ee8e4687d12ad1d6,bet2026-ensemble-042,UNASSESSED,,
kflow-023632,failed,failed,PacificCommunity/ofp-sam-bet-2026-ensemble,bafcb5e519d5bd6479773e304d33d50588d27e48,bet-2026-ensemble-equilibrium-hessian,a-92922541cbd6bdb088f851f032dfd3763d063921ef09f0e5dfd5e00485c6850f,bet2026-ensemble-042,UNASSESSED,,
kflow-023633,failed,failed,PacificCommunity/ofp-sam-bet-2026-ensemble,bafcb5e519d5bd6479773e304d33d50588d27e48,bet-2026-ensemble-equilibrium-hessian,a-0ad1b4c79e49fa12bf08b2558a225358f7f4256005a36614a3b342b55626ee5a,bet2026-ensemble-042,UNASSESSED,,
kflow-023634,failed,failed,PacificCommunity/ofp-sam-bet-2026-ensemble,bafcb5e519d5bd6479773e304d33d50588d27e48,bet-2026-ensemble-equilibrium-hessian,a-fc242cbf540397e14b1e4fc266c2c29b33c4b5b762a5e81d4d1bd2d3516adece,bet2026-ensemble-042,UNASSESSED,,
kflow-023635,failed,failed,PacificCommunity/ofp-sam-bet-2026-ensemble,bafcb5e519d5bd6479773e304d33d50588d27e48,bet-2026-ensemble-equilibrium-hessian,a-7ef00b6aa33930723ea332d63e04a1c88afa207e317559309c8bb4217368cb7e,bet2026-ensemble-042,UNASSESSED,,
kflow-023636,failed,failed,PacificCommunity/ofp-sam-bet-2026-ensemble,bafcb5e519d5bd6479773e304d33d50588d27e48,bet-2026-ensemble-equilibrium-hessian,a-e8470b8e862d6a78cc996eaeb86c17027271395b43fe39ad82ea3d4f4a308f8e,bet2026-ensemble-042,UNASSESSED,,
kflow-023637,failed,failed,PacificCommunity/ofp-sam-bet-2026-ensemble,bafcb5e519d5bd6479773e304d33d50588d27e48,bet-2026-ensemble-equilibrium-hessian,a-b6bf6cf50ff347ca431ebfa22cded3f7f8de5e295ca8852545e325e937048618,bet2026-ensemble-042,UNASSESSED,,
kflow-023638,failed,failed,PacificCommunity/ofp-sam-bet-2026-ensemble,bafcb5e519d5bd6479773e304d33d50588d27e48,bet-2026-ensemble-equilibrium-hessian,a-aad8ea2579783c3eeda323cd2feaadda138fbd7fff650b17d24b588c823c497b,bet2026-ensemble-042,UNASSESSED,,
kflow-023639,failed,failed,PacificCommunity/ofp-sam-bet-2026-ensemble,bafcb5e519d5bd6479773e304d33d50588d27e48,bet-2026-ensemble-equilibrium-hessian,a-c3023ee30322c22f07979779570dbabbc9bb07230de0bf055bd9c0f81bc2c76f,bet2026-ensemble-042,UNASSESSED,,
kflow-023640,failed,failed,PacificCommunity/ofp-sam-bet-2026-ensemble,bafcb5e519d5bd6479773e304d33d50588d27e48,bet-2026-ensemble-equilibrium-hessian,a-5ad01e4994a5dfae2c75b76baf7559c71d1aa837a4ac58cf6095b8b4884ca61d,bet2026-ensemble-042,UNASSESSED,,
kflow-023641,failed,failed,PacificCommunity/ofp-sam-bet-2026-ensemble,bafcb5e519d5bd6479773e304d33d50588d27e48,bet-2026-ensemble-equilibrium-hessian,a-f5b4677c977561df8dc923444c838180f2bb7c1a4d864c999ebf9780c7b1c1fd,bet2026-ensemble-042,UNASSESSED,,
kflow-023642,failed,failed,PacificCommunity/ofp-sam-bet-2026-ensemble,bafcb5e519d5bd6479773e304d33d50588d27e48,bet-2026-ensemble-equilibrium-hessian,a-3893f3c1d4546b1d3d4ea80b778197e6d88402c29943d98d19e51ff4ca4c0454,bet2026-ensemble-042,UNASSESSED,,
kflow-023643,failed,failed,PacificCommunity/ofp-sam-bet-2026-ensemble,bafcb5e519d5bd6479773e304d33d50588d27e48,bet-2026-ensemble-equilibrium-hessian,a-875daa43e9bb33e87c440dc1afadb1761bf906557c4dfe7fdea74c221a8c8d9b,bet2026-ensemble-042,UNASSESSED,,
kflow-023644,failed,failed,PacificCommunity/ofp-sam-bet-2026-ensemble,bafcb5e519d5bd6479773e304d33d50588d27e48,bet-2026-ensemble-equilibrium-hessian,a-8f7e694d2c357f43f0ed7560408289b54ba8a101d03a6f950109b4bde468a874,bet2026-ensemble-042,UNASSESSED,,
kflow-023645,failed,failed,PacificCommunity/ofp-sam-bet-2026-ensemble,bafcb5e519d5bd6479773e304d33d50588d27e48,bet-2026-ensemble-equilibrium-hessian,a-a28c9b652db2c06a1a4addb5db050d7446580512475dd1310845a13935806420,bet2026-ensemble-042,UNASSESSED,,
kflow-023646,failed,failed,PacificCommunity/ofp-sam-bet-2026-ensemble,bafcb5e519d5bd6479773e304d33d50588d27e48,bet-2026-ensemble-equilibrium-hessian,a-48c283dfc5a37332f4fbf107e628aa75fa6ee6cee8941d116b91ce0143d34ec8,bet2026-ensemble-042,UNASSESSED,,
kflow-023647,failed,failed,PacificCommunity/ofp-sam-bet-2026-ensemble,bafcb5e519d5bd6479773e304d33d50588d27e48,bet-2026-ensemble-equilibrium-hessian,a-bd2ab71c37d962db1e9a7a1a787e0f77fd2834e4a88ce99c3116af141ac173cf,bet2026-ensemble-042,UNASSESSED,,
kflow-023648,failed,failed,PacificCommunity/ofp-sam-bet-2026-ensemble,bafcb5e519d5bd6479773e304d33d50588d27e48,bet-2026-ensemble-equilibrium-hessian,a-1611365be022bad91a8eb778ef54801fb9e88339d54795224667b7a4206aaec6,bet2026-ensemble-042,UNASSESSED,,
kflow-023649,failed,failed,PacificCommunity/ofp-sam-bet-2026-ensemble,bafcb5e519d5bd6479773e304d33d50588d27e48,bet-2026-ensemble-equilibrium-hessian,a-a548b7c80fcce125d2409ed078aa6ed63d22727398a268597523441a5e9b058c,bet2026-ensemble-042,UNASSESSED,,
kflow-023650,failed,failed,PacificCommunity/ofp-sam-bet-2026-ensemble,bafcb5e519d5bd6479773e304d33d50588d27e48,bet-2026-ensemble-equilibrium-hessian,a-300881731a2fcc5c8e84de953fecd3ebec94030abcb6e7aa80cd5f8cf6ee92c7,bet2026-ensemble-042,UNASSESSED,,
kflow-023651,failed,failed,PacificCommunity/ofp-sam-bet-2026-ensemble,bafcb5e519d5bd6479773e304d33d50588d27e48,bet-2026-ensemble-equilibrium-hessian,a-f7564b8cff913637146c7c990df3c40fe8112461df9a6317327823c90e9d9a7c,bet2026-ensemble-042,UNASSESSED,,
kflow-023652,failed,failed,PacificCommunity/ofp-sam-bet-2026-ensemble,bafcb5e519d5bd6479773e304d33d50588d27e48,bet-2026-ensemble-equilibrium-hessian,a-a5d64faad025fb64d95e518cf430c49f7fcd829c4c036747a78d573f5b2c98e2,bet2026-ensemble-042,UNASSESSED,,
kflow-023653,failed,failed,PacificCommunity/ofp-sam-bet-2026-ensemble,bafcb5e519d5bd6479773e304d33d50588d27e48,bet-2026-ensemble-equilibrium-hessian,a-823a6302bcb371ebfcb3d0ad985348e236cf5cfb6167d57ae285e7864382b875,bet2026-ensemble-042,UNASSESSED,,
kflow-023654,failed,failed,PacificCommunity/ofp-sam-bet-2026-ensemble,bafcb5e519d5bd6479773e304d33d50588d27e48,bet-2026-ensemble-equilibrium-hessian,a-6d028bd7aec40634e9994d06837bad4eabc67da264ea6d81c4e0e5c07a3154c4,bet2026-ensemble-042,UNASSESSED,,
kflow-023655,failed,failed,PacificCommunity/ofp-sam-bet-2026-ensemble,bafcb5e519d5bd6479773e304d33d50588d27e48,bet-2026-ensemble-equilibrium-hessian,a-17b53774f729f093f135f36d6c0a450d9faed2d513ad35ec4dc2e5b49a36bf4a,bet2026-ensemble-042,UNASSESSED,,
kflow-023656,failed,failed,PacificCommunity/ofp-sam-bet-2026-ensemble,bafcb5e519d5bd6479773e304d33d50588d27e48,bet-2026-ensemble-equilibrium-hessian,a-6d81ef2153b054118691c7b35c27f0a265b2f1ab3d17ce2a983a85db5698833d,bet2026-ensemble-042,UNASSESSED,,
kflow-023657,failed,failed,PacificCommunity/ofp-sam-bet-2026-ensemble,bafcb5e519d5bd6479773e304d33d50588d27e48,bet-2026-ensemble-equilibrium-hessian,a-6acbf0716226d37d6eed90f7532d8f8e1a137bb49a15fc15a0b6a5a9605798e2,bet2026-ensemble-042,UNASSESSED,,
kflow-023658,failed,failed,PacificCommunity/ofp-sam-bet-2026-ensemble,bafcb5e519d5bd6479773e304d33d50588d27e48,bet-2026-ensemble-equilibrium-hessian,a-49138eab731ea5fced1a1eb2e5ff679f736034011f1f195b0aae04d23ffdd769,bet2026-ensemble-042,UNASSESSED,,
kflow-023659,failed,failed,PacificCommunity/ofp-sam-bet-2026-ensemble,bafcb5e519d5bd6479773e304d33d50588d27e48,bet-2026-ensemble-equilibrium-hessian,a-092b2dc8014aa61d947e57974a10d6ea46130edb7e8be2cd96288b404d59469b,bet2026-ensemble-042,UNASSESSED,,
kflow-023660,failed,failed,PacificCommunity/ofp-sam-bet-2026-ensemble,bafcb5e519d5bd6479773e304d33d50588d27e48,bet-2026-ensemble-equilibrium-hessian,a-77bdca68d3550eff716d51775ee81db49e983d6169d208480bfc99c287615298,bet2026-ensemble-042,UNASSESSED,,
kflow-023661,failed,failed,PacificCommunity/ofp-sam-bet-2026-ensemble,bafcb5e519d5bd6479773e304d33d50588d27e48,bet-2026-ensemble-equilibrium-hessian,a-25bade9dd341be1bdfa46f22dd63dfb1b15b4a17033d597e431ce47276550f16,bet2026-ensemble-042,UNASSESSED,,
kflow-023662,completed,completed,PacificCommunity/ofp-sam-bet-2026-ensemble,bafcb5e519d5bd6479773e304d33d50588d27e48,bet-2026-ensemble-projection-management-diagnostics,a-33daf7c08062c6350a6ebda8bf14f5ea79a2c1b427aa7c667cc348749fad0c34,bet2026-ensemble-042,UNASSESSED,,
kflow-023663,completed,completed,PacificCommunity/ofp-sam-bet-2026-ensemble,bafcb5e519d5bd6479773e304d33d50588d27e48,bet-2026-ensemble-projection-management-diagnostics,a-05b6398813fe413ef52de28167e4098304a3148dac9c0f65de61ee98a96c8735,bet2026-ensemble-042,UNASSESSED,,
kflow-023664,completed,completed,PacificCommunity/ofp-sam-bet-2026-ensemble,bafcb5e519d5bd6479773e304d33d50588d27e48,bet-2026-ensemble-projection-management-diagnostics,a-ced9e6866abb659a9521aeda4c829cba0b6acce05a65aac65733c88ea239ecce,bet2026-ensemble-042,UNASSESSED,,
kflow-023665,completed,completed,PacificCommunity/ofp-sam-bet-2026-ensemble,bafcb5e519d5bd6479773e304d33d50588d27e48,bet-2026-ensemble-projection-management-diagnostics,a-5b77d5800990a2cdcd6714585366b5ac3e4c92da4e54ee41cb64e49673cec771,bet2026-ensemble-042,UNASSESSED,,
kflow-023666,completed,completed,PacificCommunity/ofp-sam-bet-2026-ensemble,bafcb5e519d5bd6479773e304d33d50588d27e48,bet-2026-ensemble-projection-management-diagnostics,a-674360c8175b2fbce11ce56ff80d48803180ce0140bbcfc1d1785ecab2036c58,bet2026-ensemble-042,UNASSESSED,,
kflow-023667,completed,completed,PacificCommunity/ofp-sam-bet-2026-ensemble,bafcb5e519d5bd6479773e304d33d50588d27e48,bet-2026-ensemble-projection-management-diagnostics,a-fccbc134aabd4f37a02d8d4bddfb8f838d4ad150740e5c6559d67dc90175ecb2,bet2026-ensemble-042,UNASSESSED,,
kflow-023668,completed,completed,PacificCommunity/ofp-sam-bet-2026-ensemble,bafcb5e519d5bd6479773e304d33d50588d27e48,bet-2026-ensemble-projection-management-diagnostics,a-0f800d3b62fd0a5768b24b7245288b6be1e06327af6657960f1d94adb8493f39,bet2026-ensemble-042,UNASSESSED,,
kflow-023669,completed,completed,PacificCommunity/ofp-sam-bet-2026-ensemble,bafcb5e519d5bd6479773e304d33d50588d27e48,bet-2026-ensemble-projection-management-diagnostics,a-c65a88f45ebe26dd3f78f8f81c19d316543e9e0393a38f65bd0d460d74b45c84,bet2026-ensemble-042,UNASSESSED,,
kflow-023670,completed,completed,PacificCommunity/ofp-sam-bet-2026-ensemble,bafcb5e519d5bd6479773e304d33d50588d27e48,bet-2026-ensemble-projection-management-diagnostics,a-7e8e9e2a45b5a4766fc68fbd99c674d257cb8f7f2d72da985eed062e7eb94eaf,bet2026-ensemble-042,UNASSESSED,,
kflow-023671,completed,completed,PacificCommunity/ofp-sam-bet-2026-ensemble,bafcb5e519d5bd6479773e304d33d50588d27e48,bet-2026-ensemble-projection-management-diagnostics,a-d8d2cfdb9dd74c105692f56b9b6cc2a467d37b010205afe66a0dbcc6e4f5ff50,bet2026-ensemble-042,UNASSESSED,,
kflow-023672,completed,completed,PacificCommunity/ofp-sam-bet-2026-ensemble,bafcb5e519d5bd6479773e304d33d50588d27e48,bet-2026-ensemble-projection-management-diagnostics,a-8797b28a5fc3446100acf9b271350815bddbf075f745d730f17ad857c4d487bb,bet2026-ensemble-042,UNASSESSED,,
kflow-023673,completed,completed,PacificCommunity/ofp-sam-bet-2026-ensemble,bafcb5e519d5bd6479773e304d33d50588d27e48,bet-2026-ensemble-projection-management-diagnostics,a-322215fb0edbedd1f9df51444304fc1f2d93685f10cdc0800eb0b270863a4078,bet2026-ensemble-042,UNASSESSED,,
kflow-023674,completed,completed,PacificCommunity/ofp-sam-bet-2026-ensemble,bafcb5e519d5bd6479773e304d33d50588d27e48,bet-2026-ensemble-projection-management-diagnostics,a-a30bdf5cd820389d1e543c84237b6899bfbc8ab31403af8ec024985d2c1594dd,bet2026-ensemble-042,UNASSESSED,,
kflow-023675,completed,completed,PacificCommunity/ofp-sam-bet-2026-ensemble,bafcb5e519d5bd6479773e304d33d50588d27e48,bet-2026-ensemble-projection-management-diagnostics,a-16457d64820183700b4d6961b5ab9dff1838a5e6c73836b1ebd313816376e5ee,bet2026-ensemble-042,UNASSESSED,,
kflow-023676,completed,completed,PacificCommunity/ofp-sam-bet-2026-ensemble,bafcb5e519d5bd6479773e304d33d50588d27e48,bet-2026-ensemble-projection-management-diagnostics,a-c0c56365d9b023030c3bcb4ab6d9d4d6d99f8a7607edb5d3038e33cd503156c0,bet2026-ensemble-042,UNASSESSED,,
kflow-023677,completed,completed,PacificCommunity/ofp-sam-bet-2026-ensemble,bafcb5e519d5bd6479773e304d33d50588d27e48,bet-2026-ensemble-projection-management-diagnostics,a-12edda9c3ec1fbc83857468560b75376ed1044e95c0e7faf796d4bb18ec80374,bet2026-ensemble-042,UNASSESSED,,
kflow-023678,completed,completed,PacificCommunity/ofp-sam-bet-2026-ensemble,bafcb5e519d5bd6479773e304d33d50588d27e48,bet-2026-ensemble-projection-management-diagnostics,a-85881ca33b061ed1cd20e0aa25b2a346a3f17cb39942b117590d718e15bb21ef,bet2026-ensemble-042,UNASSESSED,,
kflow-023679,completed,completed,PacificCommunity/ofp-sam-bet-2026-ensemble,bafcb5e519d5bd6479773e304d33d50588d27e48,bet-2026-ensemble-projection-management-diagnostics,a-0fbe182938f85d403df1cb14a9084323767f14960761f4fb9d6b8f67b8cd88f4,bet2026-ensemble-042,UNASSESSED,,
kflow-023680,completed,completed,PacificCommunity/ofp-sam-bet-2026-ensemble,bafcb5e519d5bd6479773e304d33d50588d27e48,bet-2026-ensemble-projection-management-diagnostics,a-11ca417b613f1efc83261d4ac56cb2456d36b46fd5059de2824172700a1b1adc,bet2026-ensemble-042,UNASSESSED,,
kflow-023681,completed,completed,PacificCommunity/ofp-sam-bet-2026-ensemble,bafcb5e519d5bd6479773e304d33d50588d27e48,bet-2026-ensemble-projection-management-diagnostics,a-b8afbfae43d3f62a672de2223f703df774a5aaab135de5cc78c745363bc06eff,bet2026-ensemble-042,UNASSESSED,,
kflow-023682,completed,completed,PacificCommunity/ofp-sam-bet-2026-ensemble,bafcb5e519d5bd6479773e304d33d50588d27e48,bet-2026-ensemble-projection-management-diagnostics,a-fba723c4f2ad66792cb7bd31139a22f4aea99609bde715fcf1d47199fce51957,bet2026-ensemble-042,UNASSESSED,,
kflow-023683,completed,completed,PacificCommunity/ofp-sam-bet-2026-ensemble,bafcb5e519d5bd6479773e304d33d50588d27e48,bet-2026-ensemble-projection-management-diagnostics,a-c460b7629cb6c11aff3776b2830a7c85842a7065ce853f0f75ff671b82421d29,bet2026-ensemble-042,UNASSESSED,,
kflow-023684,completed,completed,PacificCommunity/ofp-sam-bet-2026-ensemble,bafcb5e519d5bd6479773e304d33d50588d27e48,bet-2026-ensemble-projection-management-diagnostics,a-15aa5fef7535ceb56b217a24975e1fb2f54fbf81d35c4c0f50c11151d28e2495,bet2026-ensemble-042,UNASSESSED,,
kflow-023685,completed,completed,PacificCommunity/ofp-sam-bet-2026-ensemble,bafcb5e519d5bd6479773e304d33d50588d27e48,bet-2026-ensemble-projection-management-diagnostics,a-a2afc7f896512eee98b9de35f43775765fc6e949e52add4d8af1a379e1c9a9b7,bet2026-ensemble-042,UNASSESSED,,
kflow-023686,completed,completed,PacificCommunity/ofp-sam-bet-2026-ensemble,bafcb5e519d5bd6479773e304d33d50588d27e48,bet-2026-ensemble-projection-management-diagnostics,a-f8caa7329e007ea637a0948cc646e8ab1b98fe3c1a82f9249608980c868e8702,bet2026-ensemble-042,UNASSESSED,,
kflow-023687,completed,completed,PacificCommunity/ofp-sam-bet-2026-ensemble,bafcb5e519d5bd6479773e304d33d50588d27e48,bet-2026-ensemble-projection-management-diagnostics,a-cd0d456fc0d7527ab4f97ff8e5b6fdf2be0884c2a005ae5c0d6277f57cc065cf,bet2026-ensemble-042,UNASSESSED,,
kflow-023688,completed,completed,PacificCommunity/ofp-sam-bet-2026-ensemble,bafcb5e519d5bd6479773e304d33d50588d27e48,bet-2026-ensemble-projection-management-diagnostics,a-8bd6bf1f266aac3f75e3c424f45ebfbaa4d288be3b3385fa24813cc8e974dc72,bet2026-ensemble-042,UNASSESSED,,
kflow-023689,completed,completed,PacificCommunity/ofp-sam-bet-2026-ensemble,bafcb5e519d5bd6479773e304d33d50588d27e48,bet-2026-ensemble-projection-management-diagnostics,a-d8c1ed016f517df3ff1d29e84a2baaaeb0c704c1273d6b96d166ba517c24926d,bet2026-ensemble-042,UNASSESSED,,
kflow-023690,completed,completed,PacificCommunity/ofp-sam-bet-2026-ensemble,bafcb5e519d5bd6479773e304d33d50588d27e48,bet-2026-ensemble-projection-management-diagnostics,a-7bc6dd3cfb31fc372dd813072375b2abb3be15fa99d0e26eafd07cabe6c448fe,bet2026-ensemble-042,UNASSESSED,,
kflow-023691,completed,completed,PacificCommunity/ofp-sam-bet-2026-ensemble,bafcb5e519d5bd6479773e304d33d50588d27e48,bet-2026-ensemble-projection-management-diagnostics,a-7bef8eeda3bad7ec4e7ff43feac1bcb5cb89dc14e9723fe582bfdb27ae08620b,bet2026-ensemble-042,UNASSESSED,,
kflow-023692,completed,completed,PacificCommunity/ofp-sam-bet-2026-ensemble,bafcb5e519d5bd6479773e304d33d50588d27e48,bet-2026-ensemble-projection-management-diagnostics,a-dd80530332c4c147e908f030bc2597f2fdcd3f53ac38ffd90dc8ab68f93db439,bet2026-ensemble-042,UNASSESSED,,
kflow-023693,completed,completed,PacificCommunity/ofp-sam-bet-2026-ensemble,bafcb5e519d5bd6479773e304d33d50588d27e48,bet-2026-ensemble-projection-management-diagnostics,a-0b6d5c4841ad8ff9e4a2a75fd9f1e142d633cb07aa8b2b440c2ead72ff93b526,bet2026-ensemble-042,UNASSESSED,,
kflow-023694,completed,completed,PacificCommunity/ofp-sam-bet-2026-ensemble,bafcb5e519d5bd6479773e304d33d50588d27e48,bet-2026-ensemble-projection-management-diagnostics,a-763ddf48b35c92c2d1e4e32b2d154068948b31aef5e44707afd86cb7c9860d33,bet2026-ensemble-042,UNASSESSED,,
kflow-023695,completed,completed,PacificCommunity/ofp-sam-bet-2026-ensemble,bafcb5e519d5bd6479773e304d33d50588d27e48,bet-2026-ensemble-projection-management-diagnostics,a-ec1fd9514db05825f7526b14490cf7fbdaa2f0c48d7ced75051fcd792d28cc31,bet2026-ensemble-042,UNASSESSED,,
kflow-023696,completed,completed,PacificCommunity/ofp-sam-bet-2026-ensemble,bafcb5e519d5bd6479773e304d33d50588d27e48,bet-2026-ensemble-projection-management-diagnostics,a-8b7ec2d74b9baa5a870eb5774b97d26359e9b20c6896a63172bfdd48b8b369e5,bet2026-ensemble-042,UNASSESSED,,
kflow-023697,completed,completed,PacificCommunity/ofp-sam-bet-2026-ensemble,bafcb5e519d5bd6479773e304d33d50588d27e48,bet-2026-ensemble-projection-management-diagnostics,a-284e688b187eb130968c2abc12384da22bc7d9edb5630d534f0e32465b77f084,bet2026-ensemble-042,UNASSESSED,,
kflow-023698,completed,completed,PacificCommunity/ofp-sam-bet-2026-ensemble,bafcb5e519d5bd6479773e304d33d50588d27e48,bet-2026-ensemble-projection-management-diagnostics,a-1e96894885bfc1cd6ecc08051457f55ec5c72942082844935c1f35e6b46dd58b,bet2026-ensemble-042,UNASSESSED,,
kflow-023699,completed,completed,PacificCommunity/ofp-sam-bet-2026-ensemble,bafcb5e519d5bd6479773e304d33d50588d27e48,bet-2026-ensemble-projection-management-diagnostics,a-6196468b28a275b38897921cce956dad8f32fa2d5bc2c7da5aa6ad767b52fde3,bet2026-ensemble-042,UNASSESSED,,
kflow-023700,completed,completed,PacificCommunity/ofp-sam-bet-2026-ensemble,bafcb5e519d5bd6479773e304d33d50588d27e48,bet-2026-ensemble-projection-management-diagnostics,a-e1345767714ac658622e59eaa387996bc56d6b93ac189b8ccdb01d77788d971e,bet2026-ensemble-042,UNASSESSED,,
kflow-023701,completed,completed,PacificCommunity/ofp-sam-bet-2026-ensemble,bafcb5e519d5bd6479773e304d33d50588d27e48,bet-2026-ensemble-projection-management-diagnostics,a-d243c657b42c6a943f5995e87e47a363f01af2ec8a5456b351053a3b8d514b42,bet2026-ensemble-042,UNASSESSED,,
kflow-023702,completed,completed,PacificCommunity/ofp-sam-bet-2026-ensemble,bafcb5e519d5bd6479773e304d33d50588d27e48,bet-2026-ensemble-projection-management-diagnostics,a-3583a33906cc56af93a7ea13ec7bac9a35527299ee3e6b7b3135247887e256a4,bet2026-ensemble-042,UNASSESSED,,
kflow-023703,completed,completed,PacificCommunity/ofp-sam-bet-2026-ensemble,bafcb5e519d5bd6479773e304d33d50588d27e48,bet-2026-ensemble-projection-management-diagnostics,a-bb8eab7ba8867fcbf75f97769c1eb000e87a9427ebcd59bff15e31f4e4e9a75b,bet2026-ensemble-042,UNASSESSED,,
kflow-023704,completed,completed,PacificCommunity/ofp-sam-bet-2026-ensemble,bafcb5e519d5bd6479773e304d33d50588d27e48,bet-2026-ensemble-projection-management-diagnostics,a-ec6b920dab25ccc6c90d7d76fbd46c9f3bb166c6acc050dff11242a003ac65d7,bet2026-ensemble-042,UNASSESSED,,
kflow-023705,completed,completed,PacificCommunity/ofp-sam-bet-2026-ensemble,bafcb5e519d5bd6479773e304d33d50588d27e48,bet-2026-ensemble-projection-management-diagnostics,a-10c9caeba6c365a6636969b4050e2545d0012942905e5cb2bbc63259d876498f,bet2026-ensemble-042,UNASSESSED,,
kflow-023706,completed,completed,PacificCommunity/ofp-sam-bet-2026-ensemble,bafcb5e519d5bd6479773e304d33d50588d27e48,bet-2026-ensemble-projection-management-diagnostics,a-1ad0904fddcfa34694b5d6e40d77324beca48e0cce54ff19a83ae58e0fff38c5,bet2026-ensemble-042,UNASSESSED,,
kflow-023707,completed,completed,PacificCommunity/ofp-sam-bet-2026-ensemble,bafcb5e519d5bd6479773e304d33d50588d27e48,bet-2026-ensemble-projection-management-diagnostics,a-16b5759548dbad2d48729034a8241299ccb09493f94b5460ff8efc2500022ab7,bet2026-ensemble-042,UNASSESSED,,
kflow-023708,completed,completed,PacificCommunity/ofp-sam-bet-2026-ensemble,bafcb5e519d5bd6479773e304d33d50588d27e48,bet-2026-ensemble-projection-management-diagnostics,a-52cc089efc9e6b3fc2fb929b909b240cc996f279ec459a3246fce716e76b1a86,bet2026-ensemble-042,UNASSESSED,,
kflow-023709,completed,completed,PacificCommunity/ofp-sam-bet-2026-ensemble,bafcb5e519d5bd6479773e304d33d50588d27e48,bet-2026-ensemble-projection-management-diagnostics,a-06918875c9283d296ed6527e4b31e5de4d68f44d822c107fd5adbc936de54583,bet2026-ensemble-042,UNASSESSED,,
kflow-023710,completed,completed,PacificCommunity/ofp-sam-bet-2026-ensemble,bafcb5e519d5bd6479773e304d33d50588d27e48,bet-2026-ensemble-projection-management-diagnostics,a-d45b217654ec4c3027c687dd795e7a6f74105a4af0326df1a3849e8154b5174b,bet2026-ensemble-042,UNASSESSED,,
kflow-023711,completed,completed,PacificCommunity/ofp-sam-bet-2026-ensemble,bafcb5e519d5bd6479773e304d33d50588d27e48,bet-2026-ensemble-projection-management-diagnostics,a-4f57cfba471cf8363e373a46b782f62d0ed7ed79936664787929357ea13d4f6e,bet2026-ensemble-042,UNASSESSED,,
kflow-023712,completed,completed,PacificCommunity/ofp-sam-bet-2026-ensemble,bafcb5e519d5bd6479773e304d33d50588d27e48,bet-2026-ensemble-projection-management-diagnostics,a-cc6b0a738b42f651868ca30ce3a3ee8e6ced0e6141f22119117c42dda9ea091a,bet2026-ensemble-042,UNASSESSED,,
kflow-023713,completed,completed,PacificCommunity/ofp-sam-bet-2026-ensemble,bafcb5e519d5bd6479773e304d33d50588d27e48,bet-2026-ensemble-projection-management-diagnostics,a-052386bc1354285c8ce0bd5cdcb5ea3cfffbfcdc40ae88ee529360cfdad48c19,bet2026-ensemble-042,UNASSESSED,,
kflow-023714,completed,completed,PacificCommunity/ofp-sam-bet-2026-ensemble,bafcb5e519d5bd6479773e304d33d50588d27e48,bet-2026-ensemble-projection-management-diagnostics,a-a6f282521b0ec348de647a00c6bce784cb96de485bae0a045eda9aa4289b255b,bet2026-ensemble-042,UNASSESSED,,
kflow-023715,completed,completed,PacificCommunity/ofp-sam-bet-2026-ensemble,bafcb5e519d5bd6479773e304d33d50588d27e48,bet-2026-ensemble-projection-management-diagnostics,a-af1341f66d05740170cc7dfc3baba949395deaddc437bdcb83985e772ef386d7,bet2026-ensemble-042,UNASSESSED,,
kflow-023716,completed,completed,PacificCommunity/ofp-sam-bet-2026-ensemble,bafcb5e519d5bd6479773e304d33d50588d27e48,bet-2026-ensemble-projection-management-diagnostics,a-975e851c12052eddf8c60fd4c38ded05689e134b1ef02c4dc9156f30b1c2b851,bet2026-ensemble-042,UNASSESSED,,
kflow-023717,completed,completed,PacificCommunity/ofp-sam-bet-2026-ensemble,bafcb5e519d5bd6479773e304d33d50588d27e48,bet-2026-ensemble-projection-management-diagnostics,a-5ab7d83570d98cc5b3bbc1a4539e0bc5e644a3561adaf68f5ad0a6605aaff44c,bet2026-ensemble-042,UNASSESSED,,
kflow-023718,completed,completed,PacificCommunity/ofp-sam-bet-2026-ensemble,bafcb5e519d5bd6479773e304d33d50588d27e48,bet-2026-ensemble-projection-management-diagnostics,a-7c60c8b15ef56f413872028be3c82bf8028c34f067145bef99ad79f5fe9b22d5,bet2026-ensemble-042,UNASSESSED,,
kflow-023719,completed,completed,PacificCommunity/ofp-sam-bet-2026-ensemble,bafcb5e519d5bd6479773e304d33d50588d27e48,bet-2026-ensemble-projection-management-diagnostics,a-b09a3d6e780b2e64877a633387676a749cc4942dd390efebcd1df8fd61c13105,bet2026-ensemble-042,UNASSESSED,,
kflow-023720,completed,completed,PacificCommunity/ofp-sam-bet-2026-ensemble,9ac233f7e555d32c2717158902796024b8648450,bet-2026-ensemble-projection-management-diagnostics,a-dc70071f3e465f24f13faa2f43a66879efdc5ac75d28604b746209412597bba2,bet2026-ensemble-042,UNASSESSED,,
kflow-023721,completed,completed,PacificCommunity/ofp-sam-bet-2026-ensemble,9ac233f7e555d32c2717158902796024b8648450,bet-2026-ensemble-projection-management-diagnostics,a-5e6d83ab1a07d99b4e827e9d71d771850f2922c28708d4b9bb4b7f27c19027ad,bet2026-ensemble-042,UNASSESSED,,
kflow-023722,completed,completed,PacificCommunity/ofp-sam-bet-2026-ensemble,9ac233f7e555d32c2717158902796024b8648450,bet-2026-ensemble-projection-management-diagnostics,a-a9a68b706b9155a4927992e93b35de5297a085c81be5e76d255b86863b3adc72,bet2026-ensemble-042,UNASSESSED,,
kflow-023723,completed,completed,PacificCommunity/ofp-sam-bet-2026-ensemble,9ac233f7e555d32c2717158902796024b8648450,bet-2026-ensemble-projection-management-diagnostics,a-bdc08f7762b0f178ee60042695d9a4e0aee2b32f44a0b2d6c4d4d72508556ae7,bet2026-ensemble-042,UNASSESSED,,
kflow-023724,completed,completed,PacificCommunity/ofp-sam-bet-2026-ensemble,9ac233f7e555d32c2717158902796024b8648450,bet-2026-ensemble-projection-management-diagnostics,a-7836bb383a9076ad5afd37ec71a31243251193fa0072d5cd2a67eed533cc47a8,bet2026-ensemble-042,UNASSESSED,,
kflow-023725,completed,completed,PacificCommunity/ofp-sam-bet-2026-ensemble,9ac233f7e555d32c2717158902796024b8648450,bet-2026-ensemble-projection-management-diagnostics,a-0281ca881b5af0fdb538b8bfaf1f94843a23e8feae2006b109ecf2891770d298,bet2026-ensemble-042,UNASSESSED,,
kflow-023726,failed,submit-failed,PacificCommunity/ofp-sam-bet-2026-ensemble,UNKNOWN,bet-2026-ensemble-equilibrium-hessian,a-e79efa7b6eff09288080f8208002ec2a4dc6c9cfac4d158c3bc959ea679af4ac,bet2026-ensemble-049,UNASSESSED,,executed_source_commit_unknown
kflow-023727,failed,failed,PacificCommunity/ofp-sam-bet-2026-ensemble,5e76dd787a1598059938e1ce1b95906b61cec336,bet-2026-ensemble-equilibrium-hessian,a-37da190e90b1e018cd1a9e6a20e9eccb66157e655aacf31fd7db5e73fc20dcea,bet2026-ensemble-042,UNASSESSED,,
kflow-023928,completed,completed,PacificCommunity/ofp-sam-bet-2026-ensemble,39263ad1739eee5f05e3169f5afddb1a23d75986,bet-2026-ensemble-verified-reference-points,a-cb8ffc596eb86ac1b1a916b30beaf92864e2725ae437d8f2d9aaa47f1078dea1,bet2026-ensemble-042,UNASSESSED,,
kflow-023929,completed,completed,PacificCommunity/ofp-sam-bet-2026-ensemble,39263ad1739eee5f05e3169f5afddb1a23d75986,bet-2026-ensemble-verified-reference-points,a-cf6f23d9b7521809b4b45a0d8e6027d1e192da170358afeaf6028b1c7f8e501f,bet2026-ensemble-042,UNASSESSED,,
kflow-023930,completed,completed,PacificCommunity/ofp-sam-bet-2026-ensemble,39263ad1739eee5f05e3169f5afddb1a23d75986,bet-2026-ensemble-verified-reference-points,a-620bc98e3087af67978544c2ee1e2c8ba3d081c3a4fd27e5deefa9c019941ec2,bet2026-ensemble-042,UNASSESSED,,
kflow-023931,completed,completed,PacificCommunity/ofp-sam-bet-2026-ensemble,39263ad1739eee5f05e3169f5afddb1a23d75986,bet-2026-ensemble-verified-reference-points,a-25d0d8242b6b626d24347211d7593c2f03549882df31fac4892502058fa26240,bet2026-ensemble-042,UNASSESSED,,
kflow-023932,completed,completed,PacificCommunity/ofp-sam-bet-2026-ensemble,39263ad1739eee5f05e3169f5afddb1a23d75986,bet-2026-ensemble-verified-reference-points,a-a60469327dae345fb83ad02041624791a43a9a72f5e436bb7d5c1fc13618e8f5,bet2026-ensemble-042,UNASSESSED,,
kflow-023933,replaced,replaced,PacificCommunity/ofp-sam-bet-2026-ensemble,39263ad1739eee5f05e3169f5afddb1a23d75986,bet-2026-ensemble-verified-reference-points,a-bbec620f3c56c3d0d361a99b7dfc506e2046006256fe91db72846e697d9ff9ea,bet2026-ensemble-042,UNASSESSED,,
kflow-023934,completed,completed,PacificCommunity/ofp-sam-bet-2026-ensemble,39263ad1739eee5f05e3169f5afddb1a23d75986,bet-2026-ensemble-verified-reference-points,a-b4f14e9644d89381c536be2d3713c4361e02a1ab8e7d5eeefec6e195587d2656,bet2026-ensemble-042,UNASSESSED,,
kflow-023935,completed,completed,PacificCommunity/ofp-sam-bet-2026-ensemble,39263ad1739eee5f05e3169f5afddb1a23d75986,bet-2026-ensemble-verified-reference-points,a-5eb52b4d22cc4425ea1ae85ad78cb956dee19846090e7a5c957bbba4d96e0021,bet2026-ensemble-042,UNASSESSED,,
kflow-023936,completed,completed,PacificCommunity/ofp-sam-bet-2026-ensemble,39263ad1739eee5f05e3169f5afddb1a23d75986,bet-2026-ensemble-verified-reference-points,a-a28530a383c22b0f80e498206ab4088f44ab1e2f1c6042900ef1cd0a4598f435,bet2026-ensemble-042,UNASSESSED,,
kflow-023937,completed,completed,PacificCommunity/ofp-sam-bet-2026-ensemble,39263ad1739eee5f05e3169f5afddb1a23d75986,bet-2026-ensemble-verified-reference-points,a-61faac90faa395084b415b1f0aca387e58061bfc37593b49df5f9929a502ff14,bet2026-ensemble-042,UNASSESSED,,
kflow-023938,completed,completed,PacificCommunity/ofp-sam-bet-2026-ensemble,39263ad1739eee5f05e3169f5afddb1a23d75986,bet-2026-ensemble-verified-reference-points,a-54db323e9aa8bff01d7b89b26842e1f836406bec421ef3141bd6a96fa840e6b4,bet2026-ensemble-042,UNASSESSED,,
kflow-023939,completed,completed,PacificCommunity/ofp-sam-bet-2026-ensemble,39263ad1739eee5f05e3169f5afddb1a23d75986,bet-2026-ensemble-verified-reference-points,a-8d6e6b336a0c3dff2530bed9e22f5107dff156bd2137364067f6ba0546057e0c,bet2026-ensemble-042,UNASSESSED,,
kflow-023940,completed,completed,PacificCommunity/ofp-sam-bet-2026-ensemble,39263ad1739eee5f05e3169f5afddb1a23d75986,bet-2026-ensemble-verified-reference-points,a-93a85d1bee68c68af28bc8da56150707628b34cc647f55afad3e610eb1a955eb,bet2026-ensemble-042,UNASSESSED,,
kflow-023941,completed,completed,PacificCommunity/ofp-sam-bet-2026-ensemble,39263ad1739eee5f05e3169f5afddb1a23d75986,bet-2026-ensemble-verified-reference-points,a-f96cef6034fdda52433dd164023497157e685d848e9ff3c7a4e2223060769524,bet2026-ensemble-042,UNASSESSED,,
kflow-023942,completed,completed,PacificCommunity/ofp-sam-bet-2026-ensemble,39263ad1739eee5f05e3169f5afddb1a23d75986,bet-2026-ensemble-verified-reference-points,a-eff6eab08698e510086a0ff6c71c0aa5448710f9830a31ff61a8abde76d7349b,bet2026-ensemble-042,UNASSESSED,,
kflow-023943,completed,completed,PacificCommunity/ofp-sam-bet-2026-ensemble,39263ad1739eee5f05e3169f5afddb1a23d75986,bet-2026-ensemble-verified-reference-points,a-dd202d28590816a829a92f8fbc7ab4081d9175d53199eee3fd39b7ac43640111,bet2026-ensemble-042,UNASSESSED,,
kflow-023944,completed,completed,PacificCommunity/ofp-sam-bet-2026-ensemble,39263ad1739eee5f05e3169f5afddb1a23d75986,bet-2026-ensemble-verified-reference-points,a-48248c5d96ca257d50a5612504e9d7f732a8357c9bdab11942b1dfef0ea8873e,bet2026-ensemble-042,UNASSESSED,,
kflow-023945,completed,completed,PacificCommunity/ofp-sam-bet-2026-ensemble,39263ad1739eee5f05e3169f5afddb1a23d75986,bet-2026-ensemble-verified-reference-points,a-2c2172a63da8cc286efc07c467f6e878e4f6e51a702711724d75f5bf897d601c,bet2026-ensemble-042,UNASSESSED,,
kflow-023946,completed,completed,PacificCommunity/ofp-sam-bet-2026-ensemble,39263ad1739eee5f05e3169f5afddb1a23d75986,bet-2026-ensemble-verified-reference-points,a-ea5acae1176515be7241333091a6cf1db9af506d3557dcf1d7e4c46f5cb16f2e,bet2026-ensemble-042,UNASSESSED,,
kflow-023947,completed,completed,PacificCommunity/ofp-sam-bet-2026-ensemble,39263ad1739eee5f05e3169f5afddb1a23d75986,bet-2026-ensemble-verified-reference-points,a-7755b22d0180d533d59136bb14307d091e6868fe45e5841872ec59d755bb0f05,bet2026-ensemble-042,UNASSESSED,,
kflow-023948,completed,completed,PacificCommunity/ofp-sam-bet-2026-ensemble,39263ad1739eee5f05e3169f5afddb1a23d75986,bet-2026-ensemble-verified-reference-points,a-23b4b4744d29e1155236fd921b70b1d62f53f6be8dafef59f3f5c2222bfcca10,bet2026-ensemble-042,UNASSESSED,,
kflow-023949,completed,completed,PacificCommunity/ofp-sam-bet-2026-ensemble,39263ad1739eee5f05e3169f5afddb1a23d75986,bet-2026-ensemble-verified-reference-points,a-ba4c2a13e7b5297ec629e0d88ef891aabb67f67630d75990eb5197b7aa033354,bet2026-ensemble-042,UNASSESSED,,
kflow-023950,completed,completed,PacificCommunity/ofp-sam-bet-2026-ensemble,39263ad1739eee5f05e3169f5afddb1a23d75986,bet-2026-ensemble-verified-reference-points,a-b5e8b932492e8bd4560252c9a9e4bc7826389116b7cc3d91426cab1988fc1710,bet2026-ensemble-042,UNASSESSED,,
kflow-023951,completed,completed,PacificCommunity/ofp-sam-bet-2026-ensemble,39263ad1739eee5f05e3169f5afddb1a23d75986,bet-2026-ensemble-verified-reference-points,a-12692be236373f1608f9c4715fb68c40805c624504a845e2c5c859e643ac8bd4,bet2026-ensemble-042,UNASSESSED,,
kflow-023952,completed,completed,PacificCommunity/ofp-sam-bet-2026-ensemble,39263ad1739eee5f05e3169f5afddb1a23d75986,bet-2026-ensemble-verified-reference-points,a-44950a2dad7f2f875d0570c2ed2aa78f6ff783518de337c215927ef48db59c21,bet2026-ensemble-042,UNASSESSED,,
kflow-023953,completed,completed,PacificCommunity/ofp-sam-bet-2026-ensemble,39263ad1739eee5f05e3169f5afddb1a23d75986,bet-2026-ensemble-verified-reference-points,a-37f30465d986de7fa5aa4bb1861afd93fa7d5b311dc3f83fa6652d535ca83c93,bet2026-ensemble-042,UNASSESSED,,
kflow-023954,completed,completed,PacificCommunity/ofp-sam-bet-2026-ensemble,39263ad1739eee5f05e3169f5afddb1a23d75986,bet-2026-ensemble-verified-reference-points,a-81ca4695aaad3a487f402eb6882f6580bec0d4425411873f13b3d46e306ce29d,bet2026-ensemble-042,UNASSESSED,,
kflow-023955,completed,completed,PacificCommunity/ofp-sam-bet-2026-ensemble,39263ad1739eee5f05e3169f5afddb1a23d75986,bet-2026-ensemble-verified-reference-points,a-0defba06c8ede9819154d5c716e8b664f61b119d85740ebcefa281ef050231a3,bet2026-ensemble-042,UNASSESSED,,
kflow-023956,completed,completed,PacificCommunity/ofp-sam-bet-2026-ensemble,39263ad1739eee5f05e3169f5afddb1a23d75986,bet-2026-ensemble-verified-reference-points,a-f92b777ca71da8d5ed8e70d3f54ab77583fbc91b8cfbb05e7d36d70e1d140bce,bet2026-ensemble-042,UNASSESSED,,
kflow-023957,completed,completed,PacificCommunity/ofp-sam-bet-2026-ensemble,39263ad1739eee5f05e3169f5afddb1a23d75986,bet-2026-ensemble-verified-reference-points,a-543a9a93e2ab3e57d89e68835bbfa6f816e05642fc70be69073d5acf5cbc9200,bet2026-ensemble-042,UNASSESSED,,
kflow-023958,completed,completed,PacificCommunity/ofp-sam-bet-2026-ensemble,39263ad1739eee5f05e3169f5afddb1a23d75986,bet-2026-ensemble-verified-reference-points,a-fd24e7551762bf788bdaadb05016c7a37f308b2e086e34e36a7c94218523c043,bet2026-ensemble-042,UNASSESSED,,
kflow-023959,completed,completed,PacificCommunity/ofp-sam-bet-2026-ensemble,39263ad1739eee5f05e3169f5afddb1a23d75986,bet-2026-ensemble-verified-reference-points,a-b511a4a725fceab766ca45e80af9d639a7134851fadc4f135bf3d516d992648f,bet2026-ensemble-042,UNASSESSED,,
kflow-023960,completed,completed,PacificCommunity/ofp-sam-bet-2026-ensemble,39263ad1739eee5f05e3169f5afddb1a23d75986,bet-2026-ensemble-verified-reference-points,a-6db216bf02074e45d10282120c5d7aa2b71248f86013b8474f83775cc4b49ae5,bet2026-ensemble-042,UNASSESSED,,
kflow-023961,completed,completed,PacificCommunity/ofp-sam-bet-2026-ensemble,39263ad1739eee5f05e3169f5afddb1a23d75986,bet-2026-ensemble-verified-reference-points,a-df66788f207d2df5eda978df5525393fe4368bab9de82532bf4bf83a054184a6,bet2026-ensemble-042,UNASSESSED,,
kflow-023962,completed,completed,PacificCommunity/ofp-sam-bet-2026-ensemble,39263ad1739eee5f05e3169f5afddb1a23d75986,bet-2026-ensemble-verified-reference-points,a-d8255d6d7104af8fc3303705a86657a1e3fecada7fc1a4af57a19ed8ba13879e,bet2026-ensemble-042,UNASSESSED,,
kflow-023963,completed,completed,PacificCommunity/ofp-sam-bet-2026-ensemble,39263ad1739eee5f05e3169f5afddb1a23d75986,bet-2026-ensemble-verified-reference-points,a-9b9ac0034a2c7c7a93bec6bb717b1baf50f9cab604494c12f2949034254069e3,bet2026-ensemble-042,UNASSESSED,,
kflow-023964,completed,completed,PacificCommunity/ofp-sam-bet-2026-ensemble,39263ad1739eee5f05e3169f5afddb1a23d75986,bet-2026-ensemble-verified-reference-points,a-916543e1ea8204440a422fcc233805fa590c124ef3c939225af8483fd30d7c13,bet2026-ensemble-042,UNASSESSED,,
kflow-023965,completed,completed,PacificCommunity/ofp-sam-bet-2026-ensemble,39263ad1739eee5f05e3169f5afddb1a23d75986,bet-2026-ensemble-verified-reference-points,a-18bd87f0ede26f2fb08e8391254eeb4d015ac567744032fd1b6504875f35b8c1,bet2026-ensemble-042,UNASSESSED,,
kflow-023966,completed,completed,PacificCommunity/ofp-sam-bet-2026-ensemble,39263ad1739eee5f05e3169f5afddb1a23d75986,bet-2026-ensemble-verified-reference-points,a-c575ecba4d260a81e06899b4d4d3b1ed1d9437ba32abcbbb2bdbf1ed54bd4ff3,bet2026-ensemble-042,UNASSESSED,,
kflow-023967,completed,completed,PacificCommunity/ofp-sam-bet-2026-ensemble,39263ad1739eee5f05e3169f5afddb1a23d75986,bet-2026-ensemble-verified-reference-points,a-8f367f03f3ed28c8487986b0ed9db21843a45a9e23d95a7c2edf63ac68258993,bet2026-ensemble-042,UNASSESSED,,
kflow-023968,completed,completed,PacificCommunity/ofp-sam-bet-2026-ensemble,39263ad1739eee5f05e3169f5afddb1a23d75986,bet-2026-ensemble-verified-reference-points,a-b5a87434f7ca268f9b7cf6f733cbacf5955199db7ff3b98ba277a4e520bbc4fd,bet2026-ensemble-042,UNASSESSED,,
kflow-023969,completed,completed,PacificCommunity/ofp-sam-bet-2026-ensemble,39263ad1739eee5f05e3169f5afddb1a23d75986,bet-2026-ensemble-verified-reference-points,a-e0367f7b73109a0831377859923b12943b01128ebe57487e809d780ab7485414,bet2026-ensemble-042,UNASSESSED,,
kflow-023970,completed,completed,PacificCommunity/ofp-sam-bet-2026-ensemble,39263ad1739eee5f05e3169f5afddb1a23d75986,bet-2026-ensemble-verified-reference-points,a-2522078007c9603f2be8d35a4c27e6f660508706090859077fe57af22cdc4ef3,bet2026-ensemble-042,UNASSESSED,,
kflow-023971,completed,completed,PacificCommunity/ofp-sam-bet-2026-ensemble,39263ad1739eee5f05e3169f5afddb1a23d75986,bet-2026-ensemble-verified-reference-points,a-881c26c56f9479d1697d8ff6e59363952877cc48324791e6cd4fa0e3bc2bf010,bet2026-ensemble-042,UNASSESSED,,
kflow-023972,completed,completed,PacificCommunity/ofp-sam-bet-2026-ensemble,39263ad1739eee5f05e3169f5afddb1a23d75986,bet-2026-ensemble-verified-reference-points,a-1f4373417189255edb34be392ea588801b154f09db229c0c68adfc498be6d935,bet2026-ensemble-042,UNASSESSED,,
kflow-023973,completed,completed,PacificCommunity/ofp-sam-bet-2026-ensemble,39263ad1739eee5f05e3169f5afddb1a23d75986,bet-2026-ensemble-verified-reference-points,a-070f7c865e2fe2ec958f4dd6cf3ee8bd701d67445de5563fac5daf0bc6303fc6,bet2026-ensemble-042,UNASSESSED,,
kflow-023974,completed,completed,PacificCommunity/ofp-sam-bet-2026-ensemble,39263ad1739eee5f05e3169f5afddb1a23d75986,bet-2026-ensemble-verified-reference-points,a-13eb18eeeb29c00d3104a95bbf09310129f602f21d83e584db34110a245a5ec2,bet2026-ensemble-042,UNASSESSED,,
kflow-023975,completed,completed,PacificCommunity/ofp-sam-bet-2026-ensemble,39263ad1739eee5f05e3169f5afddb1a23d75986,bet-2026-ensemble-verified-reference-points,a-0a2ab4ff74ae541288f9c978774f548872a3e5a547faeb61e6e7026b255883e8,bet2026-ensemble-042,UNASSESSED,,
kflow-023976,completed,completed,PacificCommunity/ofp-sam-bet-2026-ensemble,39263ad1739eee5f05e3169f5afddb1a23d75986,bet-2026-ensemble-verified-reference-points,a-4a790221ca794efbc86cff9dbce3a1dd701da718026b6c1d39b5916d9c12e3df,bet2026-ensemble-042,UNASSESSED,,
kflow-023977,completed,completed,PacificCommunity/ofp-sam-bet-2026-ensemble,39263ad1739eee5f05e3169f5afddb1a23d75986,bet-2026-ensemble-verified-reference-points,a-240e03d6829f797f14fe2b71e9492802f2980e56df6d8478eb1f45998b845996,bet2026-ensemble-042,UNASSESSED,,
kflow-023978,completed,completed,PacificCommunity/ofp-sam-bet-2026-ensemble,39263ad1739eee5f05e3169f5afddb1a23d75986,bet-2026-ensemble-verified-reference-points,a-99b0e3962b980e910488a85b50bc2604e4cbe633987adc9965701f83a6989ab2,bet2026-ensemble-042,UNASSESSED,,
kflow-023979,completed,completed,PacificCommunity/ofp-sam-bet-2026-ensemble,39263ad1739eee5f05e3169f5afddb1a23d75986,bet-2026-ensemble-verified-reference-points,a-8e41adbefb1af0133e746d46c0692215ecc3f6ccc392da758e3199eb340b8b99,bet2026-ensemble-042,UNASSESSED,,
kflow-023980,completed,completed,PacificCommunity/ofp-sam-bet-2026-ensemble,39263ad1739eee5f05e3169f5afddb1a23d75986,bet-2026-ensemble-verified-reference-points,a-06fb960be44a8eeacf3cf446e8db35c4e07f0a6d4288cb6dd969d326b1e516cc,bet2026-ensemble-042,UNASSESSED,,
kflow-023981,completed,completed,PacificCommunity/ofp-sam-bet-2026-ensemble,39263ad1739eee5f05e3169f5afddb1a23d75986,bet-2026-ensemble-verified-reference-points,a-657ad3b462ddf6c2524e93e359e60c792325ffc020bb5569e7e6e411a05c8136,bet2026-ensemble-042,UNASSESSED,,
kflow-023982,completed,completed,PacificCommunity/ofp-sam-bet-2026-ensemble,39263ad1739eee5f05e3169f5afddb1a23d75986,bet-2026-ensemble-verified-reference-points,a-e2464e707e248e54bb379346014816985e0d6020e93eaf441cbf4bb1d5406ba1,bet2026-ensemble-042,UNASSESSED,,
kflow-023983,completed,completed,PacificCommunity/ofp-sam-bet-2026-ensemble,39263ad1739eee5f05e3169f5afddb1a23d75986,bet-2026-ensemble-verified-reference-points,a-dd97968d2cdde1638e6c262af44c916c47b5177cf6fee097c10e5e65b43a9cb2,bet2026-ensemble-042,UNASSESSED,,
kflow-023984,completed,completed,PacificCommunity/ofp-sam-bet-2026-ensemble,39263ad1739eee5f05e3169f5afddb1a23d75986,bet-2026-ensemble-verified-reference-points,a-f8e6f05f0199360511509f29ed7367fb445a8f67f45090735d73bdc20657df75,bet2026-ensemble-042,UNASSESSED,,
kflow-023985,completed,completed,PacificCommunity/ofp-sam-bet-2026-ensemble,39263ad1739eee5f05e3169f5afddb1a23d75986,bet-2026-ensemble-verified-reference-points,a-08294b63f1edc78cf41417956b43460f0507f1202c72dc6b5335759d3d11407b,bet2026-ensemble-042,UNASSESSED,,
kflow-023986,completed,completed,PacificCommunity/ofp-sam-bet-2026-ensemble,39263ad1739eee5f05e3169f5afddb1a23d75986,bet-2026-ensemble-verified-reference-points,a-1a5c3460cbed7ef6b9432245146ba8397eb0638257f78eede6cfea7824b9b640,bet2026-ensemble-042,UNASSESSED,,
kflow-023987,completed,completed,PacificCommunity/ofp-sam-bet-2026-ensemble,39263ad1739eee5f05e3169f5afddb1a23d75986,bet-2026-ensemble-verified-reference-points,a-be75771e0762dfa5a1162489e438e39fd6538d0301bb44ed0eb80dc73b6a6fb6,bet2026-ensemble-042,UNASSESSED,,
kflow-023988,completed,completed,PacificCommunity/ofp-sam-bet-2026-ensemble,39263ad1739eee5f05e3169f5afddb1a23d75986,bet-2026-ensemble-verified-reference-points,a-9d33a7c2c20bb26e4a2725633009e0be291736f2f71b36a026c05edceed6453e,bet2026-ensemble-042,UNASSESSED,,
kflow-023989,completed,completed,PacificCommunity/ofp-sam-bet-2026-ensemble,39263ad1739eee5f05e3169f5afddb1a23d75986,bet-2026-ensemble-verified-reference-points,a-e397f317da0c1f24d84268a914fb811b60f549c9135a1e62616654c0dc6a5818,bet2026-ensemble-042,UNASSESSED,,
kflow-023990,completed,completed,PacificCommunity/ofp-sam-bet-2026-ensemble,39263ad1739eee5f05e3169f5afddb1a23d75986,bet-2026-ensemble-verified-reference-points,a-d2e4fe2360ad309ab1049ff904541409707d3b3162ff3e74f6af753e85664c9e,bet2026-ensemble-042,UNASSESSED,,
kflow-023991,completed,completed,PacificCommunity/ofp-sam-bet-2026-ensemble,39263ad1739eee5f05e3169f5afddb1a23d75986,bet-2026-ensemble-verified-reference-points,a-b2f0bc62e8deb5b03b8bfbfd1b8b3ffff6f50a85088534f2ba8dbbcb37421a34,bet2026-ensemble-042,UNASSESSED,,
kflow-023992,completed,completed,PacificCommunity/ofp-sam-bet-2026-ensemble,39263ad1739eee5f05e3169f5afddb1a23d75986,bet-2026-ensemble-verified-reference-points,a-da00e4062676337ca879d1731232f37e2a0d5d7d8cfa381f367ea95edf3e6579,bet2026-ensemble-042,UNASSESSED,,
kflow-023993,completed,completed,PacificCommunity/ofp-sam-bet-2026-ensemble,39263ad1739eee5f05e3169f5afddb1a23d75986,bet-2026-ensemble-verified-reference-points,a-03c5f91e3177eec631dfe14c789c2e718ad44c98fd7d1b754e8d1fd1253d2aaf,bet2026-ensemble-042,UNASSESSED,,
kflow-023994,completed,completed,PacificCommunity/ofp-sam-bet-2026-ensemble,39263ad1739eee5f05e3169f5afddb1a23d75986,bet-2026-ensemble-verified-reference-points,a-f96c4d68ab133e7c10434fdad60273f4a4a4140aab00e39ec672289ab62385f8,bet2026-ensemble-042,UNASSESSED,,
kflow-023995,completed,completed,PacificCommunity/ofp-sam-bet-2026-ensemble,39263ad1739eee5f05e3169f5afddb1a23d75986,bet-2026-ensemble-verified-reference-points,a-1780c0fdc67fd8c36d8763b88420d7131f72bce1831e3c4229d289a38ca411f7,bet2026-ensemble-042,UNASSESSED,,
kflow-023996,completed,completed,PacificCommunity/ofp-sam-bet-2026-ensemble,3aae62a8c184a0413216b8711b1c7c6e430b628e,bet-2026-ensemble-verified-reference-points,a-0e21b1720a140a46444ed101a4583c49e4df5ccfdcf69927bc3af30fdc66a1bc,bet2026-ensemble-042,UNASSESSED,,
kflow-023997,completed,completed,PacificCommunity/ofp-sam-bet-2026-ensemble,243b3ae83076e0f9ac72ddafabc7cbf2083a425b,bet-2026-ensemble-report,a-2b0c5c38b4065c7a6b750d508bc6b8fe5b48a17a3a1c547301af764bfea0f1d6,bet2026-ensemble-053,UNASSESSED,,
kflow-023998,completed,completed,PacificCommunity/ofp-sam-bet-2026-ensemble,d7b70a6205a4a083d4f2793f3d8429d752a957aa,bet-2026-ensemble-report,a-52cc578c0ebceabcac7939d9211a073beb2e1102dea04235ae82ba4a35ab9137,bet2026-ensemble-053,UNASSESSED,,
kflow-023999,completed,completed,PacificCommunity/ofp-sam-bet-2026-ensemble,6a16314163f00cdac6dfc4f2aaefd2e4e4068655,bet-2026-ensemble-report,a-35a5c956275b29360be59a168696a933f21f0bf5dca83142942c2205750a7705,bet2026-ensemble-049,UNASSESSED,,
kflow-024001,completed,completed,PacificCommunity/ofp-sam-bet-2026-ensemble,108fe096cecda1c33d6755c3fb29896e4b3bd3d9,bet-2026-ensemble-report,a-f57e3b74089e0c0fd8ce5165a601a6ce5b4b1fafeff74f74345c1dba200df7ff,bet2026-ensemble-053,UNASSESSED,,
kflow-024002,completed,completed,PacificCommunity/ofp-sam-bet-2026-ensemble,c36f33ac045213123d92e693b9d30321078ace9e,bet-2026-ensemble-report,a-fc702ac6c510ad8441efb2640eee623c7e958253b787f26f3e971511ab21eb66,bet2026-ensemble-053,UNASSESSED,,
kflow-024003,completed,completed,PacificCommunity/ofp-sam-bet-2026-ensemble,711d32234ed5a94a042b0235bb421a4c214637c0,bet-2026-ensemble-report,a-7f1698b2b0ae3aefbb0062b07ec7f70d0745a834898f21a1f973f128709eb132,bet2026-ensemble-053,UNASSESSED,,
kflow-024005,failed,failed,PacificCommunity/ofp-sam-bet-2026-diagnostic,59fe1d135544f5592b808a4ded0e6ecd8afdc392,ofp-sam-bet-2026-diagnostic-report,a-3f4e0f75ad94038d93fc6eb889af2f22a5c836f0400c2cb29f2fca3a5ed970ae,bet2026-diagnostic-005,UNASSESSED,,
kflow-024006,failed,failed,PacificCommunity/ofp-sam-bet-2026-diagnostic,4e58b04209969a525130842d4f6ffa36fe5661b8,ofp-sam-bet-2026-diagnostic-report,a-d76206ccd8f7c812dae5541db1ff35798e0e8c5bbf8aa224c644a70ee8e46083,bet2026-diagnostic-005,UNASSESSED,,
kflow-024007,completed,completed,PacificCommunity/ofp-sam-bet-2026-diagnostic,7700cba8b3bed1c3f5a6129a03f6c05a627065e3,ofp-sam-bet-2026-diagnostic-report,a-5f4cb9adea8dbbd579287cb9ad89b52ea1526d5f7072e341715512b3036d602e,bet2026-diagnostic-005,UNASSESSED,,
kflow-024008,failed,submit-failed,PacificCommunity/ofp-sam-bet-2026-diagnostic,UNKNOWN,ofp-sam-bet-2026-diagnostic-report-suva,a-a33b7e86d1936a98cf3a08c0642e4ce4cea8e744caec7965eafc044dc21f939c,bet2026-diagnostic-004,UNASSESSED,,executed_source_commit_unknown
kflow-024009,completed,completed,PacificCommunity/ofp-sam-bet-2026-diagnostic,7700cba8b3bed1c3f5a6129a03f6c05a627065e3,ofp-sam-bet-2026-diagnostic-report-suva,a-2ba974edc3b72ac7a5f9cdfd201926a6615a0e00b69ba03934166a4c211ee86d,bet2026-diagnostic-003,UNASSESSED,,
kflow-024012,completed,completed,PacificCommunity/ofp-sam-bet-2026-diagnostic,5004cc1009023c1863ef0ec3f64ffc8b31d82da4,ofp-sam-bet-2026-diagnostic-report-suva,a-09fd586fa0a50189254c448fb83b5b984cde364c895ef8564b40ba0adc4892f3,bet2026-diagnostic-003,UNASSESSED,,
kflow-024014,failed,failed,PacificCommunity/ofp-sam-bet-2026-diagnostic,0fd34d887ba57e5254d42f21e9e1e01d4ff3fd06,ofp-sam-bet-2026-diagnostic-report-suva,a-8c5a91e8900c4bc348b863f42d1135f011f7d4e776eee9f9637281f932100134,bet2026-diagnostic-004,UNASSESSED,,
kflow-024016,completed,completed,PacificCommunity/ofp-sam-bet-2026-diagnostic,582db5363c23a3bbf7bb501726da3a3ab033f279,ofp-sam-bet-2026-diagnostic-report-suva,a-308db63554faa0c27703e1a8559fa27578ab1c9316e267cf60acdf1745289ae1,bet2026-diagnostic-003,UNASSESSED,,
kflow-024020,failed,failed,PacificCommunity/ofp-sam-bet-2026-diagnostic,b795cc8e7d6f31d87c7db208b7b811acc4d87724,ofp-sam-bet-2026-diagnostic-report,a-58aecf8a0de420e36bd6dc9c786f723638840e311f0e7a0a6e7bcc629675fc35,bet2026-diagnostic-003,UNASSESSED,,
kflow-024022,failed,failed,PacificCommunity/ofp-sam-bet-2026-diagnostic,96cdcd3c9bdfa88cb49b4ef3be31572a6747204d,ofp-sam-bet-2026-diagnostic-report,a-b6b142919f95e2bf1ecbca132211443114df119f8987211c6679116c3818861b,bet2026-diagnostic-003,UNASSESSED,,
kflow-024023,completed,completed,PacificCommunity/ofp-sam-bet-2026-diagnostic,5aef85cbb539d2ac7129687ec839f9b9b00d3fbb,ofp-sam-bet-2026-diagnostic-report,a-28c1511af3a5f55a55dd9112f9f6eb76757492446973a6139f0ef85f0864eab2,bet2026-diagnostic-003,UNASSESSED,,
kflow-024024,completed,completed,PacificCommunity/ofp-sam-bet-2026-stepwise,627e44b631f0046426363c18ee54e937479a44a7,ofp-sam-bet-2026-stepwise-report,a-4ae49b82dcb262b777bc5c597568179892bce3ea46c2d0417950ff90765be0d0,bet2026-stepwise-021,UNASSESSED,,
kflow-024025,completed,completed,PacificCommunity/ofp-sam-bet-2026-stepwise,627e44b631f0046426363c18ee54e937479a44a7,ofp-sam-bet-2026-stepwise-report,a-6dbf4e89dc748bb15b2640009c5b760220b7bf148e5b4ddef1a68b7c962aa1ef,bet2026-stepwise-016,UNASSESSED,,
kflow-024027,completed,completed,PacificCommunity/ofp-sam-bet-2026-diagnostic,0762387726b181a5e55d831092a96acfe941cf40,ofp-sam-bet-2026-diagnostic-report,a-29a31c229b5e58d9ffe4552733492327a7ddb6b233d07bdb5cd383a2548ca85a,bet2026-diagnostic-003,UNASSESSED,,
kflow-024040,completed,completed,PacificCommunity/ofp-sam-bet-2026-sensitivity,dcd289eef9f5a63f75e11aabfb4c47af406c8abb,BET-2026-sensitivity-more-tau,a-10cda32b839aca412aa18b04ec01659bfcaa7d3ea8a27d13fd8b6b9fbcf3b6a0,bet2026-sensitivity-008,UNASSESSED,./outputs/models/tau-4/doitall.sh,
kflow-024041,completed,completed,PacificCommunity/ofp-sam-bet-2026-sensitivity,dcd289eef9f5a63f75e11aabfb4c47af406c8abb,BET-2026-sensitivity-more-tau,a-af25ab51b159fad5a12d28569a4959e59a4c046effa7958307bc6b0b81ad17f9,bet2026-sensitivity-008,UNASSESSED,./outputs/models/tau-8/doitall.sh,
kflow-024042,completed,completed,PacificCommunity/ofp-sam-bet-2026-sensitivity,dcd289eef9f5a63f75e11aabfb4c47af406c8abb,BET-2026-sensitivity-more-tau,a-6d933c6bb071e9fa9783fb01451938311b1713911e0b1036059e6b6b4a76fa14,bet2026-sensitivity-008,UNASSESSED,./outputs/models/tau-12/doitall.sh,
kflow-024043,completed,completed,PacificCommunity/ofp-sam-bet-2026-sensitivity,dcd289eef9f5a63f75e11aabfb4c47af406c8abb,BET-2026-sensitivity-more-tau,a-58d766448bd4af195fbbe2dbda835f07688893afaf57ecc79765d18483d29a86,bet2026-sensitivity-008,UNASSESSED,./outputs/models/tau-28/doitall.sh,
kflow-024044,completed,completed,PacificCommunity/ofp-sam-bet-2026-sensitivity,dcd289eef9f5a63f75e11aabfb4c47af406c8abb,BET-2026-sensitivity-more-tau,a-2b11c5f7b89edf9631a7746082a17ef27a5a82a7af26dee021626c5b475d0506,bet2026-sensitivity-008,UNASSESSED,./outputs/models/tau-16/doitall.sh,
kflow-024045,completed,completed,PacificCommunity/ofp-sam-bet-2026-sensitivity,dcd289eef9f5a63f75e11aabfb4c47af406c8abb,BET-2026-sensitivity-more-tau,a-34b8184f5d62e2ac6337a66f31f7eb012842c3275ddf7b014df4a1ffb1ed6923,bet2026-sensitivity-008,UNASSESSED,./outputs/models/tau-24/doitall.sh,
kflow-024046,completed,completed,PacificCommunity/ofp-sam-bet-2026-sensitivity,dcd289eef9f5a63f75e11aabfb4c47af406c8abb,BET-2026-sensitivity-more-tau,a-d835c171843d0c7448d8102ca8b52abc94bcefa6c61f22a3adfebe62b2ff4864,bet2026-sensitivity-008,UNASSESSED,./outputs/models/tau-32/doitall.sh,
kflow-024047,completed,completed,PacificCommunity/ofp-sam-bet-2026-sensitivity,dcd289eef9f5a63f75e11aabfb4c47af406c8abb,BET-2026-sensitivity-more-tau,a-f60e115f7c1b3f2bd4fba51588f303bd88b6790afbfe4d7bea5c472cf955b7d1,bet2026-sensitivity-008,UNASSESSED,./outputs/models/tau-20/doitall.sh,
kflow-024048,completed,completed,PacificCommunity/ofp-sam-bet-2026-sensitivity,0043eea6bf908608cd438c80b67858352abd6f89,BET-2026-sensitivity-more-tau,a-c1aee3b7401ed951835df15afeaae905509d979e650e4049ad7240bf0fc729fa,bet2026-sensitivity-008,UNASSESSED,./outputs/models/tau-4.2/doitall.sh,
kflow-024049,completed,completed,PacificCommunity/ofp-sam-bet-2026-sensitivity,0043eea6bf908608cd438c80b67858352abd6f89,BET-2026-sensitivity-more-tau,a-558db522e5e36e4bd9f689d785e6c8bd6634fcffb17ca32861e01d55c0bc6092,bet2026-sensitivity-008,UNASSESSED,./outputs/models/tau-4.4/doitall.sh,
kflow-024050,completed,completed,PacificCommunity/ofp-sam-bet-2026-sensitivity,0043eea6bf908608cd438c80b67858352abd6f89,BET-2026-sensitivity-more-tau,a-0c970b9e4ff2846587d28ff944cac2faa600e5a059bf19216cca12424c5740a9,bet2026-sensitivity-009,UNASSESSED,./outputs/models/tau-4.6/doitall.sh,
kflow-024051,failed,failed,PacificCommunity/ofp-sam-bet-2026-sensitivity,0043eea6bf908608cd438c80b67858352abd6f89,BET-2026-sensitivity-more-tau,a-5fd0432417566609fed807593d6f85a6fb6a0c51de9e5152f5d1025056a0f633,bet2026-sensitivity-009,UNASSESSED,,
kflow-024052,completed,completed,PacificCommunity/ofp-sam-bet-2026-sensitivity,0043eea6bf908608cd438c80b67858352abd6f89,BET-2026-sensitivity-more-tau,a-fdc4b782ab74b2090e18f60787b994a2f0fcb5f7a1ddad4fecc982cc01a86027,bet2026-sensitivity-009,UNASSESSED,./outputs/models/tau-5/doitall.sh,
kflow-024053,completed,completed,PacificCommunity/ofp-sam-bet-2026-sensitivity,0043eea6bf908608cd438c80b67858352abd6f89,BET-2026-sensitivity-more-tau,a-db96642fb940ad2ee390137f6ba8e0df7768859ef3de454e571bf39a4fe382fb,bet2026-sensitivity-009,UNASSESSED,./outputs/models/tau-5.2/doitall.sh,
kflow-024054,completed,completed,PacificCommunity/ofp-sam-bet-2026-sensitivity,0043eea6bf908608cd438c80b67858352abd6f89,BET-2026-sensitivity-more-tau,a-76386cdaab1ebbd22d5db65cf67401ab15cf0f663493a72aa0e6670037011131,bet2026-sensitivity-009,UNASSESSED,./outputs/models/tau-5.4/doitall.sh,
kflow-024055,completed,completed,PacificCommunity/ofp-sam-bet-2026-sensitivity,0043eea6bf908608cd438c80b67858352abd6f89,BET-2026-sensitivity-more-tau,a-72781808edeeabe5f80069826133bfbfc476048557e72a4b8f4821b0cd1d7cdc,bet2026-sensitivity-009,UNASSESSED,./outputs/models/tau-5.8/doitall.sh,
kflow-024056,completed,completed,PacificCommunity/ofp-sam-bet-2026-sensitivity,0043eea6bf908608cd438c80b67858352abd6f89,BET-2026-sensitivity-more-tau,a-7a03d02fbfae28d7cc91ca3bad3ab6a743fa5ef8a7e745a92c06757db08dac9b,bet2026-sensitivity-009,UNASSESSED,./outputs/models/tau-5.6/doitall.sh,
kflow-024057,completed,completed,PacificCommunity/ofp-sam-bet-2026-sensitivity,0043eea6bf908608cd438c80b67858352abd6f89,BET-2026-sensitivity-more-tau,a-4f9fc1950eb8c51d141187a62ce667e9cc93a27e119e30635e292d9931a4ea1d,bet2026-sensitivity-009,UNASSESSED,./outputs/models/tau-6/doitall.sh,
kflow-024058,failed,failed,PacificCommunity/ofp-sam-bet-2026-sensitivity,UNKNOWN,BET-2026-sensitivity-more-tau-viewer,a-7f11a480c195ea378ad9a988002626a29cb4209c7374f42592e46112efa81bca,bet2026-sensitivity-010,UNASSESSED,,executed_source_commit_unknown
kflow-024059,completed,completed,PacificCommunity/ofp-sam-bet-2026-sensitivity,3c76eda9c03bf57313ff46c30a9e5ab6cb941faa,BET-2026-sensitivity-more-tau-viewer-completed-only,a-4604b28a0915ea1add00538e782f4e63bff48f700a096720cecd1f8a577d704b,bet2026-sensitivity-009,UNASSESSED,,
kflow-024060,completed,completed,PacificCommunity/ofp-sam-bet-2026-sensitivity,be300fb6217eef1a8b36eacabaf57cdd6772c884,BET-2026-sensitivity-more-tau-viewer-completed-only-v2,a-ec8a27326acca26cc483c024571da9fce6bca28b69d2ff3ee4a66b0c154fb1d5,bet2026-sensitivity-009,UNASSESSED,,
kflow-024061,completed,completed,PacificCommunity/ofp-sam-bet-2026-ensemble,7bd627b745a4bf2eff1c54385502fbd4fc907610,bet-2026-ensemble-more-tau,a-372ecea81bffae268861f127d1d4732ffd3a07446ff5ac6819c3c4b8759eb9bb,bet2026-ensemble-049,UNASSESSED,./outputs/models/ensemble-001/doitall.sh,
kflow-024062,completed,completed,PacificCommunity/ofp-sam-bet-2026-ensemble,7bd627b745a4bf2eff1c54385502fbd4fc907610,bet-2026-ensemble-more-tau,a-3a01044f256efb2a18881ce02f46447ac5c1a5e16c2e5348a4e3706d7a11603f,bet2026-ensemble-042,UNASSESSED,./outputs/models/ensemble-003/doitall.sh,
kflow-024063,failed,failed,PacificCommunity/ofp-sam-bet-2026-ensemble,7bd627b745a4bf2eff1c54385502fbd4fc907610,bet-2026-ensemble-more-tau,a-7ffbe60bf2f9ad0fd93f936e53f7ee4517f2019df2a8c947bc678908afbd3dba,bet2026-ensemble-042,UNASSESSED,,
kflow-024064,failed,failed,PacificCommunity/ofp-sam-bet-2026-ensemble,7bd627b745a4bf2eff1c54385502fbd4fc907610,bet-2026-ensemble-more-tau,a-4cecb61d9c760ec31ad8cf7599c1bee54b33d03c037cc9c1925f2ce6caddaa84,bet2026-ensemble-042,UNASSESSED,,
kflow-024065,completed,completed,PacificCommunity/ofp-sam-bet-2026-ensemble,7bd627b745a4bf2eff1c54385502fbd4fc907610,bet-2026-ensemble-more-tau,a-bd36531f02cbfa491af5ee4ab59d6ac273a5d73b507251bd1401f946099b0d9e,bet2026-ensemble-049,UNASSESSED,./outputs/models/ensemble-010/doitall.sh,
kflow-024066,completed,completed,PacificCommunity/ofp-sam-bet-2026-ensemble,7bd627b745a4bf2eff1c54385502fbd4fc907610,bet-2026-ensemble-more-tau,a-b3bf9bd9a230b7a20d60173016f2bb29415d5d8c681a80340fc7cd73c5a2bb46,bet2026-ensemble-042,UNASSESSED,./outputs/models/ensemble-005/doitall.sh,
kflow-024067,completed,completed,PacificCommunity/ofp-sam-bet-2026-ensemble,7bd627b745a4bf2eff1c54385502fbd4fc907610,bet-2026-ensemble-more-tau,a-0b36eeed2f784a5489ca3fdd65b7f78ec06886bbb2b7889c045baf7678609280,bet2026-ensemble-049,UNASSESSED,./outputs/models/ensemble-009/doitall.sh,
kflow-024068,failed,failed,PacificCommunity/ofp-sam-bet-2026-ensemble,7bd627b745a4bf2eff1c54385502fbd4fc907610,bet-2026-ensemble-more-tau,a-a977eb708b39661aa410bb98e4720c30ac20250a6bfee9c80501fed3ec8d6807,bet2026-ensemble-049,UNASSESSED,,
kflow-024069,completed,completed,PacificCommunity/ofp-sam-bet-2026-ensemble,7bd627b745a4bf2eff1c54385502fbd4fc907610,bet-2026-ensemble-more-tau,a-fb3ad928c76a41f4541b363c49e3b4e3dbf7e9d816802e2ce2d1d3dc93e2c310,bet2026-ensemble-049,UNASSESSED,./outputs/models/ensemble-008/doitall.sh,
kflow-024070,completed,completed,PacificCommunity/ofp-sam-bet-2026-ensemble,7bd627b745a4bf2eff1c54385502fbd4fc907610,bet-2026-ensemble-more-tau,a-ef6734adb0caa652ea28007c24b1bc0bf45d59c027b7840865a2fa4a55705c7a,bet2026-ensemble-042,UNASSESSED,./outputs/models/ensemble-004/doitall.sh,
kflow-024071,completed,completed,PacificCommunity/ofp-sam-bet-2026-ensemble,7bd627b745a4bf2eff1c54385502fbd4fc907610,bet-2026-ensemble-more-tau,a-46874469eee4e675a0ff9ce28643aa16d7f1fc2f4a2b5f704c273e38c8b78496,bet2026-ensemble-049,UNASSESSED,./outputs/models/ensemble-011/doitall.sh,
kflow-024072,completed,completed,PacificCommunity/ofp-sam-bet-2026-ensemble,7bd627b745a4bf2eff1c54385502fbd4fc907610,bet-2026-ensemble-more-tau,a-29b4b7b18425fcdfafb07633cbd5789f6084529dca70d49356854959cb6e24d5,bet2026-ensemble-042,UNASSESSED,./outputs/models/ensemble-012/doitall.sh,
kflow-024073,completed,completed,PacificCommunity/ofp-sam-bet-2026-ensemble,7bd627b745a4bf2eff1c54385502fbd4fc907610,bet-2026-ensemble-more-tau,a-a19e39db8443f5b1334ed19ca099fe32f749c82a2a32ed61dd61d096cf06ec27,bet2026-ensemble-042,UNASSESSED,./outputs/models/ensemble-013/doitall.sh,
kflow-024074,failed,failed,PacificCommunity/ofp-sam-bet-2026-ensemble,7bd627b745a4bf2eff1c54385502fbd4fc907610,bet-2026-ensemble-more-tau,a-03b3ddb47bfa5d78a26247b26b7e3013a2df252ce377e8e4c4a530f5768459f2,bet2026-ensemble-049,UNASSESSED,,
kflow-024075,completed,completed,PacificCommunity/ofp-sam-bet-2026-ensemble,7bd627b745a4bf2eff1c54385502fbd4fc907610,bet-2026-ensemble-more-tau,a-0db208c6785445640966deca60ca6af552bdd9fb2615bc774867d827ae411ec3,bet2026-ensemble-043,UNASSESSED,./outputs/models/ensemble-015/doitall.sh,
kflow-024076,completed,completed,PacificCommunity/ofp-sam-bet-2026-ensemble,7bd627b745a4bf2eff1c54385502fbd4fc907610,bet-2026-ensemble-more-tau,a-225e902335ce99a7a0e85eba68be1d0259c00a324ee96c72a79e243fa511dcb2,bet2026-ensemble-043,UNASSESSED,./outputs/models/ensemble-016/doitall.sh,
kflow-024077,failed,failed,PacificCommunity/ofp-sam-bet-2026-ensemble,7bd627b745a4bf2eff1c54385502fbd4fc907610,bet-2026-ensemble-more-tau,a-0ca4ca6c016d69d5f856eebb99dad0c3586c7e2d95f637d7e176d7ba0108208f,bet2026-ensemble-049,UNASSESSED,,
kflow-024078,completed,completed,PacificCommunity/ofp-sam-bet-2026-ensemble,7bd627b745a4bf2eff1c54385502fbd4fc907610,bet-2026-ensemble-more-tau,a-929a9848371917a26f041e6bac23b9d033466b2b42eef56f45ae06a6287978e2,bet2026-ensemble-043,UNASSESSED,./outputs/models/ensemble-018/doitall.sh,
kflow-024079,completed,completed,PacificCommunity/ofp-sam-bet-2026-ensemble,7bd627b745a4bf2eff1c54385502fbd4fc907610,bet-2026-ensemble-more-tau,a-610e15c0c0bd4132ac38175f1927e75f7d0f75f6d0c22d03c25d8580c90c9abd,bet2026-ensemble-043,UNASSESSED,./outputs/models/ensemble-019/doitall.sh,
kflow-024080,failed,failed,PacificCommunity/ofp-sam-bet-2026-ensemble,7bd627b745a4bf2eff1c54385502fbd4fc907610,bet-2026-ensemble-more-tau,a-809e1dfa41e49a468c429bac2ccb5729817c2fa6f35d1fadf03c15b6cc71e1f7,bet2026-ensemble-043,UNASSESSED,,
kflow-024081,completed,completed,PacificCommunity/ofp-sam-bet-2026-ensemble,7bd627b745a4bf2eff1c54385502fbd4fc907610,bet-2026-ensemble-more-tau,a-c29153564bacb9bcc26967e744bf3e109adb20862d94f326037fa2b21f08c2ef,bet2026-ensemble-049,UNASSESSED,./outputs/models/ensemble-021/doitall.sh,
kflow-024082,completed,completed,PacificCommunity/ofp-sam-bet-2026-ensemble,7bd627b745a4bf2eff1c54385502fbd4fc907610,bet-2026-ensemble-more-tau,a-0882a8f9e31c790a8ab5807ee45233b307cefcb3709cf8789f08e63a876f9bff,bet2026-ensemble-049,UNASSESSED,./outputs/models/ensemble-022/doitall.sh,
kflow-024083,completed,completed,PacificCommunity/ofp-sam-bet-2026-ensemble,7bd627b745a4bf2eff1c54385502fbd4fc907610,bet-2026-ensemble-more-tau,a-71460c1a8b0822416f1cc19dde740f671afe27f9936a9c00bb8eb2092c7ea25e,bet2026-ensemble-043,UNASSESSED,./outputs/models/ensemble-023/doitall.sh,
kflow-024084,completed,completed,PacificCommunity/ofp-sam-bet-2026-ensemble,7bd627b745a4bf2eff1c54385502fbd4fc907610,bet-2026-ensemble-more-tau,a-8da79c77c6d6842d5ff5626a4dff506938fddf341f0f9aa3d134b987f9a03939,bet2026-ensemble-049,UNASSESSED,./outputs/models/ensemble-024/doitall.sh,
kflow-024085,completed,completed,PacificCommunity/ofp-sam-bet-2026-ensemble,7bd627b745a4bf2eff1c54385502fbd4fc907610,bet-2026-ensemble-more-tau,a-740754f9f1e194c0d9325084df560783c056ffd5f4e86af6ba87a77129fe7449,bet2026-ensemble-043,UNASSESSED,./outputs/models/ensemble-025/doitall.sh,
kflow-024086,completed,completed,PacificCommunity/ofp-sam-bet-2026-ensemble,7bd627b745a4bf2eff1c54385502fbd4fc907610,bet-2026-ensemble-more-tau,a-2f7b211e1349e6e990adaa25f0438f6c902a56d66eed8ee6f3af5f2058878fe1,bet2026-ensemble-049,UNASSESSED,./outputs/models/ensemble-026/doitall.sh,
kflow-024087,completed,completed,PacificCommunity/ofp-sam-bet-2026-ensemble,7bd627b745a4bf2eff1c54385502fbd4fc907610,bet-2026-ensemble-more-tau,a-082e85d83e36bce7fa5ff2910b2676baf91d2ae469613b411cad0dfc1e6d93a8,bet2026-ensemble-043,UNASSESSED,./outputs/models/ensemble-027/doitall.sh,
kflow-024088,completed,completed,PacificCommunity/ofp-sam-bet-2026-ensemble,7bd627b745a4bf2eff1c54385502fbd4fc907610,bet-2026-ensemble-more-tau,a-c004fa10e019cc17f325bcfb4b42b0830559666bacddc2bfbfeb5050e7234029,bet2026-ensemble-049,UNASSESSED,./outputs/models/ensemble-028/doitall.sh,
kflow-024089,completed,completed,PacificCommunity/ofp-sam-bet-2026-ensemble,7bd627b745a4bf2eff1c54385502fbd4fc907610,bet-2026-ensemble-more-tau,a-a664eb294b2da0e15d80d1260c5c45b4fe14f436f40f644aa81368b91b50df15,bet2026-ensemble-049,UNASSESSED,./outputs/models/ensemble-029/doitall.sh,
kflow-024090,completed,completed,PacificCommunity/ofp-sam-bet-2026-ensemble,7bd627b745a4bf2eff1c54385502fbd4fc907610,bet-2026-ensemble-more-tau,a-2fb76604f66e4bf65b0a061d0fb774a9fcdcee8850b5a3ca68c8ff8e4bc5933f,bet2026-ensemble-049,UNASSESSED,./outputs/models/ensemble-030/doitall.sh,
kflow-024091,completed,completed,PacificCommunity/ofp-sam-bet-2026-ensemble,7bd627b745a4bf2eff1c54385502fbd4fc907610,bet-2026-ensemble-more-tau,a-dc5dd82e1e94a22f0878e47cff23728a675bb8f56bcc25c3604727fd270b568f,bet2026-ensemble-043,UNASSESSED,./outputs/models/ensemble-031/doitall.sh,
kflow-024092,completed,completed,PacificCommunity/ofp-sam-bet-2026-ensemble,7bd627b745a4bf2eff1c54385502fbd4fc907610,bet-2026-ensemble-more-tau,a-cf9dbb27d05762b2160c079cf68c8a2daa1daf06c4837b7ee2db669663210ff8,bet2026-ensemble-043,UNASSESSED,./outputs/models/ensemble-032/doitall.sh,
kflow-024093,completed,completed,PacificCommunity/ofp-sam-bet-2026-ensemble,7bd627b745a4bf2eff1c54385502fbd4fc907610,bet-2026-ensemble-more-tau,a-1a21e322f127ba6a6b7105a163ab9c882b1dacd673f8d157c1c1143b19511a08,bet2026-ensemble-049,UNASSESSED,./outputs/models/ensemble-033/doitall.sh,
kflow-024094,completed,completed,PacificCommunity/ofp-sam-bet-2026-ensemble,7bd627b745a4bf2eff1c54385502fbd4fc907610,bet-2026-ensemble-more-tau,a-f21fb039f6878699311a5ea46b7f2c8c1eea0f3900bc38c3f2f01600a12d440a,bet2026-ensemble-050,UNASSESSED,./outputs/models/ensemble-034/doitall.sh,
kflow-024095,completed,completed,PacificCommunity/ofp-sam-bet-2026-ensemble,7bd627b745a4bf2eff1c54385502fbd4fc907610,bet-2026-ensemble-more-tau,a-723e308ba64e651155e38e3198a3a54c7c693037b5b6560a54998f2306bc949c,bet2026-ensemble-043,UNASSESSED,./outputs/models/ensemble-035/doitall.sh,
kflow-024096,failed,failed,PacificCommunity/ofp-sam-bet-2026-ensemble,7bd627b745a4bf2eff1c54385502fbd4fc907610,bet-2026-ensemble-more-tau,a-334086cdd42846ea0564d1f4ed19958e81b2a126b57edab027dff0b9341f1075,bet2026-ensemble-050,UNASSESSED,,
kflow-024097,completed,completed,PacificCommunity/ofp-sam-bet-2026-ensemble,7bd627b745a4bf2eff1c54385502fbd4fc907610,bet-2026-ensemble-more-tau,a-f69a25594c77719edd15ce37b14ac8a116aa6e48450e71f1f58211af80fab7fb,bet2026-ensemble-043,UNASSESSED,./outputs/models/ensemble-036/doitall.sh,
kflow-024098,completed,completed,PacificCommunity/ofp-sam-bet-2026-ensemble,7bd627b745a4bf2eff1c54385502fbd4fc907610,bet-2026-ensemble-more-tau,a-712bb49c649cc1d7793ca7b1416548ab0c3ca4d6393de677bf5128bf8beeda03,bet2026-ensemble-050,UNASSESSED,./outputs/models/ensemble-038/doitall.sh,
kflow-024099,completed,completed,PacificCommunity/ofp-sam-bet-2026-ensemble,7bd627b745a4bf2eff1c54385502fbd4fc907610,bet-2026-ensemble-more-tau,a-7cacda1dc3e1f953f2d9300d290971d98861eeb92b1d935ccd294a141eb7200e,bet2026-ensemble-050,UNASSESSED,./outputs/models/ensemble-039/doitall.sh,
kflow-024100,completed,completed,PacificCommunity/ofp-sam-bet-2026-ensemble,7bd627b745a4bf2eff1c54385502fbd4fc907610,bet-2026-ensemble-more-tau,a-a7ec2d1e097589b031706cec77c94ad4a78e3cc90e5aca006358e11eb0507598,bet2026-ensemble-043,UNASSESSED,./outputs/models/ensemble-040/doitall.sh,
kflow-024101,completed,completed,PacificCommunity/ofp-sam-bet-2026-ensemble,7bd627b745a4bf2eff1c54385502fbd4fc907610,bet-2026-ensemble-more-tau,a-22cc050a75ca4ffcc3257f4e27abcc0900e6a20e73aca9a21daf1caa6b779cf5,bet2026-ensemble-050,UNASSESSED,./outputs/models/ensemble-041/doitall.sh,
kflow-024102,completed,completed,PacificCommunity/ofp-sam-bet-2026-ensemble,7bd627b745a4bf2eff1c54385502fbd4fc907610,bet-2026-ensemble-more-tau,a-e0b007700454b129ee968ef2f03b64879d5eed4a38002492bed3889621bd7d9e,bet2026-ensemble-043,UNASSESSED,./outputs/models/ensemble-042/doitall.sh,
kflow-024103,completed,completed,PacificCommunity/ofp-sam-bet-2026-ensemble,7bd627b745a4bf2eff1c54385502fbd4fc907610,bet-2026-ensemble-more-tau,a-91705077038c4d000b82eba828d3055c441cdc1cebd5d044b7ffaca8a49f0452,bet2026-ensemble-044,UNASSESSED,./outputs/models/ensemble-043/doitall.sh,
kflow-024104,completed,completed,PacificCommunity/ofp-sam-bet-2026-ensemble,7bd627b745a4bf2eff1c54385502fbd4fc907610,bet-2026-ensemble-more-tau,a-f2bcebdb6455b80c4a810827c92c3aca97563dd63aaf0adbdf5928b4c516b969,bet2026-ensemble-044,UNASSESSED,./outputs/models/ensemble-044/doitall.sh,
kflow-024105,completed,completed,PacificCommunity/ofp-sam-bet-2026-ensemble,7bd627b745a4bf2eff1c54385502fbd4fc907610,bet-2026-ensemble-more-tau,a-76f11bbaf0917a711c42d12c013f7dbe00eca6fb8cbb515746ce782d7261c3f8,bet2026-ensemble-044,UNASSESSED,./outputs/models/ensemble-045/doitall.sh,
kflow-024106,completed,completed,PacificCommunity/ofp-sam-bet-2026-ensemble,7bd627b745a4bf2eff1c54385502fbd4fc907610,bet-2026-ensemble-more-tau,a-1e64bb5442176c5078f35b2e858d6ca2e2907a7c2d418e9a17340d0bca8b5a88,bet2026-ensemble-050,UNASSESSED,./outputs/models/ensemble-046/doitall.sh,
kflow-024107,completed,completed,PacificCommunity/ofp-sam-bet-2026-ensemble,7bd627b745a4bf2eff1c54385502fbd4fc907610,bet-2026-ensemble-more-tau,a-599a6e456d114e3872592196b798ba58d6a02bffc045e520ca741c87e38771c7,bet2026-ensemble-044,UNASSESSED,./outputs/models/ensemble-047/doitall.sh,
kflow-024108,completed,completed,PacificCommunity/ofp-sam-bet-2026-ensemble,7bd627b745a4bf2eff1c54385502fbd4fc907610,bet-2026-ensemble-more-tau,a-5c74586764a2c1403f4c88c9ee5b7328fd683d85828a6bc91c7852762187a03c,bet2026-ensemble-050,UNASSESSED,./outputs/models/ensemble-048/doitall.sh,
kflow-024109,completed,completed,PacificCommunity/ofp-sam-bet-2026-ensemble,7bd627b745a4bf2eff1c54385502fbd4fc907610,bet-2026-ensemble-more-tau,a-3feb18e8d84482c0a975f557c2e031bdcf0739cc1b03e69be5fb7f1f119468e3,bet2026-ensemble-044,UNASSESSED,./outputs/models/ensemble-049/doitall.sh,
kflow-024110,completed,completed,PacificCommunity/ofp-sam-bet-2026-ensemble,7bd627b745a4bf2eff1c54385502fbd4fc907610,bet-2026-ensemble-more-tau,a-daf9bf044b91097703b0803951e267f09ba022a6a71d803d6ee10f3bd93078e1,bet2026-ensemble-044,UNASSESSED,./outputs/models/ensemble-050/doitall.sh,
kflow-024111,failed,failed,PacificCommunity/ofp-sam-bet-2026-ensemble,7bd627b745a4bf2eff1c54385502fbd4fc907610,bet-2026-ensemble-more-tau,a-d24e36f8ee53299e57a7ed98a0643271e4995f095d39b15f5b74b37cc3ee34bf,bet2026-ensemble-050,UNASSESSED,,
kflow-024112,completed,completed,PacificCommunity/ofp-sam-bet-2026-ensemble,7bd627b745a4bf2eff1c54385502fbd4fc907610,bet-2026-ensemble-more-tau,a-487dd2286bc20fc02635430f211f51e0f4c58ad280f195ad65929d4269cbff6f,bet2026-ensemble-050,UNASSESSED,./outputs/models/ensemble-052/doitall.sh,
kflow-024113,completed,completed,PacificCommunity/ofp-sam-bet-2026-ensemble,7bd627b745a4bf2eff1c54385502fbd4fc907610,bet-2026-ensemble-more-tau,a-dfdd98b490988b1473e992435d6f0922af25ff14c9d3465b6ccafd4084510b0b,bet2026-ensemble-050,UNASSESSED,./outputs/models/ensemble-053/doitall.sh,
kflow-024114,completed,completed,PacificCommunity/ofp-sam-bet-2026-ensemble,7bd627b745a4bf2eff1c54385502fbd4fc907610,bet-2026-ensemble-more-tau,a-1761313869b54ec96720f8c73b82af10518f4fcd45875e8c238a5b0c361a95ac,bet2026-ensemble-050,UNASSESSED,./outputs/models/ensemble-054/doitall.sh,
kflow-024115,completed,completed,PacificCommunity/ofp-sam-bet-2026-ensemble,7bd627b745a4bf2eff1c54385502fbd4fc907610,bet-2026-ensemble-more-tau,a-600c312798e8103fd66228f2551a14c12f701062f8d02c6c48feaae82c03e438,bet2026-ensemble-044,UNASSESSED,./outputs/models/ensemble-055/doitall.sh,
kflow-024116,completed,completed,PacificCommunity/ofp-sam-bet-2026-ensemble,7bd627b745a4bf2eff1c54385502fbd4fc907610,bet-2026-ensemble-more-tau,a-c76f5cdbb65fd0ac3402b85aa8c78dde2b07627ffdc39c19ec095b2a4f4a73a0,bet2026-ensemble-044,UNASSESSED,./outputs/models/ensemble-056/doitall.sh,
kflow-024117,completed,completed,PacificCommunity/ofp-sam-bet-2026-ensemble,7bd627b745a4bf2eff1c54385502fbd4fc907610,bet-2026-ensemble-more-tau,a-abe2fbbb8ba18e67e06c7d1ba5e2b01146713c937a9bca1927a281bf00a55830,bet2026-ensemble-050,UNASSESSED,./outputs/models/ensemble-057/doitall.sh,
kflow-024118,failed,failed,PacificCommunity/ofp-sam-bet-2026-ensemble,7bd627b745a4bf2eff1c54385502fbd4fc907610,bet-2026-ensemble-more-tau,a-04fd82c776757ec71511aa484586a61db35c08ac04ceb05df5603fbaf15619ea,bet2026-ensemble-050,UNASSESSED,,
kflow-024119,completed,completed,PacificCommunity/ofp-sam-bet-2026-ensemble,7bd627b745a4bf2eff1c54385502fbd4fc907610,bet-2026-ensemble-more-tau,a-576ada81d21bd92c9931eb64731e8a39169b580819c274911812de7684a0f31e,bet2026-ensemble-044,UNASSESSED,./outputs/models/ensemble-059/doitall.sh,
kflow-024120,failed,failed,PacificCommunity/ofp-sam-bet-2026-ensemble,7bd627b745a4bf2eff1c54385502fbd4fc907610,bet-2026-ensemble-more-tau,a-7c8c87d724303fb072d54bcf53dc73a290e2b8f960e2fb8344adce3b37f2a53d,bet2026-ensemble-050,UNASSESSED,,
kflow-024121,completed,completed,PacificCommunity/ofp-sam-bet-2026-ensemble,7bd627b745a4bf2eff1c54385502fbd4fc907610,bet-2026-ensemble-more-tau,a-8f16a4994a07886d848857cfd9e965437382730eb9a79472e4f68c391037c4ad,bet2026-ensemble-050,UNASSESSED,./outputs/models/ensemble-061/doitall.sh,
kflow-024122,completed,completed,PacificCommunity/ofp-sam-bet-2026-ensemble,7bd627b745a4bf2eff1c54385502fbd4fc907610,bet-2026-ensemble-more-tau,a-c83d5f8690d0c739dd6bd374c8dfd2fb5724b7066bf40343c88817cb567e8dfe,bet2026-ensemble-050,UNASSESSED,./outputs/models/ensemble-062/doitall.sh,
kflow-024123,failed,failed,PacificCommunity/ofp-sam-bet-2026-ensemble,7bd627b745a4bf2eff1c54385502fbd4fc907610,bet-2026-ensemble-more-tau,a-41870df41d1adc6ca87e572413ebb2052c10ebed446a835dee99b862ab2bbf19,bet2026-ensemble-050,UNASSESSED,,
kflow-024124,completed,completed,PacificCommunity/ofp-sam-bet-2026-ensemble,7bd627b745a4bf2eff1c54385502fbd4fc907610,bet-2026-ensemble-more-tau,a-b25c7688b7903728f8952c2c2941db5f95c4201e3607edc5467a8115ca589f01,bet2026-ensemble-044,UNASSESSED,./outputs/models/ensemble-064/doitall.sh,
kflow-024125,completed,completed,PacificCommunity/ofp-sam-bet-2026-ensemble,7bd627b745a4bf2eff1c54385502fbd4fc907610,bet-2026-ensemble-more-tau,a-62b1331e11ab5d0c7c9564e378a626d0e6387c6c3458e1cc28267edfdaff3ca0,bet2026-ensemble-044,UNASSESSED,./outputs/models/ensemble-065/doitall.sh,
kflow-024126,completed,completed,PacificCommunity/ofp-sam-bet-2026-ensemble,7bd627b745a4bf2eff1c54385502fbd4fc907610,bet-2026-ensemble-more-tau,a-f86de82a9b0dbfc0e0bc4900828875db019b3a992aff75d964feacc02e62871c,bet2026-ensemble-050,UNASSESSED,./outputs/models/ensemble-067/doitall.sh,
kflow-024127,completed,completed,PacificCommunity/ofp-sam-bet-2026-ensemble,7bd627b745a4bf2eff1c54385502fbd4fc907610,bet-2026-ensemble-more-tau,a-2b7ea0d4b370059f5b3d9dbce5934e215e2891eda607413558b587f4d0df8428,bet2026-ensemble-044,UNASSESSED,./outputs/models/ensemble-066/doitall.sh,
kflow-024128,completed,completed,PacificCommunity/ofp-sam-bet-2026-ensemble,7bd627b745a4bf2eff1c54385502fbd4fc907610,bet-2026-ensemble-more-tau,a-9d65bca508c8506a2f18485c43df086d1cf4ebcea1694410c090c4b090c6c997,bet2026-ensemble-044,UNASSESSED,./outputs/models/ensemble-068/doitall.sh,
kflow-024129,completed,completed,PacificCommunity/ofp-sam-bet-2026-ensemble,7bd627b745a4bf2eff1c54385502fbd4fc907610,bet-2026-ensemble-more-tau,a-eda2e4a96886161b1203b03392c1bca31e34216484e22ef8c0f5af95599955d0,bet2026-ensemble-051,UNASSESSED,./outputs/models/ensemble-069/doitall.sh,
kflow-024130,completed,completed,PacificCommunity/ofp-sam-bet-2026-ensemble,7bd627b745a4bf2eff1c54385502fbd4fc907610,bet-2026-ensemble-more-tau,a-af8ee7f09bf832e72a486ba6a0419c5d0dcb1fcfb4e3d293a3a41cf26ff40949,bet2026-ensemble-045,UNASSESSED,./outputs/models/ensemble-070/doitall.sh,
kflow-024131,completed,completed,PacificCommunity/ofp-sam-bet-2026-ensemble,7bd627b745a4bf2eff1c54385502fbd4fc907610,bet-2026-ensemble-more-tau,a-b111a5a68c855f1628a2f474f73a57d3b05036aa231a67a6a7b17324be728044,bet2026-ensemble-051,UNASSESSED,./outputs/models/ensemble-071/doitall.sh,
kflow-024132,completed,completed,PacificCommunity/ofp-sam-bet-2026-ensemble,7bd627b745a4bf2eff1c54385502fbd4fc907610,bet-2026-ensemble-more-tau,a-49bcdeb3107583648cd380ea4631c43143b73ae7a47f47dc026cd4cbb1c46fc5,bet2026-ensemble-045,UNASSESSED,./outputs/models/ensemble-072/doitall.sh,
kflow-024133,completed,completed,PacificCommunity/ofp-sam-bet-2026-ensemble,7bd627b745a4bf2eff1c54385502fbd4fc907610,bet-2026-ensemble-more-tau,a-4e32b83300acadd39497ea00fff489e7174bcbba88901fedddc3bf155b42051d,bet2026-ensemble-051,UNASSESSED,./outputs/models/ensemble-073/doitall.sh,
kflow-024134,completed,completed,PacificCommunity/ofp-sam-bet-2026-ensemble,7bd627b745a4bf2eff1c54385502fbd4fc907610,bet-2026-ensemble-more-tau,a-67ec8525b323bf076cd89b1743de8e3caa12f527fbd779df7de88dda4e33375b,bet2026-ensemble-045,UNASSESSED,./outputs/models/ensemble-074/doitall.sh,
kflow-024135,completed,completed,PacificCommunity/ofp-sam-bet-2026-ensemble,7bd627b745a4bf2eff1c54385502fbd4fc907610,bet-2026-ensemble-more-tau,a-969cfed3d65ce2429887bc0292d1302924b9a12d7a4abb7660d049bab5bc6b9a,bet2026-ensemble-051,UNASSESSED,./outputs/models/ensemble-075/doitall.sh,
kflow-024136,completed,completed,PacificCommunity/ofp-sam-bet-2026-ensemble,7bd627b745a4bf2eff1c54385502fbd4fc907610,bet-2026-ensemble-more-tau,a-1bb5be9c6646f209369f8da298487800a6b0f44a6c5fc14144ed9ae5b0004443,bet2026-ensemble-045,UNASSESSED,./outputs/models/ensemble-076/doitall.sh,
kflow-024137,completed,completed,PacificCommunity/ofp-sam-bet-2026-ensemble,7bd627b745a4bf2eff1c54385502fbd4fc907610,bet-2026-ensemble-more-tau,a-cec1cdc84da0ba19a6f4c6756e5a467075ea197e7e2d7e186e77fae9e8b48c4b,bet2026-ensemble-045,UNASSESSED,./outputs/models/ensemble-077/doitall.sh,
kflow-024138,failed,failed,PacificCommunity/ofp-sam-bet-2026-ensemble,7bd627b745a4bf2eff1c54385502fbd4fc907610,bet-2026-ensemble-more-tau,a-07f9d4ebce29876e849f7f64b4450d5f6a639b5a7e99da9d905f924b9b6c3e96,bet2026-ensemble-051,UNASSESSED,,
kflow-024139,failed,failed,PacificCommunity/ofp-sam-bet-2026-ensemble,7bd627b745a4bf2eff1c54385502fbd4fc907610,bet-2026-ensemble-more-tau,a-6a2897d0f92f21fa11ac40f0605b136dd7be495232f63af4bc6fce20bf1d1c4f,bet2026-ensemble-051,UNASSESSED,,
kflow-024140,completed,completed,PacificCommunity/ofp-sam-bet-2026-ensemble,7bd627b745a4bf2eff1c54385502fbd4fc907610,bet-2026-ensemble-more-tau,a-484565832648668975a6e668ad5fdff818e6257d311249d2800975cd29c18809,bet2026-ensemble-045,UNASSESSED,./outputs/models/ensemble-080/doitall.sh,
kflow-024141,completed,completed,PacificCommunity/ofp-sam-bet-2026-ensemble,7bd627b745a4bf2eff1c54385502fbd4fc907610,bet-2026-ensemble-more-tau,a-8740082d4e6ccf2536e6369758f2f368c1cf271981852ad30b6c0ec6ec4a2402,bet2026-ensemble-045,UNASSESSED,./outputs/models/ensemble-081/doitall.sh,
kflow-024142,completed,completed,PacificCommunity/ofp-sam-bet-2026-ensemble,7bd627b745a4bf2eff1c54385502fbd4fc907610,bet-2026-ensemble-more-tau,a-d215f869a927017bfc1993910ba6ad67c491dd6e8f3f9a0c32f30ada187a8d19,bet2026-ensemble-051,UNASSESSED,./outputs/models/ensemble-082/doitall.sh,
kflow-024143,completed,completed,PacificCommunity/ofp-sam-bet-2026-ensemble,7bd627b745a4bf2eff1c54385502fbd4fc907610,bet-2026-ensemble-more-tau,a-74e1f514456895c4370576b349b8d563f8439e715ec97dd8532cb16d24fb93ec,bet2026-ensemble-051,UNASSESSED,./outputs/models/ensemble-083/doitall.sh,
kflow-024144,completed,completed,PacificCommunity/ofp-sam-bet-2026-ensemble,7bd627b745a4bf2eff1c54385502fbd4fc907610,bet-2026-ensemble-more-tau,a-130cdacd24e1f1f67125bf34723855f00443512ccfc507a706f3a2025ec11904,bet2026-ensemble-051,UNASSESSED,./outputs/models/ensemble-084/doitall.sh,
kflow-024145,failed,failed,PacificCommunity/ofp-sam-bet-2026-ensemble,7bd627b745a4bf2eff1c54385502fbd4fc907610,bet-2026-ensemble-more-tau,a-9f8d0b4745dc167521b6cd4078b453a27dd667429492be6254d7ab47a0669aeb,bet2026-ensemble-045,UNASSESSED,,
kflow-024146,completed,completed,PacificCommunity/ofp-sam-bet-2026-ensemble,7bd627b745a4bf2eff1c54385502fbd4fc907610,bet-2026-ensemble-more-tau,a-ab6ba68868cb0623981522430f05f797ddf8457107dee80fcd891056f8b77394,bet2026-ensemble-045,UNASSESSED,./outputs/models/ensemble-086/doitall.sh,
kflow-024147,completed,completed,PacificCommunity/ofp-sam-bet-2026-ensemble,7bd627b745a4bf2eff1c54385502fbd4fc907610,bet-2026-ensemble-more-tau,a-400df3c1b5965c17ae43c66f4b18d20fb0777ca1b55ff192436af30cf4f6ed13,bet2026-ensemble-045,UNASSESSED,./outputs/models/ensemble-087/doitall.sh,
kflow-024148,completed,completed,PacificCommunity/ofp-sam-bet-2026-ensemble,7bd627b745a4bf2eff1c54385502fbd4fc907610,bet-2026-ensemble-more-tau,a-372b976f883eb4a6becae822ca1e8c68afb0b20e51812fe85efc5361fc9ff9e6,bet2026-ensemble-051,UNASSESSED,./outputs/models/ensemble-088/doitall.sh,
kflow-024149,completed,completed,PacificCommunity/ofp-sam-bet-2026-ensemble,7bd627b745a4bf2eff1c54385502fbd4fc907610,bet-2026-ensemble-more-tau,a-ceb81a1e29a32f9d001b779f98d81d6291838ed089120aa0698706cbdf13ab48,bet2026-ensemble-051,UNASSESSED,./outputs/models/ensemble-089/doitall.sh,
kflow-024150,completed,completed,PacificCommunity/ofp-sam-bet-2026-ensemble,7bd627b745a4bf2eff1c54385502fbd4fc907610,bet-2026-ensemble-more-tau,a-923bafbddd9e7645dc34ef622455b4020429600c1e8a48a44b363b09b4dd3c85,bet2026-ensemble-045,UNASSESSED,./outputs/models/ensemble-090/doitall.sh,
kflow-024151,completed,completed,PacificCommunity/ofp-sam-bet-2026-ensemble,7bd627b745a4bf2eff1c54385502fbd4fc907610,bet-2026-ensemble-more-tau,a-bd4c65560ce4748dd9d3a09c84fc41874371883fc6d40cdcf245def96823ce35,bet2026-ensemble-051,UNASSESSED,./outputs/models/ensemble-091/doitall.sh,
kflow-024152,failed,failed,PacificCommunity/ofp-sam-bet-2026-ensemble,7bd627b745a4bf2eff1c54385502fbd4fc907610,bet-2026-ensemble-more-tau,a-acbc9d02c2043828f6bd4bc38f7f5f5e50cf992d4416a26425e08b6f847a725a,bet2026-ensemble-045,UNASSESSED,,
kflow-024153,completed,completed,PacificCommunity/ofp-sam-bet-2026-ensemble,7bd627b745a4bf2eff1c54385502fbd4fc907610,bet-2026-ensemble-more-tau,a-3c1d6e86a8562a9e7653be5555dc1edc4643c013fc686e294009eacc5ae56fd2,bet2026-ensemble-051,UNASSESSED,./outputs/models/ensemble-093/doitall.sh,
kflow-024154,completed,completed,PacificCommunity/ofp-sam-bet-2026-ensemble,7bd627b745a4bf2eff1c54385502fbd4fc907610,bet-2026-ensemble-more-tau,a-10dbba59c2d6ddf0748bb737d1063fb976c9ebbee8dff8eeba823216e2dd1d7b,bet2026-ensemble-051,UNASSESSED,./outputs/models/ensemble-094/doitall.sh,
kflow-024155,completed,completed,PacificCommunity/ofp-sam-bet-2026-ensemble,7bd627b745a4bf2eff1c54385502fbd4fc907610,bet-2026-ensemble-more-tau,a-41b769ce94e3f1d0cd423340871d9a79a019fd81976d3d3bcbfc5fa0f2ce2a08,bet2026-ensemble-051,UNASSESSED,./outputs/models/ensemble-095/doitall.sh,
kflow-024156,completed,completed,PacificCommunity/ofp-sam-bet-2026-ensemble,7bd627b745a4bf2eff1c54385502fbd4fc907610,bet-2026-ensemble-more-tau,a-a51a4468ba71b49523e2080090ead24ef50796c5d7200cfebcb106cb8b89377a,bet2026-ensemble-045,UNASSESSED,./outputs/models/ensemble-096/doitall.sh,
kflow-024157,completed,completed,PacificCommunity/ofp-sam-bet-2026-ensemble,7bd627b745a4bf2eff1c54385502fbd4fc907610,bet-2026-ensemble-more-tau,a-04a67491437c58b47a98c4559fedab0bcbc1e015935857163ce4ab0c3bc69559,bet2026-ensemble-045,UNASSESSED,./outputs/models/ensemble-097/doitall.sh,
kflow-024158,completed,completed,PacificCommunity/ofp-sam-bet-2026-ensemble,7bd627b745a4bf2eff1c54385502fbd4fc907610,bet-2026-ensemble-more-tau,a-0795be1fab363a66bb2e84d8339e9d4ffdfe7688c84c20a2ca3056eb5133abb1,bet2026-ensemble-045,UNASSESSED,./outputs/models/ensemble-098/doitall.sh,
kflow-024159,completed,completed,PacificCommunity/ofp-sam-bet-2026-ensemble,7bd627b745a4bf2eff1c54385502fbd4fc907610,bet-2026-ensemble-more-tau,a-cf53cbcd58d0642c4d9664a3144b0b787395a58c033180d5b6099e0032df9d6c,bet2026-ensemble-052,UNASSESSED,./outputs/models/ensemble-099/doitall.sh,
kflow-024160,completed,completed,PacificCommunity/ofp-sam-bet-2026-ensemble,7bd627b745a4bf2eff1c54385502fbd4fc907610,bet-2026-ensemble-more-tau,a-e8181e8d42fd3b675c0857246759a90e637ff45f6762a0f831ff9c6ef173ed45,bet2026-ensemble-046,UNASSESSED,./outputs/models/ensemble-100/doitall.sh,
kflow-024174,failed,failed,PacificCommunity/ofp-sam-bet-2026-ensemble,2ffa4347760459ad20562ef93f92a70861cee420,bet-2026-rr-paired-test,a-5f805ed991d62a994d265f79e29c54b39823e6c50b34173cbf985895e964bdec,bet2026-ensemble-046,UNASSESSED,,
kflow-024175,completed,completed,PacificCommunity/ofp-sam-bet-2026-ensemble,2ffa4347760459ad20562ef93f92a70861cee420,bet-2026-rr-paired-test,a-dc05d905033dd7b55f1ba351a47ed3f15626d77a61c40ac84378b2e8244b5404,bet2026-ensemble-046,UNASSESSED,./outputs/rr-test/rrtest-006-rr1/doitall.sh,
kflow-024176,completed,completed,PacificCommunity/ofp-sam-bet-2026-ensemble,2ffa4347760459ad20562ef93f92a70861cee420,bet-2026-rr-paired-test,a-cec1eddbdb1b69caf17c84ed36da39ca1f3684a65aa2fb84794690af1ec19f09,bet2026-ensemble-046,UNASSESSED,./outputs/rr-test/rrtest-007-rr1/doitall.sh,
kflow-024177,completed,completed,PacificCommunity/ofp-sam-bet-2026-ensemble,2ffa4347760459ad20562ef93f92a70861cee420,bet-2026-rr-paired-test,a-c28685149d33289b643160a01e67525e89c9c52da2d0e45fd27ac1bf15ba9659,bet2026-ensemble-046,UNASSESSED,./outputs/rr-test/rrtest-005-rr1/doitall.sh,
kflow-024178,completed,completed,PacificCommunity/ofp-sam-bet-2026-ensemble,2ffa4347760459ad20562ef93f92a70861cee420,bet-2026-rr-paired-test,a-284d733941a6216904dcc3394433ef5bea017e45073ae93ab2bb350e44498dd0,bet2026-ensemble-046,UNASSESSED,./outputs/rr-test/rrtest-008-rr1/doitall.sh,
kflow-024179,failed,failed,PacificCommunity/ofp-sam-bet-2026-ensemble,2ffa4347760459ad20562ef93f92a70861cee420,bet-2026-rr-paired-test,a-f0cc9c8f925e2561f07b216ac1dbf26963bf1e67884eb956dbfd54e855bfa842,bet2026-ensemble-046,UNASSESSED,,
kflow-024180,failed,failed,PacificCommunity/ofp-sam-bet-2026-ensemble,2ffa4347760459ad20562ef93f92a70861cee420,bet-2026-rr-paired-test,a-333ff334b4e89905e816968fcb29f0a0059bb5051d714684bf190c3ceae378c6,bet2026-ensemble-046,UNASSESSED,,
kflow-024181,completed,completed,PacificCommunity/ofp-sam-bet-2026-ensemble,2ffa4347760459ad20562ef93f92a70861cee420,bet-2026-rr-paired-test,a-08935697836d3556499bc7a3feb50ae2a679d3fa4a5a5f244bd678bc40fd0b14,bet2026-ensemble-046,UNASSESSED,./outputs/rr-test/rrtest-033-rr1/doitall.sh,
kflow-024182,completed,completed,PacificCommunity/ofp-sam-bet-2026-ensemble,2ffa4347760459ad20562ef93f92a70861cee420,bet-2026-rr-paired-test,a-eb60a7dd88a9edb0eded61b03303b42483b36b961cb04ad1fb9eb126459fa9c1,bet2026-ensemble-046,UNASSESSED,./outputs/rr-test/rrtest-032-rr1/doitall.sh,
kflow-024183,completed,completed,PacificCommunity/ofp-sam-bet-2026-ensemble,2ffa4347760459ad20562ef93f92a70861cee420,bet-2026-rr-paired-test,a-17320355b8ec18c6439ca29e3a480e0909be871cca88330b058079f1a33bd536,bet2026-ensemble-046,UNASSESSED,./outputs/rr-test/rrtest-014-rr1/doitall.sh,
kflow-024184,completed,completed,PacificCommunity/ofp-sam-bet-2026-ensemble,2ffa4347760459ad20562ef93f92a70861cee420,bet-2026-rr-paired-test,a-a5dee6f4ad585b3032e07e7a9509cc6eec98a8fd6e6fb87c77d05756be680fb3,bet2026-ensemble-046,UNASSESSED,./outputs/rr-test/rrtest-027-rr1/doitall.sh,
kflow-024185,completed,completed,PacificCommunity/ofp-sam-bet-2026-ensemble,2ffa4347760459ad20562ef93f92a70861cee420,bet-2026-rr-paired-test,a-224d9403f46c0c8a0dbd1523557b33d986d0b85e5506e2f13b0673f73c41ba29,bet2026-ensemble-046,UNASSESSED,./outputs/rr-test/rrtest-029-rr1/doitall.sh,
kflow-024186,completed,completed,PacificCommunity/ofp-sam-bet-2026-ensemble,2ffa4347760459ad20562ef93f92a70861cee420,bet-2026-rr-paired-test,a-20f96246168728c34c173c00221c5f161084bbd1109fb79f1a294f91387a453b,bet2026-ensemble-046,UNASSESSED,./outputs/rr-test/rrtest-034-rr1/doitall.sh,
kflow-024187,completed,completed,PacificCommunity/ofp-sam-bet-2026-ensemble,2ffa4347760459ad20562ef93f92a70861cee420,bet-2026-rr-paired-test,a-0df96b511972c9bdf221a025aaeec7efa70ca5d21193c35f43da91ce23690e7d,bet2026-ensemble-046,UNASSESSED,./outputs/rr-test/rrtest-035-rr1/doitall.sh,
kflow-024188,completed,completed,PacificCommunity/ofp-sam-bet-2026-ensemble,2ffa4347760459ad20562ef93f92a70861cee420,bet-2026-rr-paired-test,a-b0a4b296b7890960e90f98a58e0ba42c78972a8b533cce881037873d4608d711,bet2026-ensemble-046,UNASSESSED,./outputs/rr-test/rrtest-040-rr1/doitall.sh,
kflow-024189,completed,completed,PacificCommunity/ofp-sam-bet-2026-ensemble,2ffa4347760459ad20562ef93f92a70861cee420,bet-2026-rr-paired-test,a-9135f0f1872da16c20148440d720b0e2388bdac797ffe5302e462e54d9e3bd32,bet2026-ensemble-047,UNASSESSED,./outputs/rr-test/rrtest-042-rr1/doitall.sh,
kflow-024190,completed,completed,PacificCommunity/ofp-sam-bet-2026-ensemble,2ffa4347760459ad20562ef93f92a70861cee420,bet-2026-rr-paired-test,a-89758bc477f94de5ff11ae4ab5b37577012b20f1bba22f93f2b869cb49cc17c9,bet2026-ensemble-047,UNASSESSED,./outputs/rr-test/rrtest-043-rr1/doitall.sh,
kflow-024191,completed,completed,PacificCommunity/ofp-sam-bet-2026-ensemble,2ffa4347760459ad20562ef93f92a70861cee420,bet-2026-rr-paired-test,a-24b4f90f8d09ce4245c6057fd55e094d06f4f7ddcd502e132aee0bc35a79d5d9,bet2026-ensemble-047,UNASSESSED,./outputs/rr-test/rrtest-044-rr1/doitall.sh,
kflow-024192,completed,completed,PacificCommunity/ofp-sam-bet-2026-ensemble,2ffa4347760459ad20562ef93f92a70861cee420,bet-2026-rr-paired-test,a-21940825625048489edf2a3a5c53d6b37a16accb6b1a329131026b42f3582e74,bet2026-ensemble-047,UNASSESSED,./outputs/rr-test/rrtest-045-rr1/doitall.sh,
kflow-024193,completed,completed,PacificCommunity/ofp-sam-bet-2026-ensemble,2ffa4347760459ad20562ef93f92a70861cee420,bet-2026-rr-paired-test,a-f8aa2da8e6f5a66a15e9f736803c8b8220a956631afbf3075c1dd872311a7c03,bet2026-ensemble-047,UNASSESSED,./outputs/rr-test/rrtest-046-rr1/doitall.sh,
kflow-024194,completed,completed,PacificCommunity/ofp-sam-bet-2026-ensemble,2ffa4347760459ad20562ef93f92a70861cee420,bet-2026-rr-paired-test,a-a856c7ed4b26682848106bfa65a98e858e8e9d3086b8c6c13ff588dedfe6c7f6,bet2026-ensemble-047,UNASSESSED,./outputs/rr-test/rrtest-049-rr1/doitall.sh,
kflow-024195,completed,completed,PacificCommunity/ofp-sam-bet-2026-ensemble,2ffa4347760459ad20562ef93f92a70861cee420,bet-2026-rr-paired-test,a-4cf557532c226b0f86e6a8eb47f1de3f7f59aeb89b655272824f98bacfbdf786,bet2026-ensemble-047,UNASSESSED,./outputs/rr-test/rrtest-052-rr1/doitall.sh,
kflow-024196,completed,completed,PacificCommunity/ofp-sam-bet-2026-ensemble,2ffa4347760459ad20562ef93f92a70861cee420,bet-2026-rr-paired-test,a-98d237d829d340eaf6b6461b71a5cd5c057046df16b3f0ddaa0e0e3a6e1c60f0,bet2026-ensemble-047,UNASSESSED,./outputs/rr-test/rrtest-062-rr1/doitall.sh,
kflow-024197,completed,completed,PacificCommunity/ofp-sam-bet-2026-ensemble,2ffa4347760459ad20562ef93f92a70861cee420,bet-2026-rr-paired-test,a-7e6f4b5f894c9ba5dffdc9b1d2bac2c100f35d196af03b99e1a83154db7a87f1,bet2026-ensemble-047,UNASSESSED,./outputs/rr-test/rrtest-063-rr1/doitall.sh,
kflow-024198,completed,completed,PacificCommunity/ofp-sam-bet-2026-ensemble,2ffa4347760459ad20562ef93f92a70861cee420,bet-2026-rr-paired-test,a-f10622318b985d73eb704c64495a134467508a6df796de9a866999fd0d92bbc0,bet2026-ensemble-047,UNASSESSED,./outputs/rr-test/rrtest-065-rr1/doitall.sh,
kflow-024199,completed,completed,PacificCommunity/ofp-sam-bet-2026-ensemble,2ffa4347760459ad20562ef93f92a70861cee420,bet-2026-rr-paired-test,a-e4ce05704aa0f57250f59cfeee9cc9a6ec3b641a0788e10406c9b25e0ed7830a,bet2026-ensemble-047,UNASSESSED,./outputs/rr-test/rrtest-071-rr1/doitall.sh,
kflow-024200,completed,completed,PacificCommunity/ofp-sam-bet-2026-ensemble,2ffa4347760459ad20562ef93f92a70861cee420,bet-2026-rr-paired-test,a-cfbd2ce7627fe884f5b18e17bf550f436f9bfec7120fe4e052d4e6fd16fe8847,bet2026-ensemble-047,UNASSESSED,./outputs/rr-test/rrtest-074-rr1/doitall.sh,
kflow-024201,completed,completed,PacificCommunity/ofp-sam-bet-2026-ensemble,2ffa4347760459ad20562ef93f92a70861cee420,bet-2026-rr-paired-test,a-c32897b9f1f2221fdf3109b18a7f6bc325f92fedc404792e12793af863a632b1,bet2026-ensemble-047,UNASSESSED,./outputs/rr-test/rrtest-078-rr1/doitall.sh,
kflow-024202,failed,failed,PacificCommunity/ofp-sam-bet-2026-ensemble,2ffa4347760459ad20562ef93f92a70861cee420,bet-2026-rr-paired-test,a-07fabdaa84e003c4dbe012467dd85d0274d447a519b5a42ae67394108377cf63,bet2026-ensemble-047,UNASSESSED,,
kflow-024203,completed,completed,PacificCommunity/ofp-sam-bet-2026-ensemble,2ffa4347760459ad20562ef93f92a70861cee420,bet-2026-rr-paired-test,a-2ee353d37d1649c6719c26c0dd29e647d196717f8d637482db9363c0359e00af,bet2026-ensemble-048,UNASSESSED,./outputs/rr-test/rrtest-086-rr1/doitall.sh,
kflow-024204,completed,completed,PacificCommunity/ofp-sam-bet-2026-ensemble,2ffa4347760459ad20562ef93f92a70861cee420,bet-2026-rr-paired-test,a-f854ffb79eb6acdad54af315f100cd68ad7ca8ae775e0c0b5cfea1c13f79ffc0,bet2026-ensemble-048,UNASSESSED,./outputs/rr-test/rrtest-089-rr1/doitall.sh,
kflow-024206,completed,completed,PacificCommunity/ofp-sam-bet-2026-ensemble,2ffa4347760459ad20562ef93f92a70861cee420,bet-2026-rr-paired-test,a-9d31a9ffc04b8b66309f0890bf2e61a0ccd4942f4421cc53d9126001f8d09632,bet2026-ensemble-048,UNASSESSED,./outputs/rr-test/rrtest-094-rr1/doitall.sh,
kflow-024207,completed,completed,PacificCommunity/ofp-sam-bet-2026-ensemble,2ffa4347760459ad20562ef93f92a70861cee420,bet-2026-rr-paired-test,a-6137e1fa0e2c58df42118fb1152af7ea21e09f89567cb150e4d114f826876f36,bet2026-ensemble-048,UNASSESSED,./outputs/rr-test/rrtest-095-rr1/doitall.sh,
kflow-024208,completed,completed,PacificCommunity/ofp-sam-bet-2026-ensemble,2ffa4347760459ad20562ef93f92a70861cee420,bet-2026-rr-paired-test,a-8ec53b8c515a5bbe7998cf34538652831b01e81462bfbe08786710b424dc73c3,bet2026-ensemble-048,UNASSESSED,./outputs/rr-test/rrtest-092-rr1/doitall.sh,
