"ensemble_id","year","depletion","spawning_potential","spawning_potential_nofish","recruitment","fishing_mortality","sb_sbmsy","f_fmsy"
"ensemble-001",1952,0.993138416759634,1286.3675,1295.255,143.88831,0.00791589027820766,6.581,0.0590775
"ensemble-001",1953,0.972152831579146,1286.1825,1323.025,120.221504,0.00759629340546124,6.58025,0.0550475
"ensemble-001",1954,0.960371216224517,1289.925,1343.1525,171.773308,0.00512775851218964,6.59925,0.0371125
"ensemble-001",1955,0.951270937839186,1297.115,1363.56,166.048168,0.00792267206507786,6.63575,0.05843
"ensemble-001",1956,0.939037741804572,1301.565,1386.0625,98.0334686,0.0106070528742795,6.659,0.0654325
"ensemble-001",1957,0.927663623310869,1350.335,1455.63,73.601332,0.0161188265315909,6.90825,0.0904325
"ensemble-001",1958,0.905026642065148,1312.085,1449.775,179.375648,0.0200359941163183,6.71275,0.13523
"ensemble-001",1959,0.875194067168445,1186.6275,1355.845,55.004827,0.0153700002629702,6.0705,0.1240575
"ensemble-001",1960,0.851882222739047,1062.2375,1246.93,129.2789891,0.0144794457569448,5.4345,0.1236475
"ensemble-001",1961,0.844308766697428,1036.1125,1227.1725,64.59809,0.0153573802304422,5.301,0.1218625
"ensemble-001",1962,0.835245478477167,978.82,1171.895,116.304021,0.0125733360254322,5.00775,0.1175875
"ensemble-001",1963,0.826462894733913,928.1075,1122.9875,104.993065,0.0163587259139551,4.74825,0.1510675
"ensemble-001",1964,0.814481199512645,867.3675,1064.9325,74.8750388,0.0118812654166612,4.4375,0.1119375
"ensemble-001",1965,0.820702917804006,847.1275,1032.1975,71.9637272,0.013783788912836,4.33375,0.105195
"ensemble-001",1966,0.82649648471385,840.83,1017.3425,152.359812,0.0120227599987071,4.30175,0.1192375
"ensemble-001",1967,0.82150264506911,802.07,976.345,48.115383,0.0168220678117831,4.103,0.128425
"ensemble-001",1968,0.818752212104637,763.38,932.37,87.127589,0.0133180542374889,3.90525,0.1048125
"ensemble-001",1969,0.824379050827222,773.3335,938.08,111.8847996,0.0147696195238267,3.95625,0.1308675
"ensemble-001",1970,0.820814971027092,748.2775,911.6275,74.564267,0.0288995907130664,3.82825,0.123475
"ensemble-001",1971,0.819115299477888,729.9075,891.0925,70.065157,0.0297203950018749,3.734,0.1268175
"ensemble-001",1972,0.815594991592435,733.6175,899.4875,74.452904,0.0373992796419718,3.75325,0.176
"ensemble-001",1973,0.795740432612313,687.47,863.9375,98.817649,0.0247527711848027,3.517,0.147725
"ensemble-001",1974,0.785125460987779,651.45,829.74,57.405764,0.0411480090517057,3.33275,0.165275
"ensemble-001",1975,0.774115224206162,635.2525,820.6175,145.950491,0.0323648191830254,3.24975,0.20835
"ensemble-001",1976,0.750189287804635,602.4095,803.01,70.503852,0.0401053404677462,3.082,0.21815
"ensemble-001",1977,0.733303991955572,599.8115,817.9575,112.149233,0.0507777967759991,3.0685,0.241425
"ensemble-001",1978,0.728957295207936,626.116,858.92,19.3764977,0.042076815519486,3.20325,0.20095
"ensemble-001",1979,0.715852768201176,617.72725,862.925,84.084669,0.0516354231858255,3.1605,0.26185
"ensemble-001",1980,0.69286018121959,594.526,858.075,85.222043,0.0432931593473335,3.0415,0.264375
"ensemble-001",1981,0.672750032453684,544.1505,808.845,116.710954,0.069870487130086,2.78375,0.247525
"ensemble-001",1982,0.665215284618155,521.69675,784.2525,117.515416,0.078665959297851,2.66875,0.2826
"ensemble-001",1983,0.660839603886234,529.354,801.0325,94.300287,0.102060575489539,2.70825,0.278325
"ensemble-001",1984,0.659981492459623,570.56225,864.5125,114.204714,0.109115265615031,2.91925,0.304
"ensemble-001",1985,0.640717216509123,589.8715,920.6425,106.9823995,0.107145830267203,3.01775,0.316325
"ensemble-001",1986,0.615918196367386,573.426,931.01,83.890758,0.113046454102832,2.93375,0.291125
"ensemble-001",1987,0.600660628383427,572.8125,953.6375,166.3714106,0.118451609217643,2.9305,0.373825
"ensemble-001",1988,0.582323806451125,577.5735,991.8425,136.990197,0.100727093543731,2.95475,0.3189
"ensemble-001",1989,0.569849104954781,572.60575,1004.8375,109.100335,0.103981743964665,2.92925,0.31545
"ensemble-001",1990,0.566671847633188,610.681,1077.6625,105.739375,0.138729255687948,3.12425,0.3877
"ensemble-001",1991,0.557533401530668,628.13525,1126.6325,133.585556,0.155812181270449,3.21325,0.36125
"ensemble-001",1992,0.539526264060282,617.55525,1144.625,120.210207,0.163887813113971,3.1595,0.45485
"ensemble-001",1993,0.509587871684009,576.0445,1130.4125,94.332682,0.140625134230375,2.947,0.4081
"ensemble-001",1994,0.48654715797692,554.637,1139.945,154.935396,0.133691583583795,2.83775,0.47215
"ensemble-001",1995,0.46133351117564,527.45875,1143.335,65.34113,0.141641316265905,2.6985,0.4132
"ensemble-001",1996,0.455761956497639,513.883,1127.525,173.22318,0.144999977096294,2.629,0.382875
"ensemble-001",1997,0.473918539659119,549.22775,1158.9075,110.404954,0.200157145165493,2.80975,0.48785
"ensemble-001",1998,0.457575368664225,543.7105,1188.2425,114.599271,0.202492808919488,2.78125,0.57555
"ensemble-001",1999,0.432804856424645,518.67875,1198.4125,141.939941,0.285630736033276,2.65375,0.63885
"ensemble-001",2000,0.400641474808141,480.289,1198.8,161.023732,0.243651450273168,2.457,0.609075
"ensemble-001",2001,0.377281184359517,448.14025,1187.815,96.773432,0.204434234101238,2.29275,0.5195
"ensemble-001",2002,0.366773800378962,447.6245,1220.4375,134.2773,0.187977380494791,2.29025,0.64125
"ensemble-001",2003,0.353668045424371,450.17875,1272.885,108.853189,0.22507988743607,2.303,0.58835
"ensemble-001",2004,0.343596948316322,443.277,1290.1075,164.012418,0.226452397964729,2.268,0.819525
"ensemble-001",2005,0.317662487018054,406.04175,1278.2175,107.20547,0.233319205506676,2.07725,0.65615
"ensemble-001",2006,0.31206472813091,399.33675,1279.66,119.692801,0.251269623228704,2.043,0.69565
"ensemble-001",2007,0.30929190434612,402.047,1299.895,107.488021,0.253301379425126,2.05675,0.713175
"ensemble-001",2008,0.297876105853481,386.2835,1296.7925,131.742193,0.315252868082529,1.976,0.774275
"ensemble-001",2009,0.281540531104716,356.83925,1267.4525,127.68935,0.264525114481188,1.82525,0.782325
"ensemble-001",2010,0.269442663792458,333.10725,1236.2825,97.629778,0.215918948888188,1.70425,0.65505
"ensemble-001",2011,0.269084273779271,333.275,1238.5525,111.266018,0.276868473727558,1.70525,0.816
"ensemble-001",2012,0.261168393246254,321.813,1232.205,161.349868,0.259254061959167,1.64625,0.82235
"ensemble-001",2013,0.252261755952071,303.218,1201.9975,149.319945,0.248473393489632,1.55125,0.740025
"ensemble-001",2014,0.25869180190638,313.66575,1212.5075,91.898098,0.31534209444274,1.60475,0.7999
"ensemble-001",2015,0.268242632756369,339.9345,1267.265,117.284391,0.259507825780696,1.739,0.725175
"ensemble-001",2016,0.270390936288645,349.992,1294.3925,124.195756,0.350150783737546,1.7905,0.7616
"ensemble-001",2017,0.266414216404482,338.66775,1271.2075,129.224569,0.233953059120359,1.7325,0.64265
"ensemble-001",2018,0.265491674583729,331.848,1249.9375,104.681634,0.269404263668241,1.69775,0.747425
"ensemble-001",2019,0.26502587659472,330.30175,1246.3,106.594434,0.198463247009288,1.68975,0.659075
"ensemble-001",2020,0.270371226991891,336.08225,1243.04,117.527263,0.33098504960358,1.71925,0.70275
"ensemble-001",2021,0.280054363661926,343.605,1226.9225,102.829164,0.347764939035946,1.75775,0.68995
"ensemble-001",2022,0.285321465452837,344.67475,1208.0225,87.970165,0.390291965873085,1.76325,0.754125
"ensemble-001",2023,0.274431763145149,325.81225,1187.225,130.395323,0.393564618672612,1.667,0.823375
"ensemble-001",2024,0.246494812205509,285.502,1158.2475,111.204223,0.305199593218049,1.4605,0.9048
"ensemble-002",1952,0.996694620385244,2447.7275,2455.845,118.407551,0.00714680024021544,6.679,0.0459475
"ensemble-002",1953,0.985785356810396,2491.225,2527.1475,99.323441,0.00673217978590545,6.798,0.04283
"ensemble-002",1954,0.978284907589583,2525.8925,2581.96,132.14769,0.00458500244423609,6.89275,0.0281525
"ensemble-002",1955,0.972066742258553,2561.165,2634.7625,119.5301614,0.00724581112458137,6.98875,0.045955
"ensemble-002",1956,0.96391092072281,2576.4375,2672.9,66.8325669,0.00925702111735774,7.0305,0.05257
"ensemble-002",1957,0.954999695021198,2622.5175,2746.0925,47.0584821,0.0137922222331882,7.15625,0.0732325
"ensemble-002",1958,0.939911492824716,2545.52,2708.255,128.388403,0.0182243460942495,6.94575,0.1093275
"ensemble-002",1959,0.92051659834292,2339.7875,2541.82,50.495105,0.0132450972069943,6.3845,0.0995
"ensemble-002",1960,0.905171798328103,2123.6575,2346.1375,79.002008,0.0144686864257344,5.79475,0.0963975
"ensemble-002",1961,0.896943589968144,2048.3725,2283.725,54.5955347,0.0138548229135679,5.58925,0.0988
"ensemble-002",1962,0.888399559144483,1936.58,2179.8525,73.688065,0.0126023952027657,5.28425,0.09706
"ensemble-002",1963,0.879470447759035,1823.87,2073.8275,54.178523,0.0170937003835887,4.97675,0.1278275
"ensemble-002",1964,0.868886449879423,1696.125,1952.0675,64.8922553,0.0113503992171659,4.62825,0.097845
"ensemble-002",1965,0.867755209835156,1610.02,1855.385,46.1653846,0.0132987981683835,4.39325,0.0937525
"ensemble-002",1966,0.867029703803197,1546.005,1783.105,94.570374,0.0128380631988142,4.2185,0.107925
"ensemble-002",1967,0.8615652774539,1459.3925,1693.885,29.376752,0.0174274938086436,3.98225,0.1190975
"ensemble-002",1968,0.857489676276122,1373.0875,1601.2875,55.631535,0.0133946376965332,3.74675,0.0980175
"ensemble-002",1969,0.857902870074012,1344.885,1567.6425,76.4545998,0.0153557151932946,3.67,0.1231425
"ensemble-002",1970,0.854101694017911,1290.5925,1511.0525,57.9775007,0.0259530599754276,3.52175,0.117575
"ensemble-002",1971,0.851775035078398,1250.525,1468.14,42.7719255,0.0274457769324432,3.41225,0.119145
"ensemble-002",1972,0.848432864609471,1242.6275,1464.615,49.951817,0.0386759799587685,3.3905,0.163825
"ensemble-002",1973,0.835492529112158,1185.99,1419.51,74.9376548,0.0240226158159253,3.23625,0.137
"ensemble-002",1974,0.826327183666329,1133.63,1371.89,33.8158497,0.0386476021536976,3.0935,0.1545
"ensemble-002",1975,0.816837275234133,1106.3775,1354.465,110.212713,0.0332480990174829,3.019,0.195725
"ensemble-002",1976,0.800287410372354,1063.67,1329.11,45.737377,0.0392217044801804,2.90225,0.20455
"ensemble-002",1977,0.78700555755349,1061.3675,1348.615,84.2059133,0.0485490955123187,2.89625,0.227525
"ensemble-002",1978,0.781105761896484,1100.8475,1409.345,12.484714,0.0380390397242224,3.00375,0.1879
"ensemble-002",1979,0.770097548401578,1097.93,1425.7025,53.028909,0.0477459899807458,2.99575,0.239475
"ensemble-002",1980,0.753517050591319,1077.26,1429.6425,61.956253,0.0426592631190694,2.93975,0.237925
"ensemble-002",1981,0.73908901122523,1014.2925,1372.355,81.296873,0.0668293183060463,2.768,0.22575
"ensemble-002",1982,0.730662217928266,975.5875,1335.21,88.0836539,0.0800248217890004,2.662,0.265025
"ensemble-002",1983,0.723387481241154,974.9075,1347.6975,68.461011,0.0959344359106194,2.66025,0.2634
"ensemble-002",1984,0.716596328376326,1021.3325,1425.255,68.6810009,0.106650403770555,2.78675,0.285375
"ensemble-002",1985,0.69906932932674,1053.8575,1507.515,89.9709904,0.105289560647556,2.87575,0.296975
"ensemble-002",1986,0.678039446426563,1040.0125,1533.8525,57.1314217,0.11347727752519,2.838,0.27385
"ensemble-002",1987,0.661557624271425,1039.6775,1571.56,119.2427788,0.120626503266915,2.837,0.34935
"ensemble-002",1988,0.64322751152912,1052.0195,1635.5325,102.824441,0.108723102978038,2.87075,0.30165
"ensemble-002",1989,0.629547204981974,1050.346,1668.415,87.19371,0.0972453891952563,2.866,0.296225
"ensemble-002",1990,0.622557983410439,1108.175,1780.035,84.593436,0.131061336673254,3.02375,0.3585
"ensemble-002",1991,0.615248099479437,1155.2975,1877.775,84.7364263,0.146168516132784,3.1525,0.323725
"ensemble-002",1992,0.602771440248742,1165.115,1932.93,102.696176,0.177912113634031,3.17925,0.404225
"ensemble-002",1993,0.582470225716688,1130.85575,1941.4825,57.918144,0.136193929832372,3.0855,0.35405
"ensemble-002",1994,0.562279014894183,1104.517,1964.3575,117.158073,0.128016637693188,3.014,0.4071
"ensemble-002",1995,0.541313092026849,1078.634,1992.625,50.624934,0.127026667856875,2.9435,0.3608
"ensemble-002",1996,0.532646295944835,1052.4425,1975.875,137.392454,0.144709221673146,2.87175,0.34035
"ensemble-002",1997,0.541923791164419,1092.1485,2015.3175,53.189495,0.196892263719975,2.98025,0.427
"ensemble-002",1998,0.532515582082605,1098.29475,2062.465,116.986248,0.203361762316215,2.997,0.4972
"ensemble-002",1999,0.515839407282549,1083.344,2100.1575,96.946328,0.286311035472383,2.95625,0.5338
"ensemble-002",2000,0.49076813814298,1034.80425,2108.54,132.406062,0.241531362071828,2.8235,0.513025
"ensemble-002",2001,0.469472032525339,989.59775,2107.895,63.509409,0.204203455770283,2.7005,0.4416
"ensemble-002",2002,0.455236562107846,981.292,2155.565,108.65144,0.186617232844332,2.67775,0.552825
"ensemble-002",2003,0.439936407565214,981.673,2231.3975,70.391369,0.22328834969399,2.6785,0.499775
"ensemble-002",2004,0.427981448836569,966.8775,2259.1575,128.117912,0.261713723710762,2.6385,0.706125
"ensemble-002",2005,0.408955243777933,920.2955,2250.3575,69.56022,0.243996903675828,2.51125,0.560725
"ensemble-002",2006,0.398463308525591,894.38875,2244.595,83.205791,0.254655593329891,2.4405,0.6108
"ensemble-002",2007,0.387952259669228,878.128,2263.495,99.705617,0.290424750799578,2.396,0.620875
"ensemble-002",2008,0.375437520595611,840.24325,2238.0375,85.061688,0.388239619678628,2.29275,0.665725
"ensemble-002",2009,0.361072491984817,790.03925,2188.035,100.24861,0.29229228388816,2.15575,0.682475
"ensemble-002",2010,0.343770866991325,743.14925,2161.7575,72.897718,0.229025406936357,2.0275,0.573825
"ensemble-002",2011,0.335871595087623,725.706,2160.665,78.736165,0.311103426305253,1.98025,0.7126
"ensemble-002",2012,0.326938519709558,705.56275,2158.09,126.385222,0.278745413307051,1.92525,0.7299
"ensemble-002",2013,0.318490407214569,673.483,2114.61,111.988925,0.26824869379404,1.83775,0.668825
"ensemble-002",2014,0.321089536329092,680.01225,2117.8275,67.174129,0.316664758722252,1.8555,0.72205
"ensemble-002",2015,0.328526294194078,720.606,2193.45,89.793005,0.258748833431097,1.96625,0.639775
"ensemble-002",2016,0.330612443172872,740.14125,2238.6975,91.974582,0.357116284284628,2.0195,0.665625
"ensemble-002",2017,0.329076167026238,728.72025,2214.4425,91.566567,0.243949642308016,1.98825,0.56075
"ensemble-002",2018,0.328670862711169,718.92725,2187.3775,73.34892,0.284675434501523,1.96175,0.662575
"ensemble-002",2019,0.326715503545594,711.0285,2176.2925,76.03929,0.196519025343923,1.94025,0.593875
"ensemble-002",2020,0.32704323806172,706.23025,2159.44,81.080723,0.322155798770429,1.92725,0.633875
"ensemble-002",2021,0.331881360826443,703.966,2121.1375,76.950024,0.306422292617862,1.921,0.6246
"ensemble-002",2022,0.332374626745412,690.9545,2078.8425,65.078346,0.43381633295708,1.8855,0.680375
"ensemble-002",2023,0.324896572250608,654.959,2015.9,90.819385,0.42046494992969,1.78725,0.725425
"ensemble-002",2024,0.307528085888541,604.82625,1966.735,80.691077,0.30352560990843,1.65025,0.799925
"ensemble-003",1952,0.993728556208948,1480.7425,1490.0875,70.627689,0.0110061091264415,4.75575,0.0825025
"ensemble-003",1953,0.974311581153204,1487.8225,1527.05,84.83416,0.0104857911242655,4.77875,0.0769525
"ensemble-003",1954,0.962699396763979,1496.5475,1554.5325,57.483846,0.00887147051016184,4.80675,0.05151
"ensemble-003",1955,0.953338063580207,1508.1975,1582.0175,86.6650549,0.0104617918254716,4.844,0.0814425
"ensemble-003",1956,0.940401841697037,1518.575,1614.815,36.9705489,0.0145223920596557,4.8775,0.0937675
"ensemble-003",1957,0.927619548066287,1553.4775,1674.6925,26.5835871,0.0217328757427366,4.98925,0.1274175
"ensemble-003",1958,0.904828070006413,1502.6525,1660.705,48.5133714,0.0302858986216396,4.82625,0.191175
"ensemble-003",1959,0.874565936420906,1351.8275,1545.7125,59.2003552,0.0192131293272819,4.34175,0.18153
"ensemble-003",1960,0.847596932004129,1192.66,1407.1075,33.8947291,0.0249444108299793,3.8305,0.185045
"ensemble-003",1961,0.835230540114127,1132.89,1356.38,40.7779668,0.0214002637333078,3.63875,0.18185
"ensemble-003",1962,0.824077180884503,1068.3625,1296.435,42.635086,0.0208226695697159,3.43125,0.1793
"ensemble-003",1963,0.811551067771422,996.605,1228.025,52.81595,0.0245923532283896,3.20075,0.231675
"ensemble-003",1964,0.796386550804395,920.37,1155.6825,30.5628933,0.0181925298277589,2.9565,0.1742
"ensemble-003",1965,0.799716308230433,889.3825,1112.1225,25.3737981,0.0211864520170493,2.85625,0.1639
"ensemble-003",1966,0.803456079750048,876.9,1091.41,66.9074988,0.0196645780555587,2.8165,0.189325
"ensemble-003",1967,0.795533278925714,826.1275,1038.4575,19.8305674,0.0256053768129468,2.6535,0.20495
"ensemble-003",1968,0.791428874455814,783.5225,990.01,35.4029872,0.021484484698561,2.5165,0.169075
"ensemble-003",1969,0.794430172816441,782.4025,984.86,41.8145124,0.0250386062947511,2.51275,0.21755
"ensemble-003",1970,0.786840740329094,743.34025,944.715,35.4073911,0.0410804118864716,2.38725,0.2073
"ensemble-003",1971,0.782038332959451,714.654,913.835,25.517678,0.0411192682074367,2.29525,0.2121
"ensemble-003",1972,0.77556037124595,708.614,913.68,29.081294,0.0597015574765714,2.27575,0.29625
"ensemble-003",1973,0.752514861191061,660.17,877.285,42.239013,0.0340994777376635,2.1205,0.246775
"ensemble-003",1974,0.739252836208934,625.55575,846.2,21.3805211,0.0584251827222819,2.0095,0.2778
"ensemble-003",1975,0.724326125017179,606.09075,836.765,72.391755,0.0554191200813202,1.94675,0.365425
"ensemble-003",1976,0.695601300308454,564.90825,812.115,19.1001855,0.063814810116598,1.81425,0.376825
"ensemble-003",1977,0.676278006014146,558.866,826.385,53.1246142,0.0797467333776314,1.79525,0.41975
"ensemble-003",1978,0.668334940496469,578.72125,865.915,5.6996466,0.0629984992119006,1.85875,0.352275
"ensemble-003",1979,0.650190298507463,566.31575,871,24.8836433,0.0859973552165811,1.81875,0.45495
"ensemble-003",1980,0.621317431733635,537.379,864.9025,46.725503,0.0694715959294643,1.726,0.467875
"ensemble-003",1981,0.596576295600056,488.72425,819.215,56.216045,0.0997188962615198,1.56975,0.438125
"ensemble-003",1982,0.585832215876945,468.553,799.8075,57.5554066,0.116882819042603,1.505,0.502675
"ensemble-003",1983,0.580298624992428,479.0075,825.45,43.315446,0.144349146389954,1.53825,0.491525
"ensemble-003",1984,0.57705187596511,518.50275,898.5375,43.2609976,0.164280033020961,1.6655,0.533225
"ensemble-003",1985,0.55387098618786,532.7325,961.835,56.4824952,0.157717115643204,1.711,0.559525
"ensemble-003",1986,0.52632064730926,518.914,985.9275,42.983522,0.169729262930733,1.66675,0.51235
"ensemble-003",1987,0.507534697654833,518.26525,1021.1425,72.3824209,0.17582039651554,1.6645,0.654275
"ensemble-003",1988,0.48489970679946,520.952,1074.35,64.947151,0.167280503133432,1.673,0.570175
"ensemble-003",1989,0.471825200580798,522.3565,1107.0975,59.0420037,0.147731839200644,1.6775,0.55015
"ensemble-003",1990,0.466361169820182,556.05175,1192.32,47.461255,0.224702937463155,1.786,0.67655
"ensemble-003",1991,0.455631964342566,572.456,1256.4,80.5838039,0.243627054136546,1.8385,0.63565
"ensemble-003",1992,0.435639790085644,558.2615,1281.475,53.1400218,0.308790006526761,1.793,0.798425
"ensemble-003",1993,0.403034171575365,515.387,1278.7675,34.05608,0.212889084160094,1.65525,0.7193
"ensemble-003",1994,0.375562490295362,495.8345,1320.245,83.577349,0.220773639707536,1.5925,0.848125
"ensemble-003",1995,0.346250942855913,462.48825,1335.7025,32.551183,0.238188975118912,1.4855,0.761325
"ensemble-003",1996,0.338065686533883,447.244,1322.95,84.915114,0.25937300455884,1.4365,0.708
"ensemble-003",1997,0.353219842773813,477.17175,1350.92,30.9643326,0.336864344723064,1.5325,0.892375
"ensemble-003",1998,0.334589119442588,464.357,1387.8425,90.58876,0.333507861380787,1.4915,1.083525
"ensemble-003",1999,0.306312921252453,430.83525,1406.52,60.021166,0.506161684950696,1.38375,1.193725
"ensemble-003",2000,0.273802426294358,388.987,1420.685,101.825126,0.401177612032011,1.24925,1.1805
"ensemble-003",2001,0.250565574524752,360.79125,1439.9075,41.790596,0.331612572068428,1.15875,0.98875
"ensemble-003",2002,0.240862595381702,361.50525,1500.8775,78.39038,0.292026697622739,1.16125,1.2155
"ensemble-003",2003,0.22953246716212,362.20625,1578.0175,51.502787,0.370337554974771,1.16325,1.0906
"ensemble-003",2004,0.224408065098505,362.02575,1613.2475,91.941221,0.436686249893256,1.16275,1.51825
"ensemble-003",2005,0.206534808047549,334.021,1617.2625,59.70454,0.417921298898006,1.07275,1.229
"ensemble-003",2006,0.200096002299163,327.2325,1635.3775,61.357112,0.418312495117218,1.051,1.32175
"ensemble-003",2007,0.19283720400865,321.9205,1669.39,76.5197591,0.494055221735196,1.034,1.37025
"ensemble-003",2008,0.183621852652189,307.607,1675.22,67.5920295,0.61662671467849,0.987875,1.4745
"ensemble-003",2009,0.168985292408298,279.8595,1656.1175,74.557177,0.423873629240632,0.898875,1.5105
"ensemble-003",2010,0.155916097455709,260.10625,1668.245,55.465838,0.326532893918716,0.835425,1.234625
"ensemble-003",2011,0.155824293265746,263.90675,1693.6175,58.7232657,0.459738075369737,0.8476,1.51875
"ensemble-003",2012,0.152295543099424,259.33875,1702.865,92.175226,0.388768871976528,0.83295,1.55825
"ensemble-003",2013,0.146932593570326,246.29025,1676.2125,82.080535,0.377135886467632,0.79105,1.3896
"ensemble-003",2014,0.153258742751432,258.477,1686.54,47.379688,0.464414347126649,0.830175,1.474
"ensemble-003",2015,0.16188903358759,282.808,1746.925,66.192087,0.383078757262827,0.908325,1.3415
"ensemble-003",2016,0.16375561912546,290.51475,1774.075,66.629737,0.555104639179874,0.933075,1.41195
"ensemble-003",2017,0.161278158850457,281.32475,1744.345,72.099656,0.372059902525265,0.903575,1.207925
"ensemble-003",2018,0.159727671258431,273.99525,1715.39,54.606982,0.437852058780721,0.880025,1.40575
"ensemble-003",2019,0.157830243358449,268.90525,1703.7625,58.036222,0.301509977172587,0.863675,1.24215
"ensemble-003",2020,0.161495739804089,273.554,1693.8775,62.1576343,0.524141792534984,0.878575,1.304325
"ensemble-003",2021,0.169721534671986,283.53425,1670.585,64.0847236,0.56266401551691,0.910675,1.31735
"ensemble-003",2022,0.169442876293978,278.38575,1642.9475,47.820657,0.704450504296938,0.894125,1.47375
"ensemble-003",2023,0.156812934111462,250.0935,1594.8525,67.499566,0.650174475836559,0.80325,1.641
"ensemble-003",2024,0.132937808373255,208.609,1569.2225,54.551976,0.54052924125864,0.670025,1.90125
"ensemble-004",1952,0.995943803588687,2091.97,2100.49,411.88977,0.00340122264004299,14.525,0.02415
"ensemble-004",1953,0.983956201910882,2094.705,2128.86,412.816383,0.00344304545015739,14.545,0.022595
"ensemble-004",1954,0.978183512419557,2099.4875,2146.3125,377.40449,0.00279588739341717,14.5775,0.01538625
"ensemble-004",1955,0.973843841332237,2095.8775,2152.17,447.078332,0.00340771510166471,14.555,0.024343
"ensemble-004",1956,0.967152047196439,2089.37,2160.3325,227.202212,0.00540417580304394,14.5075,0.0284275
"ensemble-004",1957,0.96092386345743,2151.165,2238.6425,175.007638,0.00813920819231144,14.9375,0.040845
"ensemble-004",1958,0.946513477581873,2037.95,2153.1125,328.700298,0.0112331248740843,14.1525,0.06353
"ensemble-004",1959,0.92676796631105,1778.2175,1918.73,249.281173,0.00685932073630936,12.3475,0.0583775
"ensemble-004",1960,0.911004925817774,1544.29,1695.15,200.048593,0.0094800884888987,10.725,0.0597375
"ensemble-004",1961,0.90794803279085,1501.855,1654.12,231.279158,0.00749932536052782,10.4275,0.0590225
"ensemble-004",1962,0.902419130805559,1396.8275,1547.87,233.319904,0.00732583681951719,9.70025,0.058415
"ensemble-004",1963,0.89630030263831,1300.8925,1451.4025,256.323729,0.0084461740868766,9.0325,0.0750575
"ensemble-004",1964,0.887413470975786,1195.7475,1347.4525,180.163675,0.0061964937183043,8.30275,0.0556325
"ensemble-004",1965,0.893254216716596,1159.1425,1297.6625,146.767261,0.00784166334852318,8.04875,0.0530425
"ensemble-004",1966,0.897895179344798,1148.06,1278.6125,304.228814,0.00724585103133367,7.9715,0.0616925
"ensemble-004",1967,0.892216380291615,1069.9325,1199.185,136.083219,0.00924070760832581,7.429,0.06605
"ensemble-004",1968,0.889659883193994,1006.1475,1130.935,197.553496,0.00767182072319584,6.9865,0.0547975
"ensemble-004",1969,0.893394270554233,1016.9775,1138.33,196.167224,0.00882669527955164,7.0615,0.07016
"ensemble-004",1970,0.88863390804067,962.275,1082.87,175.653193,0.0187934248733447,6.6815,0.066055
"ensemble-004",1971,0.88626277246324,924.6025,1043.26,125.5957772,0.018997927299725,6.42025,0.06947
"ensemble-004",1972,0.88242255631563,924.5825,1047.7775,141.149156,0.0252586787313515,6.42,0.09819
"ensemble-004",1973,0.864146485528647,844.8825,977.7075,215.555355,0.0145286531222448,5.8665,0.08161
"ensemble-004",1974,0.856347327802327,795.035,928.4025,103.627637,0.0322618621064115,5.5205,0.09232
"ensemble-004",1975,0.84833122670909,778.5475,917.74,316.51646,0.0209328998045942,5.40575,0.1168725
"ensemble-004",1976,0.827557372926139,732.11725,884.6725,99.553527,0.027886779564319,5.0835,0.1193
"ensemble-004",1977,0.816561011218688,743.87075,910.98,237.731143,0.0338233872770925,5.165,0.13325
"ensemble-004",1978,0.814739634362427,781.6775,959.42,24.77324,0.0284757089429289,5.4275,0.1135025
"ensemble-004",1979,0.802065888830833,756.00525,942.5725,108.857447,0.0395572071371992,5.24925,0.15305
"ensemble-004",1980,0.780629559150016,713.78425,914.37,198.65882,0.0288280398947617,4.95625,0.156725
"ensemble-004",1981,0.761232715939502,630.77075,828.6175,228.18775,0.044545226422969,4.3795,0.14485
"ensemble-004",1982,0.756183643468318,601.839,795.89,211.967876,0.0519376808111471,4.179,0.161325
"ensemble-004",1983,0.757140826584246,625.89425,826.655,161.142631,0.0688614264554198,4.346,0.157425
"ensemble-004",1984,0.760470811868096,690.10825,907.475,189.488619,0.0762026058869203,4.7915,0.174875
"ensemble-004",1985,0.743317114792199,710.0035,955.1825,189.414977,0.0717391750011393,4.93,0.1835
"ensemble-004",1986,0.721060170394036,677.0755,939,155.017294,0.0772896665486453,4.701,0.16815
"ensemble-004",1987,0.709793220401274,675.96625,952.3425,261.844529,0.0865345055502419,4.69375,0.218625
"ensemble-004",1988,0.695241892677823,684.377,984.3725,241.749267,0.0671233069391116,4.752,0.182875
"ensemble-004",1989,0.686158283335156,674.461,982.9525,202.302967,0.0664622012920657,4.683,0.1793
"ensemble-004",1990,0.687670864591784,735.37975,1069.3775,192.706316,0.0887095712952985,5.106,0.223475
"ensemble-004",1991,0.680421276223109,757.58275,1113.4025,109.545087,0.124565058372117,5.26,0.2139
"ensemble-004",1992,0.660869192196281,731.7755,1107.2925,281.416503,0.0938228022895601,5.08125,0.271275
"ensemble-004",1993,0.628448167796839,664.265,1056.9925,134.267711,0.0952908858391229,4.61225,0.24425
"ensemble-004",1994,0.609788596382734,640.9305,1051.07,295.801363,0.0958777659608171,4.45025,0.2842
"ensemble-004",1995,0.587851980911631,610.6915,1038.8525,95.368567,0.101726676934999,4.24025,0.24305
"ensemble-004",1996,0.586917412964757,595.2355,1014.1725,276.51199,0.111815952741838,4.133,0.22605
"ensemble-004",1997,0.610076842224874,644.27775,1056.06,87.397686,0.162499787070999,4.4735,0.295225
"ensemble-004",1998,0.588232599885264,635.7265,1080.74,261.5848,0.143684123715714,4.414,0.353575
"ensemble-004",1999,0.555803936689457,591.003,1063.33,153.602017,0.223154908450394,4.1035,0.399225
"ensemble-004",2000,0.518226394183137,540.06575,1042.1425,304.111626,0.169778867588051,3.75,0.37625
"ensemble-004",2001,0.493704111555165,498.77075,1010.2625,123.263102,0.152269063534647,3.4635,0.31505
"ensemble-004",2002,0.488851396787581,508.87475,1040.96,240.339999,0.130353705688021,3.53325,0.38675
"ensemble-004",2003,0.478884128466965,520.31,1086.505,130.080486,0.179862217102369,3.61275,0.355525
"ensemble-004",2004,0.471927319181942,517.17925,1095.8875,274.249417,0.162855237594413,3.591,0.496575
"ensemble-004",2005,0.443854661823618,475.041,1070.2625,157.253054,0.176014991186585,3.29875,0.3923
"ensemble-004",2006,0.439980422121594,468.56925,1064.9775,174.853268,0.180889426315788,3.2535,0.418825
"ensemble-004",2007,0.438199391386525,474.1175,1081.9675,164.033482,0.19310746464215,3.29225,0.4385
"ensemble-004",2008,0.423848387883793,451.68675,1065.68,172.595203,0.243951403782581,3.13625,0.477575
"ensemble-004",2009,0.401609232248758,407.1665,1013.8375,204.76542,0.179074361075481,2.827,0.481925
"ensemble-004",2010,0.387456920631924,379.7165,980.0225,134.120677,0.164132427105224,2.6365,0.399425
"ensemble-004",2011,0.392565600271511,384.5975,979.7025,151.648462,0.21236142206694,2.67025,0.5032
"ensemble-004",2012,0.384780566124428,372.66575,968.515,250.284121,0.182408713596259,2.5875,0.50455
"ensemble-004",2013,0.372834212840809,347.60825,932.34,214.057559,0.182281728213383,2.4135,0.44515
"ensemble-004",2014,0.384421686430205,365.51775,950.825,123.485643,0.241929864024509,2.538,0.483525
"ensemble-004",2015,0.399032317910282,403.287,1010.6625,164.163444,0.201065808269722,2.8,0.448275
"ensemble-004",2016,0.396837707368473,404.86375,1020.225,185.478068,0.27076812014727,2.811,0.480975
"ensemble-004",2017,0.386383025460787,378.17625,978.76,187.361989,0.177298247719354,2.62575,0.4057
"ensemble-004",2018,0.382794537681536,364.20125,951.4275,143.01837,0.204067927600976,2.52875,0.470125
"ensemble-004",2019,0.383497097914856,365.21675,952.3325,179.498769,0.138185149793649,2.53575,0.4113
"ensemble-004",2020,0.391131995255141,372.59625,952.61,140.444202,0.250459213488143,2.58725,0.437
"ensemble-004",2021,0.402562392307265,380.23125,944.5275,141.960874,0.237581078859354,2.64025,0.4436
"ensemble-004",2022,0.403674194858171,375.307,929.7275,111.663629,0.339893336612457,2.60575,0.49895
"ensemble-004",2023,0.387275255309968,343.2895,886.4225,181.12478,0.329367598208466,2.3835,0.555975
"ensemble-004",2024,0.347823242430343,293.73325,844.49,199.91076,0.20521700342692,2.0395,0.580125
"ensemble-005",1952,0.993509474584052,1412.0775,1421.3025,88.923926,0.0102527866086471,4.6435,0.0788725
"ensemble-005",1953,0.973403021938857,1416.81,1455.5225,65.32629,0.0100822278589097,4.659,0.073495
"ensemble-005",1954,0.961373622385508,1423.84,1481.0475,102.124222,0.00677904754042226,4.68225,0.050215
"ensemble-005",1955,0.951208149730084,1424.175,1497.2275,109.2461101,0.0100189947777477,4.683,0.0806475
"ensemble-005",1956,0.937655037474299,1413.7025,1507.7,57.3883638,0.0136321219925702,4.64875,0.0893625
"ensemble-005",1957,0.924956911574434,1453.0125,1570.8975,40.8091064,0.0199308006323307,4.778,0.121375
"ensemble-005",1958,0.902078399080019,1415.9,1569.5975,88.0528095,0.0266268983352498,4.656,0.18035
"ensemble-005",1959,0.872444232032573,1291.525,1480.3525,44.3947618,0.019228930575544,4.247,0.1678425
"ensemble-005",1960,0.847771960016111,1157.675,1365.55,53.4165518,0.0232991067822776,3.80675,0.1708825
"ensemble-005",1961,0.835438230525922,1105.3725,1323.105,52.9991527,0.019665581550351,3.635,0.170425
"ensemble-005",1962,0.822998360561035,1032.865,1255.0025,58.706664,0.0185875590138846,3.3965,0.1657
"ensemble-005",1963,0.811105669822614,968.9225,1194.57,65.504699,0.0221775609672573,3.1865,0.2129
"ensemble-005",1964,0.796693479286089,899.5725,1129.1325,44.9143604,0.015941242113203,2.958,0.1586825
"ensemble-005",1965,0.800513002553562,873.85,1091.6125,38.3569434,0.0185671723806125,2.87375,0.148475
"ensemble-005",1966,0.804783071636808,865.4275,1075.355,82.5752766,0.0175379828119926,2.846,0.169325
"ensemble-005",1967,0.798630584421083,825.215,1033.2875,29.6038298,0.0227401008216743,2.7135,0.1838
"ensemble-005",1968,0.794550390794011,785.0575,988.0525,48.0488467,0.0186445233113981,2.5815,0.151975
"ensemble-005",1969,0.7973841275644,785.23,984.7575,59.3045874,0.0212891383914059,2.582,0.192
"ensemble-005",1970,0.791262288966072,752.9375,951.565,45.0592001,0.0335022895291896,2.476,0.183525
"ensemble-005",1971,0.786977033402274,727.7275,924.7125,35.539216,0.0388566033123785,2.39325,0.188275
"ensemble-005",1972,0.781109007303219,721.94,924.25,38.831897,0.0512967219433216,2.374,0.26205
"ensemble-005",1973,0.759340832662074,674.0175,887.635,59.543227,0.0316082332406161,2.2165,0.220625
"ensemble-005",1974,0.746169793475428,637.05925,853.7725,27.7768594,0.052265339685759,2.095,0.2477
"ensemble-005",1975,0.732175466396043,616.856,842.4975,87.488212,0.0461270106474513,2.0285,0.3189
"ensemble-005",1976,0.705743684834483,580.42125,822.425,29.177265,0.0563058742445037,1.90875,0.334675
"ensemble-005",1977,0.6851330269174,570.9145,833.29,68.3789955,0.0697747289148231,1.87725,0.3739
"ensemble-005",1978,0.67594292536283,587.41975,869.0375,7.4614815,0.0560968743633674,1.93175,0.31315
"ensemble-005",1979,0.657913287675158,573.98,872.425,38.9547557,0.0718130655468844,1.88775,0.407
"ensemble-005",1980,0.630349932317618,547.1595,868.025,52.191441,0.0614393027210806,1.79925,0.414925
"ensemble-005",1981,0.60654209301972,498.661,822.1375,69.351762,0.08925873235605,1.64,0.392025
"ensemble-005",1982,0.594488851888481,474.87175,798.79,69.7016589,0.106218740109689,1.5615,0.45085
"ensemble-005",1983,0.587170127168478,480.5415,818.4025,55.713439,0.130702232020194,1.58,0.442725
"ensemble-005",1984,0.582496337053212,515.834,885.5575,59.7279126,0.147794195371034,1.696,0.4814
"ensemble-005",1985,0.559882577502797,531.6435,949.5625,66.0463832,0.141563754097369,1.7485,0.503
"ensemble-005",1986,0.533011272141707,518.015,971.865,53.3889118,0.154409438732144,1.70325,0.46185
"ensemble-005",1987,0.515305434731248,518.0095,1005.2475,91.5876476,0.161537205701875,1.70325,0.589175
"ensemble-005",1988,0.494472278521774,522.0935,1055.86,79.4522,0.150590716365959,1.71675,0.51045
"ensemble-005",1989,0.480836826644162,521.3305,1084.215,76.5018506,0.133234249007406,1.71425,0.498575
"ensemble-005",1990,0.473856325755052,551.134,1163.0825,60.995938,0.196933817286322,1.8125,0.60965
"ensemble-005",1991,0.463586055925498,568.608,1226.5425,89.727593,0.214321936771638,1.86975,0.56785
"ensemble-005",1992,0.446970355680223,562.891,1259.3475,71.524726,0.268107551467002,1.851,0.7114
"ensemble-005",1993,0.417835010540551,525.2395,1257.05,47.065928,0.190571890753318,1.727,0.641175
"ensemble-005",1994,0.390565733804293,503.10725,1288.15,100.371819,0.193212001451662,1.6545,0.745725
"ensemble-005",1995,0.363520933161322,473.3915,1302.24,35.611629,0.19843299961003,1.5565,0.66735
"ensemble-005",1996,0.35569800514601,458.96425,1290.32,109.583503,0.21459553578583,1.509,0.62215
"ensemble-005",1997,0.370000512072585,487.7245,1318.1725,40.277976,0.298503503040177,1.60375,0.785525
"ensemble-005",1998,0.35324589207081,478.11125,1353.48,108.690384,0.277187446888113,1.57225,0.93835
"ensemble-005",1999,0.327311597007576,450.31775,1375.8075,73.93084,0.437195887370536,1.4805,1.0315
"ensemble-005",2000,0.296355749854845,412.1575,1390.7525,115.312986,0.341383455937916,1.35525,1.01275
"ensemble-005",2001,0.273443888130459,384.0745,1404.5825,53.086993,0.293841820896379,1.263,0.861425
"ensemble-005",2002,0.260634745121949,378.3185,1451.5275,92.877785,0.264948362755852,1.244,1.070175
"ensemble-005",2003,0.246324609949035,374.2145,1519.1925,67.677259,0.321866195300766,1.23075,0.9672
"ensemble-005",2004,0.238465477016611,370.26475,1552.6975,107.38089,0.35649757408996,1.21775,1.34025
"ensemble-005",2005,0.218726290433475,341.1895,1559.8925,68.502227,0.354233208027487,1.122,1.08
"ensemble-005",2006,0.212468945917634,335.68075,1579.905,73.311106,0.351896313403077,1.104,1.1555
"ensemble-005",2007,0.206665482680339,334.55525,1618.825,80.2013569,0.431505622010557,1.1,1.195
"ensemble-005",2008,0.197294354987514,320.773,1625.86,85.7463436,0.518045273040971,1.0545,1.29675
"ensemble-005",2009,0.182624728274863,292.57075,1602.0325,88.394028,0.374952649803422,0.962075,1.32275
"ensemble-005",2010,0.168490388472097,269.89675,1601.8525,64.484922,0.288767396122243,0.8875,1.08735
"ensemble-005",2011,0.167509381395534,272.96575,1629.555,70.8167413,0.422903368869966,0.897625,1.344525
"ensemble-005",2012,0.162573563989828,267.06,1642.7025,108.346671,0.350097397595734,0.8782,1.381
"ensemble-005",2013,0.154570651645811,250.537,1620.8575,98.419172,0.340236053477227,0.82385,1.2406
"ensemble-005",2014,0.158279162840923,259.43775,1639.115,57.785997,0.420741522165084,0.853125,1.31925
"ensemble-005",2015,0.165671354210761,283.7445,1712.695,79.911155,0.339617823068233,0.93305,1.196925
"ensemble-005",2016,0.166726272469819,292.302,1753.185,79.498502,0.477481488922123,0.961175,1.257125
"ensemble-005",2017,0.164163739717164,284.174,1731.04,85.127676,0.32658195116137,0.934475,1.0664
"ensemble-005",2018,0.163792548082554,279.6725,1707.48,63.848155,0.383735857055069,0.91965,1.235925
"ensemble-005",2019,0.163016261036062,276.9145,1698.6925,70.694467,0.265186391962444,0.9106,1.0938
"ensemble-005",2020,0.166506005197204,281.29025,1689.37,73.5948563,0.452334467973275,0.924975,1.1543
"ensemble-005",2021,0.173384104696401,288.4535,1663.6675,74.4248163,0.471886879633608,0.948525,1.166175
"ensemble-005",2022,0.174269037074104,285.57075,1638.6775,56.393189,0.618909134948122,0.93905,1.2917
"ensemble-005",2023,0.164041372343221,260.6195,1588.7425,79.437326,0.563143933802675,0.857025,1.4245
"ensemble-005",2024,0.141956807608343,220.762,1555.135,67.647192,0.454578117137253,0.72595,1.62375
"ensemble-006",1952,0.991813058838739,1169.965,1179.6225,44.134887,0.016647893257919,3.11525,0.1217075
"ensemble-006",1953,0.965959415284031,1174.5825,1215.975,49.379856,0.015727564689944,3.12725,0.11309
"ensemble-006",1954,0.948964868634173,1180.555,1244.045,51.862735,0.0121370222356563,3.14325,0.07685
"ensemble-006",1955,0.934438186631761,1185.0475,1268.1925,48.9187003,0.0164507938563892,3.1555,0.120035
"ensemble-006",1956,0.916614935780028,1192.335,1300.8025,31.975004,0.0200167280537238,3.175,0.1319875
"ensemble-006",1957,0.899611590831788,1229.8725,1367.115,23.674223,0.0284645942638495,3.27475,0.1747075
"ensemble-006",1958,0.871559287367458,1214.4525,1393.425,55.717393,0.0366652859885245,3.2335,0.254675
"ensemble-006",1959,0.836214332284858,1131.86,1353.5525,21.4459465,0.028057869536509,3.01375,0.234325
"ensemble-006",1960,0.807676395695065,1039.5825,1287.1275,37.8836699,0.0302495005904829,2.768,0.231775
"ensemble-006",1961,0.792690538020976,1006.5525,1269.7925,25.0618266,0.0281234535701423,2.68025,0.227775
"ensemble-006",1962,0.778158989855825,955.9975,1228.5375,35.332509,0.0253553830357489,2.5455,0.219475
"ensemble-006",1963,0.764601427727845,909.61,1189.6525,37.7559148,0.0313518607047858,2.422,0.282525
"ensemble-006",1964,0.748433940774487,854.2625,1141.4,25.3116172,0.0226263375942483,2.2745,0.211125
"ensemble-006",1965,0.750124533141594,831.995,1109.1425,24.7415261,0.0247415895593181,2.21525,0.1973
"ensemble-006",1966,0.753200419246912,822.8225,1092.435,50.1956455,0.0236389842506052,2.19075,0.222375
"ensemble-006",1967,0.747536065770948,792.42,1060.0425,16.9153311,0.0305762919275958,2.10975,0.24145
"ensemble-006",1968,0.743505080003326,759.97,1022.145,29.8647646,0.024499005552305,2.02375,0.197475
"ensemble-006",1969,0.747054551521427,761.2075,1018.945,37.1639537,0.0285408288491014,2.0265,0.24615
"ensemble-006",1970,0.742771202215677,740.1975,996.535,27.2502466,0.0426333101421865,1.971,0.235275
"ensemble-006",1971,0.739444067449394,721.91,976.2875,23.5947968,0.0463396512709003,1.92225,0.23825
"ensemble-006",1972,0.734598077316425,718.29,977.8,23.77776,0.0628101369511124,1.91225,0.326975
"ensemble-006",1973,0.714631559047179,680.415,952.12,36.982034,0.0412071812040707,1.8115,0.277425
"ensemble-006",1974,0.701368484822259,648.331,924.38,19.0203166,0.0619274847783977,1.72625,0.3097
"ensemble-006",1975,0.686610101209416,626.33775,912.2175,53.212235,0.0576590585977888,1.6675,0.3968
"ensemble-006",1976,0.660001898264205,591.068,895.555,22.2156896,0.0692959365212545,1.57375,0.424575
"ensemble-006",1977,0.637701878992964,576.19075,903.5425,42.7846333,0.0872025185897556,1.53425,0.472725
"ensemble-006",1978,0.626601660902609,587.0255,936.84,5.5702929,0.0689811856693043,1.56275,0.3939
"ensemble-006",1979,0.608770337616973,576.86925,947.5975,27.8395334,0.086577872461873,1.53575,0.5045
"ensemble-006",1980,0.58204001490978,554.332,952.395,32.896799,0.076195816917056,1.476,0.50935
"ensemble-006",1981,0.558889552725199,514.49975,920.575,45.019451,0.113356602545543,1.36975,0.48475
"ensemble-006",1982,0.545071188245965,491.27675,901.3075,48.2492273,0.137974978502246,1.30825,0.56655
"ensemble-006",1983,0.534358000125559,489.4225,915.9075,40.062951,0.165579168541125,1.30325,0.56215
"ensemble-006",1984,0.526255198308936,514.721,978.0825,41.5451072,0.186171875442856,1.3705,0.6075
"ensemble-006",1985,0.503723679103536,528.86075,1049.9025,47.4265319,0.174664319143051,1.40825,0.634225
"ensemble-006",1986,0.476751521542288,519.93925,1090.5875,35.9834195,0.189847821301365,1.3845,0.583775
"ensemble-006",1987,0.45694527538272,519.364,1136.6,65.933741,0.209716553269625,1.38275,0.74205
"ensemble-006",1988,0.435200825395502,521.99075,1199.425,56.638561,0.190351122048747,1.38975,0.648775
"ensemble-006",1989,0.419344824884117,521.76875,1244.2475,50.7247425,0.163901221071431,1.3895,0.6378
"ensemble-006",1990,0.408834197279881,544.98825,1333.03,48.496273,0.235625597148609,1.45125,0.778525
"ensemble-006",1991,0.397171904570181,559.82075,1409.5175,62.159258,0.253960624526473,1.49075,0.7125
"ensemble-006",1992,0.381070141268369,556.62725,1460.695,56.7503204,0.315175487604094,1.482,0.88905
"ensemble-006",1993,0.356275934656435,529.75025,1486.91,39.014618,0.240191002203922,1.41075,0.7915
"ensemble-006",1994,0.333923883020083,513.18925,1536.845,66.390097,0.230442903995057,1.36625,0.916075
"ensemble-006",1995,0.308390452254928,485.9185,1575.66,29.354158,0.23192321723938,1.29375,0.823675
"ensemble-006",1996,0.298532959757249,471.7485,1580.2225,82.844202,0.254429731955752,1.256,0.772275
"ensemble-006",1997,0.308058036959662,496.9315,1613.11,31.41586,0.351600451169987,1.32325,0.966825
"ensemble-006",1998,0.294272250644026,486.62625,1653.66,82.561652,0.332234572707273,1.2955,1.1525
"ensemble-006",1999,0.273700766470249,463.3275,1692.825,65.137035,0.520174364129927,1.23375,1.2529
"ensemble-006",2000,0.247751622140863,427.17025,1724.1875,79.783519,0.414288020198346,1.1375,1.2365
"ensemble-006",2001,0.227751481140336,400.56475,1758.78,43.347894,0.345366710888988,1.0665,1.06715
"ensemble-006",2002,0.213902151577421,389.31475,1820.06,66.376396,0.322281883871445,1.03675,1.337
"ensemble-006",2003,0.198951249477137,378.12575,1900.595,53.97961,0.373101153424843,1.00675,1.21625
"ensemble-006",2004,0.189378916617635,368.538,1946.035,80.732258,0.419132777892268,0.98135,1.6975
"ensemble-006",2005,0.17105477270036,335.8545,1963.4325,54.369587,0.418706191277562,0.894225,1.38175
"ensemble-006",2006,0.165004692425946,327.90475,1987.245,58.452207,0.410773547984975,0.873075,1.4745
"ensemble-006",2007,0.159318682858994,323.9375,2033.2675,60.8570156,0.473331466540579,0.862525,1.50225
"ensemble-006",2008,0.151537737729949,311.62675,2056.43,74.4718718,0.600611177714684,0.82975,1.62825
"ensemble-006",2009,0.141953643636523,290.8655,2049.0175,66.512571,0.472249071482986,0.77445,1.65125
"ensemble-006",2010,0.131803590565127,270.889,2055.2475,52.087665,0.346468826658082,0.7213,1.359575
"ensemble-006",2011,0.130513737611384,274.041,2099.71,58.175576,0.505111604443226,0.729625,1.677
"ensemble-006",2012,0.125631003822698,267.18825,2126.77,79.866885,0.445119246044536,0.7114,1.738
"ensemble-006",2013,0.118651882831316,250.5115,2111.315,80.294593,0.417024759995061,0.667,1.59725
"ensemble-006",2014,0.119559614430405,254.20825,2126.205,47.167351,0.498293223795397,0.67685,1.707
"ensemble-006",2015,0.123544164465603,271.05775,2194.015,64.156993,0.399560400189644,0.7217,1.536
"ensemble-006",2016,0.125373362034502,281.45975,2244.9725,62.510077,0.556170920124937,0.7494,1.58875
"ensemble-006",2017,0.12496604335495,279.4625,2236.3075,66.916473,0.384403197157986,0.7441,1.339
"ensemble-006",2018,0.12595372543639,279.986,2222.9275,51.02965,0.447588039762036,0.7455,1.54675
"ensemble-006",2019,0.125554409402215,278.42475,2217.5625,52.865305,0.315628750141394,0.741325,1.37025
"ensemble-006",2020,0.128056584632386,282.7515,2208.02,63.823595,0.50059135832614,0.75285,1.440875
"ensemble-006",2021,0.133222255650149,290.0455,2177.155,59.775794,0.50294707068324,0.772275,1.41875
"ensemble-006",2022,0.135630351893355,291.24075,2147.3125,48.12175,0.671249285494081,0.77545,1.523
"ensemble-006",2023,0.132451764404196,278.91825,2105.81,62.82373,0.624562219402267,0.74265,1.642
"ensemble-006",2024,0.118826508313196,246.7275,2076.3675,47.891443,0.532412848875312,0.65695,1.90475
"ensemble-007",1952,0.992407028255281,1147.5525,1156.3325,168.762602,0.00764926186601135,6.991,0.0559975
"ensemble-007",1953,0.969550746982827,1139.7675,1175.5625,216.606757,0.00732725531030964,6.9435,0.0522925
"ensemble-007",1954,0.957742449200268,1138.15,1188.3675,226.681771,0.00576642051864068,6.9335,0.0343925
"ensemble-007",1955,0.949620082477468,1147.915,1208.815,140.411577,0.00707121095704186,6.99325,0.052585
"ensemble-007",1956,0.938343862318913,1171.5575,1248.5375,117.5345311,0.0100372274330745,7.137,0.059735
"ensemble-007",1957,0.928300619815225,1230.365,1325.395,79.4632336,0.0155598297216309,7.4955,0.083545
"ensemble-007",1958,0.905209659339198,1191.0975,1315.825,169.101,0.0214951632461759,7.25625,0.128465
"ensemble-007",1959,0.873378604508777,1055.6025,1208.6425,125.95551,0.0126054696059006,6.4305,0.11712
"ensemble-007",1960,0.84899269031913,928.59,1093.755,116.0425218,0.0162385716367826,5.657,0.11534
"ensemble-007",1961,0.845205706855051,916.465,1084.31,103.9412709,0.0137690440487626,5.583,0.11243
"ensemble-007",1962,0.838190889433612,870.2475,1038.245,122.578497,0.0126768861075594,5.3015,0.1101375
"ensemble-007",1963,0.82999798417578,823.4825,992.15,132.884923,0.0151005698474894,5.01675,0.1410825
"ensemble-007",1964,0.817894301568669,766.44875,937.1,95.9341853,0.0109659137927691,4.669,0.1040875
"ensemble-007",1965,0.82647205753184,752.75075,910.8,79.5989596,0.0134937601828045,4.586,0.098055
"ensemble-007",1966,0.833615926499902,751.72775,901.7675,173.986495,0.0122059965726708,4.57925,0.11275
"ensemble-007",1967,0.82698421955003,709.048,857.39,63.101525,0.016275515991567,4.31975,0.12043
"ensemble-007",1968,0.82438560320092,673.7415,817.265,114.7688544,0.01239402038665,4.10425,0.0984775
"ensemble-007",1969,0.830379650813494,684.16225,823.915,110.8417835,0.0148146326265226,4.168,0.123595
"ensemble-007",1970,0.826031126696066,658.4005,797.065,106.2789187,0.0283193543922861,4.01125,0.1155975
"ensemble-007",1971,0.824474810816362,642.27,779.005,71.6055605,0.0316698151668156,3.9125,0.118995
"ensemble-007",1972,0.821473443746431,650.876,792.3275,89.146235,0.0391308276081341,3.96525,0.165975
"ensemble-007",1973,0.799236792677442,604.239,756.02,144.38144,0.0231880512588937,3.681,0.1363
"ensemble-007",1974,0.789752802825111,575.868,729.175,54.3209455,0.0444629351528193,3.508,0.150625
"ensemble-007",1975,0.782166692745716,574.8495,734.945,195.676019,0.033457910751845,3.502,0.1887
"ensemble-007",1976,0.75966098069253,550.44275,724.59,61.792424,0.0414575765970171,3.3535,0.192675
"ensemble-007",1977,0.746219151233951,559.68675,750.03,151.725438,0.050133541659541,3.40975,0.215225
"ensemble-007",1978,0.742213212119292,585.7825,789.2375,12.9296323,0.0409034716658521,3.5685,0.1814
"ensemble-007",1979,0.727479982594942,572.6195,787.1275,84.7066212,0.0565400361382856,3.48825,0.241325
"ensemble-007",1980,0.702046416024872,543.06625,773.5475,109.156173,0.0418788824713204,3.3085,0.245725
"ensemble-007",1981,0.67917288544141,484.634,713.565,158.091246,0.0616810104493105,2.9525,0.2268
"ensemble-007",1982,0.673049355423452,465.0485,690.9575,144.236146,0.0677392379768767,2.83325,0.252175
"ensemble-007",1983,0.675331400093768,486.14575,719.8625,105.896466,0.0890567945549699,2.9615,0.246175
"ensemble-007",1984,0.67898298438839,536.80225,790.5975,113.0113415,0.102687508439864,3.27025,0.27295
"ensemble-007",1985,0.659228382804779,551.9505,837.2675,142.1316996,0.0959135112113922,3.3625,0.2863
"ensemble-007",1986,0.63359863115911,528.60025,834.2825,98.546272,0.100117682635365,3.22025,0.261675
"ensemble-007",1987,0.619401423618946,528.416,853.1075,188.8648857,0.113881285251806,3.21925,0.3378
"ensemble-007",1988,0.603527344805838,535.884,887.92,154.115792,0.0993663511481001,3.2645,0.286775
"ensemble-007",1989,0.593287779326092,530.07,893.445,153.327719,0.0875559380857844,3.22925,0.2789
"ensemble-007",1990,0.591256292632749,569.04575,962.435,119.589559,0.129400574659881,3.4665,0.340475
"ensemble-007",1991,0.585330317032315,593.1635,1013.3825,174.839446,0.154284102965165,3.6135,0.320075
"ensemble-007",1992,0.571404415742576,588.84225,1030.5175,139.976201,0.170393219636824,3.587,0.39755
"ensemble-007",1993,0.54134660459302,545.64625,1007.9425,92.252775,0.125598465506002,3.32425,0.3557
"ensemble-007",1994,0.518173893351709,532.00525,1026.6925,210.890228,0.128342414082945,3.24075,0.409875
"ensemble-007",1995,0.493907156673114,506.86975,1026.245,62.791405,0.140648744498224,3.08775,0.356625
"ensemble-007",1996,0.492645659928656,497.178,1009.2,210.632762,0.143318921592306,3.02875,0.3301
"ensemble-007",1997,0.517198209053908,539.739,1043.5825,56.224178,0.21196096204881,3.28825,0.426325
"ensemble-007",1998,0.496607304825935,531.08675,1069.43,208.976957,0.181797984807812,3.2355,0.509075
"ensemble-007",1999,0.464586773166246,493.81625,1062.915,136.223963,0.287875989758485,3.0085,0.5681
"ensemble-007",2000,0.428171914441345,451.199,1053.78,202.952788,0.221484433246426,2.74875,0.548225
"ensemble-007",2001,0.40286935331082,417.843,1037.1675,99.204593,0.200490330741189,2.5455,0.461925
"ensemble-007",2002,0.393176552663645,417.04925,1060.7175,175.539974,0.169681733196736,2.5405,0.570225
"ensemble-007",2003,0.380181986428131,419.067,1102.28,120.687189,0.220138664384561,2.553,0.515675
"ensemble-007",2004,0.375633106856084,419.6235,1117.11,198.280223,0.216718097299534,2.55625,0.703825
"ensemble-007",2005,0.353197307767807,391.3435,1108.0025,120.52637,0.227641495908707,2.38425,0.5582
"ensemble-007",2006,0.350817665513491,391.93525,1117.205,129.327442,0.223514080938646,2.38775,0.600475
"ensemble-007",2007,0.347395428154516,395.20225,1137.615,139.689921,0.274533334529764,2.40775,0.627225
"ensemble-007",2008,0.336522200498918,377.38525,1121.4275,135.410112,0.350097084750665,2.299,0.676975
"ensemble-007",2009,0.317966322565087,342.82175,1078.17,162.777017,0.222855826628094,2.08825,0.684025
"ensemble-007",2010,0.299639236879894,317.69325,1060.2525,109.153523,0.189629294954571,1.9355,0.560575
"ensemble-007",2011,0.303297803731195,323.31925,1066.0125,118.4773084,0.261748655146833,1.96975,0.70025
"ensemble-007",2012,0.298692277313374,317.65625,1063.49,199.688545,0.220683599418143,1.93525,0.709425
"ensemble-007",2013,0.289173534876275,298.0555,1030.715,168.186794,0.220061668349927,1.81575,0.626925
"ensemble-007",2014,0.299730926218146,312.459,1042.465,98.143573,0.289734770640135,1.90325,0.6736
"ensemble-007",2015,0.314240039630149,345.71825,1100.1725,135.379723,0.230286200054745,2.10625,0.6198
"ensemble-007",2016,0.313038035174628,348.8175,1114.2975,139.950725,0.321884840390943,2.125,0.663425
"ensemble-007",2017,0.305257769212238,329.4525,1079.26,149.120401,0.21030901308953,2.007,0.563
"ensemble-007",2018,0.302548459212061,318.3725,1052.3025,109.305381,0.245021360933313,1.9395,0.653325
"ensemble-007",2019,0.301395557614205,315.583,1047.0725,137.204054,0.163624063424057,1.92225,0.574
"ensemble-007",2020,0.307746102375136,320.91225,1042.7825,118.88838,0.295189750311191,1.955,0.603725
"ensemble-007",2021,0.319409936382327,329.36275,1031.16,121.083136,0.302123991864281,2.00625,0.61615
"ensemble-007",2022,0.322718632344465,328.935,1019.2625,92.92143,0.412417796285388,2.004,0.682975
"ensemble-007",2023,0.307520839114839,299.19625,972.93,136.425173,0.38070186242724,1.82275,0.751625
"ensemble-007",2024,0.274027889229592,257.82325,940.865,130.852261,0.285540686691011,1.5705,0.82065
"ensemble-008",1952,0.99276390576614,1266.32,1275.55,109.242812,0.00965030647479698,5.41325,0.071765
"ensemble-008",1953,0.970577009752683,1265.135,1303.4875,92.33637,0.00921273118160549,5.408,0.0666425
"ensemble-008",1954,0.957840003473999,1268.2975,1324.1225,127.406897,0.00631122020260885,5.42175,0.045125
"ensemble-008",1955,0.947786327645812,1274.82,1345.05,140.4277589,0.00913176573436227,5.44975,0.0712975
"ensemble-008",1956,0.934432798787941,1276.6875,1366.27,73.9472903,0.012760511668164,5.4575,0.0788975
"ensemble-008",1957,0.922092844837808,1322.0875,1433.79,57.1626814,0.0185295526151568,5.65175,0.107155
"ensemble-008",1958,0.898618537936699,1291.0475,1436.7025,118.489093,0.0245571183545045,5.519,0.16004
"ensemble-008",1959,0.867814500587023,1175.2725,1354.29,56.3437567,0.0176915451840301,5.024,0.1475375
"ensemble-008",1960,0.843724922646971,1056.66,1252.375,71.0548726,0.0210609663750768,4.517,0.1478225
"ensemble-008",1961,0.833895685821989,1022.5625,1226.2475,73.867409,0.0175587083746524,4.37125,0.146875
"ensemble-008",1962,0.822509568058248,957.9625,1164.6825,77.869445,0.0165853161761614,4.09525,0.142575
"ensemble-008",1963,0.81211654548026,904.4075,1113.6425,82.947647,0.0198760037036745,3.866,0.18275
"ensemble-008",1964,0.79881830491142,843.64,1056.11,63.6673227,0.0140490539134077,3.60625,0.1354975
"ensemble-008",1965,0.804644922056061,824.58,1024.775,54.8780934,0.016315680476832,3.525,0.12635
"ensemble-008",1966,0.81055823175173,820.7125,1012.5275,102.978466,0.015654951046433,3.5085,0.14335
"ensemble-008",1967,0.805553847100068,785.85,975.54,46.4992605,0.0196913056110779,3.3595,0.1553
"ensemble-008",1968,0.802220639197013,748.885,933.515,66.4138539,0.0161727198171218,3.20125,0.1272875
"ensemble-008",1969,0.806999412487315,755.4725,936.15,74.4682881,0.0187365075363413,3.2295,0.159625
"ensemble-008",1970,0.802446417568876,729.3275,908.88,67.5432363,0.030534971825769,3.1175,0.15215
"ensemble-008",1971,0.799237363537503,707.395,885.0875,47.8477327,0.0354871058480026,3.02425,0.155275
"ensemble-008",1972,0.794926568758344,707.0375,889.4375,50.912911,0.0470947837880188,3.0225,0.215225
"ensemble-008",1973,0.773939560503818,661.7725,855.07,81.717031,0.029520383601809,2.82875,0.18265
"ensemble-008",1974,0.76152156719596,625.8565,821.85,37.3639858,0.0479457266842044,2.6755,0.20475
"ensemble-008",1975,0.748222550406901,605.4355,809.165,114.308475,0.0408107672518452,2.58825,0.26095
"ensemble-008",1976,0.722056566819912,570.51675,790.1275,42.286266,0.0503200518528029,2.43875,0.274625
"ensemble-008",1977,0.70265950482271,563.48725,801.935,90.2753238,0.0618835257255124,2.40875,0.30435
"ensemble-008",1978,0.695669711532728,583.36775,838.57,12.4216118,0.0503425942974518,2.49375,0.2554
"ensemble-008",1979,0.678961934009427,570.4095,840.12,49.1573711,0.0647123705150094,2.4385,0.332925
"ensemble-008",1980,0.653285965369288,545.46275,834.9525,71.037026,0.0538073880119167,2.33175,0.339375
"ensemble-008",1981,0.630048475023443,495.52525,786.4875,87.476897,0.0802628310199982,2.11825,0.3218
"ensemble-008",1982,0.618676774411814,470.895,761.1325,90.0515866,0.0972327841309355,2.013,0.36905
"ensemble-008",1983,0.611776515285785,474.61775,775.8025,76.4701,0.118924796728751,2.02875,0.360875
"ensemble-008",1984,0.60907185718124,510.052,837.425,77.2499119,0.132813536345354,2.18025,0.391125
"ensemble-008",1985,0.588886164408754,528.3575,897.215,86.8742519,0.125233390847006,2.2585,0.408025
"ensemble-008",1986,0.563624482564403,515.3585,914.365,65.941661,0.140088741138423,2.203,0.3744
"ensemble-008",1987,0.548291754891503,516.59775,942.195,111.8673306,0.151892015680045,2.2085,0.478375
"ensemble-008",1988,0.528946060154114,521.34775,985.635,108.321622,0.123869076447015,2.22825,0.412225
"ensemble-008",1989,0.515040771752812,517.60825,1004.985,94.2635834,0.117627084169078,2.2125,0.403975
"ensemble-008",1990,0.510831309554707,551.10525,1078.84,88.455103,0.159601446364678,2.356,0.494025
"ensemble-008",1991,0.501673385496149,568.712,1133.63,66.5392352,0.192344369046276,2.431,0.458425
"ensemble-008",1992,0.483351754866955,559.75275,1158.065,125.707535,0.178483948211822,2.393,0.580575
"ensemble-008",1993,0.452976724874407,520.94475,1150.0475,60.956367,0.17446077894463,2.227,0.520375
"ensemble-008",1994,0.431601023745201,500.84925,1160.445,128.29279,0.166070904364906,2.141,0.603
"ensemble-008",1995,0.407136787172149,475.50625,1167.9275,48.262646,0.171076416285875,2.0325,0.5334
"ensemble-008",1996,0.400396595526802,461.38,1152.3075,138.4856,0.185421161671446,1.97225,0.494325
"ensemble-008",1997,0.417794784975895,494.18125,1182.8325,52.287947,0.258725891127175,2.11275,0.6237
"ensemble-008",1998,0.400666013390115,487.5875,1216.9425,133.269664,0.235861615784079,2.08425,0.7415
"ensemble-008",1999,0.374146130216407,462.222,1235.405,87.604863,0.362958153812093,1.976,0.818175
"ensemble-008",2000,0.341333697918447,424.422,1243.4225,146.330069,0.286902030919337,1.81425,0.796925
"ensemble-008",2001,0.317999521935718,395.783,1244.6025,67.077112,0.254301081092891,1.692,0.67855
"ensemble-008",2002,0.30591714241026,391.17625,1278.7,117.968877,0.224965672747386,1.67225,0.838175
"ensemble-008",2003,0.292160623673598,389.93875,1334.6725,77.347,0.283369745433316,1.66675,0.761975
"ensemble-008",2004,0.283270192035369,385.07325,1359.385,136.501773,0.279331215049648,1.64625,1.067775
"ensemble-008",2005,0.258970557593124,351.10775,1355.7825,84.349391,0.292568422612167,1.501,0.858775
"ensemble-008",2006,0.252711662434428,344.08525,1361.5725,96.760615,0.304489590408174,1.47075,0.90585
"ensemble-008",2007,0.249872594042872,347.138,1389.26,97.262708,0.321144509327921,1.484,0.929875
"ensemble-008",2008,0.240260059277163,334.994,1394.2975,98.775137,0.423833331078147,1.43225,1.0048
"ensemble-008",2009,0.225243694284743,308.1345,1368.005,108.072209,0.313064004654656,1.31725,1.023225
"ensemble-008",2010,0.21195767430347,286.8455,1353.315,79.532561,0.257238918878144,1.22625,0.843525
"ensemble-008",2011,0.212934181111885,290.51675,1364.35,87.217474,0.351722799446819,1.242,1.04555
"ensemble-008",2012,0.206998301001091,282.65825,1365.51,127.211211,0.31444592739275,1.20825,1.07135
"ensemble-008",2013,0.197861595252558,264.65225,1337.5625,121.086065,0.299870468632888,1.13125,0.972775
"ensemble-008",2014,0.201300811501834,271.62525,1349.35,72.582278,0.374163701577452,1.16075,1.04945
"ensemble-008",2015,0.207814153703852,292.075,1405.4625,94.152593,0.307027459406816,1.2485,0.957225
"ensemble-008",2016,0.208340732703355,298.57675,1433.1175,100.600119,0.423887574754626,1.276,1.009625
"ensemble-008",2017,0.204299836103707,287.63425,1407.9025,103.521174,0.288355470957919,1.22975,0.854475
"ensemble-008",2018,0.203545920207777,282.135,1386.1,80.174641,0.327851550936028,1.206,0.987975
"ensemble-008",2019,0.202971272576067,280.67375,1382.825,89.843227,0.22921888086127,1.19975,0.8711
"ensemble-008",2020,0.207498513135181,286.0865,1378.74,94.436069,0.376270546361027,1.22275,0.91885
"ensemble-008",2021,0.215745504474847,293.436,1360.1025,85.806773,0.380089630286971,1.254,0.901775
"ensemble-008",2022,0.220735906522293,296.9665,1345.3475,70.585454,0.496837973826862,1.26975,0.9815
"ensemble-008",2023,0.213928720300125,282.26825,1319.45,97.718907,0.490725952674923,1.2065,1.081975
"ensemble-008",2024,0.188907729976602,243.418,1288.555,86.301579,0.381592141138985,1.040525,1.226
"ensemble-009",1952,0.994417610953355,1566.25,1575.0425,165.91432,0.00698647006383741,6.9615,0.05153
"ensemble-009",1953,0.977173496982918,1570.01,1606.685,177.880129,0.00680685055341729,6.978,0.0480775
"ensemble-009",1954,0.967371681904984,1575.4325,1628.57,176.33588,0.00547524019553047,7.0025,0.03232
"ensemble-009",1955,0.959786096906424,1579.8775,1646.0725,182.926632,0.00687152928488553,7.02175,0.05075
"ensemble-009",1956,0.949649815091021,1590.1625,1674.4725,111.267203,0.00938544835953213,7.0675,0.056715
"ensemble-009",1957,0.940282148840559,1651.4575,1756.3425,77.8069908,0.014076857790309,7.34025,0.078235
"ensemble-009",1958,0.921346562417288,1609.9725,1747.4125,165.455108,0.0193693642001002,7.1555,0.11885
"ensemble-009",1959,0.89574397380907,1455.575,1624.99,106.827618,0.0123134912243391,6.4695,0.109455
"ensemble-009",1960,0.875734543850374,1300.26,1484.765,109.3888494,0.0152136600224656,5.779,0.10753
"ensemble-009",1961,0.869814821477214,1269.2925,1459.2675,98.0112782,0.0130435271800492,5.64175,0.105705
"ensemble-009",1962,0.862114559604481,1199.71,1391.59,112.81719,0.0121974721294543,5.33225,0.10364
"ensemble-009",1963,0.85410185033568,1134.48,1328.2725,118.158524,0.0147842240382125,5.04225,0.1338875
"ensemble-009",1964,0.843070324189526,1056.4725,1253.125,89.2800543,0.0106641580532628,4.6955,0.1000475
"ensemble-009",1965,0.847488901852243,1024.22,1208.535,74.9797344,0.0127149173064578,4.55225,0.0942725
"ensemble-009",1966,0.851650425654403,1009.655,1185.5275,155.606234,0.0118930931076758,4.48725,0.10805
"ensemble-009",1967,0.846237591775499,956.075,1129.795,59.221702,0.0154836371011219,4.2495,0.117405
"ensemble-009",1968,0.84297841930926,905.3525,1073.9925,92.124395,0.0124573667411756,4.024,0.09606
"ensemble-009",1969,0.846818043158834,909.1375,1073.5925,109.589646,0.014437247901671,4.04075,0.1205225
"ensemble-009",1970,0.842830070096777,875.0325,1038.2075,92.373854,0.0259797714628604,3.88925,0.1152775
"ensemble-009",1971,0.840053063552282,846.9625,1008.225,65.0192841,0.0293631253089657,3.76475,0.1178925
"ensemble-009",1972,0.836099247006542,846.655,1012.625,75.861156,0.038221610330288,3.763,0.1646
"ensemble-009",1973,0.817149366029295,790.925,967.9075,118.070005,0.0235193216143878,3.5155,0.138525
"ensemble-009",1974,0.806413612212605,747.87,927.4025,49.271961,0.0412379987164182,3.324,0.154825
"ensemble-009",1975,0.796023537949078,729.47,916.3925,167.796179,0.0337673881929767,3.24225,0.19685
"ensemble-009",1976,0.773937275225054,692.937,895.34,55.72056,0.0405321001035489,3.07975,0.203825
"ensemble-009",1977,0.7591605136349,695.55425,916.215,132.401118,0.0497423284991333,3.09125,0.226025
"ensemble-009",1978,0.754007423951354,724.1525,960.405,13.2820663,0.0398642122162277,3.2185,0.189175
"ensemble-009",1979,0.740155879539121,711.7635,961.64,71.3397466,0.0542491707978753,3.16375,0.24745
"ensemble-009",1980,0.718206795566192,684.22125,952.68,96.250098,0.0424425219176617,3.04125,0.251425
"ensemble-009",1981,0.697945561306012,621.35825,890.2675,125.863804,0.0648217921271363,2.76175,0.237425
"ensemble-009",1982,0.689106774090341,592.3045,859.525,126.933462,0.0732422745148222,2.6325,0.271575
"ensemble-009",1983,0.684719009040542,601.55475,878.5425,97.328266,0.09247051198091,2.67375,0.2671
"ensemble-009",1984,0.682060067045943,646.49575,947.8575,93.832262,0.107204997758744,2.87325,0.29275
"ensemble-009",1985,0.662336078831463,665.4325,1004.675,123.8865689,0.100802453063683,2.95775,0.307625
"ensemble-009",1986,0.637845862271167,644.497,1010.4275,84.018473,0.10784257770883,2.86425,0.2829
"ensemble-009",1987,0.621992438865491,642.05325,1032.2525,155.9663888,0.121278986706862,2.85325,0.36465
"ensemble-009",1988,0.603976530116883,646.9555,1071.16,135.239856,0.106985358816986,2.87575,0.314875
"ensemble-009",1989,0.590648978609576,638.13125,1080.39,126.719182,0.094694980828886,2.83625,0.308675
"ensemble-009",1990,0.585234890612385,675.9185,1154.9525,112.551836,0.131688807272122,3.00425,0.376325
"ensemble-009",1991,0.576877955348058,698.74775,1211.2575,132.617239,0.15851981372316,3.10575,0.349225
"ensemble-009",1992,0.561542356780143,693.08225,1234.2475,129.238531,0.174215001062905,3.0805,0.43935
"ensemble-009",1993,0.533661848714666,650.19225,1218.36,83.174598,0.141063903923625,2.88975,0.392125
"ensemble-009",1994,0.511226972963765,630.2355,1232.79,168.072718,0.14139544563224,2.80125,0.453325
"ensemble-009",1995,0.485874947409301,600.522,1235.96,57.286439,0.141674458339013,2.669,0.400975
"ensemble-009",1996,0.47954476304818,583.16,1216.07,179.977674,0.148144735760431,2.59175,0.37365
"ensemble-009",1997,0.4973561963522,620.70675,1248.0125,55.655943,0.218868239575625,2.75875,0.476775
"ensemble-009",1998,0.479987674971388,613.37025,1277.8875,173.581173,0.196930558091522,2.72625,0.569
"ensemble-009",1999,0.452547276746259,579.902,1281.4175,118.843277,0.300713689751702,2.5775,0.628825
"ensemble-009",2000,0.418048563582015,533.54075,1276.265,167.84466,0.244824015890104,2.37125,0.614375
"ensemble-009",2001,0.392740385948648,495.67175,1262.085,85.369707,0.216556176047222,2.20325,0.527
"ensemble-009",2002,0.378354640970524,486.68325,1286.315,144.918252,0.189159444425745,2.16325,0.6582
"ensemble-009",2003,0.361533517747343,480.9625,1330.34,99.526459,0.235946464981759,2.13775,0.599725
"ensemble-009",2004,0.352278647646527,474.33175,1346.4675,168.570498,0.249720448379216,2.10825,0.833375
"ensemble-009",2005,0.328618140912979,438.9295,1335.6825,99.762024,0.2502751333711,1.95125,0.6648
"ensemble-009",2006,0.322357663037813,432.907,1342.94,112.11208,0.247436248686305,1.924,0.7149
"ensemble-009",2007,0.315909711043842,431.27125,1365.1725,119.043114,0.299412255274301,1.917,0.739825
"ensemble-009",2008,0.304745000591646,412.064,1352.16,117.377912,0.388665393800196,1.83125,0.80135
"ensemble-009",2009,0.28835157507692,378.38575,1312.2375,136.176555,0.265345363312728,1.682,0.817275
"ensemble-009",2010,0.270097538264789,349.53525,1294.1075,94.274222,0.222402230918932,1.55375,0.67625
"ensemble-009",2011,0.26898174640055,350.19675,1301.935,104.203563,0.30373075949563,1.55675,0.8416
"ensemble-009",2012,0.262234999308193,341.152,1300.94,160.15581,0.270106261829968,1.51625,0.859975
"ensemble-009",2013,0.252897587152524,320.4655,1267.175,148.976771,0.254335434115916,1.4245,0.772825
"ensemble-009",2014,0.259012107843233,331.417,1279.5425,85.940591,0.322536904166816,1.473,0.827425
"ensemble-009",2015,0.26888717959224,360.936,1342.3325,118.338182,0.256419832384981,1.604,0.750575
"ensemble-009",2016,0.26974906927513,369.52925,1369.9,119.148885,0.354524627599392,1.64275,0.7903
"ensemble-009",2017,0.26582590682841,356.749,1342.04,125.506114,0.23728742331155,1.5855,0.668575
"ensemble-009",2018,0.265288143818827,349.84675,1318.7425,94.113754,0.278981566571855,1.555,0.777975
"ensemble-009",2019,0.264186195422867,346.572,1311.8475,108.18259,0.192610319811858,1.54025,0.6922
"ensemble-009",2020,0.267606347257133,348.671,1302.925,113.653934,0.323770517473849,1.54975,0.733125
"ensemble-009",2021,0.275550055918042,352.95,1280.8925,105.060372,0.311754266033515,1.56875,0.727925
"ensemble-009",2022,0.279120742127363,352.63975,1263.395,79.19371,0.438821455364397,1.5675,0.78915
"ensemble-009",2023,0.272092202703998,333.5245,1225.7775,121.089343,0.417310385403544,1.4825,0.86245
"ensemble-009",2024,0.247179069747977,295.31225,1194.73,114.153695,0.290266203992848,1.3125,0.9515
"ensemble-010",1952,0.994119279335903,1486.77,1495.565,314.37283,0.00470091159893899,8.8595,0.041345
"ensemble-010",1953,0.976759436690267,1482.02,1517.2825,242.118007,0.0047024089725109,8.83125,0.03853
"ensemble-010",1954,0.968324249014211,1483.8625,1532.4025,348.49307,0.00322653239620508,8.842,0.02624
"ensemble-010",1955,0.961988223529278,1483.85,1542.4825,382.290119,0.00457052883476203,8.84225,0.04128
"ensemble-010",1956,0.95246635901811,1473.675,1547.22,203.148829,0.00689007245792642,8.7815,0.0467275
"ensemble-010",1957,0.944094661648691,1532.1075,1622.8325,147.831147,0.010583972022167,9.12975,0.06614
"ensemble-010",1958,0.925217467792148,1472.59,1591.615,316.713076,0.0140072656626532,8.775,0.1012875
"ensemble-010",1959,0.899575476423225,1302.14,1447.505,141.836815,0.00977137977984392,7.75925,0.0928375
"ensemble-010",1960,0.879825475158515,1142.35,1298.3825,196.909584,0.0112256070829526,6.807,0.0949275
"ensemble-010",1961,0.874504837527438,1106.57,1265.3675,173.969218,0.00976948718440965,6.594,0.09416
"ensemble-010",1962,0.866129868480918,1023.235,1181.3875,198.96109,0.00891946271288013,6.0975,0.09215
"ensemble-010",1963,0.858407000525263,960.1175,1118.4875,218.899136,0.0104059904147225,5.7215,0.1173775
"ensemble-010",1964,0.847401993292081,888.09,1048.015,157.1200898,0.00768919378062013,5.29175,0.0860525
"ensemble-010",1965,0.85528118355863,870.92,1018.285,133.9769816,0.00948222546586524,5.1895,0.08136
"ensemble-010",1966,0.86159690739243,870.9,1010.7975,259.923978,0.00867050260806935,5.18975,0.0936325
"ensemble-010",1967,0.855495978552279,821.6825,960.475,105.184674,0.0117332393906368,4.89625,0.1008575
"ensemble-010",1968,0.852111399248401,775.4725,910.06,165.135394,0.00945705661793272,4.621,0.084265
"ensemble-010",1969,0.855782946160901,781.4475,913.1375,187.061493,0.0105289063628095,4.65675,0.10667
"ensemble-010",1970,0.849817605120822,740.81575,871.735,150.177928,0.0205015782658295,4.4145,0.1001525
"ensemble-010",1971,0.847093969061492,715.985,845.225,114.6565339,0.0236856142073499,4.26625,0.10504
"ensemble-010",1972,0.842937574632011,718.265,852.0975,128.960018,0.0287494050318075,4.27975,0.1472
"ensemble-010",1973,0.821611159937917,659.0595,802.155,200.119619,0.0171873900298275,3.9275,0.1216775
"ensemble-010",1974,0.81225424493452,621.15925,764.735,85.895739,0.0319147655136629,3.7015,0.13645
"ensemble-010",1975,0.803785004901752,612.872,762.4825,266.72949,0.0237750088252349,3.652,0.1705
"ensemble-010",1976,0.781295734368077,581.90125,744.79,96.339112,0.0315454150211771,3.46725,0.177
"ensemble-010",1977,0.766386314898975,584.31975,762.435,204.411064,0.03823868138463,3.482,0.198775
"ensemble-010",1978,0.761684370257967,607.3595,797.39,22.735309,0.0337128039858358,3.61925,0.169425
"ensemble-010",1979,0.746004335467113,585.89875,785.3825,118.83929,0.0409695537991829,3.491,0.22885
"ensemble-010",1980,0.719857203542136,550.74475,765.075,154.490074,0.0326617069107315,3.282,0.23295
"ensemble-010",1981,0.696620210968635,486.23725,697.99475,200.180973,0.0476309431108185,2.89775,0.21485
"ensemble-010",1982,0.690198422789399,464.126,672.453,194.07759,0.0563284424472994,2.76575,0.238125
"ensemble-010",1983,0.690849069960411,481.856,697.48375,153.696791,0.073490297144258,2.8715,0.23235
"ensemble-010",1984,0.694107576113329,532.11675,766.62,173.440117,0.0846046788429036,3.17075,0.25775
"ensemble-010",1985,0.675364161530169,549.765,814.0275,177.189625,0.0785473578036944,3.27625,0.2678
"ensemble-010",1986,0.651784323903452,527.37825,809.13,137.045159,0.0874564546645798,3.14275,0.245175
"ensemble-010",1987,0.640249812670711,529.7555,827.42,246.581114,0.0922129031603419,3.15675,0.317225
"ensemble-010",1988,0.625187762314999,537.74275,860.13,224.036025,0.0800444965320764,3.2045,0.265225
"ensemble-010",1989,0.615493096504064,531.03975,862.7875,198.471744,0.0752866462934781,3.1645,0.260775
"ensemble-010",1990,0.614661330049261,573.97075,933.8,167.540925,0.104579855321752,3.42,0.32205
"ensemble-010",1991,0.60713415397348,594.20675,978.7075,214.036645,0.123170424758897,3.54075,0.304775
"ensemble-010",1992,0.591533014984357,583.76175,986.8625,191.885578,0.134933053720403,3.4785,0.3787
"ensemble-010",1993,0.561742302747724,538.54375,958.7025,121.896051,0.107201289755562,3.20925,0.340875
"ensemble-010",1994,0.54100553624308,525.24875,970.875,274.43521,0.107446354215099,3.13,0.3951
"ensemble-010",1995,0.516444824991567,497.6075,963.525,87.256597,0.111934193013077,2.96525,0.342525
"ensemble-010",1996,0.512753285324221,481.683,939.405,266.39235,0.115601264569482,2.8705,0.31915
"ensemble-010",1997,0.535733310709015,520.94975,972.405,88.673299,0.18120030590281,3.10425,0.417025
"ensemble-010",1998,0.512819247999195,509.409,993.35,251.07244,0.152163525969751,3.03575,0.49685
"ensemble-010",1999,0.479714814212538,472.001,983.92,165.55316,0.248009385798895,2.8125,0.560775
"ensemble-010",2000,0.441462302313238,428.34425,970.285,270.324139,0.184273186174489,2.5525,0.533675
"ensemble-010",2001,0.416930299709143,395.6335,948.92,128.601722,0.171874758848335,2.35775,0.448875
"ensemble-010",2002,0.408327583543587,396.5065,971.05,224.184225,0.143230672505701,2.363,0.55165
"ensemble-010",2003,0.395330260758121,401.00325,1014.35,148.312559,0.188419789892455,2.3895,0.502575
"ensemble-010",2004,0.389067608402811,400.7445,1030.0125,254.6569,0.178232677287931,2.388,0.687575
"ensemble-010",2005,0.36350317877676,370.50425,1019.26,151.558456,0.186204618074084,2.20775,0.545675
"ensemble-010",2006,0.359969005491153,368.74325,1024.375,165.743552,0.186068166032583,2.1975,0.58835
"ensemble-010",2007,0.357206793665366,373.524,1045.68,163.64628,0.223841732428566,2.226,0.61665
"ensemble-010",2008,0.344606719194785,354.70025,1029.29,180.220171,0.278327500678002,2.1135,0.6694
"ensemble-010",2009,0.324447871120895,319.818,985.73,204.256839,0.196173906365036,1.90575,0.66875
"ensemble-010",2010,0.309192537868059,297.461,962.0575,134.521333,0.163888507851776,1.7725,0.5465
"ensemble-010",2011,0.314584941389566,305.67275,971.67,149.023603,0.232593566890378,1.8215,0.687425
"ensemble-010",2012,0.308886874481597,300.7145,973.5425,250.215804,0.190357035523168,1.79175,0.69225
"ensemble-010",2013,0.296272952800984,279.4565,943.24,210.397151,0.19485980629974,1.66525,0.6123
"ensemble-010",2014,0.305426873936041,292.8975,958.9775,125.752002,0.258909603671992,1.7455,0.6638
"ensemble-010",2015,0.318495550502774,324.97375,1020.34,170.537839,0.205611267688171,1.93625,0.61535
"ensemble-010",2016,0.31498697646098,325.906,1034.665,173.057483,0.290385271869772,1.942,0.660725
"ensemble-010",2017,0.305844209493241,305.4015,998.5525,184.738902,0.186098118716915,1.82,0.561925
"ensemble-010",2018,0.302187885643768,293.8475,972.4,143.214673,0.217103457236367,1.751,0.6534
"ensemble-010",2019,0.300136072723886,290.05,966.395,169.603638,0.151563040547394,1.7285,0.5728
"ensemble-010",2020,0.306394269587951,295.037,962.9325,148.859942,0.266304737805677,1.758,0.604775
"ensemble-010",2021,0.317211480441798,302.27875,952.925,146.828755,0.276275498947556,1.80125,0.623175
"ensemble-010",2022,0.319522958609644,301.7455,944.3625,110.896086,0.38320436803723,1.79825,0.698925
"ensemble-010",2023,0.302358305536468,271.709,898.6325,177.06071,0.340724166301251,1.61925,0.77225
"ensemble-010",2024,0.26577554061969,229.153,862.205,182.32728,0.23480131674791,1.3655,0.814675
"ensemble-011",1952,0.99749020963719,3202.37,3210.4275,178.78926,0.0052153170830696,7.781,0.03562
"ensemble-011",1953,0.989157003979095,3267.695,3303.515,151.55731,0.0048823223132607,7.94,0.0331075
"ensemble-011",1954,0.983398143051556,3318.5975,3374.6225,197.341031,0.00340552681320414,8.06375,0.021728
"ensemble-011",1955,0.978655386579986,3372.055,3445.6,163.407532,0.00563096498885398,8.1935,0.035685
"ensemble-011",1956,0.97234123150801,3394.645,3491.2075,103.599905,0.00700023383746717,8.2485,0.04105
"ensemble-011",1957,0.965295097487532,3443.6975,3567.5075,73.897961,0.010396432579936,8.36775,0.057015
"ensemble-011",1958,0.953419973372644,3338.9125,3502.0375,192.075497,0.0135557144964003,8.11325,0.0850575
"ensemble-011",1959,0.938186107294639,3076.2325,3278.915,70.930502,0.0101196384381153,7.47475,0.07736
"ensemble-011",1960,0.926173230223258,2797.71,3020.72,114.5749729,0.0108417450472685,6.798,0.07431
"ensemble-011",1961,0.919675604836994,2701.8,2937.775,76.233886,0.0105893803273516,6.565,0.076665
"ensemble-011",1962,0.912553924870652,2546.865,2790.92,111.027303,0.0095020204282075,6.1885,0.075655
"ensemble-011",1963,0.905087685124072,2392.9025,2643.835,83.558432,0.0127302324926049,5.8145,0.100475
"ensemble-011",1964,0.896148228249554,2220.96,2478.34,88.9347082,0.00874174654180342,5.397,0.0771775
"ensemble-011",1965,0.894584752856374,2097.3875,2344.5375,62.6834207,0.0102074844014544,5.09625,0.0743975
"ensemble-011",1966,0.893440539419642,2003.46,2242.41,129.339497,0.00987709546042646,4.86825,0.0856875
"ensemble-011",1967,0.888631607228711,1885.2675,2121.54,54.512372,0.0132235113968181,4.581,0.09552
"ensemble-011",1968,0.884600774518371,1764.02,1994.1425,70.3620514,0.0103454478722878,4.28625,0.0785625
"ensemble-011",1969,0.884122396041493,1714.415,1939.115,97.5599942,0.0120946313352689,4.166,0.09853
"ensemble-011",1970,0.881190844673247,1648.36,1870.605,81.5488108,0.0211211991969909,4.00525,0.0950175
"ensemble-011",1971,0.878733651466949,1591,1810.56,58.317914,0.0228831434814465,3.86575,0.09719
"ensemble-011",1972,0.874664492995354,1566.64,1791.1325,81.935776,0.0315966264351327,3.80675,0.13445
"ensemble-011",1973,0.863286781563474,1492.0725,1728.3625,89.357808,0.0211613078046173,3.6255,0.113465
"ensemble-011",1974,0.854347313783665,1413.885,1654.93,45.019635,0.0336689382951761,3.4355,0.1284
"ensemble-011",1975,0.845245668323504,1371.895,1623.0725,140.396372,0.0292085538108381,3.3335,0.163425
"ensemble-011",1976,0.830511355053125,1319.45,1588.72,76.053401,0.0318678327547879,3.20625,0.172775
"ensemble-011",1977,0.817126315328777,1306.92,1599.41,97.6596991,0.0419488766893194,3.17575,0.192875
"ensemble-011",1978,0.80985406973231,1340.2275,1654.9,24.56924,0.033030283558782,3.2565,0.15955
"ensemble-011",1979,0.79995961016328,1336.9025,1671.2125,70.272203,0.0424768249174362,3.24875,0.2031
"ensemble-011",1980,0.78503874705153,1312.1275,1671.4175,74.508101,0.0351442554380599,3.18825,0.201625
"ensemble-011",1981,0.771511719487147,1236.7275,1602.9925,103.888082,0.0569643112661933,3.00475,0.192375
"ensemble-011",1982,0.762940654364898,1186.2125,1554.79,121.33831,0.0623731314733675,2.88275,0.227675
"ensemble-011",1983,0.754906137195679,1178.45,1561.055,87.508508,0.077360287766442,2.8635,0.22765
"ensemble-011",1984,0.74741877159924,1224.655,1638.5125,84.4529796,0.0820147832625224,2.976,0.246
"ensemble-011",1985,0.731327498335241,1260.24,1723.2225,113.884064,0.0866528082987501,3.062,0.2573
"ensemble-011",1986,0.712322312889709,1243.4975,1745.695,78.332248,0.0918452436552674,3.0215,0.23875
"ensemble-011",1987,0.696909127532472,1236.89,1774.8225,121.4936048,0.104889436980866,3.00575,0.304125
"ensemble-011",1988,0.680275713633794,1248.4675,1835.2375,149.124853,0.0898443836365886,3.0335,0.266025
"ensemble-011",1989,0.665797943260412,1239.6675,1861.9275,102.45399,0.0880515785484821,3.012,0.263425
"ensemble-011",1990,0.656202251196903,1288.3875,1963.4,109.843038,0.120239544574557,3.131,0.3177
"ensemble-011",1991,0.649024251014692,1341.6175,2067.13,103.512772,0.120615838501006,3.25975,0.28585
"ensemble-011",1992,0.635749398721183,1354.7025,2130.875,126.725847,0.154729753710625,3.29175,0.356325
"ensemble-011",1993,0.617020359019009,1323.43,2144.8725,73.036524,0.128474965160581,3.21575,0.31465
"ensemble-011",1994,0.596047806883525,1287.4275,2159.94,144.64266,0.123186396455328,3.12825,0.3639
"ensemble-011",1995,0.574325813293667,1250.985,2178.18,69.473684,0.112974423795974,3.0395,0.32345
"ensemble-011",1996,0.562289304054078,1209.6825,2151.3525,171.113554,0.119251999268321,2.93975,0.304425
"ensemble-011",1997,0.571036650451261,1257.2,2201.61,77.219626,0.162747457603187,3.055,0.381025
"ensemble-011",1998,0.563000835695966,1269.9075,2255.605,128.31189,0.173118815405031,3.08575,0.443875
"ensemble-011",1999,0.548524456945036,1258.865,2295.0025,121.808807,0.21901246121112,3.059,0.475425
"ensemble-011",2000,0.523313200885306,1203.5,2299.77,151.109022,0.19150915383725,2.9245,0.458025
"ensemble-011",2001,0.501938431676172,1150.7315,2292.575,91.319725,0.170030767758443,2.79625,0.39745
"ensemble-011",2002,0.488205030753754,1136.82325,2328.5775,119.048251,0.179796556946898,2.7625,0.49365
"ensemble-011",2003,0.475117764883571,1137.97,2395.1325,111.421936,0.188917414658727,2.765,0.44915
"ensemble-011",2004,0.462992404168875,1120.4775,2420.0775,132.434547,0.248036522655135,2.72275,0.63645
"ensemble-011",2005,0.445206548532046,1071.04675,2405.73,97.387196,0.203284634001718,2.6025,0.506325
"ensemble-011",2006,0.429509896529449,1035.5795,2411.0725,103.030075,0.252255577188623,2.51625,0.5478
"ensemble-011",2007,0.420516435018813,1020.96975,2427.895,101.929654,0.247292763169303,2.481,0.55465
"ensemble-011",2008,0.406192731182751,979.352,2411.0525,109.639814,0.304187909901462,2.37975,0.6006
"ensemble-011",2009,0.387429618337396,916.18775,2364.785,110.486175,0.246949292851299,2.22625,0.621075
"ensemble-011",2010,0.369535366765658,854.85725,2313.33,82.115507,0.188659631966568,2.07725,0.5276
"ensemble-011",2011,0.359284548487404,824.40175,2294.565,92.764924,0.269288551911416,2.00325,0.6591
"ensemble-011",2012,0.350055612697755,794.684,2270.165,145.584008,0.234038189768335,1.931,0.684075
"ensemble-011",2013,0.339592519609329,750.51475,2210.045,127.0595,0.23238902678025,1.82375,0.637125
"ensemble-011",2014,0.337551886744319,744.27575,2204.9225,77.396674,0.277885446645391,1.8085,0.6938
"ensemble-011",2015,0.341369997490766,775.4595,2271.61,100.799492,0.230917150144021,1.8845,0.620325
"ensemble-011",2016,0.341218684180604,787.75025,2308.6375,106.750999,0.313070290834827,1.914,0.6517
"ensemble-011",2017,0.337427756935938,767.897,2275.7375,104.497096,0.21360187434562,1.86625,0.551725
"ensemble-011",2018,0.334991670959412,751.10325,2242.155,85.798029,0.246619320789471,1.825,0.652625
"ensemble-011",2019,0.331944449114784,740.36475,2230.3875,73.59981,0.19060598421882,1.799,0.588125
"ensemble-011",2020,0.33166662520439,733.2635,2210.845,111.341862,0.299875474983826,1.782,0.637575
"ensemble-011",2021,0.335142639725406,724.49125,2161.74,84.461879,0.302837761963455,1.76025,0.618975
"ensemble-011",2022,0.33587482242617,709.89075,2113.5575,73.863576,0.359350496365204,1.72475,0.670325
"ensemble-011",2023,0.326486864947297,680.81,2085.26,111.884301,0.383675464299699,1.6545,0.719625
"ensemble-011",2024,0.306331237154514,624.13075,2037.4375,103.29135,0.262110025613784,1.5165,0.788575
"ensemble-012",1952,0.998844569159968,6736.445,6744.2375,276.86368,0.00284435873636184,12.725,0.0183935
"ensemble-012",1953,0.994964473990749,6897.3375,6932.245,239.67675,0.00283304804882214,13.0275,0.01719
"ensemble-012",1954,0.992188535480293,7018.005,7073.2575,265.943374,0.00221052195425969,13.26,0.0115915
"ensemble-012",1955,0.98969644728036,7061.1625,7134.675,187.140177,0.00332600478266071,13.3425,0.019619
"ensemble-012",1956,0.986246900379194,6982.13,7079.495,116.078178,0.00406766779374258,13.19,0.0229755
"ensemble-012",1957,0.982304981367523,6944.5475,7069.645,84.73439,0.00602653693366868,13.12,0.03239
"ensemble-012",1958,0.975797837563049,6641.485,6806.21,148.475087,0.00853501357041514,12.5475,0.04895
"ensemble-012",1959,0.967334902645137,6053.1175,6257.52,163.732335,0.00601354882152842,11.435,0.046275
"ensemble-012",1960,0.959761676123189,5412.0625,5638.965,106.259754,0.00740920855390889,10.225,0.0462725
"ensemble-012",1961,0.95500945784587,5072.75,5311.7275,125.606539,0.00643285859239272,9.5835,0.0468825
"ensemble-012",1962,0.95043871313495,4726.325,4972.7825,113.932836,0.00640716284336286,8.929,0.046755
"ensemble-012",1963,0.945622877784597,4395.2575,4648.0025,90.87297,0.00855805625571706,8.30325,0.0623975
"ensemble-012",1964,0.939980143754572,4047.5075,4305.95,116.523828,0.00567964387825812,7.6465,0.0484425
"ensemble-012",1965,0.938486231748072,3775.7225,4023.205,78.481358,0.00667725221599193,7.13275,0.047075
"ensemble-012",1966,0.937262418584555,3568.39,3807.2475,136.538644,0.00682417791481774,6.74125,0.0547225
"ensemble-012",1967,0.933790076014698,3329.055,3565.1,70.704584,0.00877601264224073,6.289,0.0615125
"ensemble-012",1968,0.931027469839011,3101.5225,3331.29,75.657566,0.00729971675746962,5.85925,0.0510175
"ensemble-012",1969,0.930324875526023,2993.3575,3217.54,111.815153,0.00845453674975473,5.655,0.06517
"ensemble-012",1970,0.927512705782203,2838.3025,3060.1225,101.4261285,0.0154816078689161,5.362,0.0634375
"ensemble-012",1971,0.925243631499509,2708.01,2926.8075,65.6992506,0.0180226979773294,5.116,0.064805
"ensemble-012",1972,0.922100599132745,2657.57,2882.0825,71.048851,0.0267758062248294,5.0205,0.090215
"ensemble-012",1973,0.91374728436594,2515.1625,2752.58,131.229886,0.0171399961664028,4.75175,0.0764325
"ensemble-012",1974,0.906509143633269,2372.6925,2617.395,38.8767168,0.0265201116496352,4.48225,0.0866325
"ensemble-012",1975,0.899520519795683,2298.14,2554.85,175.748997,0.0235796032618556,4.3415,0.1116325
"ensemble-012",1976,0.888327167029667,2206.5425,2483.93,58.349994,0.025456883538903,4.1685,0.1177
"ensemble-012",1977,0.878549591555225,2186.185,2488.4025,131.941022,0.0293320076091787,4.13025,0.1309
"ensemble-012",1978,0.873663113271031,2252.5525,2578.285,19.005439,0.0222644248661914,4.2555,0.108365
"ensemble-012",1979,0.865936387631648,2239.9025,2586.6825,58.979403,0.03107468408351,4.2315,0.137775
"ensemble-012",1980,0.855616683974501,2199.8675,2571.09,103.653467,0.0281015585308843,4.156,0.137325
"ensemble-012",1981,0.846277966378993,2069.065,2444.9,117.804989,0.0424447177848472,3.90875,0.131525
"ensemble-012",1982,0.839448942905776,1978.8225,2357.2875,121.593499,0.0532559035705357,3.73825,0.15695
"ensemble-012",1983,0.833202785906814,1965.24,2358.6575,96.173738,0.0620309902946008,3.71275,0.157325
"ensemble-012",1984,0.82642775790371,2033.535,2460.6325,76.121395,0.0694469247320987,3.8415,0.17115
"ensemble-012",1985,0.812859072032972,2082.675,2562.16,136.5830786,0.0719313382619146,3.93475,0.1791
"ensemble-012",1986,0.796851099664611,2048.6225,2570.8975,76.128424,0.0720734366734912,3.87025,0.165825
"ensemble-012",1987,0.783496911052933,2038.04,2601.21,141.5584345,0.0859260119127286,3.85025,0.212025
"ensemble-012",1988,0.769255203263122,2058.5,2675.965,139.392,0.0721041208630177,3.88875,0.185675
"ensemble-012",1989,0.757335576932899,2038.825,2692.1025,125.904401,0.0722983015296192,3.85175,0.1846
"ensemble-012",1990,0.749918493154306,2127.6575,2837.185,107.487803,0.0946889565289689,4.0195,0.223825
"ensemble-012",1991,0.743086071797773,2206.765,2969.73,56.474363,0.112482364805222,4.169,0.201825
"ensemble-012",1992,0.730926692619827,2217.86,3034.3125,164.681411,0.10180973137778,4.19,0.254575
"ensemble-012",1993,0.71161425903769,2142.6225,3010.9325,52.533155,0.0975092476992633,4.04775,0.224425
"ensemble-012",1994,0.695414943677219,2084.475,2997.455,167.503788,0.0912296193132932,3.938,0.25855
"ensemble-012",1995,0.679818617915856,2039.2825,2999.745,78.254162,0.0998567101057797,3.8525,0.229375
"ensemble-012",1996,0.671867995725724,1982.15,2950.2075,162.77183,0.114340096628541,3.74475,0.217125
"ensemble-012",1997,0.678017911239489,2045.08,3016.2625,64.790797,0.134469625799986,3.8635,0.273225
"ensemble-012",1998,0.669142381779685,2069.2375,3092.3725,147.544895,0.148050237022188,3.90925,0.317925
"ensemble-012",1999,0.653821153013817,2046.895,3130.665,93.235802,0.183817635641186,3.86675,0.339825
"ensemble-012",2000,0.632241166803615,1969.76,3115.52,177.769316,0.177451636514743,3.72125,0.3262
"ensemble-012",2001,0.613080690556202,1886.4125,3076.94,70.336128,0.14901014026418,3.56375,0.282675
"ensemble-012",2002,0.599026222818128,1866.3875,3115.7025,144.073163,0.136902047001716,3.52575,0.3544
"ensemble-012",2003,0.585770039823727,1876.8775,3204.12,69.844118,0.174373976734435,3.54575,0.319225
"ensemble-012",2004,0.574776676726483,1854.06,3225.705,156.283681,0.182675358432719,3.5025,0.456525
"ensemble-012",2005,0.557828210149597,1783.1425,3196.58,75.566177,0.184476566198101,3.3685,0.360675
"ensemble-012",2006,0.54503888553158,1724.905,3164.7375,104.266825,0.201161857580917,3.25875,0.3914
"ensemble-012",2007,0.535137296868368,1692.7075,3163.1275,99.877973,0.201270615972017,3.19775,0.396975
"ensemble-012",2008,0.520884868188565,1621.4,3112.78,92.431587,0.298569855935382,3.06325,0.428975
"ensemble-012",2009,0.503965041680372,1520.6175,3017.3075,115.86023,0.220109401546749,2.87275,0.446225
"ensemble-012",2010,0.485328784357208,1422.529,2931.0625,76.866156,0.176071442071141,2.6875,0.37995
"ensemble-012",2011,0.473128786752889,1368.90825,2893.31,79.965823,0.238385393475205,2.586,0.4738
"ensemble-012",2012,0.462822544394947,1323.07775,2858.715,150.732799,0.219797155657763,2.4995,0.489925
"ensemble-012",2013,0.452889323310436,1257.9635,2777.64,123.542472,0.209916869021888,2.37675,0.454525
"ensemble-012",2014,0.452413608899348,1253.43,2770.54,74.398628,0.242286729644367,2.36775,0.49465
"ensemble-012",2015,0.457662651926665,1311.61425,2865.8975,94.989777,0.207919589304278,2.478,0.436425
"ensemble-012",2016,0.458657003067224,1337.96325,2917.1325,110.983313,0.295917106954634,2.5275,0.455325
"ensemble-012",2017,0.455387423181314,1311.2175,2879.345,97.88915,0.188609323680547,2.477,0.3844
"ensemble-012",2018,0.451725076191122,1282.4825,2839.0775,79.040962,0.220976290542393,2.42275,0.457775
"ensemble-012",2019,0.448486173178178,1267.0295,2825.125,85.513129,0.170070921851587,2.3935,0.4123
"ensemble-012",2020,0.448177564746645,1253.40475,2796.67,100.021955,0.301475880105315,2.368,0.443875
"ensemble-012",2021,0.451567822820056,1237.4155,2740.265,75.311806,0.283101937540146,2.3375,0.431
"ensemble-012",2022,0.450922618160687,1210.49275,2684.48,72.44056,0.328985305214354,2.287,0.4696
"ensemble-012",2023,0.439883016030397,1156.82525,2629.8475,105.715487,0.372244158222116,2.1855,0.504325
"ensemble-012",2024,0.419978833639646,1073.44175,2555.9425,110.927862,0.249930534315697,2.028,0.549475
"ensemble-014",1952,0.997941338320944,3921.6475,3929.7375,91.821265,0.00649899602527146,5.08975,0.0531475
"ensemble-014",1953,0.990852637592089,4024.13,4061.28,93.82009,0.00624356106034017,5.223,0.0495
"ensemble-014",1954,0.985355769057664,4104.9675,4165.975,98.679241,0.00477001195279354,5.32775,0.0327075
"ensemble-014",1955,0.980411547745122,4161.3225,4244.465,65.8421454,0.00716722658738794,5.40075,0.0535275
"ensemble-014",1956,0.974047714089654,4190.945,4302.6075,43.1017756,0.00823738451129061,5.43925,0.061505
"ensemble-014",1957,0.966738862622551,4233.625,4379.285,30.0174838,0.0117644109686304,5.49475,0.0850575
"ensemble-014",1958,0.955410330279045,4123.09,4315.5175,49.1617558,0.0167984771044512,5.35125,0.126035
"ensemble-014",1959,0.941051615660943,3841.735,4082.385,77.1262176,0.011867577433676,4.98625,0.1190175
"ensemble-014",1960,0.927907318584751,3503.5275,3775.73,43.0321136,0.0137001616717949,4.547,0.1156
"ensemble-014",1961,0.919643566627765,3327.3325,3618.0675,44.2400376,0.0125548651457918,4.3185,0.1132325
"ensemble-014",1962,0.912184479214508,3162.8925,3467.3825,46.511559,0.0119546732741048,4.105,0.1117925
"ensemble-014",1963,0.904063393419586,2985.145,3301.92,33.681374,0.0160746425673389,3.874,0.1489775
"ensemble-014",1964,0.894734474531886,2784.615,3112.225,45.9275179,0.0109030028656284,3.614,0.115415
"ensemble-014",1965,0.891084853899909,2622.935,2943.53,30.0056635,0.0123855469223379,3.40425,0.1113525
"ensemble-014",1966,0.887932593015458,2492.54,2807.1275,58.15626,0.0127184828639402,3.235,0.128875
"ensemble-014",1967,0.881956250388302,2342.295,2655.795,24.6257434,0.0165684430803203,3.04,0.144225
"ensemble-014",1968,0.876930278890427,2196.41,2504.6575,34.1979591,0.0131066142425681,2.85075,0.119415
"ensemble-014",1969,0.874551175540577,2117.2075,2420.9075,47.5194637,0.0158157093697065,2.74775,0.15065
"ensemble-014",1970,0.869910945242034,2020.3225,2322.4475,41.4661584,0.026157411884964,2.62225,0.146575
"ensemble-014",1971,0.865980555214484,1939.515,2239.675,29.9712419,0.0285849794730575,2.5175,0.148075
"ensemble-014",1972,0.860979702055781,1905.0575,2212.6625,33.426811,0.0401240854422335,2.47275,0.204025
"ensemble-014",1973,0.849387595679066,1821.2675,2144.2125,54.901773,0.0255297450563204,2.36375,0.1713
"ensemble-014",1974,0.839517357028585,1742.2,2075.24,25.0224744,0.039777638231119,2.26125,0.19305
"ensemble-014",1975,0.829583185505083,1695.2325,2043.475,76.5378129,0.0398577778085974,2.20025,0.247575
"ensemble-014",1976,0.814847730921492,1634.3075,2005.66,24.908123,0.0413975219966884,2.121,0.2605
"ensemble-014",1977,0.801130461879371,1619.6775,2021.74,63.0683657,0.0506867821478436,2.102,0.2914
"ensemble-014",1978,0.792928035119119,1663.565,2098.0025,8.2224432,0.0359394219218281,2.159,0.23945
"ensemble-014",1979,0.781404136226169,1662.66,2127.785,30.214202,0.0487784352695362,2.15775,0.30105
"ensemble-014",1980,0.766677242061455,1643.25,2143.34,48.435821,0.0439495332301082,2.13275,0.296025
"ensemble-014",1981,0.753990404064048,1570.3,2082.6525,57.698632,0.070756012710496,2.038,0.282325
"ensemble-014",1982,0.744435161022387,1516.9225,2037.6825,62.5827957,0.0849007612646707,1.96875,0.336625
"ensemble-014",1983,0.734920805133592,1507.7525,2051.585,48.222608,0.0969521930417147,1.95675,0.338675
"ensemble-014",1984,0.723847056479288,1552.965,2145.4325,37.1048793,0.104999242319839,2.01575,0.367225
"ensemble-014",1985,0.70501559710097,1588.275,2252.8225,72.2667402,0.108730115403001,2.06125,0.3834
"ensemble-014",1986,0.684172528894349,1573.135,2299.325,40.7178944,0.111873941707066,2.04175,0.35465
"ensemble-014",1987,0.666086853162142,1569.0625,2355.6425,76.4955303,0.125861924352668,2.03625,0.451675
"ensemble-014",1988,0.64630692698211,1582.1125,2447.9275,71.864721,0.11657857058368,2.053,0.397275
"ensemble-014",1989,0.630290017394849,1577.0975,2502.1775,65.9605,0.102098690597359,2.047,0.394175
"ensemble-014",1990,0.618179757023825,1635.92,2646.35,59.863624,0.136115503128456,2.12325,0.476575
"ensemble-014",1991,0.607916635295552,1695.595,2789.19,48.842021,0.151177918147596,2.2005,0.4255
"ensemble-014",1992,0.594594851926676,1717.3475,2888.265,80.800508,0.177504261961173,2.229,0.528775
"ensemble-014",1993,0.575413426076975,1684.2725,2927.065,32.257635,0.137469525542949,2.18575,0.4606
"ensemble-014",1994,0.556746905649946,1656.535,2975.3825,91.379439,0.130895861551,2.15025,0.52675
"ensemble-014",1995,0.537557276735265,1628.05,3028.6075,36.9374933,0.135664216474205,2.113,0.469575
"ensemble-014",1996,0.527487189067784,1595.265,3024.2725,93.965615,0.164959996154352,2.0705,0.44585
"ensemble-014",1997,0.530983794984702,1639.97,3088.55,39.9580993,0.19164565596726,2.1285,0.558025
"ensemble-014",1998,0.521182005686815,1651.945,3169.6125,87.506819,0.20876734094104,2.14375,0.6478
"ensemble-014",1999,0.504997548256178,1637.5,3242.59,59.4157,0.283306435867338,2.125,0.684925
"ensemble-014",2000,0.483706824363162,1584.1725,3275.0675,103.523582,0.259245494559214,2.05625,0.65785
"ensemble-014",2001,0.46433984264465,1530.189,3295.4075,43.808403,0.207565478363017,1.986,0.568325
"ensemble-014",2002,0.448893168785931,1516.158,3377.5475,84.252465,0.196580835419859,1.968,0.7123
"ensemble-014",2003,0.43398164448077,1518.59725,3499.22,46.782125,0.230104741741229,1.971,0.63745
"ensemble-014",2004,0.422368891625305,1505.781,3565.085,95.486546,0.278760758221002,1.95425,0.896175
"ensemble-014",2005,0.40671999743477,1458.66975,3586.4225,49.387698,0.256847442004798,1.89325,0.707625
"ensemble-014",2006,0.394818960823684,1423.13975,3604.5375,64.475934,0.261792596192244,1.84725,0.7664
"ensemble-014",2007,0.383730652616112,1399.765,3647.78,73.8432479,0.302950725597996,1.81675,0.76885
"ensemble-014",2008,0.371532378742741,1353.1395,3642.05,61.2480807,0.407895362712428,1.75625,0.817575
"ensemble-014",2009,0.358059148823832,1288.49375,3598.55,76.448406,0.306686568170602,1.6725,0.837575
"ensemble-014",2010,0.341920746583688,1226.2885,3586.47,53.282857,0.235870367426555,1.5915,0.704925
"ensemble-014",2011,0.331730582551199,1196.06125,3605.52,58.4593383,0.308101418177441,1.5525,0.870425
"ensemble-014",2012,0.322282759244791,1166.3405,3618.9975,93.88191,0.301484084034888,1.5135,0.897275
"ensemble-014",2013,0.313992527922416,1122.831,3575.98,84.821865,0.279522765786809,1.45725,0.833525
"ensemble-014",2014,0.313209957815538,1125.224,3592.555,49.594171,0.312508146888919,1.46025,0.90185
"ensemble-014",2015,0.317129011821478,1176.3425,3709.35,66.048266,0.256659286665726,1.527,0.78795
"ensemble-014",2016,0.318246232340433,1208.2075,3796.455,70.125844,0.354075061982013,1.56825,0.812075
"ensemble-014",2017,0.317014405998256,1201.6225,3790.435,68.138536,0.246187269139197,1.5595,0.679375
"ensemble-014",2018,0.316711102445029,1193.83775,3769.485,50.36824,0.285478237225761,1.5495,0.80275
"ensemble-014",2019,0.315467571198334,1187.65575,3764.7475,56.007094,0.194455825024378,1.54125,0.720075
"ensemble-014",2020,0.315202309282536,1180.12375,3744.02,58.735017,0.32636947988847,1.53175,0.77055
"ensemble-014",2021,0.317309599429279,1168.6695,3683.0575,55.334803,0.293298023122176,1.51675,0.753775
"ensemble-014",2022,0.316324259799465,1142.118,3610.5925,49.627655,0.429662275700268,1.48225,0.819625
"ensemble-014",2023,0.310023546030817,1088.557,3511.2075,65.500639,0.433467794612872,1.4125,0.87015
"ensemble-014",2024,0.297314994625909,1020.032,3430.8125,57.350839,0.316505259674224,1.324,0.964875
"ensemble-015",1952,0.995114970626399,1882.7625,1892.005,93.422842,0.00895027567105639,5.6665,0.064485
"ensemble-015",1953,0.979708073847704,1905.88,1945.355,64.373874,0.00885817674854545,5.736,0.0598025
"ensemble-015",1954,0.969810460906303,1925.9175,1985.87,103.582871,0.00600065600878726,5.79625,0.0409725
"ensemble-015",1955,0.961095145660043,1932.2025,2010.4175,103.4333378,0.00938494804566959,5.81525,0.0667475
"ensemble-015",1956,0.949579487892055,1913.5,2015.1025,59.4981466,0.012115727180737,5.759,0.0743875
"ensemble-015",1957,0.938151058947302,1943.9475,2072.105,42.2420902,0.0175612009753537,5.8505,0.0999325
"ensemble-015",1958,0.919182203897344,1899.405,2066.4075,94.422466,0.0227771711840668,5.71625,0.147
"ensemble-015",1959,0.895002734568765,1759.195,1965.575,35.27137,0.0179144942599942,5.2945,0.13689
"ensemble-015",1960,0.874492304915172,1598.6725,1828.115,64.8190303,0.0190918683958682,4.81125,0.1387825
"ensemble-015",1961,0.862460790597685,1520.4925,1762.97,41.9617672,0.0182646620329059,4.57625,0.137825
"ensemble-015",1962,0.850831484093543,1420.5525,1669.605,60.53331,0.0164206958328916,4.27525,0.134225
"ensemble-015",1963,0.839725541787129,1332.445,1586.7625,63.073791,0.0204289248821695,4.01,0.174075
"ensemble-015",1964,0.826739028457816,1238.0975,1497.5675,42.4351975,0.0148318728526744,3.72625,0.13065
"ensemble-015",1965,0.827449637242101,1189.825,1437.9425,39.7476189,0.0166885121600036,3.581,0.123475
"ensemble-015",1966,0.829032511078866,1162.6725,1402.445,78.4558409,0.0160304485248043,3.499,0.140975
"ensemble-015",1967,0.823567547485255,1108.3675,1345.8125,27.6868656,0.0211577615803763,3.33575,0.155
"ensemble-015",1968,0.819111357176555,1050.4325,1282.405,46.8737083,0.0171805208570164,3.16125,0.12931
"ensemble-015",1969,0.819729069157621,1035.5125,1263.2375,56.138368,0.0201918950605871,3.1165,0.16375
"ensemble-015",1970,0.814005216784079,990.8275,1217.225,40.0962508,0.0301223739708943,2.98175,0.158425
"ensemble-015",1971,0.809106658872296,951.56,1176.0625,35.1728864,0.033444835003661,2.864,0.163375
"ensemble-015",1972,0.802730660332705,932.765,1161.99,35.665736,0.0447442294989748,2.80725,0.22705
"ensemble-015",1973,0.784126243432299,873.795,1114.355,51.829713,0.0304503025007567,2.62975,0.19405
"ensemble-015",1974,0.771306928138305,822.03,1065.7625,26.3861579,0.0460507053305847,2.474,0.2203
"ensemble-015",1975,0.756629125726793,784.6925,1037.09,75.571852,0.0420909646232791,2.36175,0.284425
"ensemble-015",1976,0.731514457201205,734.3125,1003.825,30.232446,0.0526948576220869,2.21,0.306175
"ensemble-015",1977,0.709885285936166,710.7265,1001.185,59.4508407,0.0657751589147512,2.13925,0.343975
"ensemble-015",1978,0.697990696723904,717.25175,1027.595,8.0633323,0.0542819351346312,2.15875,0.289125
"ensemble-015",1979,0.680152093477567,698.069,1026.3425,37.9713235,0.0673644855936263,2.10075,0.37435
"ensemble-015",1980,0.654037059925645,666.745,1019.43,44.666622,0.0589512171066379,2.0065,0.379225
"ensemble-015",1981,0.631304616096564,613.8885,972.4125,59.804313,0.0867923352304503,1.8475,0.362525
"ensemble-015",1982,0.617400930701208,582.10875,942.8375,62.2712882,0.105289077362995,1.75175,0.42515
"ensemble-015",1983,0.605967862726807,576.51025,951.3875,50.605062,0.126558614143478,1.735,0.42385
"ensemble-015",1984,0.596896190610587,602.75025,1009.8075,55.9886179,0.143102226206018,1.814,0.461
"ensemble-015",1985,0.574544465217513,617.6985,1075.11,58.0966559,0.139074200952249,1.859,0.4823
"ensemble-015",1986,0.548570741653871,604.6525,1102.2325,47.4165709,0.154120075367486,1.81975,0.445575
"ensemble-015",1987,0.529211223776685,602.02275,1137.585,83.1448886,0.161062627431985,1.81225,0.5692
"ensemble-015",1988,0.506672502429819,603.41275,1190.9325,73.507944,0.152274335190228,1.816,0.497375
"ensemble-015",1989,0.490401549481667,600.0725,1223.635,63.5176835,0.138166942301136,1.806,0.490925
"ensemble-015",1990,0.480098429954007,625.7915,1303.465,56.704834,0.190838949777134,1.8835,0.6008
"ensemble-015",1991,0.467505950623494,641.28025,1371.705,77.38573,0.208114082256557,1.93,0.554675
"ensemble-015",1992,0.450593035090048,636.4345,1412.4375,65.096158,0.26687055297343,1.9155,0.694625
"ensemble-015",1993,0.423598523761944,602.00975,1421.18,48.882225,0.191027077750086,1.81175,0.625675
"ensemble-015",1994,0.395899804711675,575.74125,1454.26,80.659242,0.192263151950321,1.73275,0.73145
"ensemble-015",1995,0.367843862069902,541.83125,1472.9925,33.030036,0.187483841612712,1.6305,0.657775
"ensemble-015",1996,0.356769615698373,521.5285,1461.8075,98.415007,0.205771348573299,1.56975,0.620175
"ensemble-015",1997,0.366412437073131,544.7985,1486.845,39.0454,0.295883851587125,1.6395,0.78405
"ensemble-015",1998,0.350654425046145,532.40475,1518.3175,92.893247,0.278430430367889,1.60225,0.935425
"ensemble-015",1999,0.326916649815991,505.22925,1545.4375,72.490997,0.432803293826866,1.5205,1.025725
"ensemble-015",2000,0.297153469898128,464.59425,1563.4825,94.492945,0.349122756398326,1.3985,1.0129
"ensemble-015",2001,0.273801754286112,432.9545,1581.27,49.919052,0.298315101806301,1.303,0.8782
"ensemble-015",2002,0.257410833045016,418.50175,1625.8125,77.461936,0.277274541282283,1.2595,1.106
"ensemble-015",2003,0.239503221829502,405.04725,1691.1975,65.272311,0.32427053187087,1.219,1.0113
"ensemble-015",2004,0.228539180862631,394.08725,1724.375,94.422011,0.387870913147397,1.18625,1.41075
"ensemble-015",2005,0.208628541816129,361.32325,1731.8975,61.330352,0.358406337857066,1.0875,1.142
"ensemble-015",2006,0.199675957405042,350.9275,1757.485,63.155727,0.368789100493956,1.05625,1.2305
"ensemble-015",2007,0.191912969467786,346.116,1803.505,79.21654,0.429700874813375,1.04175,1.26625
"ensemble-015",2008,0.182701028967353,331.45575,1814.1975,72.371784,0.547425007627169,0.9976,1.36775
"ensemble-015",2009,0.169725130398628,305.14075,1797.8525,78.950587,0.390164940797028,0.918375,1.40375
"ensemble-015",2010,0.155703125540586,281.27575,1806.4875,57.183838,0.309742256938181,0.846525,1.1622
"ensemble-015",2011,0.152933043542286,280.4035,1833.505,63.4285496,0.446080350056385,0.8439,1.446675
"ensemble-015",2012,0.146962404551256,271.757,1849.16,95.75172,0.3737352724546,0.817875,1.5045
"ensemble-015",2013,0.137869078187363,251.81925,1826.51,89.044417,0.368976846379514,0.757875,1.373
"ensemble-015",2014,0.138623945578231,254.7215,1837.5,53.425099,0.449440387457046,0.7666,1.46775
"ensemble-015",2015,0.143762640287544,274.3825,1908.58,72.001549,0.362177712845155,0.825775,1.32425
"ensemble-015",2016,0.145077362213524,283.99075,1957.5125,70.739565,0.501849100130073,0.854725,1.38265
"ensemble-015",2017,0.143545160122149,279.453,1946.795,75.50995,0.350755862548309,0.84105,1.1708
"ensemble-015",2018,0.143406313942156,277.01475,1931.6775,58.506134,0.416888982198179,0.833675,1.35975
"ensemble-015",2019,0.141974861528117,273.434,1925.9325,59.883719,0.293021695989608,0.82295,1.207575
"ensemble-015",2020,0.144036955583685,276.22075,1917.7075,70.769372,0.472267371711412,0.831325,1.277475
"ensemble-015",2021,0.14930489062872,282.2385,1890.35,68.23285,0.482137687294467,0.849425,1.27135
"ensemble-015",2022,0.150825914405234,281.23,1864.6,51.342885,0.631809452864702,0.8464,1.386725
"ensemble-015",2023,0.144399739255234,263.6075,1825.54,73.411706,0.590420064048272,0.79335,1.51525
"ensemble-015",2024,0.126389497997252,226.95225,1795.6575,62.101681,0.466949773477147,0.68305,1.726
"ensemble-016",1952,0.994491310628547,1696.995,1706.395,74.798921,0.0107425332127713,4.53775,0.0783025
"ensemble-016",1953,0.977095503367092,1713.2075,1753.3675,69.761824,0.0105009916703545,4.58125,0.07264
"ensemble-016",1954,0.965850133619581,1727.5775,1788.66,82.878109,0.00817494916222407,4.61975,0.04995
"ensemble-016",1955,0.955956526006024,1729.0075,1808.6675,78.1292503,0.0112758101334065,4.62375,0.0805525
"ensemble-016",1956,0.942988462801153,1716.2225,1819.9825,47.3284874,0.0140706022583135,4.58925,0.0892325
"ensemble-016",1957,0.930527847131796,1752.605,1883.4525,35.448988,0.0198256460254436,4.68675,0.118845
"ensemble-016",1958,0.909873933750778,1720.815,1891.2675,68.0729174,0.0267346283180145,4.6015,0.17465
"ensemble-016",1959,0.883504338340744,1595.6,1805.99,40.5645827,0.0196874011465729,4.26675,0.1624225
"ensemble-016",1960,0.861338423954398,1451.745,1685.4525,43.3265483,0.0235662603898484,3.882,0.1644525
"ensemble-016",1961,0.848482991675832,1384.72,1631.995,45.8157436,0.0201682290453235,3.70275,0.1635
"ensemble-016",1962,0.836050274971471,1296.7725,1551.07,46.241542,0.0194695354899287,3.46775,0.159025
"ensemble-016",1963,0.824299236083635,1218.78,1478.565,52.4432571,0.0235480393437449,3.259,0.205675
"ensemble-016",1964,0.810382073305614,1133.84,1399.1425,39.0312264,0.0168398231197491,3.032,0.1548225
"ensemble-016",1965,0.811119780056472,1091.605,1345.8,32.7968208,0.0189747289504212,2.919,0.1457
"ensemble-016",1966,0.812830148510993,1069.0525,1315.2225,62.1693297,0.0187565759723778,2.85875,0.165825
"ensemble-016",1967,0.806944988350521,1019.9825,1264.005,27.4137492,0.0235419137479023,2.72775,0.1823
"ensemble-016",1968,0.802182595581777,968.09,1206.82,40.2074592,0.0192750414779726,2.5885,0.150875
"ensemble-016",1969,0.803239280467281,958.15,1192.8575,42.4454689,0.0234873514869145,2.562,0.19065
"ensemble-016",1970,0.797565492370504,920.58,1154.2375,41.317858,0.0328941949706962,2.46175,0.184775
"ensemble-016",1971,0.792344945193156,885.1325,1117.105,28.0652517,0.0376554284599389,2.367,0.188575
"ensemble-016",1972,0.786203289804402,871.925,1109.0325,30.333078,0.0518009549831851,2.33175,0.261125
"ensemble-016",1973,0.766862592257077,819.015,1068.0075,46.359063,0.0330252533652243,2.19,0.223275
"ensemble-016",1974,0.753287429163366,772.6375,1025.6875,22.6186534,0.0524539323589469,2.066,0.252
"ensemble-016",1975,0.738084901470581,739.55,1001.985,69.124306,0.048585960329474,1.97775,0.3269
"ensemble-016",1976,0.71228924940959,693.6985,973.9,22.7614423,0.0591056074215445,1.855,0.349775
"ensemble-016",1977,0.690389345783389,674.305,976.7025,54.3733993,0.0732830371353332,1.80325,0.39035
"ensemble-016",1978,0.678720550906278,684.50325,1008.52,8.0852195,0.0589728662488344,1.8305,0.32795
"ensemble-016",1979,0.660195665016351,667.73675,1011.4225,27.3727464,0.0767719266780963,1.7855,0.422275
"ensemble-016",1980,0.633883135782942,639.203,1008.3925,43.122719,0.0665209903160953,1.709,0.429925
"ensemble-016",1981,0.610213595964948,587.37025,962.565,53.175574,0.0952344887457632,1.5705,0.41345
"ensemble-016",1982,0.594796730122701,555.52825,933.98,56.9560168,0.121371694644461,1.4855,0.48555
"ensemble-016",1983,0.582580147183218,550.981,945.76,48.007515,0.1417748683801,1.4735,0.48165
"ensemble-016",1984,0.57274753468284,578.1915,1009.505,42.620619,0.164213217454569,1.546,0.5211
"ensemble-016",1985,0.549110546672589,593.43475,1080.72,58.5765867,0.149217393687439,1.587,0.546575
"ensemble-016",1986,0.521415896604238,580.3385,1113.005,41.981576,0.170441255200138,1.55175,0.50495
"ensemble-016",1987,0.501540210089775,578.0765,1152.6025,69.076619,0.188359993656215,1.546,0.642975
"ensemble-016",1988,0.479063387041835,580.15175,1211.0125,66.053421,0.166120755978291,1.55125,0.56375
"ensemble-016",1989,0.462367283209224,577.4505,1248.9,61.7560259,0.143432790828549,1.54425,0.553225
"ensemble-016",1990,0.452049772850118,604.2425,1336.6725,57.53379,0.202960593726633,1.61575,0.6759
"ensemble-016",1991,0.440266767846726,620.78825,1410.0275,52.1498563,0.235088634603429,1.66,0.622175
"ensemble-016",1992,0.422961050398991,614.7115,1453.3525,74.941169,0.272718496604036,1.64375,0.78425
"ensemble-016",1993,0.395780376294119,580.217,1466.0075,39.903856,0.217405787617178,1.5515,0.7013
"ensemble-016",1994,0.3716070697216,558.01075,1501.615,79.101221,0.216185690151251,1.49225,0.81445
"ensemble-016",1995,0.34535278348863,527.8795,1528.5225,30.764112,0.21180060314402,1.4115,0.7367
"ensemble-016",1996,0.334401126795749,508.66675,1521.1275,88.650872,0.237854631935911,1.36025,0.693225
"ensemble-016",1997,0.343822323807559,533.25725,1550.9675,38.106147,0.316638591808676,1.426,0.870175
"ensemble-016",1998,0.32806610816843,521.81375,1590.575,90.193879,0.31287458545461,1.3955,1.044375
"ensemble-016",1999,0.304531911291688,494.68925,1624.425,57.782342,0.490608475848424,1.323,1.140925
"ensemble-016",2000,0.274572779865971,452.5385,1648.155,95.549595,0.386147382402017,1.21025,1.13355
"ensemble-016",2001,0.251768520895139,421.78025,1675.27,43.191454,0.325715916351804,1.128,0.980175
"ensemble-016",2002,0.235987978094701,408.3005,1730.175,77.626155,0.300905362921406,1.09175,1.22775
"ensemble-016",2003,0.219822890735546,396.9265,1805.665,54.537619,0.355370622338292,1.0615,1.118625
"ensemble-016",2004,0.209748630772251,387.27725,1846.3875,90.075005,0.413239490700072,1.0356,1.56775
"ensemble-016",2005,0.189809473327342,352.71725,1858.27,56.180657,0.399937509267563,0.943225,1.27325
"ensemble-016",2006,0.182809284168315,344.18875,1882.775,64.932679,0.388923816559826,0.9204,1.358
"ensemble-016",2007,0.1760518000518,339.868,1930.5,63.8776664,0.458011506740553,0.908825,1.38975
"ensemble-016",2008,0.167014403877238,325.99625,1951.905,78.259295,0.584269938911646,0.871725,1.51475
"ensemble-016",2009,0.155567189371735,301.6125,1938.7925,72.238416,0.457091591766014,0.806525,1.54825
"ensemble-016",2010,0.143466175244253,278.706,1942.66,54.810251,0.33224341052812,0.745275,1.274175
"ensemble-016",2011,0.141285369350336,280.86825,1987.95,61.097246,0.490076026452778,0.751075,1.576525
"ensemble-016",2012,0.135658497172098,273.25725,2014.3025,85.569825,0.432956736320016,0.730725,1.64125
"ensemble-016",2013,0.127647214947093,254.9,1996.91,85.596211,0.400198786032262,0.6816,1.5055
"ensemble-016",2014,0.128252739321567,258.99775,2019.4325,49.552987,0.478482105021603,0.692575,1.607
"ensemble-016",2015,0.131978528703858,276.91075,2098.15,67.30336,0.386993051433485,0.740475,1.45275
"ensemble-016",2016,0.132827992945064,285.804,2151.685,67.195218,0.539763301552409,0.76425,1.51375
"ensemble-016",2017,0.131180978098862,280.542,2138.5875,70.447286,0.377016605777862,0.7502,1.283
"ensemble-016",2018,0.13116396084011,278.406,2122.58,53.863285,0.433555384661722,0.7445,1.48525
"ensemble-016",2019,0.130084447405853,275.273,2116.11,57.915114,0.308469384077484,0.7361,1.319
"ensemble-016",2020,0.132415199659054,278.8535,2105.9025,67.853108,0.496635412724485,0.745675,1.39075
"ensemble-016",2021,0.137270806541618,284.735,2074.2575,62.186138,0.500909200682831,0.761375,1.372325
"ensemble-016",2022,0.139134150093021,284.937,2047.93,50.240513,0.673961180726461,0.761975,1.483
"ensemble-016",2023,0.134990895641997,270.77925,2005.9075,65.886977,0.627264209090515,0.7241,1.62075
"ensemble-016",2024,0.119102964187634,235.38825,1976.3425,55.860557,0.510802381475758,0.629475,1.88525
"ensemble-017",1952,0.998154660689442,4390.8025,4398.92,140.244909,0.00506845909450658,8.93175,0.03251
"ensemble-017",1953,0.991871725215571,4497.3175,4534.1725,138.526156,0.00462215119941751,9.1485,0.03011
"ensemble-017",1954,0.987245583507957,4582.91,4642.1175,159.062083,0.00355192962110655,9.3225,0.01968475
"ensemble-017",1955,0.983329188062038,4685.0375,4764.465,107.6289305,0.00568961703488197,9.5305,0.0327925
"ensemble-017",1956,0.978019223558766,4701.7125,4807.3825,68.9428451,0.00666089082521557,9.56425,0.037675
"ensemble-017",1957,0.971987237519723,4740.1825,4876.795,50.4155654,0.00953811661102344,9.6425,0.05209
"ensemble-017",1958,0.962379187597029,4602.795,4782.725,75.2556043,0.0136544003101338,9.363,0.077585
"ensemble-017",1959,0.950086975695806,4265.6625,4489.76,105.3457578,0.0095511979772392,8.67725,0.0730525
"ensemble-017",1960,0.939090697732299,3867.53,4118.3775,60.5257931,0.0117027131508588,7.8675,0.07141
"ensemble-017",1961,0.932181676177808,3658.2025,3924.345,71.9763075,0.0103094154129671,7.44175,0.0714575
"ensemble-017",1962,0.925691953998277,3444.6525,3721.165,66.961192,0.0101186105078569,7.00725,0.071
"ensemble-017",1963,0.918716951666612,3223.8375,3509.065,51.277919,0.0135312862451356,6.558,0.094875
"ensemble-017",1964,0.910582445877725,2985.62,3278.8025,66.6427201,0.00907904606791418,6.0735,0.0737025
"ensemble-017",1965,0.907922382192473,2796.9525,3080.6075,45.520877,0.0104388657296513,5.6895,0.0714625
"ensemble-017",1966,0.905677488794149,2646.41,2922.0225,74.181434,0.0109918605559712,5.38325,0.08326
"ensemble-017",1967,0.900578002055644,2473.075,2746.0975,41.6658983,0.0139059830746821,5.03075,0.0939175
"ensemble-017",1968,0.896157978534975,2302.0775,2568.83,49.9003282,0.0112226443658196,4.683,0.0779825
"ensemble-017",1969,0.894431204530683,2208.695,2469.385,58.5092691,0.013889473520446,4.493,0.0990325
"ensemble-017",1970,0.890401578113653,2096.6375,2354.71,63.2975144,0.0217628709540679,4.265,0.097195
"ensemble-017",1971,0.886759889322606,1997.42,2252.4925,38.1754348,0.0249879766340218,4.063,0.098755
"ensemble-017",1972,0.882391656884631,1950.69,2210.685,42.41647,0.0353451644290477,3.96825,0.136875
"ensemble-017",1973,0.871355829260714,1850.7075,2123.94,71.1042317,0.022387005540253,3.7645,0.116665
"ensemble-017",1974,0.86204969546757,1754.7,2035.4975,28.632442,0.0362194546658857,3.5695,0.1327
"ensemble-017",1975,0.852282935642765,1688.7475,1981.44,100.722523,0.0346593035460337,3.43525,0.1713
"ensemble-017",1976,0.8373513088978,1609.9,1922.61,31.736643,0.0373407818702636,3.275,0.182825
"ensemble-017",1977,0.823693956962698,1581.27,1919.73,77.3961044,0.0466292368190994,3.2165,0.20445
"ensemble-017",1978,0.81587605038298,1613.195,1977.255,14.0395922,0.0339873626919553,3.28175,0.17045
"ensemble-017",1979,0.804376694586395,1596.0925,1984.26,34.7855316,0.0462112036394507,3.247,0.2156
"ensemble-017",1980,0.789814351999111,1564.33,1980.63,62.638971,0.0415294366145849,3.18225,0.2142
"ensemble-017",1981,0.776824592786141,1477.6,1902.1025,68.457358,0.0634815052077271,3.00575,0.206675
"ensemble-017",1982,0.766928371123783,1413.24,1842.7275,74.6509905,0.0807920166019764,2.87475,0.24725
"ensemble-017",1983,0.757123256035103,1393.315,1840.275,62.736085,0.0915494733892358,2.8345,0.2496
"ensemble-017",1984,0.746689066145522,1428.965,1913.735,46.7816226,0.0998063552165929,2.90675,0.271075
"ensemble-017",1985,0.728338828988058,1456.725,2000.065,81.8641393,0.103019027992277,2.9635,0.28475
"ensemble-017",1986,0.707784073448301,1433.7175,2025.6425,51.1640468,0.109142307157781,2.9165,0.26515
"ensemble-017",1987,0.690460162027687,1423.085,2061.0675,83.2972754,0.12153632387912,2.89475,0.337375
"ensemble-017",1988,0.671032202870692,1429.515,2130.3225,92.161223,0.106526303357827,2.908,0.297925
"ensemble-017",1989,0.655553038166951,1417.7875,2162.735,77.949042,0.0966793753665896,2.88375,0.2957
"ensemble-017",1990,0.645819593648596,1473.77,2282.015,74.109353,0.125772289150825,2.998,0.357375
"ensemble-017",1991,0.636981993305511,1526.685,2396.7475,39.284126,0.149456844725134,3.1055,0.32155
"ensemble-017",1992,0.623131963786536,1536.43,2465.6575,106.472624,0.139698265282265,3.1255,0.403775
"ensemble-017",1993,0.602004241449724,1491.0125,2476.7475,36.924082,0.13029555387156,3.033,0.355
"ensemble-017",1994,0.583404313945151,1450.3475,2486.0075,98.220284,0.124764073310845,2.95025,0.40645
"ensemble-017",1995,0.566060027673816,1420.58,2509.5925,55.135517,0.12842440433009,2.8895,0.3638
"ensemble-017",1996,0.556706967192486,1382.54,2483.425,107.160738,0.158961763806721,2.8125,0.345475
"ensemble-017",1997,0.562099888411059,1421.76,2529.3725,50.260063,0.184312907848967,2.89225,0.4314
"ensemble-017",1998,0.551879917970018,1432.345,2595.3925,100.902162,0.194272098218796,2.91375,0.500675
"ensemble-017",1999,0.535096617036801,1419.0575,2651.965,62.897853,0.259915774286805,2.88675,0.533025
"ensemble-017",2000,0.511752312820705,1366.3275,2669.9,124.065994,0.244596903327973,2.77925,0.514025
"ensemble-017",2001,0.490931241190374,1312.18925,2672.8575,50.461521,0.202523130282707,2.6695,0.4448
"ensemble-017",2002,0.476047682599643,1299.27575,2729.2975,99.090033,0.190011950128874,2.64325,0.553275
"ensemble-017",2003,0.461671145525744,1303.93475,2824.38,50.637127,0.228864356333133,2.6525,0.498275
"ensemble-017",2004,0.449774965721523,1289.1585,2866.23,111.822398,0.258488327882024,2.6225,0.708025
"ensemble-017",2005,0.431362800772993,1236.62225,2866.78,57.369544,0.249845429858904,2.5155,0.563225
"ensemble-017",2006,0.418550693494482,1197.87325,2861.955,77.092903,0.266752001033511,2.43675,0.60735
"ensemble-017",2007,0.407969774452116,1177.11825,2885.3075,76.8233746,0.2716815431354,2.39475,0.6126
"ensemble-017",2008,0.393962221458316,1131.7205,2872.6625,68.4512778,0.390126546952192,2.302,0.65765
"ensemble-017",2009,0.378257722926904,1067.518,2822.1975,86.485126,0.299825453956512,2.1715,0.680775
"ensemble-017",2010,0.361730216742137,1006.33075,2781.9925,59.964639,0.236133480849868,2.04725,0.575
"ensemble-017",2011,0.352120893452071,976.05975,2771.945,64.0345,0.309178402144002,1.9855,0.71235
"ensemble-017",2012,0.342610574179582,945.61375,2760.025,102.655309,0.30101896893475,1.9235,0.74035
"ensemble-017",2013,0.33294960598489,900.7885,2705.48,91.746485,0.284936235996724,1.8325,0.693425
"ensemble-017",2014,0.331506948144202,896.0235,2702.88,54.744925,0.329106301418515,1.8225,0.757075
"ensemble-017",2015,0.334767319283893,928.88725,2774.725,70.379333,0.275917635351231,1.88975,0.672
"ensemble-017",2016,0.334482271908558,941.9765,2816.2225,79.145164,0.385455574019469,1.91625,0.702825
"ensemble-017",2017,0.330968621243532,921.56475,2784.4475,75.064246,0.267117787596347,1.87475,0.594725
"ensemble-017",2018,0.328476609814384,903.05775,2749.23,57.850558,0.306437685153275,1.837,0.705225
"ensemble-017",2019,0.325552243879084,890.74675,2736.11,63.814886,0.213323131527551,1.812,0.63335
"ensemble-017",2020,0.324639090391766,881.4,2715.015,70.721449,0.348541287501698,1.79275,0.679
"ensemble-017",2021,0.32720289704268,872.6035,2666.8575,59.136827,0.335187220817979,1.775,0.660875
"ensemble-017",2022,0.327152171278684,857.1575,2620.0575,56.208597,0.441151575138235,1.7435,0.7183
"ensemble-017",2023,0.319824054353071,820.25675,2564.7125,75.875715,0.462898138045943,1.6685,0.771475
"ensemble-017",2024,0.30265986160378,758.3105,2505.4875,71.335667,0.326950856801171,1.5425,0.85235
"ensemble-018",1952,0.993340210974338,1379.31,1388.5575,97.772033,0.0100483204058731,5.13225,0.0735025
"ensemble-018",1953,0.972691100728941,1382.4275,1421.24,101.484367,0.00975472859605106,5.14375,0.06842
"ensemble-018",1954,0.960377913515945,1387.53,1444.775,108.635758,0.00764989021620963,5.16275,0.0464675
"ensemble-018",1955,0.950303600444711,1388.9875,1461.625,109.394115,0.00992041698383238,5.16825,0.0734075
"ensemble-018",1956,0.937111941216413,1390.4375,1483.7475,64.5602666,0.0131742601228693,5.17375,0.0813225
"ensemble-018",1957,0.925017536182454,1437.4125,1553.93,49.7303789,0.0189648535191768,5.34825,0.1095425
"ensemble-018",1958,0.902734068607834,1409.8675,1561.775,104.765979,0.0252919875653013,5.24575,0.16288
"ensemble-018",1959,0.873580239400501,1291.94,1478.9025,52.720527,0.0179405344973667,4.8075,0.1498
"ensemble-018",1960,0.850635018338499,1167.7475,1372.795,62.7661463,0.0216027492335632,4.34525,0.149305
"ensemble-018",1961,0.840747312776967,1131.215,1345.4875,65.4251866,0.0180011522247626,4.209,0.14845
"ensemble-018",1962,0.829734214410645,1063.8375,1282.1425,68.496009,0.0171488523553516,3.95825,0.14415
"ensemble-018",1963,0.819422626724449,1005.45,1227.0225,74.096393,0.0205281435980463,3.741,0.18515
"ensemble-018",1964,0.806398051328757,938.5425,1163.87,56.6873801,0.0145866303014853,3.49225,0.1379425
"ensemble-018",1965,0.810778684798205,914.005,1127.3175,47.7584815,0.0168630374585944,3.401,0.1287
"ensemble-018",1966,0.815598576179355,906.2075,1111.095,90.827294,0.016258622958201,3.372,0.146125
"ensemble-018",1967,0.810600219621037,867.3625,1070.025,40.645768,0.0204492387968671,3.2275,0.15915
"ensemble-018",1968,0.807106834527982,826.205,1023.6625,59.526536,0.0166723378319905,3.07425,0.1306375
"ensemble-018",1969,0.810766385863982,828.66,1022.07,63.5165876,0.0196970214448205,3.08325,0.164225
"ensemble-018",1970,0.806162082324089,799.61,991.8725,61.2390476,0.0306067875873246,2.97525,0.157125
"ensemble-018",1971,0.802692255878299,774.59,964.99,41.9844283,0.035327108327094,2.88225,0.159975
"ensemble-018",1972,0.798160559330624,771.7175,966.87,46.055365,0.047156981701658,2.87125,0.221625
"ensemble-018",1973,0.778317186862286,724.66,931.06,71.001463,0.029749846507805,2.69625,0.1879
"ensemble-018",1974,0.766068072724836,685.855,895.2925,32.6882461,0.0473628907958647,2.552,0.2107
"ensemble-018",1975,0.752780207919105,662.5595,880.15,102.206205,0.0416613705152559,2.46525,0.269975
"ensemble-018",1976,0.727771391654323,625.20475,859.0675,35.344135,0.0512953214840832,2.3265,0.28425
"ensemble-018",1977,0.70874121453488,616.63675,870.045,80.8863338,0.0631191121466038,2.29425,0.315275
"ensemble-018",1978,0.700953546310382,635.863,907.14,11.0871739,0.0515447507434164,2.366,0.2644
"ensemble-018",1979,0.684364656073019,622.327,909.35,42.2239875,0.0665502530674166,2.3155,0.3431
"ensemble-018",1980,0.659264100728769,596.37525,904.6075,63.301759,0.0553172346157137,2.219,0.349575
"ensemble-018",1981,0.636559403770276,544.497,855.375,77.786627,0.0834981085217393,2.026,0.332375
"ensemble-018",1982,0.624752454324804,517.37625,828.13,81.7063499,0.100184131520506,1.92475,0.383875
"ensemble-018",1983,0.616806712715707,519.709,842.58,68.223739,0.12148281748309,1.934,0.376475
"ensemble-018",1984,0.612114152431157,555.04675,906.77,66.017328,0.138294375760568,2.0655,0.40725
"ensemble-018",1985,0.591458569222851,574.602,971.5,79.9207145,0.128783065817354,2.138,0.425475
"ensemble-018",1986,0.565978161232158,561.8635,992.73,59.893527,0.144503084769413,2.0905,0.39075
"ensemble-018",1987,0.549387749120034,562.286,1023.4775,101.0408249,0.155627061091331,2.09225,0.499275
"ensemble-018",1988,0.529354629426508,567.0685,1071.245,95.352237,0.137987247974437,2.10975,0.432375
"ensemble-018",1989,0.515064614176069,563.876,1094.7675,85.188778,0.123531909365931,2.09825,0.42285
"ensemble-018",1990,0.508890072432893,597.1825,1173.5,79.73225,0.168774533962079,2.222,0.517075
"ensemble-018",1991,0.498917685768236,615.6295,1233.93,77.4834381,0.19638235598054,2.29075,0.478275
"ensemble-018",1992,0.481879392607551,608.50525,1262.775,99.622455,0.225225905616468,2.264,0.603425
"ensemble-018",1993,0.45369215140043,571.6385,1259.97,57.670404,0.181687553157433,2.127,0.53915
"ensemble-018",1994,0.429867378459544,550.37425,1280.335,112.455653,0.182201698451232,2.04775,0.6248
"ensemble-018",1995,0.403667819400707,522.35625,1294.025,41.418432,0.172787247134625,1.94375,0.55745
"ensemble-018",1996,0.39523615070348,505.7175,1279.5325,124.299725,0.189890657898423,1.8815,0.5201
"ensemble-018",1997,0.410348790515346,536.47975,1307.375,47.622499,0.272530818952512,1.99625,0.656275
"ensemble-018",1998,0.394473539808804,528.3835,1339.465,121.207576,0.254973308126388,1.96625,0.781425
"ensemble-018",1999,0.369197440463925,501.68025,1358.84,78.880599,0.398527109819588,1.8665,0.8584
"ensemble-018",2000,0.337589016476381,462.08425,1368.7775,130.350435,0.313501005618247,1.7195,0.842625
"ensemble-018",2001,0.313813865755829,430.89625,1373.095,59.454724,0.270343782642343,1.60325,0.723425
"ensemble-018",2002,0.299002786592428,421.42275,1409.4275,105.556726,0.240653574080923,1.56825,0.901525
"ensemble-018",2003,0.282949072354002,415.05375,1466.885,71.623389,0.294438195558935,1.5445,0.819425
"ensemble-018",2004,0.273475736417486,408.12425,1492.36,121.613241,0.322384029538461,1.5185,1.145725
"ensemble-018",2005,0.250896689430676,373.81725,1489.925,72.691011,0.317594532235767,1.391,0.922225
"ensemble-018",2006,0.244577640414224,366.78575,1499.67,85.380757,0.314629441166525,1.36475,0.986475
"ensemble-018",2007,0.238075191955616,363.78425,1528.0225,90.61728,0.365159052059171,1.3535,1.013475
"ensemble-018",2008,0.228313533907165,348.8705,1528.0325,90.512931,0.481916802084234,1.298,1.0935
"ensemble-018",2009,0.215599139647362,323.51675,1500.5475,98.240789,0.353665563486845,1.20375,1.11855
"ensemble-018",2010,0.200546621100948,299.28575,1492.35,72.286878,0.274559663703216,1.11325,0.92535
"ensemble-018",2011,0.198450473415878,299.71975,1510.3,77.753348,0.395046268409363,1.11525,1.145975
"ensemble-018",2012,0.192331458083556,291.963,1518.02,116.390844,0.345009437600682,1.0865,1.17605
"ensemble-018",2013,0.184282899425649,274.73125,1490.8125,111.219583,0.323524854584786,1.02225,1.065675
"ensemble-018",2014,0.187853763197825,282.58325,1504.2725,65.475041,0.396765161582483,1.05175,1.1438
"ensemble-018",2015,0.194064088524606,304.36575,1568.3775,88.458189,0.32058336627696,1.1325,1.036525
"ensemble-018",2016,0.195146546845255,312.917,1603.4975,89.15675,0.443400243808576,1.16425,1.08325
"ensemble-018",2017,0.192907124330015,305.113,1581.6575,93.406605,0.302843336176574,1.1355,0.9153
"ensemble-018",2018,0.193219519845347,301.8485,1562.205,71.843472,0.351134109166345,1.123,1.060225
"ensemble-018",2019,0.192577523677301,299.615,1555.815,77.798173,0.24781260442501,1.115,0.94085
"ensemble-018",2020,0.196049995799758,303.39325,1547.53,88.403965,0.400086902396716,1.129,0.99395
"ensemble-018",2021,0.203127581071295,309.26225,1522.5025,78.819919,0.399373145974075,1.15075,0.98225
"ensemble-018",2022,0.206266739241526,309.7915,1501.8975,61.813493,0.548618912062665,1.153,1.068
"ensemble-018",2023,0.200202752865079,293.2645,1464.8375,87.908103,0.511825707726925,1.0915,1.1703
"ensemble-018",2024,0.177862310499034,254.9425,1433.37,77.293565,0.394380534751812,0.948575,1.33225
"ensemble-019",1952,0.998533646872135,5386.425,5394.335,205.48171,0.00371925044311832,8.28525,0.027115
"ensemble-019",1953,0.993590425148492,5513.5525,5549.12,182.180547,0.00368125248409204,8.48075,0.025365
"ensemble-019",1954,0.990023978276167,5610.0575,5666.5875,203.547486,0.00285678294406785,8.62925,0.0170175
"ensemble-019",1955,0.98681931984599,5650.1475,5725.615,143.069398,0.00430218857780391,8.69075,0.028705
"ensemble-019",1956,0.982456101887032,5601.3875,5701.4125,90.997884,0.00518374367896699,8.61575,0.033265
"ensemble-019",1957,0.977539851468069,5596.1175,5724.695,68.96421,0.00753233562079061,8.6075,0.04651
"ensemble-019",1958,0.969514067970496,5381.855,5551.085,120.830956,0.0106107004040194,8.278,0.0696975
"ensemble-019",1959,0.959199624596324,4936.4825,5146.46,131.311414,0.00738661625199311,7.593,0.0656325
"ensemble-019",1960,0.949977863235433,4441.6025,4675.48,95.918816,0.00883896102315495,6.83175,0.0652775
"ensemble-019",1961,0.944476954495859,4200.4125,4447.3425,94.632466,0.00783396000454315,6.461,0.0649925
"ensemble-019",1962,0.939361944847812,3952.4875,4207.63,91.864461,0.00768259752293494,6.07975,0.0641225
"ensemble-019",1963,0.93405945886459,3713.295,3975.4375,78.209248,0.0100975968751715,5.7115,0.08504
"ensemble-019",1964,0.927735592823603,3448.1775,3716.7675,98.411853,0.00669318191976568,5.30375,0.0655075
"ensemble-019",1965,0.926262324938768,3244.7525,3503.06,69.1024017,0.00767961211835576,4.991,0.0630875
"ensemble-019",1966,0.925159463070588,3093.4025,3343.6425,118.06892,0.00780921906669869,4.75825,0.0726225
"ensemble-019",1967,0.921610253278895,2912.975,3160.745,60.651534,0.00981347127378839,4.4805,0.0808925
"ensemble-019",1968,0.918958604652333,2739.5925,2981.1925,70.5429085,0.00807066133027413,4.214,0.0662475
"ensemble-019",1969,0.918789397129943,2673.56,2909.8725,101.735614,0.00935637808860194,4.1125,0.0835325
"ensemble-019",1970,0.916420636699071,2566.255,2800.3025,90.1479085,0.0170680069611159,3.947,0.08033
"ensemble-019",1971,0.9146421481906,2477.745,2708.9775,61.1003216,0.0200931847463181,3.81125,0.08101
"ensemble-019",1972,0.911910938976706,2460.4725,2698.15,65.062695,0.029524145259394,3.7845,0.111975
"ensemble-019",1973,0.903524090926092,2355.345,2606.8425,122.312386,0.0187484298695723,3.623,0.09408
"ensemble-019",1974,0.896168652026345,2243.025,2502.905,35.414249,0.0276143133965459,3.45,0.1055575
"ensemble-019",1975,0.889211484166774,2194.425,2467.8325,168.134922,0.027016557390578,3.3755,0.13455
"ensemble-019",1976,0.878395045827129,2131.195,2426.2375,57.29247,0.0265122478280302,3.27825,0.140625
"ensemble-019",1977,0.868734662404609,2129.3425,2451.085,122.029775,0.0314297528402664,3.27525,0.155425
"ensemble-019",1978,0.864073858509471,2212.055,2560.03,19.116749,0.0226266283835199,3.4025,0.1279
"ensemble-019",1979,0.856558908649515,2217.5475,2588.9025,62.009655,0.0307575824365649,3.411,0.160525
"ensemble-019",1980,0.846829667814901,2197.1525,2594.5625,91.624726,0.0283951123362853,3.3795,0.15905
"ensemble-019",1981,0.837984390940112,2084.35,2487.3375,112.531267,0.0444308540328526,3.206,0.151975
"ensemble-019",1982,0.831675360660868,2006.4875,2412.585,119.523428,0.0517117390464575,3.086,0.180825
"ensemble-019",1983,0.825579452266749,2000.895,2423.625,95.775912,0.0612755315528043,3.0775,0.180925
"ensemble-019",1984,0.818921526977596,2077.045,2536.3175,76.270196,0.0657876317692633,3.19475,0.1953
"ensemble-019",1985,0.805934719219866,2137.22,2651.8525,130.4928582,0.0707310608431752,3.28725,0.2037
"ensemble-019",1986,0.790576817309383,2113.03,2672.77,72.157899,0.0703487420088703,3.25025,0.1885
"ensemble-019",1987,0.777445983221114,2107.5375,2710.8475,133.4252668,0.0826655378969711,3.242,0.239525
"ensemble-019",1988,0.763969503548632,2138.8625,2799.67,147.598221,0.0718958331075844,3.28975,0.20955
"ensemble-019",1989,0.752696001972458,2129.345,2828.9575,118.845571,0.0732895654837341,3.27525,0.2075
"ensemble-019",1990,0.745059010630284,2225.305,2986.75,107.764844,0.0919912662899705,3.42275,0.250375
"ensemble-019",1991,0.738315516878914,2317.8825,3139.42,72.869451,0.104019005276254,3.56525,0.22465
"ensemble-019",1992,0.726923632231232,2341.1775,3220.665,148.200144,0.107971773886031,3.60125,0.28135
"ensemble-019",1993,0.708990076571728,2277.5225,3212.3475,58.050336,0.0989450654922703,3.50325,0.24675
"ensemble-019",1994,0.693750914246054,2229.0425,3213.03,175.269182,0.0911380307023455,3.42875,0.2824
"ensemble-019",1995,0.678242906776322,2190.7975,3230.1075,70.656071,0.0973359275415147,3.37,0.25035
"ensemble-019",1996,0.670032957847329,2138.2075,3191.1975,164.32567,0.106341813155433,3.289,0.2357
"ensemble-019",1997,0.67701013879439,2218.9075,3277.51,68.825119,0.128838303564611,3.413,0.294925
"ensemble-019",1998,0.669575356935164,2256.71,3370.36,147.61355,0.142444576060038,3.471,0.340825
"ensemble-019",1999,0.656011068654687,2248.6075,3427.6975,99.378678,0.168751628386865,3.4585,0.36145
"ensemble-019",2000,0.635897159024997,2178.935,3426.5525,175.580804,0.161926874812845,3.3515,0.34545
"ensemble-019",2001,0.618345396192518,2102.9525,3400.935,76.843482,0.138596167659569,3.235,0.29915
"ensemble-019",2002,0.605578870524474,2088.3675,3448.5475,144.717387,0.128882961725809,3.21225,0.37265
"ensemble-019",2003,0.593992361286108,2109.65,3551.645,71.460646,0.163057126961342,3.245,0.3342
"ensemble-019",2004,0.584444890881113,2094.6125,3583.935,163.798261,0.185711168150757,3.2215,0.47515
"ensemble-019",2005,0.570355411728054,2032.125,3562.91,78.860613,0.169332096792088,3.12575,0.3738
"ensemble-019",2006,0.556825813358492,1971.265,3540.1825,107.705374,0.192672587829948,3.032,0.404925
"ensemble-019",2007,0.547199212836176,1943.6475,3551.9925,102.934309,0.189105609248706,2.9895,0.408075
"ensemble-019",2008,0.533988422976553,1871.285,3504.355,98.003837,0.265322193156283,2.87825,0.438475
"ensemble-019",2009,0.517452727540499,1765.55,3412.0025,115.243459,0.198750646862614,2.7155,0.454975
"ensemble-019",2010,0.499921163530008,1661.4055,3323.335,79.5816,0.156227803496704,2.55525,0.3867
"ensemble-019",2011,0.488157147360294,1602.8225,3283.415,89.945298,0.210829779357813,2.46525,0.4805
"ensemble-019",2012,0.479128103504976,1555.263,3246.0275,151.398142,0.192629707436428,2.392,0.4949
"ensemble-019",2013,0.470395158216688,1487.2225,3161.645,127.515634,0.183915145458934,2.2875,0.4593
"ensemble-019",2014,0.469295813629822,1483.65525,3161.45,76.95166,0.214236092326336,2.282,0.49945
"ensemble-019",2015,0.474283339971729,1550.96225,3270.1175,99.50084,0.183884749788407,2.38575,0.43885
"ensemble-019",2016,0.475483038320415,1584.2025,3331.775,116.289331,0.259350992963925,2.43675,0.456075
"ensemble-019",2017,0.472867693535793,1557.93,3294.6425,102.840971,0.163361732457,2.39625,0.383275
"ensemble-019",2018,0.470230565942966,1530.6675,3255.1425,83.04836,0.192091524746263,2.35425,0.454775
"ensemble-019",2019,0.468253415957815,1520.7115,3247.625,83.12939,0.150585663378982,2.33925,0.40855
"ensemble-019",2020,0.468905988806621,1511.23125,3222.8875,103.043842,0.2602373032126,2.3245,0.44115
"ensemble-019",2021,0.471895724012969,1489.6875,3156.815,78.871001,0.247025612052166,2.29125,0.429225
"ensemble-019",2022,0.470606533393603,1452.36,3086.145,75.063594,0.288344988310968,2.234,0.46685
"ensemble-019",2023,0.459557077039619,1387.73025,3019.7125,105.741989,0.32932040222041,2.1345,0.5003
"ensemble-019",2024,0.440735662217786,1293.72775,2935.3825,104.510237,0.232485978609087,1.99,0.5487
"ensemble-021",1952,0.996229116997768,2257.5025,2266.0475,311.38553,0.0039933251406535,10.8175,0.030665
"ensemble-021",1953,0.984749358552061,2272.0925,2307.28,225.908036,0.00401154731398201,10.8875,0.0285725
"ensemble-021",1954,0.978546977176201,2286.1475,2336.2675,339.971292,0.00273287119480231,10.955,0.01954325
"ensemble-021",1955,0.9735543592423,2287.2175,2349.3475,340.602418,0.00416557366382639,10.96,0.0315175
"ensemble-021",1956,0.966405933630299,2267.14,2345.95,181.081724,0.00600035395841691,10.8625,0.035895
"ensemble-021",1957,0.959532667445692,2323.825,2421.83,133.072938,0.00916617140734722,11.1325,0.05078
"ensemble-021",1958,0.945435324530459,2229.1025,2357.7525,305.889162,0.0119685074215744,10.68,0.077515
"ensemble-021",1959,0.926397778959457,1990.405,2148.5425,130.448227,0.00851992450375966,9.538,0.07155
"ensemble-021",1960,0.91141119799877,1763.4075,1934.81,190.933594,0.00967042872470827,8.44975,0.0722625
"ensemble-021",1961,0.90621126126006,1699.64,1875.545,147.381142,0.00887624828330948,8.144,0.0720625
"ensemble-021",1962,0.899474459948556,1580.5925,1757.24,187.848191,0.00796747304833483,7.57375,0.0708775
"ensemble-021",1963,0.892674943345064,1478.1425,1655.8575,188.422808,0.00987325151600456,7.08275,0.0918575
"ensemble-021",1964,0.883547601517812,1365.07,1544.9875,132.164259,0.00728533922599749,6.541,0.0687125
"ensemble-021",1965,0.886965627903049,1312.82,1480.125,116.798352,0.00880046036499682,6.29075,0.06563
"ensemble-021",1966,0.889836303984626,1284.9125,1443.9875,239.199576,0.00807963288096715,6.157,0.0758275
"ensemble-021",1967,0.884705360383979,1206.3975,1363.615,96.238149,0.0107127225818637,5.78075,0.08225
"ensemble-021",1968,0.881461035866493,1132.9,1285.2525,140.2015482,0.0088274747843664,5.4285,0.0682775
"ensemble-021",1969,0.883964316542267,1131.6025,1280.145,173.699953,0.00999516026519773,5.42225,0.0863175
"ensemble-021",1970,0.879803182682034,1078.6475,1226.01,120.618561,0.0197614068080964,5.1685,0.0824875
"ensemble-021",1971,0.877021032900757,1037.54,1183.0275,101.348403,0.0209717745222498,4.9715,0.0862725
"ensemble-021",1972,0.872549186032694,1028.02,1178.18,103.021043,0.0273418027842791,4.926,0.121425
"ensemble-021",1973,0.855599342446011,949.865,1110.175,163.71242,0.0184080833299402,4.5515,0.102645
"ensemble-021",1974,0.846339667458432,890.7725,1052.5,78.194737,0.0309909567611666,4.2685,0.116675
"ensemble-021",1975,0.836157600691359,858.7025,1026.9625,229.45961,0.0238045220881036,4.1145,0.1481
"ensemble-021",1976,0.815106074461797,806.6575,989.635,87.684532,0.0304979097152662,3.86525,0.1545
"ensemble-021",1977,0.801378103467133,805.97,1005.73,177.427075,0.0375853677322724,3.86175,0.171925
"ensemble-021",1978,0.797130986722728,837.97,1051.2325,20.068762,0.0317945894212477,4.01525,0.144725
"ensemble-021",1979,0.784727612476642,818.9025,1043.55,104.025525,0.0408805267940072,3.92375,0.191475
"ensemble-021",1980,0.764266798023791,783.5225,1025.195,134.529428,0.0322531892555266,3.75425,0.194225
"ensemble-021",1981,0.745939644646541,708.6725,950.04,172.135901,0.0520424451127437,3.3955,0.18235
"ensemble-021",1982,0.738590104343447,674.5765,913.33,160.749289,0.058789895128568,3.23225,0.20795
"ensemble-021",1983,0.734582796391753,684.0435,931.2,124.782041,0.0773814245951616,3.27775,0.205325
"ensemble-021",1984,0.733025317874444,735.765,1003.7375,150.105729,0.0832449339378735,3.5255,0.226625
"ensemble-021",1985,0.714840575327449,756.43,1058.18,148.338562,0.0810596492886817,3.62475,0.23745
"ensemble-021",1986,0.692294189508142,729.6175,1053.9125,112.193485,0.0854614617325292,3.496,0.219125
"ensemble-021",1987,0.678244690548873,725.42,1069.555,218.519223,0.094823956330599,3.476,0.284025
"ensemble-021",1988,0.661461143326064,729.4825,1102.835,172.674723,0.0803615332110093,3.4955,0.242125
"ensemble-021",1989,0.649835483140982,717.90575,1104.75,153.277399,0.0749311181067828,3.44,0.239575
"ensemble-021",1990,0.646317225706024,765.015,1183.6525,141.08753,0.102914563960333,3.66575,0.296575
"ensemble-021",1991,0.637144062091954,785.605,1233.01,112.015076,0.129405429015878,3.7645,0.27955
"ensemble-021",1992,0.618447081997122,766.0905,1238.7325,200.863197,0.114350576921166,3.671,0.354725
"ensemble-021",1993,0.588533154749897,707.44775,1202.0525,108.342847,0.109190672810546,3.38975,0.319875
"ensemble-021",1994,0.566806340524028,677.69775,1195.6425,217.462499,0.107802303147021,3.2475,0.3706
"ensemble-021",1995,0.54355504799791,644.9335,1186.51,74.629894,0.112995597167369,3.09025,0.322425
"ensemble-021",1996,0.539392819225529,627.446,1163.245,221.58465,0.119393743518611,3.00675,0.30035
"ensemble-021",1997,0.556638547722074,668.605,1201.1475,71.287489,0.17582756726366,3.20375,0.38805
"ensemble-021",1998,0.538024815165184,662.58025,1231.505,200.2456,0.15737013111963,3.17475,0.4622
"ensemble-021",1999,0.509818113006375,626.38675,1228.6475,143.255226,0.235448327780379,3.00125,0.5166
"ensemble-021",2000,0.474652513750049,575.83775,1213.1775,212.71821,0.193907326634948,2.75925,0.493725
"ensemble-021",2001,0.450034829859818,534.60425,1187.9175,106.693234,0.169073822686837,2.56175,0.4223
"ensemble-021",2002,0.43843808456461,532.049,1213.51,175.712764,0.15218462591587,2.5495,0.52435
"ensemble-021",2003,0.422974670711295,531.94775,1257.635,113.33549,0.194534524824026,2.54875,0.4822
"ensemble-021",2004,0.411985914661736,523.562,1270.825,205.868598,0.181452810218456,2.5085,0.67595
"ensemble-021",2005,0.384310190979812,481.29375,1252.3575,123.238124,0.199723791454368,2.30625,0.538975
"ensemble-021",2006,0.377417132741803,471.18925,1248.4575,138.829995,0.209145268913546,2.25775,0.576075
"ensemble-021",2007,0.372726877736545,471.81725,1265.8525,127.005441,0.215798741476231,2.2605,0.595225
"ensemble-021",2008,0.358876259107377,450.69475,1255.85,142.281109,0.288673699077266,2.15975,0.64955
"ensemble-021",2009,0.339730749340163,412.21825,1213.3675,157.41211,0.209949911453555,1.97525,0.6603
"ensemble-021",2010,0.324217599606201,382.01425,1178.265,108.856412,0.189227711805372,1.8305,0.5529
"ensemble-021",2011,0.322927176371882,380.08125,1176.9875,121.727557,0.249119463536525,1.82125,0.69345
"ensemble-021",2012,0.313967712674465,366.89325,1168.57,193.298574,0.216670998275847,1.758,0.701
"ensemble-021",2013,0.302323557662651,343.07375,1134.79,171.585157,0.212361232119375,1.644,0.62835
"ensemble-021",2014,0.307851665405983,354.08175,1150.17,101.4755,0.27222165499439,1.6965,0.68055
"ensemble-021",2015,0.317465969363154,385.164,1213.245,132.122198,0.224940375482551,1.8455,0.6213
"ensemble-021",2016,0.31731661011472,392.7745,1237.8,144.244999,0.300008271696289,1.88225,0.65975
"ensemble-021",2017,0.310656784969549,375.0505,1207.2825,148.787202,0.204119129167621,1.79725,0.5579
"ensemble-021",2018,0.308266593840702,364.03125,1180.8975,115.378246,0.238054409888638,1.7445,0.649675
"ensemble-021",2019,0.307534345502587,361.971,1177.01,133.366484,0.163079271524616,1.7345,0.571775
"ensemble-021",2020,0.312169699653414,366.584,1174.31,123.390386,0.280622348974334,1.7565,0.6075
"ensemble-021",2021,0.321082414424731,372.93,1161.4775,115.411423,0.258282055475486,1.787,0.6033
"ensemble-021",2022,0.323870447286086,371.362,1146.6375,92.699351,0.36117049097293,1.7795,0.666125
"ensemble-021",2023,0.31429120375364,349.65525,1112.52,147.726833,0.36334733097574,1.6755,0.735075
"ensemble-021",2024,0.284411073868553,304.8325,1071.8025,154.470572,0.226557682494122,1.46075,0.785375
"ensemble-022",1952,0.994073531060823,1484.87,1493.7225,209.021026,0.00591159161159233,6.89475,0.050705
"ensemble-022",1953,0.976319810019061,1484.155,1520.1525,233.297405,0.00575880983080707,6.8915,0.0472625
"ensemble-022",1954,0.967068676553541,1487.2525,1537.8975,207.508043,0.00461549911606676,6.90575,0.0318075
"ensemble-022",1955,0.960096486290906,1492.59,1554.625,223.299511,0.00583170615463982,6.9305,0.049355
"ensemble-022",1956,0.950429178129001,1508.9275,1587.6275,127.8498583,0.00836795928054905,7.0065,0.0566825
"ensemble-022",1957,0.941154621191615,1564.6225,1662.45,97.134017,0.0128857077902141,7.265,0.07987
"ensemble-022",1958,0.921258707146878,1501.4375,1629.7675,235.686314,0.0164759392132464,6.97175,0.12131
"ensemble-022",1959,0.894626227792389,1333.4225,1490.48,89.796236,0.0117074158864015,6.1915,0.1110825
"ensemble-022",1960,0.874087199312715,1180.2275,1350.24,142.3050535,0.0130701503219491,5.4805,0.1121875
"ensemble-022",1961,0.868240372523028,1149.5025,1323.945,107.12436,0.0120598222892819,5.338,0.1114825
"ensemble-022",1962,0.859598991571734,1073.19,1248.4775,145.310157,0.0106590476994813,4.9835,0.108895
"ensemble-022",1963,0.850782424151467,1006.2225,1182.7025,152.917695,0.0128342712385302,4.672,0.13942
"ensemble-022",1964,0.839025531646823,932.3,1111.17,98.1023501,0.00950193987440812,4.329,0.102915
"ensemble-022",1965,0.845482144969351,911.36,1077.9175,87.542789,0.0115500129333009,4.23175,0.09695
"ensemble-022",1966,0.85094956358737,907.91,1066.9375,195.671653,0.0103441414048381,4.21575,0.1113225
"ensemble-022",1967,0.84469956225657,857.7375,1015.435,72.469592,0.0136759901845722,3.983,0.119155
"ensemble-022",1968,0.841528216856124,813.215,966.355,110.2332318,0.0113992830285752,3.77625,0.098505
"ensemble-022",1969,0.846079454943296,824.57,974.5775,143.111408,0.0123363773677745,3.82875,0.1241325
"ensemble-022",1970,0.840831567315956,787.5775,936.665,93.105011,0.0249347042406826,3.657,0.11721
"ensemble-022",1971,0.838217172340922,763.5425,910.9125,86.3661885,0.0262889748068565,3.54525,0.1222475
"ensemble-022",1972,0.833395231983397,762.9525,915.475,84.205091,0.0342355065026782,3.54275,0.171
"ensemble-022",1973,0.812541490362691,703.795,866.165,132.659604,0.0218871934179293,3.268,0.142825
"ensemble-022",1974,0.802668782066557,665.286,828.8425,68.481651,0.0378404494412164,3.08925,0.161325
"ensemble-022",1975,0.791620439562455,647.52375,817.9725,190.058631,0.0292157578596907,3.007,0.20395
"ensemble-022",1976,0.766688738798393,607.873,792.855,72.773774,0.0371326357338836,2.8225,0.210875
"ensemble-022",1977,0.751198222894995,610.39175,812.5575,145.08751,0.0458714102494278,2.8345,0.23455
"ensemble-022",1978,0.747292900617998,639.67525,855.99,15.8075906,0.0387299683464205,2.97025,0.197675
"ensemble-022",1979,0.732504905742285,624.32675,852.3175,89.3661998,0.0487498640484136,2.899,0.26305
"ensemble-022",1980,0.707010088219659,591.84875,837.115,116.091018,0.0391209215589753,2.74825,0.267875
"ensemble-022",1981,0.684961440418186,530.691,774.775,145.865762,0.0616454228030333,2.4645,0.248475
"ensemble-022",1982,0.677616958478572,507.37925,748.77,139.613229,0.0697937055826534,2.35625,0.27925
"ensemble-022",1983,0.675139968543486,521.54225,772.495,107.896974,0.0923729080682038,2.4215,0.27315
"ensemble-022",1984,0.675673090023754,570.30525,844.055,137.572607,0.100214497368105,2.648,0.300425
"ensemble-022",1985,0.656199704384956,589.351,898.1275,122.955749,0.096727980644395,2.73625,0.31275
"ensemble-022",1986,0.631749401897276,569.05775,900.765,101.766528,0.104128013732868,2.64225,0.28685
"ensemble-022",1987,0.617949149140461,569.573,921.715,194.187189,0.109663081908063,2.64475,0.370175
"ensemble-022",1988,0.600788277408894,575.23525,957.4675,156.824093,0.0915886346051805,2.67125,0.312775
"ensemble-022",1989,0.58981883833054,570.0835,966.54,135.474215,0.0876392795902651,2.64725,0.307675
"ensemble-022",1990,0.587877271649952,613.89525,1044.2575,123.450845,0.122488562725795,2.8505,0.381825
"ensemble-022",1991,0.578837455887034,631.89225,1091.6575,99.564999,0.153278703785815,2.93425,0.3611
"ensemble-022",1992,0.558934105792992,614.07575,1098.655,182.000186,0.130492889286957,2.8515,0.456175
"ensemble-022",1993,0.526670208060806,562.651,1068.3175,101.106041,0.126886589264052,2.61275,0.41195
"ensemble-022",1994,0.505426275160657,541.30775,1070.9925,196.84953,0.123348631890885,2.51325,0.476025
"ensemble-022",1995,0.481229611041405,512.98475,1065.9875,69.678985,0.133550534708557,2.38225,0.411875
"ensemble-022",1996,0.478425628200548,502.1675,1049.625,197.14502,0.140572038695631,2.33175,0.3817
"ensemble-022",1997,0.497895484870995,541.246,1087.0675,68.397583,0.204516957865586,2.51325,0.493325
"ensemble-022",1998,0.477385992283999,533.93475,1118.455,185.755357,0.184288522591905,2.47925,0.587775
"ensemble-022",1999,0.447159347362682,500.302,1118.845,136.916449,0.278283432286686,2.323,0.657825
"ensemble-022",2000,0.4113789953927,457.15725,1111.28,202.646028,0.218168615500667,2.12275,0.62365
"ensemble-022",2001,0.387860426386211,425.032,1095.8375,97.366518,0.192502090334665,1.9735,0.52505
"ensemble-022",2002,0.380043617851059,429.988,1131.4175,166.064023,0.168496975072956,1.99675,0.646775
"ensemble-022",2003,0.367097590122331,434.67475,1184.085,106.371781,0.220809439378263,2.0185,0.591725
"ensemble-022",2004,0.358068963512501,431.13025,1204.0425,195.041412,0.202538642869971,2.002,0.823875
"ensemble-022",2005,0.331569491496998,395.40325,1192.52,119.288501,0.221122744505305,1.836,0.6564
"ensemble-022",2006,0.326068450330904,389.351,1194.0775,128.903644,0.228886702391811,1.808,0.6998
"ensemble-022",2007,0.322778996942499,392.71875,1216.68,129.353918,0.245039591186464,1.8235,0.7245
"ensemble-022",2008,0.310661320081066,376.32425,1211.365,135.85394,0.311329305342836,1.74775,0.783525
"ensemble-022",2009,0.292435244852905,343.41475,1174.3275,148.815537,0.230670361107553,1.59475,0.7901
"ensemble-022",2010,0.278779035049433,320.959,1151.3025,106.349652,0.205920627234657,1.49025,0.655675
"ensemble-022",2011,0.280977955721406,325.27975,1157.67,117.759502,0.267304247311514,1.51025,0.82145
"ensemble-022",2012,0.272871279408994,314.976,1154.3025,185.654866,0.229229329107079,1.46275,0.827675
"ensemble-022",2013,0.261523969901828,294.2975,1125.3175,162.607156,0.230738587951081,1.3665,0.738575
"ensemble-022",2014,0.267809663679139,306.3535,1143.9225,97.316588,0.296036327831401,1.4225,0.8006
"ensemble-022",2015,0.27748543153078,335.346,1208.5175,127.949718,0.244338174785453,1.557,0.734825
"ensemble-022",2016,0.276579181629967,340.98825,1232.8775,139.199746,0.333891028298928,1.58325,0.781425
"ensemble-022",2017,0.269692475073277,324.109,1201.7725,143.088943,0.220398350916635,1.505,0.6604
"ensemble-022",2018,0.267267501557182,314.30725,1176.0025,112.560261,0.255111816339374,1.4595,0.766175
"ensemble-022",2019,0.267166614477824,313.55275,1173.6225,128.702529,0.176185139617507,1.456,0.67055
"ensemble-022",2020,0.272989057400653,319.95,1172.025,114.987993,0.306735091927804,1.4855,0.710525
"ensemble-022",2021,0.282878606868791,328.53875,1161.4125,114.602415,0.294396848322171,1.5255,0.71395
"ensemble-022",2022,0.28486936260821,326.4375,1145.92,87.437774,0.407456859929007,1.51575,0.793975
"ensemble-022",2023,0.273218003079688,302.522,1107.255,138.32123,0.398080639232285,1.40475,0.879575
"ensemble-022",2024,0.243100333437215,259.368,1066.9175,132.846963,0.282625856413265,1.20425,0.95735
"ensemble-023",1952,0.999281517687542,10747.5825,10755.31,359.26773,0.00199746616901575,10.5475,0.017899
"ensemble-023",1953,0.99682230303227,11054.5525,11089.7925,304.634917,0.00197556543907876,10.85,0.016644
"ensemble-023",1954,0.994978910808527,11290.66,11347.6375,328.923328,0.00152282476425869,11.08,0.0112
"ensemble-023",1955,0.993273974609875,11405.7725,11483.0075,225.728591,0.00238106058791695,11.1925,0.01899325
"ensemble-023",1956,0.990943113821621,11314.695,11418.1075,146.403446,0.00284966175585528,11.1025,0.02226875
"ensemble-023",1957,0.988220211837875,11237.0125,11370.96,111.054657,0.00415536120889047,11.0275,0.0311625
"ensemble-023",1958,0.983888100893056,10788.2125,10964.8775,236.442742,0.00564482644819478,10.585,0.046525
"ensemble-023",1959,0.978348747481046,9939.2675,10159.2275,146.874279,0.00436521411321668,9.754,0.0432275
"ensemble-023",1960,0.973517143213803,9007.4625,9252.495,151.113185,0.00505503469919649,8.83925,0.0432025
"ensemble-023",1961,0.969929913317618,8445.2525,8707.075,136.096277,0.00464691528935549,8.2875,0.0446975
"ensemble-023",1962,0.96635043500354,7835.15,8107.98,136.744859,0.00454129170627866,7.68925,0.0445775
"ensemble-023",1963,0.962632968950794,7269.8475,7552.045,110.662006,0.00610496692371301,7.13425,0.0596475
"ensemble-023",1964,0.958420495911804,6691.39,6981.685,138.121038,0.00414702370938973,6.5665,0.046505
"ensemble-023",1965,0.956677100197323,6210.6425,6491.89,96.204122,0.00474876109974313,6.09475,0.0455375
"ensemble-023",1966,0.955063833626562,5821.9975,6095.925,163.803075,0.00491686661708672,5.71325,0.0530075
"ensemble-023",1967,0.952215043069062,5418.9225,5690.86,82.356089,0.00628497562577229,5.318,0.060005
"ensemble-023",1968,0.949757311784532,5032.745,5298.98,92.4751464,0.00527850301740968,4.93875,0.0500125
"ensemble-023",1969,0.948499336525958,4812.375,5073.6725,137.598069,0.00625959761062188,4.7225,0.0640975
"ensemble-023",1970,0.946084069497118,4550.785,4810.1275,114.5344412,0.0120512350889648,4.466,0.0626675
"ensemble-023",1971,0.943906681338725,4321.075,4577.8625,82.72369,0.0134052308001319,4.2405,0.0643775
"ensemble-023",1972,0.940976480173302,4206.92,4470.8025,80.7002,0.019670533621505,4.1285,0.08952
"ensemble-023",1973,0.934775961149806,3989.32,4267.675,150.549011,0.013780371570838,3.915,0.0762425
"ensemble-023",1974,0.928978886983848,3760.265,4047.74,45.02159,0.0197343619362719,3.69025,0.087065
"ensemble-023",1975,0.923046591328942,3622.5425,3924.55,204.86975,0.0181707102343207,3.555,0.1124225
"ensemble-023",1976,0.914238070805541,3474.6075,3800.55,76.471039,0.0191558786419313,3.41025,0.120225
"ensemble-023",1977,0.905696945070223,3410.2275,3765.3075,147.639251,0.0227668343836765,3.3465,0.1347
"ensemble-023",1978,0.900334099179821,3472.9375,3857.3875,22.250691,0.0167236357652367,3.408,0.1117025
"ensemble-023",1979,0.893429948997354,3445.22,3856.1725,79.891702,0.0225330404894045,3.38075,0.141375
"ensemble-023",1980,0.884880814274215,3388.5825,3829.4225,109.546541,0.0214280277667087,3.32575,0.139975
"ensemble-023",1981,0.877428432680477,3216.1525,3665.43,130.721606,0.0332226445675393,3.15625,0.134225
"ensemble-023",1982,0.871349544472316,3083.73,3539.0275,139.960101,0.0410230809995601,3.02625,0.1619
"ensemble-023",1983,0.864901024007306,3040.0125,3514.8675,110.344769,0.0479358315751562,2.98325,0.164225
"ensemble-023",1984,0.857403822446114,3103.6325,3619.8025,95.585018,0.0522669323000041,3.04575,0.178975
"ensemble-023",1985,0.845361721081943,3159.96,3737.9975,146.0722773,0.057247336477447,3.101,0.1873
"ensemble-023",1986,0.831750156315792,3116.0875,3746.4225,80.799579,0.0563975902807788,3.058,0.17435
"ensemble-023",1987,0.819555818703458,3093.6675,3774.81,159.416331,0.0684168797813061,3.036,0.222625
"ensemble-023",1988,0.806400739293542,3115.245,3863.1475,162.027451,0.0553628716814639,3.05725,0.196
"ensemble-023",1989,0.794525382901161,3083.99,3881.55,133.122738,0.0587406438651832,3.0265,0.197275
"ensemble-023",1990,0.785436798582762,3183.34,4052.955,120.33565,0.0738195987061394,3.124,0.2395
"ensemble-023",1991,0.777648944655695,3287.995,4228.1225,76.384053,0.0847791213123275,3.22675,0.2147
"ensemble-023",1992,0.76652787521841,3313.265,4322.4325,172.480503,0.0843624398702299,3.2515,0.269175
"ensemble-023",1993,0.75060651155448,3233.1775,4307.42,61.022312,0.0762259391170857,3.17275,0.236825
"ensemble-023",1994,0.735804717545957,3155.39,4288.3525,191.782779,0.0721945221267673,3.09675,0.271925
"ensemble-023",1995,0.721470681967675,3095.8325,4291.0025,77.945858,0.0805675816844774,3.038,0.241775
"ensemble-023",1996,0.712811891250452,3012.4375,4226.1325,182.32515,0.0891859770059088,2.956,0.23045
"ensemble-023",1997,0.714628575605562,3079.565,4309.3225,72.442904,0.107249332752466,3.022,0.29095
"ensemble-023",1998,0.706337027403438,3112.7125,4406.8375,154.815351,0.119547275409848,3.0545,0.33655
"ensemble-023",1999,0.693185615850576,3095.7375,4465.9575,111.309543,0.140468581543294,3.03775,0.357825
"ensemble-023",2000,0.674621665845067,3000.4625,4447.6225,185.653159,0.143694396610551,2.94425,0.3427
"ensemble-023",2001,0.657431844922782,2890.1575,4396.1325,80.342937,0.120448838896284,2.83625,0.29895
"ensemble-023",2002,0.643245341395892,2850.3375,4431.1825,151.874237,0.109737765776316,2.79725,0.37475
"ensemble-023",2003,0.629982200329999,2859.7475,4539.41,78.02743,0.141513409184138,2.8065,0.3375
"ensemble-023",2004,0.618611402729991,2825.455,4567.415,165.606709,0.146111256642407,2.77275,0.482175
"ensemble-023",2005,0.603451658700905,2737.305,4536.08,83.182729,0.144455123247561,2.6865,0.3799
"ensemble-023",2006,0.590152937646442,2650.3075,4490.8825,107.162107,0.161815257676788,2.60075,0.41215
"ensemble-023",2007,0.579727057512881,2601.8875,4488.125,98.280791,0.158445572925609,2.5535,0.416325
"ensemble-023",2008,0.565435671872559,2497.7725,4417.43,102.121338,0.215054422518121,2.45125,0.45015
"ensemble-023",2009,0.548776889479792,2352.73,4287.225,119.0853,0.182969621713444,2.309,0.46915
"ensemble-023",2010,0.532383832577432,2208.8725,4149.0225,79.893601,0.141556425130524,2.16775,0.40055
"ensemble-023",2011,0.519026368621414,2117.3525,4079.47,85.06884,0.191516560810376,2.078,0.499225
"ensemble-023",2012,0.506953186864374,2040.645,4025.3125,160.774586,0.181629687979702,2.00275,0.519125
"ensemble-023",2013,0.495206595112387,1939.645,3916.84,130.234098,0.174548198246055,1.90375,0.487775
"ensemble-023",2014,0.489780874644157,1911.9025,3903.5875,79.318559,0.198956175476988,1.87625,0.534775
"ensemble-023",2015,0.489238526570797,1973.0525,4032.905,100.824506,0.172326454991257,1.936,0.470625
"ensemble-023",2016,0.486435320124746,2003.5225,4118.785,117.21768,0.247529192028244,1.96625,0.490475
"ensemble-023",2017,0.480941917030613,1968.155,4092.2925,102.436623,0.154131822092707,1.93125,0.4143
"ensemble-023",2018,0.475192746671664,1927.1525,4055.5175,85.252648,0.182199677487319,1.891,0.494175
"ensemble-023",2019,0.470378222748947,1904.1275,4048.0775,86.679957,0.14648436456837,1.86875,0.444675
"ensemble-023",2020,0.468332964362381,1882.7875,4020.19,106.035679,0.253910860990896,1.84775,0.47985
"ensemble-023",2021,0.468758916376018,1852.37,3951.6475,77.520863,0.236932661830062,1.818,0.4654
"ensemble-023",2022,0.466131288066772,1808.065,3878.875,74.987302,0.27242568803334,1.77425,0.50585
"ensemble-023",2023,0.455401524519787,1733.61,3806.7725,117.939,0.313310873183786,1.70125,0.540675
"ensemble-023",2024,0.438429655255761,1623.425,3702.8175,126.643604,0.201046243389184,1.593,0.584225
"ensemble-024",1952,0.992975146936345,1254.85,1263.7275,205.03788,0.00657524151078727,7.6985,0.05117
"ensemble-024",1953,0.971966417293343,1248.8675,1284.8875,230.991779,0.00644884238126544,7.662,0.0477775
"ensemble-024",1954,0.961174989702865,1248.475,1298.905,216.757107,0.00523794785788596,7.6595,0.03198
"ensemble-024",1955,0.953313112503594,1251.7025,1313.0025,227.020662,0.00632032591552173,7.67925,0.049135
"ensemble-024",1956,0.942584337158936,1267.0525,1344.2325,138.9352597,0.00896231641327439,7.7735,0.055645
"ensemble-024",1957,0.932877652274887,1325.5725,1420.95,97.6403259,0.0138250691980538,8.13225,0.0780625
"ensemble-024",1958,0.911054888629704,1281.0525,1406.12,233.480294,0.018083651653708,7.85925,0.118955
"ensemble-024",1959,0.88137594153758,1138.535,1291.77,102.422751,0.0123267357289488,6.985,0.108375
"ensemble-024",1960,0.859131462510293,1006.7775,1171.855,149.2337524,0.0139367738242088,6.1765,0.1083125
"ensemble-024",1961,0.854099073847612,986.525,1155.0475,113.179121,0.0125723329454915,6.05225,0.10712
"ensemble-024",1962,0.845710808980951,924.345,1092.98,144.631755,0.0111729273876569,5.67075,0.104465
"ensemble-024",1963,0.837576935536119,872.64,1041.8625,156.388984,0.0133139745884095,5.35375,0.133445
"ensemble-024",1964,0.82582482090149,810.673,981.6525,110.7310524,0.00985443394694971,4.97325,0.098235
"ensemble-024",1965,0.834184375237431,795.9975,954.2225,94.4623441,0.012032722396474,4.8835,0.0924475
"ensemble-024",1966,0.841181384626772,795.48,945.67,202.459839,0.0107277825992273,4.88025,0.1060625
"ensemble-024",1967,0.83511306794064,752.535,901.1175,69.380333,0.0146948041092466,4.61675,0.11365
"ensemble-024",1968,0.832322128484213,714.03875,857.8875,134.731927,0.011331106271505,4.3805,0.09378
"ensemble-024",1969,0.83755830237376,723.6755,864.03,126.902278,0.0131977762768193,4.44,0.11803
"ensemble-024",1970,0.832499331295663,692.5,831.8325,114.13912,0.0249605115828296,4.24825,0.1105325
"ensemble-024",1971,0.830541349535902,673.5545,810.9825,88.1866212,0.0280182907684741,4.132,0.114575
"ensemble-024",1972,0.826951244393151,678.9125,820.9825,96.250952,0.0345869650302451,4.165,0.1601
"ensemble-024",1973,0.805100637138744,627.70275,779.6575,153.902665,0.0202648432777595,3.85075,0.1321625
"ensemble-024",1974,0.795380630066015,594.895,747.9375,65.992047,0.0376786788844309,3.64975,0.147325
"ensemble-024",1975,0.786848190001403,588.72375,748.205,209.029959,0.0284166664195652,3.6115,0.18465
"ensemble-024",1976,0.763933420788115,560.5075,733.7125,75.341465,0.0369544747996136,3.439,0.1904
"ensemble-024",1977,0.749297190420425,564.65725,753.5825,160.658735,0.0446688039021591,3.46425,0.21305
"ensemble-024",1978,0.74504762537027,589.18925,790.8075,16.7490723,0.0382936882668795,3.615,0.179875
"ensemble-024",1979,0.73004070564946,573.45975,785.5175,99.2146603,0.0469624119242347,3.51825,0.240025
"ensemble-024",1980,0.704283462830607,542.95325,770.93,118.246993,0.0378659178591799,3.33125,0.244125
"ensemble-024",1981,0.681517427631024,484.518,710.94,160.704465,0.0557102281061941,2.9725,0.225525
"ensemble-024",1982,0.675236674042433,463.9195,687.04725,158.9331,0.0640351589808477,2.846,0.2514
"ensemble-024",1983,0.676188519841144,481.42425,711.9675,121.489853,0.0842099702279982,2.9535,0.245575
"ensemble-024",1984,0.67951419495668,529.982,779.9425,133.417367,0.0968956178394337,3.2515,0.27145
"ensemble-024",1985,0.660360439241924,546.79,828.0175,148.6931528,0.0905582144162908,3.3545,0.2829
"ensemble-024",1986,0.635815291107426,526.18325,827.5725,108.256587,0.0977530304788019,3.22825,0.2588
"ensemble-024",1987,0.62245563212423,527.50625,847.46,204.3287248,0.104000513390504,3.23625,0.333775
"ensemble-024",1988,0.606390412822199,534.96975,882.22,178.202566,0.0932950715963732,3.282,0.282075
"ensemble-024",1989,0.596243818461071,529.90275,888.735,161.754721,0.0849401737624091,3.251,0.27615
"ensemble-024",1990,0.594180771198563,569.06475,957.73,130.214901,0.121997665241074,3.49125,0.33935
"ensemble-024",1991,0.586710563614934,589.87,1005.385,188.959285,0.13902968181958,3.619,0.319075
"ensemble-024",1992,0.57169372012915,582.53875,1018.97,148.514993,0.159887211873459,3.57375,0.3966
"ensemble-024",1993,0.541859256749125,539.6715,995.9625,104.119674,0.121592340731002,3.31075,0.35635
"ensemble-024",1994,0.519115431912803,525.56025,1012.415,222.077537,0.120565402909847,3.22425,0.412025
"ensemble-024",1995,0.49371049860638,498.18475,1009.0625,72.50485,0.128895990145449,3.0565,0.3593
"ensemble-024",1996,0.490542078193983,484.9965,988.695,222.39494,0.130367335728648,2.9755,0.333725
"ensemble-024",1997,0.513585038900917,523.63975,1019.5775,71.129705,0.201359640482875,3.2125,0.431975
"ensemble-024",1998,0.492821569102319,513.817,1042.6025,212.232382,0.171278396762448,3.15225,0.516175
"ensemble-024",1999,0.461093083246944,478.142,1036.975,150.229103,0.276682647184724,2.9335,0.5773
"ensemble-024",2000,0.42378344417468,435.0635,1026.6175,217.358249,0.209015977723507,2.669,0.554725
"ensemble-024",2001,0.398928839192262,403.05875,1010.3525,110.544781,0.190622027266411,2.47275,0.4671
"ensemble-024",2002,0.389409648342296,402.634,1033.96,184.005095,0.161996680874837,2.47025,0.5765
"ensemble-024",2003,0.376081135996842,404.88425,1076.5875,128.27797,0.207881297956946,2.48375,0.522625
"ensemble-024",2004,0.370209618885162,404.218,1091.8625,212.921894,0.200250980296906,2.47975,0.717025
"ensemble-024",2005,0.346175136074224,374.6065,1082.13,129.792215,0.210541591892682,2.2985,0.56925
"ensemble-024",2006,0.34301130146119,373.0145,1087.47,138.013653,0.210674002855462,2.2885,0.61325
"ensemble-024",2007,0.340027850878183,376.64375,1107.685,140.572344,0.256220390814935,2.311,0.639475
"ensemble-024",2008,0.328646268421017,358.991,1092.3325,156.002471,0.317888825526566,2.2025,0.694275
"ensemble-024",2009,0.309567089782177,325.27375,1050.7375,170.587804,0.221331510499756,1.9955,0.6977
"ensemble-024",2010,0.293288099676058,301.715,1028.7325,116.723236,0.183884391643172,1.85125,0.57115
"ensemble-024",2011,0.297180045476137,308.1185,1036.8075,128.770164,0.260763090517983,1.89,0.715125
"ensemble-024",2012,0.292192350085259,302.87125,1036.5475,212.55323,0.213516831568208,1.85825,0.7236
"ensemble-024",2013,0.281252206339341,282.83425,1005.625,181.468383,0.216479334171983,1.735,0.64105
"ensemble-024",2014,0.29050578016929,295.586,1017.4875,107.100822,0.283924478063827,1.81325,0.6896
"ensemble-024",2015,0.304520377953049,327.6015,1075.795,147.945224,0.224382373167304,2.01,0.63345
"ensemble-024",2016,0.303726867149466,332.05775,1093.2775,148.706348,0.315818844507843,2.037,0.675575
"ensemble-024",2017,0.296760850362169,314.956,1061.3125,160.080525,0.203041467461399,1.93225,0.573575
"ensemble-024",2018,0.293970069679945,304.91825,1037.2425,122.273656,0.240500627313435,1.8705,0.6668
"ensemble-024",2019,0.292348960112821,301.623,1031.7225,142.271267,0.16695022398897,1.85025,0.586425
"ensemble-024",2020,0.298402595569229,306.49975,1027.135,128.946881,0.294772133243134,1.8805,0.6189
"ensemble-024",2021,0.309392016084126,313.92925,1014.665,130.925636,0.294488653706593,1.926,0.632825
"ensemble-024",2022,0.312078637678269,312.92125,1002.7,96.402567,0.401396441437457,1.9195,0.704
"ensemble-024",2023,0.296408261389918,284.1955,958.7975,151.497916,0.372962411596035,1.74325,0.77495
"ensemble-024",2024,0.262233274203434,242.809,925.9275,144.460973,0.263503926733989,1.48975,0.83985
"ensemble-025",1952,0.993000999857163,1320.88,1330.19,79.691127,0.0115745960826892,5.1145,0.07857
"ensemble-025",1953,0.971179209115822,1323.625,1362.905,84.39787,0.0111675187411737,5.125,0.07315
"ensemble-025",1954,0.957853805217843,1328.3325,1386.78,89.475697,0.00880174133004792,5.14325,0.0496875
"ensemble-025",1955,0.946887079207568,1330.1775,1404.79,91.1408581,0.0113293988956869,5.15025,0.07823
"ensemble-025",1956,0.932836368977673,1333.6575,1429.68,53.8199783,0.0147341992541272,5.164,0.0863625
"ensemble-025",1957,0.919948807764156,1380.1325,1500.2275,39.4634041,0.0211893806002809,5.34375,0.11602
"ensemble-025",1958,0.896517235279628,1355.7425,1512.2325,80.121016,0.0287410841800267,5.24925,0.1724825
"ensemble-025",1959,0.865790677569565,1244.3425,1437.2325,49.840344,0.0197988189923078,4.818,0.1597475
"ensemble-025",1960,0.841008402732572,1123.9825,1336.47,49.6800942,0.0244408576234047,4.35175,0.159335
"ensemble-025",1961,0.830014631487343,1084.9225,1307.1125,54.8817906,0.0202180856745917,4.20075,0.15725
"ensemble-025",1962,0.818638140547289,1022.9825,1249.615,54.302525,0.0196689086578526,3.961,0.15295
"ensemble-025",1963,0.807835135089976,966.9625,1196.98,61.4233402,0.0234713557904558,3.744,0.19695
"ensemble-025",1964,0.794075039518817,901.7,1135.535,45.3394775,0.0167132401536301,3.4915,0.1474475
"ensemble-025",1965,0.798033058830499,875.55,1097.135,37.9040254,0.0193050632480757,3.39025,0.137925
"ensemble-025",1966,0.802710155313282,865.3075,1077.9825,77.512011,0.0185548931945584,3.3505,0.15685
"ensemble-025",1967,0.797273655227666,825.9775,1036.0025,31.227811,0.0234751218244107,3.198,0.170975
"ensemble-025",1968,0.793715671210619,786.475,990.8775,48.2784976,0.0189897059979856,3.045,0.1401
"ensemble-025",1969,0.797806075056126,788.015,987.7275,52.9658656,0.0226052867546568,3.051,0.175775
"ensemble-025",1970,0.793260091217987,760.4925,958.6925,50.0550176,0.0351171078370379,2.9445,0.1687
"ensemble-025",1971,0.789757390723968,736.585,932.6725,33.8055904,0.0406891960601076,2.852,0.17125
"ensemble-025",1972,0.785275253160156,733.985,934.685,38.099552,0.0546756422520366,2.842,0.236925
"ensemble-025",1973,0.7644391818444,689.1725,901.54,60.8141,0.0338299779702591,2.66825,0.20075
"ensemble-025",1974,0.751441551533275,653.35025,869.4625,27.0944534,0.0552851010389519,2.52975,0.224375
"ensemble-025",1975,0.737873566234569,632.686,857.445,87.419088,0.0498806944267811,2.44975,0.288275
"ensemble-025",1976,0.711964871801751,597.084,838.6425,27.987368,0.0587936868360574,2.312,0.303
"ensemble-025",1977,0.692389829213985,589.26875,851.065,69.9470079,0.072800480656614,2.28175,0.3365
"ensemble-025",1978,0.684227829629233,607.19575,887.4175,7.6888885,0.0569182248456056,2.351,0.281325
"ensemble-025",1979,0.667196391297648,595.331,892.2875,35.0598177,0.0765959349778984,2.30475,0.3641
"ensemble-025",1980,0.641604653776978,570.7715,889.6,54.539742,0.0629887528590479,2.21,0.37075
"ensemble-025",1981,0.618497435274386,521.8,843.6575,68.018822,0.0926086088558463,2.0205,0.35305
"ensemble-025",1982,0.606168120936599,496.01525,818.28,69.8244065,0.111837669634981,1.9205,0.408225
"ensemble-025",1983,0.598675832518169,498.79575,833.165,57.967071,0.134903844520824,1.93125,0.40135
"ensemble-025",1984,0.594232348226305,531.936,895.165,53.6868925,0.155032798193475,2.0595,0.435425
"ensemble-025",1985,0.572649400672626,547.85225,956.6975,69.6541139,0.143643374239627,2.12125,0.456275
"ensemble-025",1986,0.545916428279526,534.343,978.8,52.05946,0.157250330407392,2.069,0.41925
"ensemble-025",1987,0.528396933724822,534.03625,1010.6725,88.6073578,0.175508126983417,2.06775,0.534775
"ensemble-025",1988,0.508074323048453,538.132,1059.16,78.466067,0.154251522132113,2.08375,0.465275
"ensemble-025",1989,0.493430830112362,535.53775,1085.335,76.175446,0.133600075368285,2.07375,0.454525
"ensemble-025",1990,0.486395304539849,564.97125,1161.5475,68.419631,0.190874190905403,2.18775,0.55395
"ensemble-025",1991,0.476996378766328,583.52875,1223.34,72.113825,0.221936383428069,2.25925,0.511125
"ensemble-025",1992,0.460580836071217,578.62425,1256.2925,86.901838,0.249597547444926,2.24025,0.64225
"ensemble-025",1993,0.432184220661397,544.25175,1259.305,48.585817,0.200490487705146,2.1075,0.57305
"ensemble-025",1994,0.408705769559209,526.47025,1288.14,99.053767,0.19945569559857,2.0385,0.662925
"ensemble-025",1995,0.382488880886618,499.21875,1305.185,36.453188,0.203640059331417,1.933,0.594525
"ensemble-025",1996,0.374151460753188,484.065,1293.7675,110.191427,0.218378442893607,1.87425,0.555575
"ensemble-025",1997,0.388475040590182,512.62875,1319.5925,39.649364,0.300464719073966,1.985,0.6993
"ensemble-025",1998,0.372147158254488,503.07225,1351.81,111.977755,0.279237333381936,1.94775,0.835925
"ensemble-025",1999,0.346665476036441,475.5635,1371.8225,70.999982,0.446946315379076,1.84125,0.916775
"ensemble-025",2000,0.315509356260386,436.6965,1384.1,114.537351,0.348733749411459,1.691,0.905925
"ensemble-025",2001,0.29127185758525,405.85675,1393.395,51.83621,0.299836481083308,1.57125,0.778475
"ensemble-025",2002,0.27641343542909,395.73075,1431.6625,94.709028,0.268093107727844,1.5325,0.970425
"ensemble-025",2003,0.260834306747229,387.98125,1487.4625,65.273132,0.327527046295669,1.5025,0.8803
"ensemble-025",2004,0.252272268996453,381.58325,1512.585,107.878514,0.35579039134428,1.4775,1.22525
"ensemble-025",2005,0.231116406438618,349.40525,1511.815,67.067065,0.362199725282752,1.35275,0.98895
"ensemble-025",2006,0.225827176462671,343.941,1523.0275,78.074128,0.347161497718721,1.33175,1.0532
"ensemble-025",2007,0.220455874982474,341.99375,1551.3025,73.7043047,0.415571526113991,1.324,1.08
"ensemble-025",2008,0.21109353168076,328.21825,1554.8475,90.843657,0.524515708838379,1.27075,1.178
"ensemble-025",2009,0.198011446372534,302.5605,1527.995,87.657471,0.398309418143305,1.1715,1.197
"ensemble-025",2010,0.184729535347137,279.965,1515.54,64.3232,0.297005843813617,1.084,0.982925
"ensemble-025",2011,0.184554252137481,284.011,1538.9025,71.947371,0.434142957884362,1.0995,1.21705
"ensemble-025",2012,0.179289602111207,277.188,1546.035,102.825726,0.379326956866446,1.07325,1.259475
"ensemble-025",2013,0.170616912011919,258.8105,1516.91,101.575254,0.352432460802554,1.002125,1.145
"ensemble-025",2014,0.174035847676886,265.36725,1524.785,58.247615,0.429065656608375,1.0275,1.2176
"ensemble-025",2015,0.181665791122616,287.0265,1579.97,79.959223,0.343552804646842,1.1115,1.10135
"ensemble-025",2016,0.18405741980353,296.40975,1610.42,79.87457,0.479743144255132,1.1475,1.150425
"ensemble-025",2017,0.18250466147605,289.7225,1587.48,84.372234,0.329694464741491,1.122,0.9735
"ensemble-025",2018,0.183347694271581,287.26,1566.75,62.628624,0.381694317932024,1.11225,1.126675
"ensemble-025",2019,0.18275055695362,284.85375,1558.7025,70.946465,0.265990174828293,1.103,1.001325
"ensemble-025",2020,0.186136981612209,288.19775,1548.31,78.220267,0.436680039834424,1.116,1.055725
"ensemble-025",2021,0.192993153598179,293.79975,1522.3325,72.538082,0.437949445037585,1.1375,1.04515
"ensemble-025",2022,0.195905743348436,294.13925,1501.4325,57.956543,0.597188687317108,1.139,1.129425
"ensemble-025",2023,0.190364247229222,278.7675,1464.39,78.803201,0.555688950811903,1.07925,1.2335
"ensemble-025",2024,0.169619082390167,243.908,1437.975,67.0328,0.448101179236051,0.944325,1.4155
"ensemble-027",1952,0.994767610390031,1690.1425,1699.0325,186.048467,0.00604259292870956,7.1435,0.0499775
"ensemble-027",1953,0.978861080926838,1698.045,1734.715,137.835721,0.00599512946734185,7.177,0.0465325
"ensemble-027",1954,0.970023490380874,1707.5275,1760.295,212.304868,0.00401978598857629,7.217,0.031795
"ensemble-027",1955,0.962821329934141,1710.83,1776.8925,202.2905609,0.00629983157663506,7.231,0.05081
"ensemble-027",1956,0.952804636206781,1700.8325,1785.08,111.9420659,0.00866415794827107,7.189,0.0574825
"ensemble-027",1957,0.943212857364456,1748.1625,1853.4125,83.998502,0.0133240111325014,7.38875,0.080405
"ensemble-027",1958,0.924460007513416,1685.665,1823.405,205.7586,0.0165445110139451,7.12475,0.1206725
"ensemble-027",1959,0.899714036534503,1516.495,1685.53,64.276269,0.0127889957947033,6.40975,0.1118525
"ensemble-027",1960,0.879571154865272,1348.5475,1533.1875,140.5959479,0.0128179326652763,5.69975,0.1135625
"ensemble-027",1961,0.871556177990138,1295.9975,1486.9925,72.699608,0.0131938008407175,5.4775,0.1128125
"ensemble-027",1962,0.862392568025391,1209.1175,1402.05,129.975728,0.010933843088418,5.11025,0.1098625
"ensemble-027",1963,0.853266763058016,1133.07,1327.92,126.123105,0.0138222269811809,4.78925,0.1416225
"ensemble-027",1964,0.841584832922912,1050.0475,1247.7025,80.863646,0.0102680644572013,4.43825,0.1051275
"ensemble-027",1965,0.846126540550976,1019.005,1204.3175,74.8777141,0.0121499777897135,4.30725,0.0993625
"ensemble-027",1966,0.850303635392679,1007.0975,1184.3975,171.7353,0.0106313122800499,4.25675,0.113775
"ensemble-027",1967,0.844618366723756,954.2625,1129.815,51.2290755,0.0148980501331095,4.033,0.122915
"ensemble-027",1968,0.841051596914247,902.7175,1073.32,94.5157752,0.0120129695959638,3.8155,0.10193
"ensemble-027",1969,0.844338974524978,906.4,1073.5025,120.5926936,0.0132322296794202,3.83125,0.1286525
"ensemble-027",1970,0.839214328433378,866.4825,1032.4925,72.65014,0.0261141451274795,3.6625,0.1224025
"ensemble-027",1971,0.83604428751929,837.035,1001.185,75.3805596,0.0267335873598629,3.53775,0.1276175
"ensemble-027",1972,0.830590418640481,830.2125,999.545,67.925109,0.0353052374446853,3.509,0.17855
"ensemble-027",1973,0.810678000042158,769.1875,948.82,106.367851,0.0231421872359111,3.251,0.150425
"ensemble-027",1974,0.799781786039831,723.8625,905.075,59.995861,0.0383307914633507,3.0595,0.170675
"ensemble-027",1975,0.787357747876792,698.095,886.63,150.308604,0.0306512596614225,2.9505,0.217225
"ensemble-027",1976,0.76240821549646,653.8775,857.6475,66.345733,0.0387052275905546,2.7635,0.228025
"ensemble-027",1977,0.744684310334409,646.96125,868.7725,113.5752114,0.0487246004189698,2.7345,0.254175
"ensemble-027",1978,0.738729428614711,670.517,907.6625,16.0022712,0.0411869287988531,2.834,0.2132
"ensemble-027",1979,0.724051086935529,656.0645,906.1025,82.2423394,0.0501124234380608,2.77275,0.281125
"ensemble-027",1980,0.698775366312921,624.3785,893.5325,89.294934,0.0421343442396269,2.639,0.2857
"ensemble-027",1981,0.677035266382653,565.75775,835.64,118.699858,0.0667084384204649,2.39125,0.267075
"ensemble-027",1982,0.668081568190264,539.34225,807.3,115.668314,0.0760834092613187,2.27925,0.30435
"ensemble-027",1983,0.662954099314155,547.1095,825.26,90.767427,0.0992341990305793,2.3125,0.299625
"ensemble-027",1984,0.660956607246413,589.8195,892.3725,117.343726,0.107159301383612,2.493,0.3283
"ensemble-027",1985,0.641150183959955,609.051,949.935,101.4776383,0.10493226568259,2.57425,0.3416
"ensemble-027",1986,0.616351676760938,591.26,959.29,83.903919,0.112738556043958,2.49925,0.3145
"ensemble-027",1987,0.600495924967494,589.99175,982.5075,167.642492,0.116711642087398,2.49375,0.40485
"ensemble-027",1988,0.581805496735594,594.1645,1021.2425,128.251034,0.103166739706615,2.5115,0.3458
"ensemble-027",1989,0.569271830114636,588.95725,1034.58,109.991419,0.0984023675545356,2.48925,0.342375
"ensemble-027",1990,0.563832697803139,625.46525,1109.31,99.186932,0.136669279667178,2.64375,0.42485
"ensemble-027",1991,0.552918568391977,640.54925,1158.4875,100.637707,0.159117031026938,2.7075,0.398725
"ensemble-027",1992,0.533166347208763,624.47375,1171.255,139.429182,0.150591631341123,2.6395,0.503725
"ensemble-027",1993,0.502146507221375,577.063,1149.1925,95.503315,0.140952396699714,2.43925,0.455325
"ensemble-027",1994,0.479166116616423,553.5315,1155.1975,152.459178,0.138100951209301,2.33975,0.525825
"ensemble-027",1995,0.453587447832927,523.32425,1153.745,61.666569,0.143737433480483,2.21175,0.460075
"ensemble-027",1996,0.448659267758148,511.28425,1139.5825,163.84028,0.151427859374306,2.161,0.427875
"ensemble-027",1997,0.46476200224329,544.88,1172.385,64.088804,0.21919796509559,2.303,0.55045
"ensemble-027",1998,0.445963113392472,536.92175,1203.96,151.827446,0.20299579464146,2.26925,0.6546
"ensemble-027",1999,0.418072043035159,506.5225,1211.5675,132.150031,0.297366276111721,2.141,0.7281
"ensemble-027",2000,0.383375653936023,463.51075,1209.025,156.833037,0.242047476465394,1.959,0.695925
"ensemble-027",2001,0.359946754701114,432.31225,1201.045,88.702233,0.208512430601217,1.82725,0.5908
"ensemble-027",2002,0.349438431692873,432.078,1236.4925,132.951114,0.190500643847438,1.8265,0.732275
"ensemble-027",2003,0.334724694153031,432.09025,1290.8825,97.739251,0.23471735651633,1.8265,0.670475
"ensemble-027",2004,0.324218726198093,425.67325,1312.92,160.600909,0.225634349752926,1.79925,0.936125
"ensemble-027",2005,0.2986020856675,389.7765,1305.3375,103.642931,0.242115163033692,1.6475,0.74995
"ensemble-027",2006,0.291798648046892,381.704,1308.1075,107.944619,0.257142991670524,1.6135,0.80175
"ensemble-027",2007,0.287174564208819,382.53375,1332.06,112.99719,0.268528486195674,1.61675,0.82545
"ensemble-027",2008,0.275620163271597,366.57275,1329.9925,119.104183,0.348257350447326,1.54925,0.89235
"ensemble-027",2009,0.259111973791281,336.7335,1299.5675,124.159218,0.263307528122141,1.42325,0.903425
"ensemble-027",2010,0.245250846510501,313.80275,1279.5175,93.616464,0.228667725197938,1.32625,0.753025
"ensemble-027",2011,0.245133350301245,315.4235,1286.7425,103.336432,0.298667465605467,1.33325,0.941
"ensemble-027",2012,0.23694726097312,304.66975,1285.8125,157.118922,0.257841402635686,1.28775,0.951175
"ensemble-027",2013,0.226497251738382,285.258,1259.4325,139.828281,0.258567726883962,1.2055,0.8555
"ensemble-027",2014,0.230764208962071,294.27225,1275.2075,85.746173,0.325649774754946,1.24375,0.926925
"ensemble-027",2015,0.238742769223875,319.6515,1338.895,110.67533,0.269274089469525,1.351,0.8455
"ensemble-027",2016,0.238897525728049,327.3135,1370.1,117.687165,0.369467322591556,1.3835,0.89495
"ensemble-027",2017,0.233676944025948,314.4725,1345.7575,122.952667,0.245917929406034,1.32925,0.757875
"ensemble-027",2018,0.231329767515755,305.774,1321.81,99.305329,0.284722331230732,1.2925,0.8816
"ensemble-027",2019,0.230154772679406,303.24675,1317.5775,104.6895,0.200948992441141,1.28175,0.77335
"ensemble-027",2020,0.234693338150426,308.566,1314.7625,102.538431,0.341784105419021,1.304,0.8206
"ensemble-027",2021,0.243549198908825,316.94275,1301.35,100.984366,0.332098633557704,1.33975,0.820125
"ensemble-027",2022,0.245796561035196,315.41475,1283.235,77.086434,0.4466088665201,1.333,0.9067
"ensemble-027",2023,0.23571238258173,294.1555,1247.9425,122.234152,0.433904572179183,1.24325,1.000075
"ensemble-027",2024,0.209133076424255,253.165,1210.545,112.340096,0.315017874527989,1.0699,1.096175
"ensemble-029",1952,0.995069839318933,1793.2875,1802.1725,185.18523,0.00611438376918235,8.02625,0.0465525
"ensemble-029",1953,0.979895387102988,1805.9325,1842.985,133.802296,0.00608787885303693,8.08275,0.04334
"ensemble-029",1954,0.971092261495469,1818.295,1872.4225,207.838163,0.00410927099619759,8.13775,0.0296725
"ensemble-029",1955,0.963814989157455,1822.285,1890.7,198.941278,0.00648164362803993,8.156,0.0478125
"ensemble-029",1956,0.953803655301455,1805.815,1893.2775,116.909087,0.00862996253252617,8.08225,0.053795
"ensemble-029",1957,0.944185850505886,1848.435,1957.7025,88.605385,0.0130842131460409,8.27275,0.074145
"ensemble-029",1958,0.926292984354302,1793.595,1936.315,203.150857,0.0163183209123264,8.0275,0.110685
"ensemble-029",1959,0.90285328717044,1632.44,1808.09,61.075334,0.0130394133441765,7.30625,0.1027575
"ensemble-029",1960,0.883699546593107,1463.2275,1655.7975,149.6828613,0.0121739022756151,6.54875,0.10355
"ensemble-029",1961,0.875398515117487,1405.17,1605.1775,71.544612,0.0130539378364139,6.289,0.10259
"ensemble-029",1962,0.866453512914545,1313.6475,1516.12,135.334856,0.0106706934512755,5.87925,0.0997125
"ensemble-029",1963,0.857848531448626,1235.615,1440.365,115.122382,0.0140500755755099,5.52975,0.129135
"ensemble-029",1964,0.846836520707181,1148.865,1356.655,88.617684,0.0101598012855548,5.142,0.09619
"ensemble-029",1965,0.85046766527107,1111.1275,1306.49,80.0400212,0.0117996673696771,4.973,0.0909725
"ensemble-029",1966,0.854118414423141,1093.4125,1280.165,163.746353,0.0104842870954487,4.89375,0.1036825
"ensemble-029",1967,0.849328160098019,1039.79,1224.25,52.998687,0.0148121278782851,4.65375,0.113205
"ensemble-029",1968,0.84572768639938,982.725,1161.9875,93.439341,0.0119442772267763,4.39825,0.093895
"ensemble-029",1969,0.848321479220118,979.525,1154.6625,114.7668713,0.0134386849682993,4.384,0.1186675
"ensemble-029",1970,0.843609262733559,937.5325,1111.335,78.800794,0.024887453061691,4.196,0.113575
"ensemble-029",1971,0.840183965589037,902.91,1074.6575,74.380483,0.0261650260592905,4.04125,0.1176675
"ensemble-029",1972,0.835188352163877,893.71,1070.07,72.641436,0.0334247957032442,4,0.16395
"ensemble-029",1973,0.816773231867571,832.88,1019.72,100.477202,0.0227490785091253,3.72775,0.139525
"ensemble-029",1974,0.805729566126019,782.6575,971.365,58.72543,0.0365027889805654,3.50275,0.157975
"ensemble-029",1975,0.793426920510677,752.135,947.9575,145.752209,0.029828717609292,3.36625,0.2014
"ensemble-029",1976,0.769634420789355,706.205,917.585,68.733684,0.0376554607394002,3.16075,0.214525
"ensemble-029",1977,0.75117295813129,692.8425,922.3475,110.266221,0.0480851392970634,3.10125,0.23875
"ensemble-029",1978,0.744173957111547,712.1875,957.0175,19.732244,0.0404948416539534,3.1875,0.200225
"ensemble-029",1979,0.729771144330734,696.51,954.4225,82.285581,0.0490922440024425,3.11725,0.262125
"ensemble-029",1980,0.706101843140892,666.11,943.3625,83.566146,0.04172264655379,2.98125,0.265625
"ensemble-029",1981,0.685338511137163,607.9775,887.12,113.404532,0.066033242607716,2.72125,0.251
"ensemble-029",1982,0.675566867596551,578.29875,856.02,115.306583,0.0764961973403923,2.588,0.289325
"ensemble-029",1983,0.668371307140921,579.508,867.045,94.222699,0.0969147390649489,2.5935,0.28605
"ensemble-029",1984,0.664727020976836,616.89825,928.0475,110.666886,0.105741206134403,2.761,0.3119
"ensemble-029",1985,0.645597652419169,636.91275,986.5475,102.9557374,0.104913905466127,2.8505,0.325075
"ensemble-029",1986,0.621513688890669,620.656,998.62,82.736964,0.113371786757223,2.77775,0.3003
"ensemble-029",1987,0.605417171680072,618.1385,1021.0125,160.22842,0.11683196843382,2.7665,0.386025
"ensemble-029",1988,0.586030752393465,621.14425,1059.9175,134.324775,0.104285800996384,2.78,0.331925
"ensemble-029",1989,0.572175894535974,613.929,1072.9725,103.833135,0.102732882724474,2.7475,0.329425
"ensemble-029",1990,0.566129320918944,648.47,1145.445,102.041919,0.136356227095479,2.9025,0.40555
"ensemble-029",1991,0.555656291975926,664.9775,1196.7425,126.116535,0.152751975154866,2.97625,0.37765
"ensemble-029",1992,0.537288166957952,653.27525,1215.875,115.082635,0.164541338698771,2.92375,0.478225
"ensemble-029",1993,0.507507476260143,609.67,1201.3025,90.125557,0.141788217832423,2.72875,0.430525
"ensemble-029",1994,0.483249296471694,583.4305,1207.3075,145.046357,0.135400830020989,2.61125,0.500275
"ensemble-029",1995,0.457459363424083,552.946,1208.7325,64.511876,0.139442943345844,2.47475,0.44125
"ensemble-029",1996,0.449319245422585,534.54275,1189.6725,165.01034,0.145951691101891,2.3925,0.412075
"ensemble-029",1997,0.464036516565802,565.4865,1218.625,105.663875,0.202609812799259,2.531,0.524825
"ensemble-029",1998,0.44683902861473,557.24625,1247.085,108.321067,0.205185198312613,2.49425,0.62105
"ensemble-029",1999,0.421799517387543,531.38725,1259.81,132.657899,0.290941912849328,2.37825,0.69015
"ensemble-029",2000,0.389334002391951,490.74675,1260.4775,153.500925,0.248941579963282,2.19625,0.664125
"ensemble-029",2001,0.364821150606435,455.8495,1249.515,91.133095,0.212884539287382,2.04025,0.570475
"ensemble-029",2002,0.352009757774384,450.57425,1280.005,126.773833,0.19284967100745,2.01675,0.70675
"ensemble-029",2003,0.336623813695567,448.60425,1332.6575,103.504022,0.230138669719632,2.00775,0.65045
"ensemble-029",2004,0.324820132571868,438.94325,1351.3425,154.218738,0.235723014473342,1.9645,0.910075
"ensemble-029",2005,0.298515470526518,400.45925,1341.5025,101.231684,0.240337316412196,1.79225,0.7314
"ensemble-029",2006,0.291526637743066,391.74475,1343.77,112.657297,0.263165453400411,1.75325,0.776725
"ensemble-029",2007,0.287717066635431,393.00425,1365.94,103.466865,0.2667648988116,1.759,0.7974
"ensemble-029",2008,0.275985000924626,376.83475,1365.4175,126.382417,0.338405831827981,1.6865,0.868175
"ensemble-029",2009,0.259366582106337,347.109,1338.295,120.15134,0.278590899335517,1.55325,0.880075
"ensemble-029",2010,0.246125681036359,322.3225,1309.585,92.243645,0.224174478216109,1.44275,0.736675
"ensemble-029",2011,0.244343562807374,321.3295,1315.0725,103.989598,0.296715078521799,1.43825,0.9191
"ensemble-029",2012,0.236209081571009,309.86675,1311.8325,151.231642,0.274688605323248,1.387,0.9334
"ensemble-029",2013,0.226340722603134,290.25425,1282.3775,140.184297,0.264473393234471,1.299,0.8476
"ensemble-029",2014,0.229868306549864,297.168,1292.775,87.254959,0.333288262203388,1.33025,0.92045
"ensemble-029",2015,0.236352649169279,318.7635,1348.6775,110.179711,0.273442142707535,1.42675,0.836625
"ensemble-029",2016,0.236915775997447,326.62275,1378.645,115.58135,0.374009886034253,1.46175,0.881275
"ensemble-029",2017,0.232459062889642,315.544,1357.4175,119.875267,0.25237004584902,1.41225,0.74675
"ensemble-029",2018,0.23065761164431,308.222,1336.275,99.289594,0.29027678971331,1.3795,0.870625
"ensemble-029",2019,0.229101343890145,304.982,1331.21,97.792069,0.216544709221817,1.36475,0.769325
"ensemble-029",2020,0.232918273562464,308.923,1326.315,113.449031,0.355098170570745,1.38275,0.821575
"ensemble-029",2021,0.241076993925404,315.40525,1308.3175,98.579945,0.377152758277238,1.41175,0.803825
"ensemble-029",2022,0.245940367817786,316.97225,1288.8175,81.031952,0.426597049305207,1.4185,0.8777
"ensemble-029",2023,0.236295692002241,300.512,1271.7625,123.338199,0.425105517225422,1.345,0.963525
"ensemble-029",2024,0.209904900096868,261.11225,1243.955,111.654519,0.315138219649665,1.16875,1.05795
"ensemble-030",1952,0.994262968669748,1451.8725,1460.25,418.71161,0.00388329042553448,10.8475,0.03071
"ensemble-030",1953,0.977581674866495,1442.0625,1475.1325,543.474734,0.00381738276781875,10.7725,0.0285075
"ensemble-030",1954,0.970334143111773,1439.9225,1483.945,343.121912,0.00326520771225187,10.7575,0.0184775
"ensemble-030",1955,0.966376634309315,1469.395,1520.52,572.867601,0.00337730602611645,10.9775,0.027775
"ensemble-030",1956,0.959474884941097,1515.09,1579.0825,279.204632,0.00571080252300296,11.32,0.0327175
"ensemble-030",1957,0.952943598249966,1597.1025,1675.9675,185.182249,0.00899259948244962,11.93,0.0476825
"ensemble-030",1958,0.935298815119392,1513.7975,1618.5175,235.556738,0.0136634754854782,11.31,0.0770525
"ensemble-030",1959,0.909750519018966,1292.71,1420.95,494.882532,0.00593879571059584,9.6575,0.069105
"ensemble-030",1960,0.889026929357228,1098.435,1235.5475,203.910029,0.00971576848219206,8.2065,0.0668825
"ensemble-030",1961,0.89357854078612,1128.965,1263.42,302.423174,0.00714545572329046,8.43475,0.0626
"ensemble-030",1962,0.89164146358967,1087.145,1219.2625,261.57382,0.00740212119271658,8.12225,0.06325
"ensemble-030",1963,0.885890898855726,1022.905,1154.6625,301.351161,0.00830871934444251,7.6425,0.081735
"ensemble-030",1964,0.87572848984875,940.4295,1073.8825,236.406943,0.0059792968760758,7.026,0.060495
"ensemble-030",1965,0.883294693177906,917.2375,1038.4275,175.262532,0.00785856059557636,6.853,0.0580325
"ensemble-030",1966,0.888755509021403,912.5075,1026.725,354.4083,0.00714286441727536,6.8175,0.0681175
"ensemble-030",1967,0.880938593158384,840.4925,954.0875,174.038957,0.00928631967965424,6.2795,0.0720625
"ensemble-030",1968,0.878516986002404,792.99775,902.655,243.330983,0.00720675370890481,5.92475,0.058945
"ensemble-030",1969,0.88373213710404,809.19375,915.655,235.07061,0.0088721026552321,6.04575,0.07514
"ensemble-030",1970,0.879175504960388,769.883,875.6875,253.3330898,0.0194257274438333,5.75225,0.06917
"ensemble-030",1971,0.877704233172632,746.889,850.9575,139.190104,0.0198344634579304,5.58,0.07219
"ensemble-030",1972,0.875665927382477,765.9625,874.72,197.329296,0.0253292645262371,5.7225,0.1015875
"ensemble-030",1973,0.855800870168744,699.752,817.6575,329.003819,0.0132409364233052,5.228,0.081635
"ensemble-030",1974,0.850331556777313,669.69775,787.5725,125.829219,0.0359295007886337,5.00375,0.09002
"ensemble-030",1975,0.846953270888838,682.3695,805.6755,429.016455,0.023193866538914,5.09825,0.112945
"ensemble-030",1976,0.827233353715934,652.07,788.254,106.493778,0.0278277817394299,4.87175,0.11313
"ensemble-030",1977,0.818950524393533,677.95775,827.83725,332.347289,0.032025543670213,5.06525,0.127325
"ensemble-030",1978,0.816790774223992,709.685,868.87,33.838937,0.0274410359674211,5.30225,0.1089075
"ensemble-030",1979,0.804678747651407,687.38475,854.235,116.7193534,0.049344157470542,5.13575,0.150025
"ensemble-030",1980,0.781887914935551,642.6845,821.965,265.885413,0.0277061730710938,4.80175,0.1541
"ensemble-030",1981,0.759220678615621,553.7395,729.3525,346.18621,0.0381287856626596,4.137,0.13885
"ensemble-030",1982,0.756537825102642,534.00525,705.854,284.759563,0.0445144317019857,3.9895,0.150325
"ensemble-030",1983,0.764479298774044,578.68025,756.96,221.239013,0.0573752430826147,4.3235,0.146
"ensemble-030",1984,0.770459774193739,651.35825,845.415,208.823244,0.0700582822768007,4.86625,0.165475
"ensemble-030",1985,0.752246067186508,663.72175,882.32,278.561428,0.062369409579253,4.95875,0.17515
"ensemble-030",1986,0.728099991508277,621.63175,853.7725,210.051036,0.0640023704043558,4.64425,0.158375
"ensemble-030",1987,0.718474502589614,623.9035,868.3725,327.020206,0.0828544163438202,4.66125,0.20805
"ensemble-030",1988,0.707557416719393,637.41725,900.87,330.952157,0.0608383934682471,4.76225,0.173425
"ensemble-030",1989,0.698832988937151,621.4285,889.2375,289.249192,0.0580338392312077,4.643,0.167875
"ensemble-030",1990,0.700956812339332,681.6805,972.5,262.169221,0.0797579087948345,5.093,0.20665
"ensemble-030",1991,0.696460580729665,709.857,1019.235,188.845081,0.113353222053443,5.3035,0.1971
"ensemble-030",1992,0.681407743470026,696.15,1021.635,375.909326,0.0858583750006426,5.20125,0.24335
"ensemble-030",1993,0.652406552319464,638.63425,978.89,152.448051,0.0836010420601891,4.77125,0.216
"ensemble-030",1994,0.640689480494729,638.70975,996.91,436.237018,0.0887324516908949,4.772,0.2519
"ensemble-030",1995,0.620893108691562,610.459,983.195,141.485197,0.0911320897829397,4.56075,0.213925
"ensemble-030",1996,0.62064880488812,593.71575,956.605,359.2332,0.106202821854759,4.436,0.2019
"ensemble-030",1997,0.644933189020954,646.5165,1002.455,100.372384,0.147070241343118,4.83025,0.267425
"ensemble-030",1998,0.617527817154874,628.3855,1017.5825,375.31571,0.126046034851417,4.695,0.32345
"ensemble-030",1999,0.581121348755146,570.62775,981.9425,194.209545,0.207610926016204,4.26325,0.366425
"ensemble-030",2000,0.543757016536128,519.46875,955.3325,390.896946,0.1479333971187,3.881,0.347825
"ensemble-030",2001,0.518661353321114,475.38425,916.56,174.031385,0.136278135290066,3.552,0.288375
"ensemble-030",2002,0.514319055427662,485.36675,943.7075,335.570971,0.110540577137833,3.6265,0.351875
"ensemble-030",2003,0.505756382876188,498.49625,985.645,176.186842,0.158574312126692,3.7245,0.320025
"ensemble-030",2004,0.504773942780632,505.1765,1000.7975,369.841828,0.15186054068794,3.7745,0.43925
"ensemble-030",2005,0.480438164277121,470.22525,978.7425,206.728949,0.153285633145848,3.51325,0.344725
"ensemble-030",2006,0.478971792977566,471.67825,984.7725,233.99605,0.14713001746035,3.52375,0.3732
"ensemble-030",2007,0.475156465577573,475.261,1000.22,215.378768,0.192199589247117,3.55075,0.3943
"ensemble-030",2008,0.462802553338081,450.0535,972.4525,231.801164,0.234087788238655,3.36225,0.428525
"ensemble-030",2009,0.440300589036376,402.525,914.205,294.74099,0.141208128172324,3.00725,0.4263
"ensemble-030",2010,0.422025529424674,375.0045,888.5825,179.905721,0.134713705952394,2.80175,0.346525
"ensemble-030",2011,0.433759255400431,390.302,899.8125,202.430708,0.174916242319669,2.91575,0.435325
"ensemble-030",2012,0.429664847490541,384.984,896.01,343.790256,0.152525258859509,2.8765,0.43365
"ensemble-030",2013,0.420266824647302,361.793,860.865,283.694613,0.149688844475537,2.703,0.3787
"ensemble-030",2014,0.436608785567574,387.40625,887.3075,157.423956,0.209618117737518,2.89475,0.415025
"ensemble-030",2015,0.451098262544701,427.93775,948.6575,217.27898,0.169521474717111,3.197,0.393075
"ensemble-030",2016,0.442622298820098,417.3375,942.875,240.615936,0.229142087825231,3.118,0.4288
"ensemble-030",2017,0.426886395788041,379.45825,888.8975,248.421903,0.145814218648033,2.835,0.36345
"ensemble-030",2018,0.420821576448687,360.54625,856.7675,182.083772,0.166084295483596,2.69375,0.41885
"ensemble-030",2019,0.421053169047987,360.77625,856.8425,249.757397,0.108305241640816,2.69525,0.365325
"ensemble-030",2020,0.430012708109873,368.8305,857.72,200.300427,0.204499247311572,2.75525,0.38305
"ensemble-030",2021,0.444780706247348,379.915,854.1625,202.960836,0.199089193434452,2.8385,0.390175
"ensemble-030",2022,0.448113766716306,379.90525,847.7875,140.518563,0.291750776141797,2.8385,0.428575
"ensemble-030",2023,0.435275477647701,350.61875,805.51,231.310479,0.27344930381549,2.6195,0.477675
"ensemble-030",2024,0.400182673333779,308.56025,771.0485,258.97754,0.174850601240904,2.30525,0.496425
"ensemble-031",1952,0.99455440549499,1651.0175,1660.0575,128.89502,0.00782468946026135,5.53075,0.0622675
"ensemble-031",1953,0.977679956818894,1661.8775,1699.8175,100.093206,0.00758180938118456,5.56725,0.0577825
"ensemble-031",1954,0.967647305460213,1673.2025,1729.145,145.757973,0.00519415903444814,5.60525,0.03922
"ensemble-031",1955,0.959382164905357,1681.075,1752.2475,152.160074,0.00779858177775035,5.6315,0.062855
"ensemble-031",1956,0.948240118754661,1675.225,1766.6675,83.0006527,0.0105974613205754,5.61175,0.0701025
"ensemble-031",1957,0.937550370289697,1721.7175,1836.4,62.6445677,0.0156047742098957,5.76725,0.0956
"ensemble-031",1958,0.918176505765833,1681.2225,1831.045,145.939748,0.0200908790316301,5.632,0.14204
"ensemble-031",1959,0.892964897705904,1539.755,1724.3175,51.218739,0.0151591811082299,5.158,0.1307375
"ensemble-031",1960,0.872766613788743,1390.5725,1593.2925,95.3465471,0.0159987528089604,4.65825,0.130825
"ensemble-031",1961,0.86370140288938,1343.06,1555.005,65.6111998,0.0152192720114875,4.49875,0.12981
"ensemble-031",1962,0.853788044204992,1261.03,1476.9825,90.768234,0.0135160540938955,4.22425,0.1261175
"ensemble-031",1963,0.844223405066681,1189.935,1409.5025,91.740038,0.0167895532274924,3.986,0.1627
"ensemble-031",1964,0.832263460611618,1109.4925,1333.1025,65.3522694,0.0121523710704744,3.717,0.1212525
"ensemble-031",1965,0.835274309783337,1075.305,1287.3675,59.4901443,0.013981240857878,3.60225,0.1140625
"ensemble-031",1966,0.83851567751374,1060.345,1264.55,116.590369,0.0131055479668829,3.55225,0.1299
"ensemble-031",1967,0.83331754549985,1011.66,1214.015,44.950643,0.0172673681364107,3.38925,0.14165
"ensemble-031",1968,0.82943884351258,959.9075,1157.2975,71.0284656,0.0140460830107287,3.21575,0.117065
"ensemble-031",1969,0.831699183214427,957.6725,1151.465,85.259082,0.0161567732158005,3.20825,0.147525
"ensemble-031",1970,0.82685463172337,920.56,1113.3275,63.330899,0.0274278710862679,3.08375,0.141275
"ensemble-031",1971,0.823187842530323,889.58,1080.6525,52.9471281,0.0297259920875272,2.98,0.145525
"ensemble-031",1972,0.817853727823835,880.9675,1077.17,55.156068,0.0392710566640373,2.95125,0.2024
"ensemble-031",1973,0.799201019439115,824.7275,1031.94,81.284387,0.0260943254089249,2.7625,0.1716
"ensemble-031",1974,0.787618283150301,777.6175,987.3025,41.330875,0.0408385226562451,2.605,0.193625
"ensemble-031",1975,0.774805023474786,748.82,966.4625,115.65733,0.034843674882328,2.5085,0.24765
"ensemble-031",1976,0.750942190993293,705.36,939.3,47.353811,0.0438885179817704,2.36275,0.26255
"ensemble-031",1977,0.732138613547668,693.1925,946.805,90.5951818,0.0548197495180735,2.322,0.2922
"ensemble-031",1978,0.72384320285548,711.8075,983.3725,12.9433849,0.0455825175452245,2.38475,0.24505
"ensemble-031",1979,0.708030922776949,696.29,983.4175,56.464017,0.0567441495696023,2.3325,0.3192
"ensemble-031",1980,0.683536496303604,666.86675,975.6125,69.357994,0.0478347623040196,2.234,0.3238
"ensemble-031",1981,0.662093503648844,610.58925,922.21,90.008869,0.0754643527719234,2.04525,0.306725
"ensemble-031",1982,0.650953125613044,580.6925,892.065,91.8037627,0.087932146831452,1.94525,0.35475
"ensemble-031",1983,0.642491047788383,581.77725,905.5025,74.600916,0.10966578044421,1.94875,0.35
"ensemble-031",1984,0.636707574092707,618.563,971.5025,84.250317,0.121705041234507,2.07225,0.380475
"ensemble-031",1985,0.615994024528347,639.14,1037.575,84.7446413,0.117917608752671,2.141,0.39705
"ensemble-031",1986,0.590964738828917,624.632,1056.97,67.052752,0.128925229927684,2.09225,0.366
"ensemble-031",1987,0.573622788680253,622.89125,1085.89,124.667944,0.13646889161003,2.08675,0.46985
"ensemble-031",1988,0.553305388137132,626.32925,1131.9775,105.354317,0.12451963701761,2.098,0.4056
"ensemble-031",1989,0.538671651371372,621.013,1152.86,87.970299,0.112665540232097,2.08025,0.400125
"ensemble-031",1990,0.531007593232982,654.91025,1233.335,86.363443,0.153313428261924,2.194,0.492125
"ensemble-031",1991,0.519851916292108,672.266,1293.1875,97.4378507,0.176184906453419,2.25225,0.45635
"ensemble-031",1992,0.502323782658644,662.442,1318.755,98.647897,0.206026971361984,2.219,0.575425
"ensemble-031",1993,0.474668656158946,622.71425,1311.8925,70.064218,0.163270930926181,2.086,0.515325
"ensemble-031",1994,0.450412366674378,598.696,1329.2175,120.008554,0.158788568349318,2.0055,0.598125
"ensemble-031",1995,0.423761114614389,567.84625,1340.015,47.584049,0.15193520390897,1.902,0.5301
"ensemble-031",1996,0.414851089346392,550.0075,1325.795,137.149564,0.168095764335841,1.8425,0.496475
"ensemble-031",1997,0.428075255388673,581.003,1357.245,53.399466,0.248255815460361,1.94625,0.631375
"ensemble-031",1998,0.411753662500922,571.88775,1388.9075,126.112538,0.233365547689174,1.91575,0.75
"ensemble-031",1999,0.387050951532348,544.60875,1407.0725,96.165094,0.353525388686923,1.8245,0.826175
"ensemble-031",2000,0.355424026487396,502.39275,1413.5025,134.669992,0.287667114517005,1.68275,0.80405
"ensemble-031",2001,0.332003373671219,469.41625,1413.89,69.538117,0.244305075329173,1.5725,0.6924
"ensemble-031",2002,0.316612733325633,459.11775,1450.0925,108.276361,0.218684951170986,1.53825,0.866175
"ensemble-031",2003,0.299029967174235,451.38125,1509.485,81.564682,0.2630012944198,1.51225,0.792375
"ensemble-031",2004,0.287615186080783,441.572,1535.2875,129.074916,0.290300048595009,1.47925,1.106525
"ensemble-031",2005,0.2642347735427,404.87175,1532.2425,78.888255,0.281549808474027,1.35625,0.890275
"ensemble-031",2006,0.256921949883388,396.30275,1542.5025,88.376578,0.285943361503606,1.3275,0.9586
"ensemble-031",2007,0.249246095339845,391.9345,1572.48,96.972974,0.334899926617087,1.313,0.988
"ensemble-031",2008,0.23806928549138,373.80925,1570.17,97.317535,0.436661143899736,1.25225,1.06595
"ensemble-031",2009,0.224650214167826,346.414,1542.015,105.027116,0.32139188344784,1.1605,1.087025
"ensemble-031",2010,0.209242505746002,320.91,1533.675,77.61659,0.258032704638068,1.075,0.905
"ensemble-031",2011,0.205682729307208,319.379,1552.775,83.929775,0.362569936638154,1.07,1.1249
"ensemble-031",2012,0.198070811512466,309.757,1563.87,126.875356,0.31504625259983,1.0375,1.148075
"ensemble-031",2013,0.189263101871534,291.6005,1540.715,118.96119,0.301259662732964,0.97685,1.038825
"ensemble-031",2014,0.192094582247314,299.58975,1559.595,71.161997,0.369822388394592,1.0036,1.1183
"ensemble-031",2015,0.197490011269337,322.88975,1634.9675,95.379151,0.299524984583701,1.08175,1.011425
"ensemble-031",2016,0.197887019112771,332.58525,1680.6825,94.822764,0.414059049506141,1.11425,1.056525
"ensemble-031",2017,0.195318609256994,324.9545,1663.715,100.433409,0.281205808271317,1.0885,0.89295
"ensemble-031",2018,0.194931030291982,320.78825,1645.65,78.978747,0.327825156269421,1.0745,1.03915
"ensemble-031",2019,0.193609390035059,317.40275,1639.3975,82.716169,0.232348130884484,1.0635,0.922125
"ensemble-031",2020,0.196290672285003,320.2605,1631.5625,93.112113,0.375011934205187,1.07275,0.976125
"ensemble-031",2021,0.202962839671905,326.19325,1607.1575,84.718143,0.372065319241227,1.0925,0.969525
"ensemble-031",2022,0.205485922347711,325.632,1584.6925,64.559331,0.518957924362008,1.09075,1.059375
"ensemble-031",2023,0.19882092434089,306.85425,1543.37,97.299998,0.476160604490746,1.027725,1.15895
"ensemble-031",2024,0.177423385778555,267.287,1506.4925,88.016762,0.353618133148502,0.8954,1.29675
"ensemble-032",1952,0.995097871267386,1815.265,1824.2075,138.93343,0.00726747815403411,7.89825,0.0476575
"ensemble-032",1953,0.979859640380383,1828.69,1866.2775,144.368099,0.00704040857256081,7.9565,0.0443175
"ensemble-032",1954,0.970767419509218,1840.825,1896.2575,158.102002,0.005758758295904,8.0095,0.02995
"ensemble-032",1955,0.963410659484208,1847.47,1917.635,132.0339157,0.0075408688923662,8.038,0.047475
"ensemble-032",1956,0.953697226565715,1854.14,1944.16,89.2812137,0.00980305409976522,8.067,0.053225
"ensemble-032",1957,0.944520153953641,1912.9225,2025.285,65.4726117,0.0144581485745664,8.323,0.0729575
"ensemble-032",1958,0.926775536853962,1859.45,2006.365,144.616981,0.0192201200439761,8.09025,0.1094625
"ensemble-032",1959,0.903368295977387,1695.41,1876.765,76.500757,0.0132824694391114,7.37675,0.101215
"ensemble-032",1960,0.884738686025933,1530.985,1730.4375,82.2112959,0.0164647656420089,6.661,0.100545
"ensemble-032",1961,0.878066338685765,1488.07,1694.7125,87.1690665,0.0135763131722714,6.47425,0.097635
"ensemble-032",1962,0.870284785636898,1405.7275,1615.25,88.090308,0.0130215218579125,6.11625,0.0957475
"ensemble-032",1963,0.862437973562422,1329.17,1541.1775,100.543216,0.0156820380949968,5.783,0.124185
"ensemble-032",1964,0.851750727749448,1237.6875,1453.11,70.0381708,0.0113340048242138,5.385,0.09352
"ensemble-032",1965,0.854444372778351,1192.2575,1395.36,62.7841019,0.013093821763471,5.1875,0.08844
"ensemble-032",1966,0.857613544479953,1169.3625,1363.5075,117.742121,0.0128468187461006,5.088,0.1007725
"ensemble-032",1967,0.853025715267684,1110.68,1302.0475,65.7319221,0.015719956753462,4.8325,0.1102875
"ensemble-032",1968,0.849752589322531,1050.9825,1236.81,64.4237475,0.0133249871186313,4.5725,0.0904525
"ensemble-032",1969,0.852632328990228,1047.0325,1228,89.3594865,0.0156236563525514,4.5555,0.113585
"ensemble-032",1970,0.849348920606526,1011.3325,1190.715,68.3572073,0.0279440856422953,4.4005,0.11034
"ensemble-032",1971,0.845734486321858,971.9075,1149.1875,50.5147346,0.0283063808007995,4.22875,0.1134275
"ensemble-032",1972,0.84048887523588,957.611,1139.35,56.761239,0.040167681416391,4.1665,0.158075
"ensemble-032",1973,0.82271637235666,896.2775,1089.4125,90.09597,0.0256791133473245,3.89975,0.133885
"ensemble-032",1974,0.811334141629703,842.48775,1038.398,40.2735905,0.0440909176134592,3.66575,0.150525
"ensemble-032",1975,0.800397656261091,817.49375,1021.3595,130.959953,0.0366697580844071,3.55675,0.193625
"ensemble-032",1976,0.77791435768262,772.08,992.5,39.982509,0.0447214563295063,3.35925,0.202975
"ensemble-032",1977,0.761217386544858,764.915,1004.8575,106.5712163,0.0522793122419933,3.328,0.225325
"ensemble-032",1978,0.754777991700848,788.96,1045.2875,10.7497752,0.0441655174240672,3.43275,0.187525
"ensemble-032",1979,0.741857231958787,779.0725,1050.165,53.9020837,0.0622125289666006,3.38975,0.244275
"ensemble-032",1980,0.720319574412921,750.13,1041.385,76.715892,0.0482068574077511,3.26375,0.247725
"ensemble-032",1981,0.69987874053538,685.39475,979.305,101.839124,0.0740606146219317,2.98225,0.236075
"ensemble-032",1982,0.689287800572731,651.33975,944.946,95.679439,0.0817701013912481,2.834,0.2732
"ensemble-032",1983,0.68240134179483,654.941,959.75925,77.162013,0.102787744023608,2.8495,0.269675
"ensemble-032",1984,0.678213802106166,696.19325,1026.51,59.0717335,0.11093273525327,3.029,0.292925
"ensemble-032",1985,0.659088088046671,716.8275,1087.605,112.1421557,0.11521203061244,3.11875,0.308225
"ensemble-032",1986,0.635822213322168,698.527,1098.62,70.1720392,0.117358355936618,3.0395,0.28555
"ensemble-032",1987,0.618679947401848,691.6285,1117.91,115.189123,0.13179017316462,3.00925,0.368075
"ensemble-032",1988,0.598282601508666,692.2025,1156.9825,110.026376,0.116618584473798,3.0115,0.322725
"ensemble-032",1989,0.582834614997721,680.796,1168.0775,99.973632,0.111562803119839,2.96225,0.317125
"ensemble-032",1990,0.575167762194691,712.0505,1237.9875,93.131166,0.157852933696888,3.09825,0.3853
"ensemble-032",1991,0.5674341877448,737.39775,1299.53,64.167044,0.182140944502194,3.2085,0.357125
"ensemble-032",1992,0.549042488119324,729.3,1328.3125,128.134756,0.205362815744105,3.173,0.451125
"ensemble-032",1993,0.520968108907512,686.9225,1318.55,54.906883,0.172267377795119,2.9885,0.4076
"ensemble-032",1994,0.494734294877227,656.78575,1327.5525,147.738373,0.166809756897063,2.858,0.4782
"ensemble-032",1995,0.465132959221566,616.88375,1326.2525,48.822661,0.167342234662465,2.684,0.424425
"ensemble-032",1996,0.453557262668804,592.0385,1305.3225,140.839526,0.168789285714615,2.576,0.3946
"ensemble-032",1997,0.470172386201661,631.67425,1343.495,46.870389,0.237269189255179,2.74825,0.499175
"ensemble-032",1998,0.455694422264485,627.77375,1377.62,136.582864,0.232847755431154,2.7315,0.593625
"ensemble-032",1999,0.431524064797674,598.49475,1386.9325,92.708778,0.309984667921246,2.60375,0.6538
"ensemble-032",2000,0.39848299125038,553.46,1388.9175,133.544242,0.279116135005099,2.40825,0.63985
"ensemble-032",2001,0.372769648207666,513.8145,1378.37,75.731926,0.237352023244903,2.2355,0.55595
"ensemble-032",2002,0.357893762526744,502.66,1404.495,106.870987,0.241887104311292,2.187,0.693725
"ensemble-032",2003,0.341489284417,493.563,1445.325,96.05481,0.269416666397685,2.1475,0.641125
"ensemble-032",2004,0.328741961490468,480.14325,1460.5475,119.885926,0.320438325626031,2.089,0.894025
"ensemble-032",2005,0.306331664543957,443.157,1446.6575,90.629017,0.286423943228355,1.92825,0.7206
"ensemble-032",2006,0.295604851939956,432.44625,1462.92,99.115865,0.321614784888126,1.88175,0.76375
"ensemble-032",2007,0.292091708129671,433.09825,1482.7475,81.534363,0.35423311776046,1.8845,0.78275
"ensemble-032",2008,0.280544146549362,417.17125,1487.0075,105.741132,0.406721789408584,1.81525,0.86025
"ensemble-032",2009,0.260455988317485,379.8985,1458.59,101.205805,0.310353076640037,1.653,0.882975
"ensemble-032",2010,0.243034385714361,347.157,1428.4275,73.727038,0.252105295382962,1.51025,0.740825
"ensemble-032",2011,0.240185153796824,343.6335,1430.7025,83.7959,0.361872965875143,1.4955,0.9219
"ensemble-032",2012,0.234033359809373,331.479,1416.375,125.772725,0.30758469286365,1.44225,0.95145
"ensemble-032",2013,0.224348388362352,308.792,1376.395,116.844622,0.294008658969756,1.34325,0.867675
"ensemble-032",2014,0.227222298687375,313.66675,1380.44,70.550843,0.356910630529561,1.36475,0.93295
"ensemble-032",2015,0.234942973095896,335.76875,1429.15,90.483744,0.297998415577058,1.461,0.842025
"ensemble-032",2016,0.23806912675649,345.70375,1452.115,98.746104,0.401967809520483,1.50425,0.883375
"ensemble-032",2017,0.236069748461379,336.9695,1427.415,99.735273,0.269164015234521,1.46625,0.744725
"ensemble-032",2018,0.236227639138797,331.75975,1404.407,77.426593,0.316508909700365,1.44375,0.861225
"ensemble-032",2019,0.236496614743747,331.044,1399.78325,73.672725,0.243303717367799,1.44025,0.764575
"ensemble-032",2020,0.241334885238815,336.10625,1392.6965,108.69051,0.39493067810244,1.46225,0.8186
"ensemble-032",2021,0.250304301934837,342.079,1366.6525,75.611888,0.375907014220203,1.4885,0.789175
"ensemble-032",2022,0.254704085041694,342.88525,1346.21025,68.478836,0.448538151401136,1.49175,0.8601
"ensemble-032",2023,0.245630369785861,328.24925,1336.3545,99.591113,0.493343368399939,1.42825,0.945475
"ensemble-032",2024,0.218925862702057,285.28875,1303.1295,91.115129,0.351752810935432,1.24125,1.056025
"ensemble-033",1952,0.99511239419405,1799.3075,1808.145,231.68008,0.00530040400185515,11.7925,0.0350925
"ensemble-033",1953,0.980290170603158,1805.545,1841.8475,162.554586,0.00537804186973144,11.835,0.0327225
"ensemble-033",1954,0.972266334318317,1813.775,1865.5125,252.216969,0.00363900637380353,11.8875,0.0225085
"ensemble-033",1955,0.965722276783808,1809.3,1873.52,266.660744,0.00538764784386156,11.8575,0.0362775
"ensemble-033",1956,0.956437445066135,1784.5975,1865.88,141.163623,0.00776413241756434,11.6975,0.0408575
"ensemble-033",1957,0.947918742059601,1831.725,1932.365,104.945983,0.0117217264382206,12.005,0.0569375
"ensemble-033",1958,0.930727663760893,1766.7375,1898.2325,226.332336,0.0154300563148001,11.58,0.086225
"ensemble-033",1959,0.907701179689423,1585.8175,1747.07,95.212671,0.0112423607224837,10.3935,0.0799525
"ensemble-033",1960,0.889272929463259,1405.4225,1580.4175,140.532847,0.0127620961356447,9.211,0.081645
"ensemble-033",1961,0.882139828496777,1347.1025,1527.085,120.117753,0.0113583981546914,8.82875,0.081525
"ensemble-033",1962,0.873513038331346,1247.0425,1427.6175,141.747808,0.0104139013021745,8.17275,0.0797675
"ensemble-033",1963,0.865548479018676,1166.385,1347.5675,150.087673,0.0125432784426718,7.64425,0.102745
"ensemble-033",1964,0.855020554760498,1078.4075,1261.265,107.0002578,0.00915131771054628,7.06775,0.076365
"ensemble-033",1965,0.86038313197935,1044.5675,1214.0725,93.2620268,0.0109572289287756,6.84575,0.072215
"ensemble-033",1966,0.865279930858997,1031.2125,1191.7675,179.819068,0.010254342575919,6.75825,0.082965
"ensemble-033",1967,0.860312382801297,974.9275,1133.225,75.386043,0.0135099877160915,6.3895,0.09034
"ensemble-033",1968,0.857055227601906,918.6625,1071.8825,111.090296,0.0111282611068344,6.0205,0.0751775
"ensemble-033",1969,0.860171557138839,917.545,1066.7,129.93789,0.012631662273844,6.0135,0.0952825
"ensemble-033",1970,0.855177595528112,873.5575,1021.4925,101.455142,0.0230988632858853,5.725,0.090955
"ensemble-033",1971,0.851993507152278,839.81,985.7,79.2875983,0.0260750723111238,5.504,0.09468
"ensemble-033",1972,0.847226674400737,832.54,982.665,83.597988,0.0339823398406903,5.4565,0.132875
"ensemble-033",1973,0.827561442062764,769.1625,929.4325,131.000943,0.0212234583070951,5.04075,0.11217
"ensemble-033",1974,0.816757707305055,721.0725,882.8475,60.122549,0.03628025949844,4.726,0.12675
"ensemble-033",1975,0.805585069524645,697.54,865.88,180.756557,0.0290203351572728,4.57175,0.1612
"ensemble-033",1976,0.782227041971542,656.398,839.14,67.698549,0.0371119798004456,4.302,0.169025
"ensemble-033",1977,0.766014018114087,650.817,849.615,139.289068,0.0456416809965436,4.2655,0.1886
"ensemble-033",1978,0.760849421722008,673.3175,884.955,16.965355,0.0386236458633613,4.41275,0.159325
"ensemble-033",1979,0.746118225392996,654.16475,876.7575,80.782979,0.0484090677603395,4.28725,0.21125
"ensemble-033",1980,0.722057152488978,621.14425,860.2425,105.853685,0.0399713319089355,4.071,0.2155
"ensemble-033",1981,0.700438063858163,558.03025,796.6875,135.106763,0.0602827768017745,3.657,0.20265
"ensemble-033",1982,0.691827620453981,529.40725,765.23,133.762932,0.071710046767579,3.46975,0.230325
"ensemble-033",1983,0.688519669400308,537.32075,780.4,107.161878,0.0916013643261431,3.5215,0.2259
"ensemble-033",1984,0.689064168584921,580.7295,842.78,121.055446,0.103381250989505,3.806,0.248
"ensemble-033",1985,0.670663698997852,599.627,894.08,121.6627318,0.0979668758067927,3.93,0.258825
"ensemble-033",1986,0.646618247717293,579.8145,896.6875,94.28866,0.108278559187818,3.8,0.2382
"ensemble-033",1987,0.632270278976694,579.00625,915.7575,175.2909849,0.115562355962112,3.7945,0.307475
"ensemble-033",1988,0.614280149907361,583.517,949.92,149.045481,0.100487716075709,3.8245,0.2621
"ensemble-033",1989,0.60185054068812,575.90025,956.8825,132.355303,0.0929997363009628,3.77425,0.25835
"ensemble-033",1990,0.598572594496486,614.23275,1026.1625,122.535015,0.127737972891871,4.0255,0.3187
"ensemble-033",1991,0.589483296712524,631.80525,1071.795,108.8113823,0.156231585730784,4.14075,0.299275
"ensemble-033",1992,0.571652338476096,619.23525,1083.2375,163.265112,0.152322169739962,4.0585,0.3766
"ensemble-033",1993,0.540607699028143,573.924,1061.6275,91.882359,0.134485363084093,3.76125,0.3384
"ensemble-033",1994,0.518105777320744,554.21775,1069.7,181.319456,0.135757745794414,3.6325,0.391925
"ensemble-033",1995,0.492830708947101,526.35675,1068.0275,63.974594,0.137254687369135,3.4495,0.34405
"ensemble-033",1996,0.487297650536054,509.86075,1046.3025,189.05846,0.146489417213102,3.3415,0.320975
"ensemble-033",1997,0.507277730401271,544.29125,1072.965,68.058181,0.215551213119028,3.567,0.412825
"ensemble-033",1998,0.488004472282119,534.676,1095.6375,176.6103,0.194134544883188,3.5045,0.491625
"ensemble-033",1999,0.458514154332519,502.551,1096.0425,121.40982,0.303928325975751,3.29375,0.54855
"ensemble-033",2000,0.421681225965678,459.1845,1088.9375,192.050004,0.235511879016787,3.0095,0.528575
"ensemble-033",2001,0.396383838994459,426.20875,1075.2425,91.235406,0.209980339582761,2.793,0.449775
"ensemble-033",2002,0.384551586560577,422.1665,1097.815,156.423454,0.181718172096232,2.76675,0.557525
"ensemble-033",2003,0.369726534634776,421.11575,1138.9925,105.807641,0.231204263136472,2.75975,0.509025
"ensemble-033",2004,0.361627881716039,416.15775,1150.79,179.881618,0.22933641041857,2.7275,0.70565
"ensemble-033",2005,0.336448384480284,382.652,1137.3275,105.868475,0.239332058542503,2.50775,0.5648
"ensemble-033",2006,0.33127085702721,376.47525,1136.4575,120.209311,0.235910536327968,2.46725,0.60965
"ensemble-033",2007,0.326255268721052,375.7955,1151.845,128.792018,0.285665038126598,2.463,0.633
"ensemble-033",2008,0.314482725195902,356.8805,1134.8175,124.969014,0.363791056700776,2.33925,0.683025
"ensemble-033",2009,0.298077869749125,326.9795,1096.96,143.145768,0.253739572222122,2.14275,0.6907
"ensemble-033",2010,0.281408150766918,303.27075,1077.69,99.702576,0.218593968847013,1.9875,0.571425
"ensemble-033",2011,0.283357880596256,306.38,1081.2475,111.347387,0.296293506710654,2.008,0.71535
"ensemble-033",2012,0.276850466508066,297.91325,1076.08,171.407768,0.260243727439563,1.9525,0.725175
"ensemble-033",2013,0.26648371007212,277.9565,1043.0525,155.587661,0.251640439154799,1.82175,0.64985
"ensemble-033",2014,0.274653220739161,288.49025,1050.38,92.947269,0.319105247744668,1.89075,0.701675
"ensemble-033",2015,0.286507882375944,315.0455,1099.605,125.531054,0.25745880555973,2.06475,0.6424
"ensemble-033",2016,0.287187931679118,320.68625,1116.6425,126.810121,0.36026944946145,2.10175,0.679325
"ensemble-033",2017,0.282119928124009,306.94225,1087.985,132.167302,0.236907549842965,2.01175,0.575975
"ensemble-033",2018,0.280729528989326,299.63175,1067.3325,104.102129,0.275050981812924,1.964,0.670525
"ensemble-033",2019,0.278915561958976,296.1895,1061.9325,115.867101,0.196008859779982,1.941,0.592725
"ensemble-033",2020,0.28375915605661,299.64825,1055.995,116.536235,0.327817060082033,1.96425,0.628375
"ensemble-033",2021,0.293252218241277,304.887,1039.675,108.487877,0.333801070060365,1.99825,0.633675
"ensemble-033",2022,0.295587977182975,303.14025,1025.55,83.24191,0.463632703406775,1.9865,0.6988
"ensemble-033",2023,0.283770205826145,281.01125,990.2775,129.484939,0.424434859093616,1.84175,0.770975
"ensemble-033",2024,0.2519765625,241.8975,960,128.21558,0.298865803214071,1.5855,0.838975
"ensemble-034",1952,0.994603703451199,1677.7025,1686.805,107.662439,0.00880638279985925,6.326,0.06089
"ensemble-034",1953,0.977721593040043,1687.985,1726.4475,94.644028,0.0088632499111448,6.3645,0.0569025
"ensemble-034",1954,0.967381022929298,1697.715,1754.96,114.169778,0.00699494662776408,6.4015,0.0391975
"ensemble-034",1955,0.958473399280066,1690.795,1764.05,109.4971279,0.00936788074749762,6.3755,0.0637625
"ensemble-034",1956,0.946302631803277,1665.1425,1759.63,68.2471394,0.0121271178570407,6.27875,0.0712475
"ensemble-034",1957,0.934923519257607,1696.58,1814.6725,48.7330835,0.0174941064192521,6.39725,0.096055
"ensemble-034",1958,0.9148688175794,1652.2325,1805.9775,90.1866045,0.0241463812920786,6.23,0.1431475
"ensemble-034",1959,0.888880884048084,1511.4175,1700.36,58.5348036,0.0170389022626905,5.699,0.133885
"ensemble-034",1960,0.867006759709379,1354.115,1561.8275,58.4567558,0.0211107501872085,5.1055,0.1364525
"ensemble-034",1961,0.855525106258439,1286.205,1503.41,63.7803682,0.0175203608012551,4.85,0.136585
"ensemble-034",1962,0.844087755947502,1197.0325,1418.1375,63.750488,0.0170550498340851,4.51375,0.1333
"ensemble-034",1963,0.833520441923228,1121.11,1345.03,71.614968,0.0202671671610893,4.22725,0.171875
"ensemble-034",1964,0.820611508164429,1039.405,1266.6225,55.6629963,0.0143822398718085,3.91925,0.1286575
"ensemble-034",1965,0.82390821947588,1004.34,1218.995,45.3841383,0.0166992897924996,3.78725,0.120675
"ensemble-034",1966,0.827817755836332,989.325,1195.1,86.04982,0.0163548333605393,3.7305,0.1376
"ensemble-034",1967,0.822682193609752,942.765,1145.965,36.1252689,0.0207568172504009,3.555,0.1508
"ensemble-034",1968,0.818838886445275,893.5825,1091.28,54.6864983,0.0169595768037196,3.36925,0.124635
"ensemble-034",1969,0.821187263148165,888.4425,1081.9,57.8093473,0.0203872101852278,3.35,0.158075
"ensemble-034",1970,0.815694309644488,850.9425,1043.2125,58.4490961,0.0299725899290924,3.2085,0.15255
"ensemble-034",1971,0.811135666326862,817.57,1007.9325,36.6592168,0.0363547594163202,3.0825,0.156025
"ensemble-034",1972,0.805577701154007,808.365,1003.46,42.562713,0.0488146066123543,3.048,0.217775
"ensemble-034",1973,0.785254527210053,755.1675,961.685,66.185776,0.0292411231087903,2.8475,0.18525
"ensemble-034",1974,0.771853724163235,709.98,919.8375,29.1687697,0.0500742151978437,2.67675,0.2084
"ensemble-034",1975,0.758011737063185,683.93125,902.27,95.424136,0.04387228870279,2.57875,0.2691
"ensemble-034",1976,0.733096267637688,644.245,878.8,30.2166538,0.0531214335756241,2.42925,0.2843
"ensemble-034",1977,0.71298279083156,631.6065,885.865,74.7874621,0.0659182816688274,2.3815,0.317425
"ensemble-034",1978,0.703687479266257,646.96675,919.395,10.1971924,0.0527452162434072,2.4395,0.26685
"ensemble-034",1979,0.686137595786874,630.58275,919.0325,37.4247992,0.0691113066712108,2.37775,0.345175
"ensemble-034",1980,0.660823943160467,603.16375,912.745,57.664318,0.0579898700829341,2.27425,0.352425
"ensemble-034",1981,0.637904708331642,549.99825,862.195,71.802044,0.0836232080554055,2.074,0.3368
"ensemble-034",1982,0.625230449984707,521.2515,833.695,74.9138275,0.101644208640394,1.96525,0.390725
"ensemble-034",1983,0.616832573581879,522.99075,847.865,62.247838,0.121614912978336,1.972,0.38475
"ensemble-034",1984,0.611326779977484,556.59775,910.475,56.7552854,0.139525565692298,2.09875,0.417425
"ensemble-034",1985,0.589477731315033,573.03425,972.105,74.4815348,0.132366642421713,2.16075,0.4384
"ensemble-034",1986,0.563243471190413,557.63075,990.035,56.260916,0.148579892467192,2.10275,0.403875
"ensemble-034",1987,0.54554376234708,555.75225,1018.7125,88.1325507,0.156676968279514,2.09575,0.515175
"ensemble-034",1988,0.524346793070887,559.4505,1066.9475,88.505582,0.142834992402298,2.1095,0.449525
"ensemble-034",1989,0.509738507703558,555.90425,1090.5675,81.1914094,0.130917777413517,2.0965,0.4398
"ensemble-034",1990,0.502869047670133,585.9405,1165.195,68.168662,0.182779726581332,2.20925,0.53605
"ensemble-034",1991,0.492537389513605,603.90625,1226.1125,85.365452,0.20201300817477,2.277,0.4974
"ensemble-034",1992,0.476021724183157,598.85675,1258.045,81.403088,0.254621030422382,2.25825,0.6261
"ensemble-034",1993,0.446923565648458,560.99075,1255.2275,47.384574,0.184595160208699,2.11525,0.56285
"ensemble-034",1994,0.4187376953125,535.98425,1280,105.160549,0.18854772752866,2.021,0.656075
"ensemble-034",1995,0.391782331335782,506.6725,1293.25,37.74303,0.189444627065996,1.9105,0.5891
"ensemble-034",1996,0.383030206870344,488.85475,1276.2825,114.185083,0.205975753413741,1.8435,0.5499
"ensemble-034",1997,0.398507485616402,518.789,1301.83,43.952661,0.284675941081393,1.9565,0.691275
"ensemble-034",1998,0.382046376540029,509.7215,1334.1875,114.668658,0.261189684744046,1.92175,0.82495
"ensemble-034",1999,0.355877771584865,482.07025,1354.595,69.852466,0.411699307371428,1.818,0.9034
"ensemble-034",2000,0.32423631102836,443.19375,1366.885,121.617965,0.326449522825863,1.67075,0.8925
"ensemble-034",2001,0.300031781777237,413.01625,1376.575,54.435623,0.287512594870719,1.55725,0.76605
"ensemble-034",2002,0.285494891720038,403.3065,1412.6575,97.720446,0.260285232970921,1.52075,0.9548
"ensemble-034",2003,0.270189074022097,397.08675,1469.6625,66.920714,0.320958532532458,1.4975,0.86705
"ensemble-034",2004,0.261756150140761,390.976,1493.665,117.001495,0.363661897536182,1.47425,1.20525
"ensemble-034",2005,0.241721834331127,360.65925,1492.0425,69.287727,0.339353800846356,1.36,0.970025
"ensemble-034",2006,0.233411155804337,352.665,1510.9175,76.632897,0.341298427128718,1.32975,1.04035
"ensemble-034",2007,0.226781861988614,350.85025,1547.0825,90.3795009,0.404537764327525,1.323,1.07275
"ensemble-034",2008,0.217518982428619,336.249,1545.8375,80.3501897,0.513799486509648,1.268,1.158
"ensemble-034",2009,0.202652239606822,307.8095,1518.905,92.098012,0.363793463893078,1.16075,1.18725
"ensemble-034",2010,0.187866006026201,284.93825,1516.71,65.583861,0.279987874131603,1.0745,0.975925
"ensemble-034",2011,0.187337038281931,287.035,1532.185,72.3596642,0.399576428842231,1.08225,1.209575
"ensemble-034",2012,0.18250801451563,280.3825,1536.275,110.223901,0.345360608204434,1.057,1.25225
"ensemble-034",2013,0.173768471065113,261.502,1504.8875,102.059374,0.334408439120752,0.985925,1.132
"ensemble-034",2014,0.177932877343914,269.18175,1512.8275,60.020113,0.414655942079142,1.0148,1.2032
"ensemble-034",2015,0.186112263270894,292.77925,1573.1325,81.474338,0.333891926225876,1.104,1.091725
"ensemble-034",2016,0.187360684651024,300.36775,1603.1525,82.199523,0.469179024476475,1.13275,1.1491
"ensemble-034",2017,0.184595951991911,291.1895,1577.4425,86.935378,0.323111180247703,1.09775,0.9751
"ensemble-034",2018,0.184318612205627,286.40025,1553.8325,64.898555,0.379150015820941,1.07975,1.1315
"ensemble-034",2019,0.183136566042802,283.05725,1545.6075,72.467518,0.263817019843724,1.0675,1.005475
"ensemble-034",2020,0.18650612211691,286.555,1536.4375,78.04753,0.444220620475906,1.08075,1.064075
"ensemble-034",2021,0.193220330567022,291.84675,1510.435,74.6116658,0.457154301358351,1.1005,1.066675
"ensemble-034",2022,0.194511332098743,289.63175,1489.0225,59.507623,0.604211274501624,1.09225,1.1763
"ensemble-034",2023,0.183814725470931,266.1265,1447.7975,81.74423,0.55568233204246,1.003275,1.3005
"ensemble-034",2024,0.159086705222678,225.7675,1419.1475,72.182574,0.437791845595699,0.851275,1.47875
"ensemble-035",1952,0.993435382002423,1387.7125,1396.8825,94.783549,0.0101887474431035,5.7005,0.0695325
"ensemble-035",1953,0.973022605045691,1390.875,1429.4375,101.4646,0.00985896420848475,5.71375,0.06479
"ensemble-035",1954,0.960788294992885,1395.9125,1452.8825,103.461007,0.00782857041740132,5.73425,0.043835
"ensemble-035",1955,0.950924541128484,1398.81,1471,107.9616067,0.0099678346704028,5.74625,0.0690325
"ensemble-035",1956,0.938109884384956,1404.5475,1497.21,63.1179741,0.0132239527954479,5.76975,0.0765725
"ensemble-035",1957,0.926279463451068,1454.1175,1569.8475,45.8416093,0.0191988368965181,5.97325,0.103635
"ensemble-035",1958,0.904132895089757,1424.215,1575.2275,92.092038,0.0261856283580063,5.85025,0.1550375
"ensemble-035",1959,0.874894505546234,1301.0075,1487.045,61.7744353,0.0175837347154166,5.3445,0.1436525
"ensemble-035",1960,0.851380007711166,1170.3325,1374.63,57.2096218,0.0221320802020787,4.80775,0.142895
"ensemble-035",1961,0.841830578182028,1131.9275,1344.6025,64.8812367,0.0181025347508386,4.64975,0.140925
"ensemble-035",1962,0.831560994793958,1067.795,1284.085,63.572712,0.017685075725509,4.38625,0.137325
"ensemble-035",1963,0.821623118073819,1009.06,1228.13,71.54493,0.0210256355339761,4.145,0.176975
"ensemble-035",1964,0.808667255720161,940.385,1162.8825,53.5347456,0.0149575082948538,3.863,0.13248
"ensemble-035",1965,0.812963556552786,913.0475,1123.11,44.0610662,0.0174565042129429,3.75075,0.123975
"ensemble-035",1966,0.817762365114025,902.5725,1103.71,89.71521,0.0167504722160748,3.7075,0.1413
"ensemble-035",1967,0.812430915738458,859.95,1058.49,37.079987,0.0211792343910843,3.5325,0.15395
"ensemble-035",1968,0.809020116165164,817.62,1010.63,56.1233722,0.0171828941948205,3.35875,0.126035
"ensemble-035",1969,0.813135634202049,819.72,1008.0975,61.5350946,0.0203689143306575,3.3675,0.15825
"ensemble-035",1970,0.80873520172719,790.385,977.31,58.1020301,0.0323143918259229,3.24675,0.151725
"ensemble-035",1971,0.805449559729891,765.165,949.985,39.0169177,0.0378713819209629,3.14325,0.154275
"ensemble-035",1972,0.80113142662134,762.9475,952.3375,43.745887,0.0507396560996773,3.134,0.21405
"ensemble-035",1973,0.780626407369499,715.005,915.9375,71.026066,0.030777374298972,2.9375,0.181125
"ensemble-035",1974,0.768135996937517,677.2175,881.6375,30.9735011,0.0513822226831592,2.782,0.202325
"ensemble-035",1975,0.755370608791613,657.112,869.92,101.715033,0.0457037283135135,2.6995,0.259925
"ensemble-035",1976,0.73047020395203,621.13525,850.3225,31.794213,0.0539836073538528,2.5515,0.271825
"ensemble-035",1977,0.712223764494954,615.73525,864.525,81.0054984,0.0666935812882115,2.52925,0.301775
"ensemble-035",1978,0.704987747982224,636.54225,902.9125,8.9741067,0.0520624043143808,2.615,0.2524
"ensemble-035",1979,0.688634150512956,624.08675,906.2675,39.9979106,0.0704962514510282,2.56375,0.32725
"ensemble-035",1980,0.66403390835983,598.854,901.8425,62.800409,0.057392074942073,2.46025,0.33325
"ensemble-035",1981,0.641725176409811,546.56375,851.71,77.756004,0.0850772223775846,2.24525,0.316875
"ensemble-035",1982,0.630389081353374,519.96225,824.8275,79.3888544,0.101952072390788,2.13625,0.36555
"ensemble-035",1983,0.623744710461911,524.3775,840.6925,65.412237,0.124030911206592,2.15425,0.359
"ensemble-035",1984,0.619946826151363,560.7915,904.58,60.4717495,0.142065216498957,2.30375,0.389825
"ensemble-035",1985,0.598834362345162,577.82875,964.9225,78.5548398,0.132606554317778,2.3735,0.408825
"ensemble-035",1986,0.572678343414406,562.8655,982.865,58.341266,0.145942802256757,2.312,0.37565
"ensemble-035",1987,0.555521457992049,562.078,1011.8025,100.0948801,0.160531691155939,2.30875,0.480475
"ensemble-035",1988,0.535304197787652,566.19125,1057.7,87.878363,0.142333182814105,2.326,0.417675
"ensemble-035",1989,0.520862936048868,562.127,1079.2225,84.990842,0.123822939054485,2.30925,0.407975
"ensemble-035",1990,0.514474968985921,594.07325,1154.7175,76.44808,0.175076407742014,2.4405,0.49725
"ensemble-035",1991,0.505316043445681,613.65075,1214.39,78.321471,0.205853502252225,2.52075,0.4596
"ensemble-035",1992,0.488943609453301,608.0955,1243.6925,96.601583,0.226970541232048,2.498,0.5785
"ensemble-035",1993,0.460139967234851,570.8715,1240.6475,54.741695,0.184937907281607,2.34525,0.51655
"ensemble-035",1994,0.436813736539686,552.292,1264.365,110.764001,0.184649690356843,2.26875,0.5981
"ensemble-035",1995,0.410457371747183,524.14175,1276.97,40.586268,0.186569442196368,2.15325,0.534625
"ensemble-035",1996,0.40263650240249,508.43025,1262.7525,121.613978,0.202041616937768,2.08875,0.49875
"ensemble-035",1997,0.418411226187199,539.535,1289.485,43.618813,0.278827567679352,2.21625,0.62885
"ensemble-035",1998,0.401803061552726,530.87225,1321.225,122.191808,0.259001130727435,2.181,0.751425
"ensemble-035",1999,0.375518928942626,502.20775,1337.37,76.942059,0.407986998472204,2.063,0.82455
"ensemble-035",2000,0.343279357568842,461.78025,1345.2025,127.047273,0.321947597159263,1.897,0.811925
"ensemble-035",2001,0.318702615530057,429.82625,1348.675,56.628563,0.279146780342385,1.7655,0.696225
"ensemble-035",2002,0.304215187975087,420.9205,1383.6275,104.725122,0.247788885751192,1.72925,0.86815
"ensemble-035",2003,0.28855257113425,414.56925,1436.72,70.175553,0.305294871342534,1.703,0.787275
"ensemble-035",2004,0.280029852485536,408.51875,1458.84,119.030423,0.332217513331101,1.678,1.097275
"ensemble-035",2005,0.258268686778419,375.70475,1454.705,72.70939,0.334494810791545,1.54325,0.88355
"ensemble-035",2006,0.252142909614606,368.979,1463.3725,82.991285,0.327054791011436,1.5155,0.944925
"ensemble-035",2007,0.246180402218465,366.53,1488.8675,90.1097199,0.391010811320467,1.50575,0.971325
"ensemble-035",2008,0.236805630315427,351.95,1486.24,87.490363,0.49615562215996,1.44575,1.048025
"ensemble-035",2009,0.223116879105492,325.05675,1456.89,97.2323,0.35434016478796,1.33525,1.070725
"ensemble-035",2010,0.207747602593805,301.0725,1449.2225,71.02264,0.280400846735213,1.237,0.8848
"ensemble-035",2011,0.206831615026377,302.77925,1463.8925,76.702442,0.394802963031859,1.244,1.094175
"ensemble-035",2012,0.201219901281835,294.844,1465.2825,113.61149,0.353449286711477,1.21125,1.12495
"ensemble-035",2013,0.193426097205054,277.359,1433.9275,109.156776,0.327458404612084,1.1395,1.018475
"ensemble-035",2014,0.198254456181961,285.8745,1441.9575,63.213411,0.403137488623918,1.1745,1.08875
"ensemble-035",2015,0.206581221558886,309.265,1497.0625,86.686095,0.322233130043863,1.2705,0.9852
"ensemble-035",2016,0.208578531859136,317.9665,1524.445,87.160083,0.447469104780927,1.306,1.030025
"ensemble-035",2017,0.206552023073204,309.74025,1499.575,92.19675,0.306258478155334,1.27225,0.86975
"ensemble-035",2018,0.207538671781185,306.77225,1478.145,67.953509,0.356142912508192,1.26,1.007075
"ensemble-035",2019,0.207286522677452,304.95475,1471.175,76.821453,0.24866853233488,1.253,0.8961
"ensemble-035",2020,0.2109015574875,308.33175,1461.97,84.903603,0.411584040892917,1.26675,0.94855
"ensemble-035",2021,0.217914129010136,312.98625,1436.2825,77.518765,0.412189161647248,1.286,0.939675
"ensemble-035",2022,0.22059137819273,312.23,1415.4225,61.859181,0.563139433342923,1.2825,1.01925
"ensemble-035",2023,0.213709330852794,294.648,1378.7325,86.405396,0.518203414280421,1.21025,1.115125
"ensemble-035",2024,0.190679563868346,257.64575,1351.1975,75.183256,0.409057294416661,1.058425,1.26675
"ensemble-036",1952,0.995906911910549,1993.3525,2001.545,126.150315,0.00760723910889316,6.222,0.05175
"ensemble-036",1953,0.982552478114617,2020.5725,2056.4525,106.676748,0.00718337763625355,6.307,0.0483
"ensemble-036",1954,0.973713060057197,2042.85,2098,142.643376,0.00494911731183014,6.3765,0.0318225
"ensemble-036",1955,0.966562824264067,2067.9225,2139.46,130.835566,0.0078271518282104,6.45475,0.0516
"ensemble-036",1956,0.95714545584331,2078.36,2171.415,76.370468,0.00992161122759432,6.4875,0.0586325
"ensemble-036",1957,0.947079809946067,2124.345,2243.0475,53.069872,0.0150015833058541,6.631,0.0817375
"ensemble-036",1958,0.92962160262418,2063.165,2219.36,147.936003,0.0195586648713624,6.44,0.1225725
"ensemble-036",1959,0.906918263162762,1887.9975,2081.7725,51.262281,0.0142753115351283,5.893,0.1117125
"ensemble-036",1960,0.88926043742238,1705.955,1918.3975,95.7010597,0.0147390146064211,5.325,0.10742
"ensemble-036",1961,0.88110558234177,1655.2075,1878.5575,54.9627611,0.01478585752172,5.1665,0.10946
"ensemble-036",1962,0.872275316539254,1569.1775,1798.9475,88.367521,0.0128689875150449,4.898,0.1072825
"ensemble-036",1963,0.862939772927443,1481.92,1717.2925,72.77858,0.0171665298033935,4.62575,0.1410075
"ensemble-036",1964,0.851500485221945,1379.765,1620.3925,62.1673606,0.0120284889526523,4.3065,0.107305
"ensemble-036",1965,0.851531080679158,1316.995,1546.62,49.2591355,0.0140103562290255,4.11075,0.102275
"ensemble-036",1966,0.851929525290788,1273.5175,1494.8625,114.358652,0.0127580796593182,3.97525,0.117545
"ensemble-036",1967,0.846179393236511,1203.87,1422.7125,28.9568001,0.0182533013068425,3.75775,0.1292375
"ensemble-036",1968,0.842061599279888,1134.2675,1347.0125,64.2939334,0.0137756252908084,3.54025,0.10598
"ensemble-036",1969,0.843372517380223,1118.4975,1326.22,85.3943986,0.0155273325246154,3.49125,0.1331875
"ensemble-036",1970,0.839291398708332,1074.4,1280.1275,58.6791637,0.0262585598536331,3.3535,0.1267025
"ensemble-036",1971,0.83699696519299,1043.21,1246.3725,54.516567,0.02893046754008,3.25625,0.12866
"ensemble-036",1972,0.833426866078479,1039.5625,1247.335,57.806383,0.0380401198331865,3.245,0.177625
"ensemble-036",1973,0.818633231438786,987.5275,1206.3125,79.501657,0.0238148556130378,3.0825,0.148625
"ensemble-036",1974,0.808765445091398,941.405,1164.0025,39.986624,0.0389082506430186,2.9385,0.16735
"ensemble-036",1975,0.798643684656683,918.58,1150.175,123.052622,0.0325829208388843,2.86725,0.2116
"ensemble-036",1976,0.780242346373665,880.5425,1128.55,55.771276,0.0390009146403646,2.7485,0.2208
"ensemble-036",1977,0.76602001794472,879.368,1147.97,88.4267846,0.0496770256509199,2.745,0.245175
"ensemble-036",1978,0.760278428446425,914.48,1202.8225,16.48097,0.0396031679307212,2.8545,0.2026
"ensemble-036",1979,0.748740065307128,911.46,1217.325,66.794222,0.0484868952125187,2.84475,0.2595
"ensemble-036",1980,0.730348714292738,891.27375,1220.34,62.275393,0.0434980992105537,2.78175,0.25915
"ensemble-036",1981,0.714114103821883,833.439,1167.095,91.47272,0.0659747223140061,2.6015,0.245525
"ensemble-036",1982,0.705361880668847,800.226,1134.49,104.373833,0.0786506442218296,2.498,0.2866
"ensemble-036",1983,0.698205413599998,801.3705,1147.7575,74.468094,0.0969450811674239,2.50125,0.283775
"ensemble-036",1984,0.692233922681363,844.71575,1220.275,81.5131495,0.108950703810107,2.63675,0.3075
"ensemble-036",1985,0.674126238411746,873.5075,1295.7625,98.1899521,0.104822504991029,2.72675,0.32005
"ensemble-036",1986,0.65197014732979,859.82475,1318.81,63.52373,0.11560089052175,2.68375,0.29495
"ensemble-036",1987,0.635263868794542,859.50725,1352.9925,131.6511516,0.121401712271719,2.68275,0.37645
"ensemble-036",1988,0.61671222095781,869.814,1410.405,121.001211,0.109949946029181,2.71525,0.324275
"ensemble-036",1989,0.603023675176852,867.78725,1439.06,93.581301,0.100101874306925,2.70875,0.317925
"ensemble-036",1990,0.596562401561379,918.50625,1539.665,91.633454,0.133291543072246,2.86725,0.384925
"ensemble-036",1991,0.589163735617859,957.29975,1624.845,103.591862,0.150740642683655,2.98825,0.349075
"ensemble-036",1992,0.576463419557718,963.78775,1671.8975,113.67862,0.179698092866597,3.00825,0.43615
"ensemble-036",1993,0.55502142915707,930.79175,1677.0375,72.998255,0.141491422635395,2.90525,0.383175
"ensemble-036",1994,0.53388174005639,907.4775,1699.7725,123.508538,0.131075456418544,2.8325,0.4417
"ensemble-036",1995,0.5113892165928,882.1285,1724.965,60.00114,0.129426253974819,2.7535,0.390625
"ensemble-036",1996,0.502962979215118,859.65175,1709.175,156.054698,0.142247551352931,2.68325,0.367275
"ensemble-036",1997,0.514610532408237,898.01725,1745.0425,60.890043,0.204745238839451,2.803,0.460625
"ensemble-036",1998,0.504285144412796,900.71,1786.1125,130.687088,0.204853365866305,2.81175,0.538375
"ensemble-036",1999,0.486568760767609,884.7,1818.2425,122.642314,0.290850547401961,2.7615,0.5801
"ensemble-036",2000,0.45976873026151,839.64,1826.2225,137.295577,0.238566829016196,2.62075,0.558425
"ensemble-036",2001,0.437560788101058,799.6675,1827.5575,76.65538,0.207154629213613,2.496,0.479175
"ensemble-036",2002,0.42421597085764,793.92125,1871.5025,117.74424,0.188376013579538,2.478,0.5988
"ensemble-036",2003,0.409165652743264,793.64225,1939.66,86.219292,0.221544216409873,2.47725,0.542875
"ensemble-036",2004,0.397644084689733,780.97,1963.9925,142.310853,0.263485795403063,2.438,0.7656
"ensemble-036",2005,0.377640091582354,738.107,1954.525,83.111065,0.243126451944866,2.304,0.60975
"ensemble-036",2006,0.367813554305249,717.63275,1951.0775,91.554969,0.257569206907501,2.24,0.66345
"ensemble-036",2007,0.3579291452921,705.58125,1971.2875,113.342208,0.285386041442378,2.2025,0.67605
"ensemble-036",2008,0.346001787268851,674.66975,1949.9025,99.606828,0.37942265805012,2.10575,0.7258
"ensemble-036",2009,0.331663544093877,631.97825,1905.48,112.804725,0.287895799696354,1.97275,0.743
"ensemble-036",2010,0.31468871207958,592.68,1883.385,83.40065,0.226012004020369,1.85,0.622925
"ensemble-036",2011,0.308415554727559,581.489,1885.4075,90.610795,0.308130595634638,1.81525,0.77415
"ensemble-036",2012,0.29987387568997,565.27575,1885.045,141.795083,0.273322406318029,1.7645,0.792825
"ensemble-036",2013,0.291086633200679,537.2455,1845.655,126.489225,0.266693098537947,1.67675,0.72465
"ensemble-036",2014,0.294015350868301,543.84975,1849.7325,76.396105,0.32257147511369,1.69775,0.781875
"ensemble-036",2015,0.301425079152975,578.59825,1919.5425,102.709944,0.2594399993322,1.80575,0.69725
"ensemble-036",2016,0.30268631932293,593.32875,1960.21,101.844962,0.361841384082585,1.85175,0.72865
"ensemble-036",2017,0.3002444940407,581.16225,1935.63,104.424405,0.24291398966227,1.814,0.616125
"ensemble-036",2018,0.29914104935726,571.239,1909.5975,85.318501,0.285266243446062,1.783,0.727725
"ensemble-036",2019,0.296516517861259,562.8395,1898.1725,84.745854,0.201284422747116,1.75675,0.652225
"ensemble-036",2020,0.296944233050043,558.95075,1882.3425,93.360362,0.326470734898129,1.7445,0.696125
"ensemble-036",2021,0.302202867813052,558.55325,1848.2725,90.754047,0.31427567391072,1.74325,0.688525
"ensemble-036",2022,0.302890006693025,548.71175,1811.5875,72.098914,0.443654867403604,1.71275,0.7489
"ensemble-036",2023,0.29544639365129,519.34675,1757.8375,107.19615,0.416596516606273,1.621,0.798575
"ensemble-036",2024,0.277173288324009,476.22875,1718.1625,91.175975,0.305811527935169,1.4865,0.877225
"ensemble-037",1952,0.994993981110763,1876.29,1885.73,70.709017,0.0105105377398371,5.47175,0.070565
"ensemble-037",1953,0.979080263400317,1899.8,1940.3925,62.082772,0.0103288168693886,5.5405,0.0653325
"ensemble-037",1954,0.96853462629035,1919.655,1982.02,78.907107,0.00796371965030662,5.5985,0.0451425
"ensemble-037",1955,0.959023899710049,1921.6825,2003.79,70.2705087,0.0113781692603387,5.604,0.0734375
"ensemble-037",1956,0.946568523749673,1901.6325,2008.975,43.5719476,0.013912250185106,5.54575,0.0814725
"ensemble-037",1957,0.934464000773657,1932.565,2068.1,32.3992055,0.0194864601485984,5.636,0.1081325
"ensemble-037",1958,0.914919047481209,1896.4625,2072.82,61.0798912,0.0263006412543969,5.5305,0.158245
"ensemble-037",1959,0.890110388914456,1764.8775,1982.7625,36.5506789,0.0198073738558895,5.147,0.1475975
"ensemble-037",1960,0.868862344922859,1610.0975,1853.11,39.3302059,0.0234821149244803,4.6955,0.1503025
"ensemble-037",1961,0.855595132294386,1528.3175,1786.2625,41.1160525,0.0203814643305634,4.45725,0.14965
"ensemble-037",1962,0.843075846821624,1428.0925,1693.9075,41.757749,0.0196369325106156,4.16475,0.14575
"ensemble-037",1963,0.831300200881145,1338.73,1610.405,47.3081237,0.023933383802981,3.90425,0.188775
"ensemble-037",1964,0.817673065544672,1243.7625,1521.1,35.2295924,0.0171435225437333,3.6275,0.142535
"ensemble-037",1965,0.817678108858255,1192.3975,1458.2725,29.6291186,0.0191543688020236,3.4775,0.1346
"ensemble-037",1966,0.818860453359684,1162.2025,1419.2925,55.5567905,0.0190946392818096,3.38925,0.153375
"ensemble-037",1967,0.813252647059364,1107.3675,1361.6525,24.4186866,0.0240420364258252,3.2295,0.16925
"ensemble-037",1968,0.808617149549091,1049.5325,1297.935,35.856763,0.0196908890991845,3.06075,0.140675
"ensemble-037",1969,0.809245690626022,1032.9475,1276.4325,37.8293459,0.0241699498943116,3.0125,0.1782
"ensemble-037",1970,0.803666865511742,990.21,1232.115,36.6717241,0.032878966260219,2.888,0.1734
"ensemble-037",1971,0.798391470505388,949.515,1189.285,25.0793468,0.0374082307799819,2.76925,0.177325
"ensemble-037",1972,0.792200195686391,931.1125,1175.35,26.839532,0.0520041483940498,2.71525,0.2456
"ensemble-037",1973,0.773587867959241,874.5875,1130.56,40.563072,0.0335930902237282,2.5505,0.210725
"ensemble-037",1974,0.760074632889672,823.9,1083.9725,20.2616101,0.0528877972019495,2.4025,0.23855
"ensemble-037",1975,0.744726218229374,785.85,1055.22,61.107711,0.0497449370174308,2.292,0.31055
"ensemble-037",1976,0.719185850398666,735.5725,1022.785,20.2446451,0.0607061617078455,2.14525,0.334525
"ensemble-037",1977,0.697015250864967,711.14375,1020.27,48.2515975,0.0752760047809123,2.07375,0.374525
"ensemble-037",1978,0.684689801716626,716.94725,1047.1125,7.2201582,0.060487513054454,2.09075,0.31515
"ensemble-037",1979,0.666200816669411,697.877,1047.5475,24.2277603,0.0785270068308201,2.0355,0.405225
"ensemble-037",1980,0.640189994820939,667.5005,1042.66,38.272714,0.0690551849273721,1.94675,0.41205
"ensemble-037",1981,0.616782951957706,614.82775,996.83,47.351895,0.0978193512557836,1.79325,0.3975
"ensemble-037",1982,0.601049015270868,580.84325,966.3825,50.8906713,0.126451522646918,1.694,0.469675
"ensemble-037",1983,0.588427075849328,573.3045,974.3,43.018293,0.146456188217038,1.672,0.468375
"ensemble-037",1984,0.578252270179847,597.151,1032.6825,37.8346317,0.169547917672996,1.74125,0.507375
"ensemble-037",1985,0.55485140912581,610.61675,1100.505,52.734032,0.154081676634659,1.78075,0.532725
"ensemble-037",1986,0.527217741045372,597.082,1132.515,37.713874,0.176751272907498,1.74125,0.49315
"ensemble-037",1987,0.506904979944883,593.6605,1171.1475,62.1477405,0.195530320892336,1.7315,0.62805
"ensemble-037",1988,0.483911259798296,594.4995,1228.53,58.938464,0.17248473128482,1.73375,0.55255
"ensemble-037",1989,0.466757014802891,591.5305,1267.32,55.3747744,0.149203595001049,1.725,0.54345
"ensemble-037",1990,0.455925087900265,616.58625,1352.385,51.852047,0.209542874336514,1.79825,0.66425
"ensemble-037",1991,0.443792495814042,632.14025,1424.405,48.2614918,0.240972451595896,1.84375,0.6109
"ensemble-037",1992,0.426231269947782,625.66275,1467.895,66.387897,0.284217731731199,1.82475,0.76995
"ensemble-037",1993,0.398895535271724,591.50025,1482.845,35.37085,0.226317880067763,1.725,0.688875
"ensemble-037",1994,0.374215234828861,568.46475,1519.085,70.861342,0.224038235432165,1.65775,0.8009
"ensemble-037",1995,0.347164460331209,537.08425,1547.06,28.052713,0.220352546043232,1.56625,0.727275
"ensemble-037",1996,0.335479295548819,516.8025,1540.49,79.839865,0.249816635096957,1.50725,0.68615
"ensemble-037",1997,0.344335024894676,539.43525,1566.6,35.8603645,0.326673885051578,1.57325,0.8609
"ensemble-037",1998,0.328777134406958,526.92125,1602.67,81.53954,0.330156130971098,1.5365,1.0345
"ensemble-037",1999,0.305597948815172,499.69925,1635.1525,53.34051,0.510061960616436,1.45725,1.129275
"ensemble-037",2000,0.275178331313351,456.364,1658.43,86.111776,0.406290197049112,1.331,1.124925
"ensemble-037",2001,0.252158107593427,425.37875,1686.9525,39.174276,0.342009157879293,1.2405,0.975625
"ensemble-037",2002,0.235958655558318,410.45775,1739.5325,70.363579,0.318253515226379,1.19725,1.2265
"ensemble-037",2003,0.219287298045906,396.836,1809.6625,50.123438,0.372530522402065,1.1575,1.1191
"ensemble-037",2004,0.20897864523785,385.668,1845.49,81.768581,0.439831552777443,1.12475,1.5725
"ensemble-037",2005,0.188963097033143,350.2705,1853.645,52.104994,0.424883400333561,1.021575,1.2815
"ensemble-037",2006,0.181906677672792,340.472,1871.685,59.146423,0.415596284603191,0.992925,1.368
"ensemble-037",2007,0.175310429056369,335.17075,1911.87,59.9667704,0.486380170975307,0.9775,1.39825
"ensemble-037",2008,0.166792641186537,321.62625,1928.3,71.941501,0.614993836263163,0.938,1.52275
"ensemble-037",2009,0.155719116067719,297.96775,1913.495,65.944218,0.485004743517437,0.868975,1.56025
"ensemble-037",2010,0.14362279839292,274.98775,1914.6525,50.554563,0.350227112075943,0.801975,1.285675
"ensemble-037",2011,0.141670222813418,276.377,1950.8475,56.001771,0.520958766725496,0.806025,1.59075
"ensemble-037",2012,0.136355668800165,268.37625,1968.2075,78.605277,0.458991196295334,0.782675,1.6595
"ensemble-037",2013,0.128640601360723,250.196,1944.9225,78.103404,0.423166460259568,0.72965,1.52775
"ensemble-037",2014,0.129522830542323,253.267,1955.385,45.656555,0.504939187759568,0.738625,1.63525
"ensemble-037",2015,0.13366140096001,269.33875,2015.0825,61.674394,0.409345570113,0.785475,1.4795
"ensemble-037",2016,0.135175829232721,277.591,2053.555,61.55724,0.569953670355802,0.809525,1.5405
"ensemble-037",2017,0.134005457555349,272.79625,2035.71,64.630833,0.400683303052942,0.795575,1.30675
"ensemble-037",2018,0.134285824072031,270.84175,2016.905,49.413922,0.461765024062266,0.78985,1.51175
"ensemble-037",2019,0.133272705090283,267.63025,2008.14,52.5805,0.32960237827129,0.7805,1.34275
"ensemble-037",2020,0.135836657650226,271.3035,1997.2775,63.222508,0.526180134086275,0.7912,1.4157
"ensemble-037",2021,0.140852905292054,277.07175,1967.1,56.712043,0.530600704864039,0.80805,1.3938
"ensemble-037",2022,0.142842390436605,277.3385,1941.57,47.540348,0.707444400057158,0.8088,1.5035
"ensemble-037",2023,0.138828531497897,264.4805,1905.0875,60.546645,0.663432986965916,0.771325,1.64125
"ensemble-037",2024,0.122269218286967,229.816,1879.59,50.681811,0.545446193898317,0.670225,1.919
"ensemble-038",1952,0.995263096127036,1929.32,1938.5025,107.27761,0.00828858903342145,6.041,0.059645
"ensemble-038",1953,0.980369499039976,1949.2025,1988.2325,94.689625,0.00823933294369758,6.10325,0.055395
"ensemble-038",1954,0.970990138252148,1966.005,2024.7425,115.375885,0.0064281837639074,6.156,0.0381875
"ensemble-038",1955,0.962761030546884,1964.485,2040.47,107.170205,0.00885330736782297,6.151,0.062115
"ensemble-038",1956,0.951660023955443,1940.6275,2039.2025,65.1034836,0.0113691645507438,6.07625,0.06939
"ensemble-038",1957,0.941019086124618,1974.865,2098.645,48.3647747,0.0162946247556392,6.18325,0.09318
"ensemble-038",1958,0.922937920088727,1930.62,2091.82,95.876694,0.0219551462002249,6.045,0.13789
"ensemble-038",1959,0.899537048154322,1779.345,1978.0675,52.116562,0.0161612983307348,5.57125,0.1284375
"ensemble-038",1960,0.879901866935065,1608.575,1828.13,59.8763006,0.0193993814190571,5.03675,0.130415
"ensemble-038",1961,0.868765085044155,1529.765,1760.85,61.0363772,0.016602345114291,4.78975,0.1306775
"ensemble-038",1962,0.857712759956376,1425.465,1661.9375,64.323235,0.0158772652083613,4.4635,0.127605
"ensemble-038",1963,0.847230334581931,1334.4725,1575.1,68.722866,0.0193314692092099,4.17825,0.1651
"ensemble-038",1964,0.834824672773655,1237.8175,1482.7275,53.3591706,0.0137734815020387,3.876,0.1241475
"ensemble-038",1965,0.836159691740307,1189.1675,1422.1775,44.3887014,0.0157975531571825,3.72325,0.117
"ensemble-038",1966,0.838201076700977,1162.675,1387.1075,83.301034,0.0154925908213371,3.64025,0.133675
"ensemble-038",1967,0.832878552932675,1106.4625,1328.48,35.035593,0.0197616961802405,3.4645,0.1473
"ensemble-038",1968,0.828560971025532,1046.98,1263.6125,53.379003,0.0161213197856096,3.278,0.12237
"ensemble-038",1969,0.8295165292323,1033.87,1246.3525,56.1404149,0.019499363875169,3.237,0.15525
"ensemble-038",1970,0.824004797711092,989.2775,1200.5725,54.7002815,0.0286411225142489,3.09775,0.1506
"ensemble-038",1971,0.819137960804627,948.8075,1158.3,36.4400458,0.0330254050688422,2.971,0.15445
"ensemble-038",1972,0.813174192929773,932.8775,1147.205,40.004085,0.0452323592263833,2.921,0.214825
"ensemble-038",1973,0.794626047095419,873.6675,1099.47,60.880631,0.0289180984834771,2.7355,0.183875
"ensemble-038",1974,0.781672557630286,821.02,1050.3375,28.2387373,0.0455933961257816,2.57075,0.208275
"ensemble-038",1975,0.767283251972103,784.7025,1022.7025,88.208249,0.0415202060854221,2.45675,0.269825
"ensemble-038",1976,0.742668214628237,735.65,990.55,30.185264,0.0512446189416286,2.30325,0.2881
"ensemble-038",1977,0.722126223064841,716.073,991.6175,69.5943974,0.0632711373465781,2.242,0.3219
"ensemble-038",1978,0.711481710581971,727.5025,1022.5175,9.558198,0.0516122862270995,2.278,0.270875
"ensemble-038",1979,0.693964223182692,708.47675,1020.9125,35.921147,0.0663832223135918,2.2185,0.3508
"ensemble-038",1980,0.668752760389551,677.592,1013.2175,54.125734,0.0571014876482168,2.12175,0.357425
"ensemble-038",1981,0.646175969183921,620.67625,960.5375,66.425549,0.0837435040860799,1.9435,0.342625
"ensemble-038",1982,0.632337240495147,586.94175,928.21,70.1448334,0.104430913845618,1.83775,0.40115
"ensemble-038",1983,0.621527685265609,583.18875,938.315,58.587059,0.1241507515936,1.826,0.397475
"ensemble-038",1984,0.613103670556842,613.47,1000.5975,55.2819557,0.143323314693586,1.92075,0.431225
"ensemble-038",1985,0.590664465055274,630.47525,1067.4,68.6911202,0.133152138493168,1.974,0.452175
"ensemble-038",1986,0.56406475800486,615.7345,1091.6025,52.436598,0.149563054727212,1.92825,0.41725
"ensemble-038",1987,0.545293608999993,613.274,1124.6675,85.9096112,0.163215080443871,1.92025,0.53315
"ensemble-038",1988,0.523657792285068,616.0415,1176.42,80.897583,0.144765950977876,1.929,0.4654
"ensemble-038",1989,0.507593867983239,611.72675,1205.15,73.708805,0.128845789642542,1.9155,0.4575
"ensemble-038",1990,0.498600965440642,641.94625,1287.495,68.110169,0.178303281866623,2.01,0.5604
"ensemble-038",1991,0.486984653701329,658.9365,1353.095,65.2164844,0.20579827037158,2.06325,0.517625
"ensemble-038",1992,0.469141331853016,650.74125,1387.09,86.532856,0.241015047625404,2.0375,0.653875
"ensemble-038",1993,0.441052224301756,612.70975,1389.2,48.507972,0.192808144113011,1.9185,0.585525
"ensemble-038",1994,0.416178181753877,588.3615,1413.725,95.470938,0.192664475628281,1.84225,0.68105
"ensemble-038",1995,0.389086331664261,556.75725,1430.935,35.235532,0.18466564812055,1.74325,0.613275
"ensemble-038",1996,0.378455838897759,536.3145,1417.1125,105.971724,0.2041580581836,1.67925,0.57675
"ensemble-038",1997,0.389435252427807,562.1235,1443.4325,41.848141,0.287426788976805,1.76,0.728325
"ensemble-038",1998,0.373014805984706,550.73025,1476.43,104.263743,0.273587666845665,1.72475,0.870725
"ensemble-038",1999,0.347990223519533,522.17325,1500.54,68.347249,0.435255485227923,1.635,0.9556
"ensemble-038",2000,0.3169226884182,480.03725,1514.6825,110.097968,0.342309306362817,1.503,0.945825
"ensemble-038",2001,0.292460762836971,446.24175,1525.8175,50.996287,0.291622512076383,1.39725,0.8194
"ensemble-038",2002,0.275479593058049,431.556,1566.5625,89.524302,0.266142662544553,1.35125,1.028225
"ensemble-038",2003,0.25789149766254,420.08075,1628.905,62.492056,0.319571904721877,1.31525,0.936875
"ensemble-038",2004,0.247055845670326,409.941,1659.305,103.96486,0.360916787958193,1.2835,1.31625
"ensemble-038",2005,0.224887261021946,373.76825,1662.025,63.826955,0.351979702513521,1.17025,1.06375
"ensemble-038",2006,0.217547685954725,364.82475,1676.9875,73.851972,0.346715652029161,1.14225,1.139
"ensemble-038",2007,0.210230161486623,360.15475,1713.145,72.618386,0.410241428899017,1.12775,1.16925
"ensemble-038",2008,0.200003629036941,344.45025,1722.22,86.769598,0.526580179568297,1.0785,1.2765
"ensemble-038",2009,0.186831798065312,317.56875,1699.7575,83.268573,0.406981951237337,0.9943,1.3065
"ensemble-038",2010,0.172636273362414,292.0695,1691.82,61.452812,0.302148958211774,0.9145,1.07765
"ensemble-038",2011,0.170041458732091,292.947,1722.7975,68.128248,0.451950854022793,0.917225,1.338875
"ensemble-038",2012,0.163701593861957,284.78225,1739.6425,100.064079,0.385670413100082,0.89165,1.38925
"ensemble-038",2013,0.154581710460553,265.217,1715.7075,96.919951,0.36122300576848,0.830425,1.267425
"ensemble-038",2014,0.155925189522378,270.163,1732.645,56.694448,0.436679679977783,0.8459,1.355
"ensemble-038",2015,0.160665509748169,290.0145,1805.0825,76.583307,0.354001453657498,0.908075,1.225975
"ensemble-038",2016,0.161622494409501,299.04,1850.2375,76.532826,0.491783893770813,0.936325,1.28085
"ensemble-038",2017,0.159633479152576,292.65925,1833.32,80.285976,0.341260900822281,0.91635,1.0849
"ensemble-038",2018,0.15948346362162,289.59725,1815.845,61.520078,0.395499475722787,0.90675,1.2597
"ensemble-038",2019,0.158011858363048,285.81975,1808.85,66.141116,0.279264474640387,0.894925,1.1214
"ensemble-038",2020,0.160191752528601,288.1325,1798.6725,77.274632,0.448430044186709,0.902175,1.185775
"ensemble-038",2021,0.165741509743103,293.3575,1769.97,69.080227,0.45084670459594,0.91855,1.1706
"ensemble-038",2022,0.168066691575085,293.51125,1746.3975,54.888912,0.609663055604625,0.919,1.26945
"ensemble-038",2023,0.1630215970521,278.4955,1708.335,76.751665,0.572726844399492,0.871975,1.39225
"ensemble-038",2024,0.143963183782978,241.46225,1677.25,68.281623,0.439978759977716,0.75605,1.5925
"ensemble-039",1952,0.997065937295147,2756.825,2764.9375,138.928426,0.00627667125816891,7.56275,0.0417275
"ensemble-039",1953,0.987372028053174,2807.9725,2843.885,133.353576,0.00621391008884271,7.703,0.0390025
"ensemble-039",1954,0.980691329957632,2847.045,2903.1,133.755591,0.00495499787113575,7.8105,0.026105
"ensemble-039",1955,0.974904788391243,2865.7375,2939.505,115.321694,0.00693270315937332,7.8615,0.0429625
"ensemble-039",1956,0.967114027458191,2854.865,2951.9425,75.9893592,0.0084335630999619,7.83175,0.0495225
"ensemble-039",1957,0.958689937721516,2879.3725,3003.445,52.1587803,0.0126426417233939,7.89875,0.0686925
"ensemble-039",1958,0.944754465703986,2787.935,2950.9625,132.477896,0.0170473857229189,7.648,0.10274
"ensemble-039",1959,0.926749222306319,2559.0975,2761.37,59.722584,0.0123604680283672,7.0205,0.094655
"ensemble-039",1960,0.912002786389317,2310.7825,2533.745,86.9031909,0.0135377162147285,6.33925,0.0926425
"ensemble-039",1961,0.903646272952265,2208.08,2443.5225,57.0684255,0.013135519418305,6.05725,0.0948025
"ensemble-039",1962,0.895259288488969,2075.925,2318.7975,79.798459,0.0118648686465208,5.6945,0.09337
"ensemble-039",1963,0.886526744940839,1946.17,2195.275,65.287194,0.015868452018432,5.339,0.123165
"ensemble-039",1964,0.876204171059088,1803.64,2058.47,65.5290646,0.0109826350855768,4.94775,0.0941975
"ensemble-039",1965,0.874978542202044,1707.525,1951.505,49.9701402,0.0127479550871935,4.68425,0.09047
"ensemble-039",1966,0.874139997810782,1637.1025,1872.815,103.587925,0.0122469356760437,4.491,0.10445
"ensemble-039",1967,0.868658150520789,1541.41,1774.4725,28.4758035,0.0169972288734043,4.22825,0.11562
"ensemble-039",1968,0.864340471079273,1445.4625,1672.33,57.5929904,0.0130659221056017,3.96525,0.095755
"ensemble-039",1969,0.864016794103676,1409.665,1631.525,77.4617624,0.0151457881608688,3.867,0.1216525
"ensemble-039",1970,0.859388155151507,1344.82,1564.8575,54.7392891,0.0243248551686511,3.68925,0.1176875
"ensemble-039",1971,0.855832970395897,1292.0275,1509.6725,47.136907,0.0272388345513364,3.5445,0.1203475
"ensemble-039",1972,0.851077642822603,1271.61,1494.1175,49.456341,0.0370540243345861,3.4885,0.167275
"ensemble-039",1973,0.837037579102896,1201.015,1434.84,74.830309,0.0231789278492844,3.295,0.141275
"ensemble-039",1974,0.826618935475534,1135.4975,1373.665,33.8841664,0.0372153647250703,3.11525,0.1603
"ensemble-039",1975,0.815805420275847,1097.2175,1344.95,109.601478,0.0332036162944452,3.01,0.205225
"ensemble-039",1976,0.797934835906839,1045.54,1310.3075,45.741943,0.0391788009662429,2.86825,0.21595
"ensemble-039",1977,0.783060411637416,1033.1425,1319.365,82.0977046,0.0492672406221817,2.83425,0.2416
"ensemble-039",1978,0.775541583653971,1061.73,1369.0175,11.916804,0.0388889091859477,2.91275,0.20055
"ensemble-039",1979,0.763241005621657,1051.8625,1378.1525,53.8917254,0.0481136396565054,2.8855,0.256275
"ensemble-039",1980,0.745141086892965,1025.8525,1376.7225,59.40251,0.0437813495064921,2.81425,0.256175
"ensemble-039",1981,0.72929849842324,960.3275,1316.7825,78.315719,0.066664236304859,2.6345,0.24445
"ensemble-039",1982,0.71948764938991,918.685,1276.86,87.180301,0.0812115305582174,2.52025,0.288425
"ensemble-039",1983,0.710786058388908,913.6675,1285.4325,66.32761,0.0977940708245889,2.5065,0.28845
"ensemble-039",1984,0.702268905083646,952.08,1355.72,66.9548227,0.111672944668764,2.61175,0.314325
"ensemble-039",1985,0.682421289551967,975.54,1429.5275,86.1931346,0.10827446579531,2.6765,0.3293
"ensemble-039",1986,0.659061603596646,955.7975,1450.24,56.0082914,0.116690929505528,2.62225,0.30525
"ensemble-039",1987,0.640401945659779,949.58,1482.7875,113.4991947,0.125065166852212,2.60475,0.3907
"ensemble-039",1988,0.620244484730254,955.41375,1540.3825,98.993959,0.114313201997336,2.621,0.339375
"ensemble-039",1989,0.605098980395157,949.246,1568.745,84.014075,0.102101741591771,2.604,0.334775
"ensemble-039",1990,0.596555440786815,996.2625,1670.025,79.03178,0.139060486060327,2.733,0.40645
"ensemble-039",1991,0.587336608168488,1031.5525,1756.3225,87.28696,0.155234484334142,2.83,0.369575
"ensemble-039",1992,0.573059683299536,1034.2925,1804.86,97.176424,0.190926718502813,2.83725,0.462825
"ensemble-039",1993,0.550791423927887,997.20925,1810.5025,59.944807,0.146449346062696,2.736,0.40715
"ensemble-039",1994,0.528976888602957,970.22825,1834.16,106.965656,0.136922204539064,2.6615,0.469575
"ensemble-039",1995,0.50590252581448,941.176,1860.39,47.346302,0.139277809371069,2.582,0.418375
"ensemble-039",1996,0.496353806568462,915.3335,1844.115,131.555457,0.154032025026159,2.511,0.396175
"ensemble-039",1997,0.505020441863872,948.06225,1877.275,48.232789,0.215541723865137,2.601,0.49915
"ensemble-039",1998,0.493132230003782,945.2975,1916.925,116.010097,0.214306213226102,2.593,0.585725
"ensemble-039",1999,0.473746033620521,922.67725,1947.62,93.755865,0.316041040419151,2.53125,0.63245
"ensemble-039",2000,0.446654119187414,873.316,1955.24,121.540016,0.263355194005427,2.39575,0.613875
"ensemble-039",2001,0.423589414685189,828.866,1956.7675,62.904688,0.223308494206177,2.274,0.5322
"ensemble-039",2002,0.407022484214742,813.0325,1997.5125,99.908354,0.205377578868841,2.2305,0.669975
"ensemble-039",2003,0.389464013846279,803.88975,2064.0925,71.921123,0.241863976980589,2.20525,0.609625
"ensemble-039",2004,0.37641382330559,786.46775,2089.37,119.696196,0.28596611509913,2.1575,0.8602
"ensemble-039",2005,0.355453747987214,739.50375,2080.45,69.560911,0.267578307525859,2.02875,0.688275
"ensemble-039",2006,0.345084855808249,717.522,2079.2625,80.727744,0.276519004672011,1.96825,0.748425
"ensemble-039",2007,0.334626935286587,703.088,2101.11,86.957701,0.325770924447499,1.92875,0.762375
"ensemble-039",2008,0.321958974617208,671.34,2085.1725,95.269341,0.409400548995431,1.8415,0.824675
"ensemble-039",2009,0.306838126162957,627.45175,2044.895,94.892689,0.334212393607911,1.72125,0.843025
"ensemble-039",2010,0.290751863036052,587.09125,2019.2175,69.464574,0.245546850526022,1.61075,0.703325
"ensemble-039",2011,0.28422578824328,577.809,2032.9225,77.437075,0.350846290560035,1.58525,0.875625
"ensemble-039",2012,0.275615059604093,562.4635,2040.7575,119.428854,0.30422661371379,1.543,0.903375
"ensemble-039",2013,0.26593611579013,532.83625,2003.625,109.963077,0.292304630221082,1.46175,0.828925
"ensemble-039",2014,0.267386395446487,537.29625,2009.4375,64.66935,0.349794651558871,1.474,0.888825
"ensemble-039",2015,0.274042771714612,571.001,2083.62,87.106616,0.282522158028387,1.5665,0.790075
"ensemble-039",2016,0.275784492933521,587.65125,2130.835,86.910331,0.393168430026488,1.612,0.824725
"ensemble-039",2017,0.273918010832336,577.8095,2109.425,89.231835,0.269142453565436,1.585,0.69725
"ensemble-039",2018,0.273131918680873,569.27725,2084.2575,69.97371,0.316837155020598,1.56175,0.82345
"ensemble-039",2019,0.270481833229578,560.48975,2072.19,72.333452,0.219410286613407,1.53775,0.739475
"ensemble-039",2020,0.270302850349068,555.3095,2054.3975,80.247507,0.356388888475516,1.52325,0.791575
"ensemble-039",2021,0.274527478305296,553.45975,2016.045,75.808434,0.344206386033909,1.5185,0.78285
"ensemble-039",2022,0.274657110426956,542.6325,1975.6725,63.082685,0.48184684089159,1.4885,0.85165
"ensemble-039",2023,0.26747982833736,513.4175,1919.4625,90.677146,0.460385471753146,1.4085,0.91025
"ensemble-039",2024,0.250241320835585,470.0045,1878.205,80.384468,0.331208002397257,1.2895,1.00395
"ensemble-040",1952,0.998552421055313,5487.4275,5495.3825,171.329283,0.00399781575290059,10.28,0.0269275
"ensemble-040",1953,0.993622189029883,5631.16,5667.305,145.50296,0.00395946294338827,10.55,0.0251175
"ensemble-040",1954,0.989962951533572,5742.29,5800.51,163.475994,0.00305213686710327,10.755,0.01693475
"ensemble-040",1955,0.986595261016236,5792.91,5871.6175,113.6705569,0.00470524384845231,10.8525,0.0284775
"ensemble-040",1956,0.982039188468429,5744.615,5849.68,73.4307233,0.00558886160782479,10.76,0.03314
"ensemble-040",1957,0.976815037389798,5719.1275,5854.8725,52.5179361,0.00814512488817983,10.7125,0.0462
"ensemble-040",1958,0.968512225792315,5497.2875,5676.0125,104.83811,0.0113170340988726,10.2975,0.0689825
"ensemble-040",1959,0.95790357553127,5059.4575,5281.8025,85.913949,0.00844106203806967,9.4775,0.064845
"ensemble-040",1960,0.948426795196725,4570.0775,4818.5875,75.0081607,0.0099704521107657,8.5605,0.06511
"ensemble-040",1961,0.941705491347446,4279.55,4544.4675,62.7033596,0.00926457154139071,8.0165,0.066505
"ensemble-040",1962,0.935253497782324,3979.52,4255.0175,74.526447,0.00880388148596692,7.4545,0.066165
"ensemble-040",1963,0.928450257919104,3688.8675,3973.145,51.832307,0.0120020807777765,6.91,0.0885325
"ensemble-040",1964,0.920710502526068,3391.52,3683.59,69.7211163,0.00804793471491177,6.353,0.069045
"ensemble-040",1965,0.917896697071259,3157.0575,3439.4475,45.7882214,0.00933386403866335,5.914,0.0672825
"ensemble-040",1966,0.915402732563875,2969.42,3243.84,83.770503,0.00963822988501804,5.5625,0.0786825
"ensemble-040",1967,0.910412808568909,2764.0975,3036.0925,38.7708181,0.0124546598200624,5.17775,0.0887475
"ensemble-040",1968,0.906144685992045,2565.1325,2830.82,50.2796287,0.0101503828666623,4.80525,0.0742075
"ensemble-040",1969,0.904179422862237,2452.06,2711.9175,69.454833,0.0121920732992533,4.59325,0.094505
"ensemble-040",1970,0.900091634115847,2318.15,2575.46,57.9166557,0.020284949768422,4.3425,0.092415
"ensemble-040",1971,0.896601319546301,2205.2425,2459.5575,41.7499622,0.0219725322925752,4.131,0.09453
"ensemble-040",1972,0.892140956314179,2147.245,2406.845,43.836472,0.0317076261303852,4.02225,0.131575
"ensemble-040",1973,0.88169159248591,2031.715,2304.3375,72.847723,0.0206325031079459,3.806,0.111775
"ensemble-040",1974,0.872962482653991,1921.84,2201.515,29.8885961,0.0320961664020285,3.60025,0.127625
"ensemble-040",1975,0.863668561035536,1847.21,2138.795,103.473207,0.0309384356749101,3.46025,0.1651
"ensemble-040",1976,0.849472143524792,1758.5475,2070.165,36.506528,0.0341415866413433,3.29425,0.17585
"ensemble-040",1977,0.8366510588318,1725.62,2062.5325,80.7482485,0.0424584730901911,3.2325,0.1974
"ensemble-040",1978,0.82911083440635,1757.8725,2120.19,11.4652926,0.0317401207770222,3.293,0.164
"ensemble-040",1979,0.818343284354548,1739.315,2125.41,40.4802651,0.0422787677838965,3.258,0.20785
"ensemble-040",1980,0.80427635460772,1703.8675,2118.51,62.120013,0.0381041388920388,3.1915,0.206325
"ensemble-040",1981,0.791934582137876,1611.28,2034.6125,72.216257,0.0608457556890087,3.01825,0.1983
"ensemble-040",1982,0.78274286279598,1542.8625,1971.0975,76.9794244,0.0745481413683551,2.89025,0.23735
"ensemble-040",1983,0.773525883137081,1523.2175,1969.1875,60.679942,0.0869577473306501,2.8535,0.23975
"ensemble-040",1984,0.763560432801322,1564.165,2048.515,52.656556,0.0927733492338648,2.92975,0.260875
"ensemble-040",1985,0.74566665302232,1593.965,2137.6375,83.061781,0.0976243195345727,2.98575,0.2738
"ensemble-040",1986,0.72540511770253,1567.3375,2160.6375,50.7642436,0.100567353832125,2.93575,0.2551
"ensemble-040",1987,0.708185158809286,1553.8025,2194.0625,92.8410083,0.111990186681887,2.9105,0.326
"ensemble-040",1988,0.688978196395974,1558.7925,2262.47,90.314931,0.100141856845513,2.92,0.28705
"ensemble-040",1989,0.67386917526189,1545.305,2293.1825,76.2530773,0.0893009217919336,2.8945,0.285675
"ensemble-040",1990,0.663567411894683,1603.65,2416.71,72.256819,0.118031354435868,3.004,0.3475
"ensemble-040",1991,0.65400025467069,1656.375,2532.6825,40.598205,0.137758238447277,3.10275,0.313225
"ensemble-040",1992,0.639897427900651,1661.94,2597.1975,108.791472,0.131284837170827,3.11325,0.393875
"ensemble-040",1993,0.6191625967712,1609.75,2599.8825,36.971412,0.120129418400954,3.0155,0.34625
"ensemble-040",1994,0.600645017046605,1564.895,2605.3575,110.264241,0.115343151841159,2.93125,0.39775
"ensemble-040",1995,0.58310512844675,1531.5125,2626.4775,44.845409,0.122485001581174,2.86875,0.35405
"ensemble-040",1996,0.574059439066881,1492.7325,2600.31,111.869109,0.147696747851506,2.79625,0.33605
"ensemble-040",1997,0.578873250064612,1534.2775,2650.455,46.354156,0.173312674189799,2.87425,0.42145
"ensemble-040",1998,0.568724625868114,1545.485,2717.4575,99.813104,0.182833507655655,2.895,0.489375
"ensemble-040",1999,0.552117302031629,1530.5575,2772.16,68.812911,0.24187790924866,2.867,0.5215
"ensemble-040",2000,0.529154207603588,1474.1125,2785.79,124.035446,0.23353514893611,2.7615,0.500675
"ensemble-040",2001,0.509006594700546,1417.8735,2785.57,51.305174,0.187744564780913,2.656,0.4316
"ensemble-040",2002,0.494513984795261,1408.1125,2847.4675,97.328742,0.17765070108974,2.63775,0.5376
"ensemble-040",2003,0.479974314524162,1415.51025,2949.1375,52.739162,0.212913006168622,2.65175,0.4839
"ensemble-040",2004,0.467914434035942,1400.47375,2993.0125,110.653668,0.237702474578536,2.62325,0.68645
"ensemble-040",2005,0.449867452676888,1346.15075,2992.3275,57.873302,0.232592488425573,2.52175,0.5445
"ensemble-040",2006,0.437395658313748,1305.532,2984.785,75.38518,0.248862195365759,2.4455,0.589375
"ensemble-040",2007,0.426589202262408,1282.742,3006.9725,76.5231529,0.258510236464285,2.40275,0.594325
"ensemble-040",2008,0.412436642053952,1232.76075,2988.97,69.1554107,0.35674157795679,2.3095,0.6376
"ensemble-040",2009,0.396686512499468,1164.3245,2935.125,86.033914,0.285015869364901,2.181,0.6584
"ensemble-040",2010,0.380157770558952,1098.88025,2890.59,60.035848,0.226639483774297,2.0585,0.556975
"ensemble-040",2011,0.370002762632528,1064.75325,2877.69,64.454969,0.293031100166875,1.9945,0.691875
"ensemble-040",2012,0.359787329835075,1030.87525,2865.235,105.307078,0.281844815220381,1.93125,0.71575
"ensemble-040",2013,0.349903571285672,983.81075,2811.6625,91.483876,0.269061214783597,1.84275,0.6683
"ensemble-040",2014,0.348348539261704,979.44375,2811.6775,54.596396,0.309671194898555,1.835,0.729425
"ensemble-040",2015,0.351784675315918,1017.28125,2891.7725,71.071732,0.262155671834007,1.90575,0.646325
"ensemble-040",2016,0.351600064618158,1033.82725,2940.35,79.635789,0.364884904444099,1.9365,0.67525
"ensemble-040",2017,0.348033397932206,1013.31925,2911.5575,75.638387,0.252171020641307,1.89825,0.5712
"ensemble-040",2018,0.345227488028089,993.0555,2876.525,58.631943,0.290488012832776,1.86025,0.6784
"ensemble-040",2019,0.342144023543972,980.04675,2864.4275,64.432012,0.201372597251896,1.83575,0.608475
"ensemble-040",2020,0.340961627003792,970.11425,2845.23,66.273762,0.334620409116968,1.81725,0.6528
"ensemble-040",2021,0.343226737174964,960.59725,2798.725,59.010522,0.318900479583455,1.7995,0.6397
"ensemble-040",2022,0.342092507042459,939.333,2745.845,54.986578,0.423569901234908,1.7595,0.70075
"ensemble-040",2023,0.333177744184548,892.06925,2677.4575,77.187601,0.446475691478975,1.67125,0.7546
"ensemble-040",2024,0.315433106493362,822.62825,2607.9325,73.212597,0.312632132190137,1.541,0.8312
"ensemble-041",1952,0.99889622512508,7104.1075,7111.9575,218.00061,0.00315917512408522,7.89575,0.02655
"ensemble-041",1953,0.995109279224023,7305.04,7340.9425,210.489753,0.00306764983603115,8.1195,0.02471
"ensemble-041",1954,0.992253783836083,7460.91,7519.155,220.775653,0.0023622487685505,8.29275,0.01638
"ensemble-041",1955,0.989683190863424,7559.94,7638.7475,144.202632,0.00357788270897782,8.40275,0.027215
"ensemble-041",1956,0.986284970332737,7579.42,7684.8175,95.480722,0.00424628566139091,8.4245,0.031545
"ensemble-041",1957,0.982357537356004,7615.8275,7752.6025,71.888882,0.00614365683429138,8.465,0.04395
"ensemble-041",1958,0.976119481962616,7378.78,7559.3,162.959028,0.00834375845998067,8.2015,0.065195
"ensemble-041",1959,0.968177628887956,6846.5625,7071.5975,107.854428,0.00624316283887351,7.60975,0.060075
"ensemble-041",1960,0.961370106275757,6250.105,6501.2475,106.480011,0.00718725202136307,6.947,0.0587825
"ensemble-041",1961,0.956708977531778,5932.1075,6200.535,91.991824,0.00657811347918478,6.5935,0.060025
"ensemble-041",1962,0.952101625879121,5573.81,5854.2175,97.697615,0.00633654067224102,6.195,0.0595275
"ensemble-041",1963,0.947321481172648,5225.97,5516.575,77.230939,0.00849223584108205,5.80875,0.0792025
"ensemble-041",1964,0.941850124030932,4850.4575,5149.925,98.64801,0.00571549631420465,5.39125,0.0612925
"ensemble-041",1965,0.939778945517363,4542.5625,4833.65,68.7246803,0.00650822890552111,5.049,0.05952
"ensemble-041",1966,0.937984132174737,4295.3975,4579.3925,119.397993,0.0066907609842649,4.77425,0.0688825
"ensemble-041",1967,0.934514099818314,4027.41,4309.63,59.3524269,0.00850862935298822,4.4765,0.077325
"ensemble-041",1968,0.931642024058141,3768.485,4044.9925,70.1147257,0.00701926749158298,4.1885,0.0639525
"ensemble-041",1969,0.930462193217442,3631.4125,3902.805,105.3981921,0.00821196678175101,4.03625,0.0810525
"ensemble-041",1970,0.927833172632046,3461.785,3731.0425,84.7475291,0.0153175214991901,3.848,0.078515
"ensemble-041",1971,0.925661759017048,3320.115,3586.7475,63.376284,0.017388905925817,3.69025,0.0798575
"ensemble-041",1972,0.922632634514301,3263.9375,3537.635,65.280096,0.0251115524926606,3.6275,0.110275
"ensemble-041",1973,0.915390040556828,3121.5075,3410.03,115.56375,0.0172205422637731,3.4695,0.0929825
"ensemble-041",1974,0.908775269902438,2971.4225,3269.7,39.50756,0.0254142491430675,3.30275,0.105295
"ensemble-041",1975,0.902099442507677,2887.1625,3200.4925,157.625574,0.0224716649687508,3.20925,0.1347
"ensemble-041",1976,0.892082511451706,2789.29,3126.7175,60.309278,0.0238113974614152,3.1005,0.1427
"ensemble-041",1977,0.882559225188411,2760.1775,3127.47,117.116098,0.0282004809356036,3.068,0.159275
"ensemble-041",1978,0.87684796622987,2829.1675,3226.52,16.524694,0.0204005137769177,3.1445,0.131375
"ensemble-041",1979,0.869320922732004,2824.7475,3249.3725,63.656218,0.0271553924611863,3.1395,0.165575
"ensemble-041",1980,0.859823529547601,2792.58,3247.8525,87.897505,0.0256355992667229,3.104,0.163225
"ensemble-041",1981,0.851554348842843,2662.77,3126.9525,107.701757,0.0397785257337308,2.95925,0.155825
"ensemble-041",1982,0.845136941064861,2565.6625,3035.795,115.03983,0.0474765762910727,2.85175,0.18655
"ensemble-041",1983,0.83858011916168,2542.5875,3032.015,90.081733,0.055824978542423,2.826,0.1881
"ensemble-041",1984,0.831098717659899,2610.105,3140.5475,77.801696,0.0590143277809015,2.90125,0.204025
"ensemble-041",1985,0.818546277207409,2671.115,3263.2425,122.2281258,0.0656460314314194,2.969,0.21265
"ensemble-041",1986,0.804290731339792,2647.4275,3291.63,68.3218011,0.0650612909529662,2.94275,0.19705
"ensemble-041",1987,0.79151836204241,2640.2025,3335.6175,136.1327101,0.0751710014595737,2.93475,0.250825
"ensemble-041",1988,0.77789759649796,2670.855,3433.4275,134.460073,0.067927240480912,2.96875,0.2199
"ensemble-041",1989,0.7663091795375,2659.135,3470.055,114.060632,0.067490171696421,2.95575,0.2196
"ensemble-041",1990,0.757070065443858,2756.1325,3640.525,101.52975,0.0840789566880134,3.0635,0.2657
"ensemble-041",1991,0.749123859707503,2858.9975,3816.455,73.42129,0.0944922669150568,3.17775,0.237225
"ensemble-041",1992,0.738057841199754,2893.41,3920.3025,138.267923,0.0990597614353456,3.216,0.296
"ensemble-041",1993,0.721659627063406,2833.2375,3926.0025,53.373644,0.0891574766044083,3.14925,0.259475
"ensemble-041",1994,0.706913715160609,2778.36,3930.2675,165.658102,0.0835099913272537,3.08775,0.29715
"ensemble-041",1995,0.691935935423637,2731.04,3946.955,65.105621,0.0890777724522411,3.03575,0.263975
"ensemble-041",1996,0.682939129331507,2664.4375,3901.4275,157.74068,0.09980911654893,2.9615,0.2508
"ensemble-041",1997,0.686142657525105,2735.095,3986.19,62.906661,0.11979842326451,3.04,0.31505
"ensemble-041",1998,0.678203394665176,2769.92,4084.2025,134.681959,0.134017594520214,3.0785,0.36445
"ensemble-041",1999,0.664828116210522,2759.645,4150.915,97.861568,0.155103741200014,3.06725,0.386125
"ensemble-041",2000,0.645780142057606,2679.81,4149.725,162.115095,0.154980811550257,2.9785,0.3694
"ensemble-041",2001,0.628732902971995,2589.0325,4117.8575,69.772568,0.132206016287842,2.87775,0.3209
"ensemble-041",2002,0.615061108131757,2560.4425,4162.9075,133.931755,0.12228413034297,2.84575,0.402075
"ensemble-041",2003,0.60207714508416,2572.2,4272.21,68.661252,0.154577651736678,2.85875,0.360825
"ensemble-041",2004,0.59105613668122,2547.3825,4309.8825,148.485462,0.170401058685255,2.8315,0.513325
"ensemble-041",2005,0.576472273030517,2475.64,4294.465,74.664272,0.160713742284097,2.7515,0.403175
"ensemble-041",2006,0.563327840513345,2404.11,4267.6925,96.565505,0.181769554061825,2.67225,0.437575
"ensemble-041",2007,0.553095002390166,2366.11,4277.945,95.287501,0.179175613862835,2.6295,0.43985
"ensemble-041",2008,0.539502489799396,2279.5275,4225.24,90.090193,0.256341075159228,2.53375,0.472725
"ensemble-041",2009,0.523255694055837,2156.72,4121.7325,106.702707,0.190009037272933,2.397,0.49025
"ensemble-041",2010,0.505651090985736,2033.175,4020.905,73.066164,0.150740731425607,2.26,0.41775
"ensemble-041",2011,0.492326641025835,1954.65,3970.23,82.124331,0.204721014823447,2.1725,0.5203
"ensemble-041",2012,0.481457420566605,1889.8275,3925.2225,141.976033,0.188224028225367,2.1005,0.537825
"ensemble-041",2013,0.47109179335513,1804.3275,3830.0975,117.62004,0.182281712426644,2.0055,0.503725
"ensemble-041",2014,0.467150206353275,1786.1675,3823.54,72.06953,0.209727961432456,1.98525,0.5515
"ensemble-041",2015,0.468795139316019,1848.2975,3942.655,92.23967,0.179639867947239,2.05425,0.48435
"ensemble-041",2016,0.467874951813671,1881.255,4020.85,106.832175,0.25509045373735,2.091,0.5032
"ensemble-041",2017,0.464103781878844,1854.235,3995.3025,93.698216,0.160787666029786,2.061,0.423125
"ensemble-041",2018,0.460382174771769,1823.4,3960.6225,76.468572,0.190131777841977,2.0265,0.5032
"ensemble-041",2019,0.457036368842889,1807.5,3954.8275,76.948453,0.146613066226039,2.009,0.452525
"ensemble-041",2020,0.455905303329251,1790.755,3927.91,96.428241,0.252075618369635,1.99025,0.4873
"ensemble-041",2021,0.457484539449596,1764.885,3857.8025,73.610074,0.239573052617283,1.96175,0.47195
"ensemble-041",2022,0.456258806796401,1725.84,3782.59,69.779635,0.280452096028659,1.91825,0.5102
"ensemble-041",2023,0.447095608933521,1659.7575,3712.31,100.801803,0.320612526756279,1.84475,0.5435
"ensemble-041",2024,0.431155146686664,1561.022,3620.5575,101.495432,0.224093934896582,1.735,0.5926
"ensemble-042",1952,0.998701385722971,6073.585,6081.4825,189.71591,0.00363131206482525,7.12,0.0327225
"ensemble-042",1953,0.994282982996875,6250.99,6286.9325,135.019183,0.00350599008956357,7.32775,0.0303575
"ensemble-042",1954,0.990926801209036,6391.245,6449.765,185.676922,0.00242157595384323,7.49225,0.0202485
"ensemble-042",1955,0.987872380477917,6494.1125,6573.8375,149.572467,0.00409161280969125,7.61275,0.033825
"ensemble-042",1956,0.983795228687751,6489.9225,6596.8225,88.067432,0.0049543902377401,7.608,0.0393925
"ensemble-042",1957,0.978994201593101,6493.95,6633.2875,61.072004,0.00729992464217045,7.6125,0.05489
"ensemble-042",1958,0.971505202988753,6274.5125,6458.5475,160.726216,0.00960444231994338,7.35525,0.0812925
"ensemble-042",1959,0.962024139329136,5819.1325,6048.8425,58.898139,0.00777024825189894,6.8215,0.0749375
"ensemble-042",1960,0.953888448734601,5309.5625,5566.23,102.3157873,0.00833198108300907,6.22425,0.0737725
"ensemble-042",1961,0.947786326864899,5007.975,5283.865,57.311014,0.00829358423051523,5.87075,0.0765625
"ensemble-042",1962,0.94172639027488,4671.2925,4960.35,92.190169,0.00750339971684882,5.476,0.0761225
"ensemble-042",1963,0.935298007396606,4342.28,4642.67,60.14779,0.0104581464364831,5.09,0.101815
"ensemble-042",1964,0.928090769044484,4004.83,4315.1275,72.7720206,0.00719961765104013,4.6945,0.07928
"ensemble-042",1965,0.924960659738814,3731.03,4033.7175,49.996446,0.00824152248708365,4.37375,0.0774875
"ensemble-042",1966,0.92197082447398,3504.69,3801.3025,111.217911,0.00824924620078178,4.1085,0.090645
"ensemble-042",1967,0.91701660243669,3265.2875,3560.7725,28.1400678,0.0112402061513952,3.82775,0.1018825
"ensemble-042",1968,0.912566222870471,3028.205,3318.34,59.3191224,0.00890897105934209,3.54975,0.0852425
"ensemble-042",1969,0.909983641118576,2889.785,3175.645,83.4467081,0.0106526000016458,3.38775,0.1089075
"ensemble-042",1970,0.905699636493258,2731.375,3015.7625,56.1445297,0.0189880406589612,3.202,0.1063625
"ensemble-042",1971,0.901873246868664,2597.9,2880.56,53.7505573,0.0183562989636887,3.04525,0.109415
"ensemble-042",1972,0.896918416657783,2524.1975,2814.3,47.187043,0.0264317099505524,2.959,0.152375
"ensemble-042",1973,0.887144339138988,2392.32,2696.6525,77.9865604,0.019966864478888,2.80425,0.129505
"ensemble-042",1974,0.878911179012513,2263.75,2575.63,38.108402,0.0285370553670924,2.654,0.14805
"ensemble-042",1975,0.869662840293245,2169.9675,2495.1825,110.779962,0.0277062163209971,2.54375,0.191075
"ensemble-042",1976,0.855792273375568,2064.1025,2411.92,49.933727,0.0304009042227796,2.4195,0.2051
"ensemble-042",1977,0.842884694861551,2019.105,2395.47,86.1681095,0.0391615689023791,2.367,0.23015
"ensemble-042",1978,0.834353884274618,2047.2875,2453.74,15.1245935,0.0310270541965531,2.4,0.190925
"ensemble-042",1979,0.823614572810753,2028.12,2462.4625,55.200563,0.0408880589143781,2.3775,0.241675
"ensemble-042",1980,0.809661979011682,1993.07,2461.6075,62.662083,0.0370565829966177,2.33625,0.2379
"ensemble-042",1981,0.797351196188307,1900.66,2383.7175,81.163327,0.0609507635340467,2.228,0.2281
"ensemble-042",1982,0.787570854086121,1826.745,2319.4675,86.880687,0.0689057042427861,2.14125,0.273025
"ensemble-042",1983,0.77710669931839,1801.65,2318.4075,67.042701,0.080102228246878,2.11175,0.277275
"ensemble-042",1984,0.765302796932798,1843.3925,2408.71,62.655114,0.0828981350226742,2.161,0.30205
"ensemble-042",1985,0.746991946001374,1875.8275,2511.175,91.6871658,0.0920675069634312,2.199,0.3175
"ensemble-042",1986,0.726723179885565,1848.96,2544.2425,57.191291,0.0872072419410199,2.1675,0.29635
"ensemble-042",1987,0.70856918429589,1826.6825,2577.9875,107.858087,0.0979670352176096,2.14125,0.37995
"ensemble-042",1988,0.688905057548296,1829.7525,2656.03,98.212017,0.0939683890824834,2.145,0.335025
"ensemble-042",1989,0.67336427734266,1809.7675,2687.65,76.2220351,0.0823261379752126,2.1215,0.336425
"ensemble-042",1990,0.660491452499012,1862.86,2820.415,74.89021,0.107034916849309,2.18375,0.4116
"ensemble-042",1991,0.648390733472913,1912.315,2949.325,55.72097,0.121965609192286,2.24175,0.370525
"ensemble-042",1992,0.633366568119738,1915.2625,3023.94,112.934831,0.120747641349383,2.24525,0.464375
"ensemble-042",1993,0.613736051060325,1863.0725,3035.625,51.252845,0.103329178497189,2.18425,0.4081
"ensemble-042",1994,0.594656535477604,1813.695,3049.9875,111.865671,0.10666962311155,2.126,0.47045
"ensemble-042",1995,0.576618766659386,1775.5,3079.1575,51.836908,0.111252952792358,2.08125,0.416575
"ensemble-042",1996,0.566259840975074,1731.985,3058.64,121.158344,0.123039300338179,2.0305,0.396775
"ensemble-042",1997,0.566130705394191,1768.23,3123.36,46.913296,0.152258383480528,2.073,0.50125
"ensemble-042",1998,0.554627686812295,1776.295,3202.68,102.273919,0.164007985123708,2.08225,0.5839
"ensemble-042",1999,0.538848881744361,1758.99,3264.3475,79.122084,0.20501264279088,2.062,0.621
"ensemble-042",2000,0.51735459211132,1694.2755,3274.8825,129.195106,0.217188717718148,1.986,0.5945
"ensemble-042",2001,0.49816137561091,1632.15725,3276.3625,65.065678,0.156481094287931,1.9135,0.512925
"ensemble-042",2002,0.483028174639614,1617.50075,3348.6675,96.91136,0.161866794748448,1.89625,0.64025
"ensemble-042",2003,0.467892768528692,1624.5775,3472.115,63.318189,0.182958780843121,1.9045,0.5763
"ensemble-042",2004,0.45508757613279,1608.895,3535.3525,118.593561,0.211356257037351,1.886,0.8171
"ensemble-042",2005,0.437533728650847,1553.01175,3549.4675,66.846898,0.195752869026578,1.82075,0.643975
"ensemble-042",2006,0.424994424185456,1510.1295,3553.2925,74.413701,0.210986014498794,1.7705,0.696275
"ensemble-042",2007,0.413689958697083,1489.379,3600.23,77.379264,0.209098530157696,1.74575,0.700175
"ensemble-042",2008,0.399397145523725,1434.6655,3592.0775,76.4213078,0.282033853688487,1.68175,0.752725
"ensemble-042",2009,0.383978907093935,1357.84925,3536.26,89.480004,0.258695690325464,1.59175,0.775275
"ensemble-042",2010,0.369480033394528,1284.54075,3476.6175,64.299165,0.208352089762962,1.50575,0.6568
"ensemble-042",2011,0.358949849455156,1241.94225,3459.9325,70.863253,0.25211178015805,1.45575,0.816275
"ensemble-042",2012,0.347309622265395,1200.0025,3455.1375,113.65855,0.254776742677516,1.40675,0.845925
"ensemble-042",2013,0.335863670038363,1144.71575,3408.275,98.480766,0.245773870091745,1.34175,0.79465
"ensemble-042",2014,0.330856178661209,1132.859,3424.0225,60.512089,0.288133853952284,1.32825,0.8688
"ensemble-042",2015,0.330016980587668,1169.4985,3543.7525,76.634417,0.249816065077487,1.371,0.767975
"ensemble-042",2016,0.326912805057872,1188.88625,3636.7075,83.309988,0.336340564907182,1.3935,0.802925
"ensemble-042",2017,0.321029261095998,1167.96625,3638.1925,82.640788,0.23183840107102,1.369,0.6814
"ensemble-042",2018,0.315723118882809,1143.13475,3620.6875,66.810569,0.280981219935213,1.34,0.8116
"ensemble-042",2019,0.310897610702374,1125.83875,3621.2525,66.264889,0.205338449730968,1.31975,0.726475
"ensemble-042",2020,0.308046460776346,1114.34575,3617.46,73.276295,0.308556032357069,1.3065,0.7825
"ensemble-042",2021,0.307168356927159,1099.8355,3580.5625,61.957273,0.280730363639555,1.2895,0.768375
"ensemble-042",2022,0.303547249312674,1071.24025,3529.0725,57.237188,0.373072137631491,1.25575,0.84305
"ensemble-042",2023,0.294594315215592,1018.8375,3458.4425,91.60586,0.420515766978156,1.19425,0.902775
"ensemble-042",2024,0.279967116104592,945.0325,3375.5125,81.050751,0.294967073435954,1.1075,0.98355
"ensemble-043",1952,0.997100479926602,2847.365,2855.645,122.069988,0.00649042980700489,7.10175,0.0455375
"ensemble-043",1953,0.987534013013084,2906.1225,2942.8075,85.171698,0.00635985251822643,7.24825,0.0423875
"ensemble-043",1954,0.980818727632577,2952.36,3010.0975,127.833553,0.00436504279127984,7.36375,0.02848
"ensemble-043",1955,0.974924639800326,2980.33,3056.985,117.3770245,0.00704658280720236,7.4335,0.04718
"ensemble-043",1956,0.967061119025557,2961.395,3062.2625,66.9793315,0.008805067717709,7.38625,0.0538675
"ensemble-043",1957,0.958445944318384,2984.2125,3113.595,46.1583671,0.0130089166770252,7.443,0.074475
"ensemble-043",1958,0.944502467427348,2893.88,3063.92,116.099885,0.017230696874298,7.21775,0.110635
"ensemble-043",1959,0.926687498861688,2671.23,2882.5575,44.481193,0.013307846534094,6.66275,0.1022425
"ensemble-043",1960,0.911842699164974,2424.225,2658.6,76.6301699,0.01424137624475,6.04625,0.100915
"ensemble-043",1961,0.902420007326825,2303.215,2552.265,47.6572386,0.0139660094040317,5.7445,0.103345
"ensemble-043",1962,0.893131865855881,2156.1275,2414.12,69.073548,0.0126423112483244,5.37775,0.101645
"ensemble-043",1963,0.883639064826471,2016.3075,2281.8225,56.924097,0.0168462835308815,5.02875,0.1343975
"ensemble-043",1964,0.872667003291442,1866.53,2138.88,53.9054988,0.0117891777957677,4.65525,0.10302
"ensemble-043",1965,0.870515169171818,1762.9325,2025.16,42.3398372,0.013557146600679,4.397,0.09937
"ensemble-043",1966,0.868788940006602,1684.4775,1938.88,84.966703,0.0132451557232309,4.20125,0.1149725
"ensemble-043",1967,0.862654751994899,1582.965,1834.9925,25.2569046,0.0182155043434545,3.94825,0.127865
"ensemble-043",1968,0.857455930705833,1479.9475,1725.975,47.9987107,0.0142633777541194,3.691,0.10684
"ensemble-043",1969,0.85588619338877,1432.21,1673.365,64.1877495,0.0167152222185058,3.572,0.136135
"ensemble-043",1970,0.850374735262627,1360.1425,1599.4625,40.1947986,0.0250344549292501,3.3925,0.132325
"ensemble-043",1971,0.845702915268798,1299.4775,1536.565,43.0654404,0.0292790711913261,3.241,0.1364
"ensemble-043",1972,0.839716436545971,1267.7325,1509.715,39.80715,0.039008977173751,3.162,0.19005
"ensemble-043",1973,0.824741964685987,1191.1975,1444.3275,58.937763,0.0258782635730551,2.971,0.16165
"ensemble-043",1974,0.813314074345252,1121.92,1379.4425,28.936299,0.0396784203301845,2.798,0.1844
"ensemble-043",1975,0.800787243233581,1075.185,1342.66,87.190131,0.0365689390896425,2.68175,0.238125
"ensemble-043",1976,0.780762847945174,1016.2175,1301.57,36.712021,0.0438708487830925,2.53475,0.254125
"ensemble-043",1977,0.763226070750607,992.0775,1299.8475,65.7861341,0.0550634128157494,2.4745,0.286
"ensemble-043",1978,0.753181303465519,1007.6775,1337.895,10.2089975,0.0437639393280096,2.5135,0.238325
"ensemble-043",1979,0.73875630702867,991.5975,1342.2525,43.631139,0.0540009163487421,2.473,0.306125
"ensemble-043",1980,0.71799284038085,960.7175,1338.06,47.896721,0.0495352851250252,2.39625,0.3067
"ensemble-043",1981,0.700047368328717,897.8125,1282.5025,64.692048,0.0742921567464508,2.23925,0.293525
"ensemble-043",1982,0.687978593585715,855.5375,1243.5525,69.754868,0.0931151098169384,2.134,0.3484
"ensemble-043",1983,0.676972509960957,844.86,1247.9975,55.071601,0.110650494377774,2.1075,0.34995
"ensemble-043",1984,0.666486110183958,873.605,1310.7625,58.4506799,0.123925505401912,2.17875,0.381775
"ensemble-043",1985,0.645004061738424,891.265,1381.7975,66.5185623,0.12322752071759,2.22275,0.3999
"ensemble-043",1986,0.620233836101666,873.3125,1408.0375,46.5892407,0.132584023908714,2.178,0.3717
"ensemble-043",1987,0.600059577312821,866.1875,1443.5025,93.4995558,0.141494841039153,2.16075,0.476075
"ensemble-043",1988,0.577962062418812,867.60775,1501.15,81.368641,0.128532370196812,2.164,0.414925
"ensemble-043",1989,0.561481374093301,861.73775,1534.7575,67.9609966,0.113602366105137,2.1495,0.410375
"ensemble-043",1990,0.550855892481713,899.35625,1632.6525,65.562546,0.155217297244001,2.24325,0.499825
"ensemble-043",1991,0.540127990691586,928.4125,1718.875,73.592319,0.170176385661282,2.3155,0.45445
"ensemble-043",1992,0.524870968379837,928.977,1769.915,78.663995,0.209192900954047,2.31675,0.569125
"ensemble-043",1993,0.502130426001044,894.99225,1782.39,49.710438,0.162607346628132,2.2325,0.50225
"ensemble-043",1994,0.480079845719957,869.421,1810.9925,86.425127,0.152609772048329,2.1685,0.58095
"ensemble-043",1995,0.456235765729039,839.35975,1839.75,41.232366,0.155382227101575,2.0935,0.51895
"ensemble-043",1996,0.445686382829763,814.8395,1828.28,109.424756,0.179800501742799,2.0325,0.492025
"ensemble-043",1997,0.452883417610785,842.5545,1860.4225,42.281176,0.240544485124707,2.1015,0.619575
"ensemble-043",1998,0.439556623440125,836.0345,1901.995,95.855227,0.245020946317508,2.085,0.72835
"ensemble-043",1999,0.419498705972119,813.69325,1939.68,82.099103,0.349525139692853,2.02975,0.787125
"ensemble-043",2000,0.392146053735981,767.38375,1956.8825,102.37362,0.297535322912509,1.914,0.764525
"ensemble-043",2001,0.369747023431748,728.23525,1969.55,53.157937,0.25357009123832,1.81625,0.661525
"ensemble-043",2002,0.354017346012979,715.0345,2019.7725,83.927673,0.233282769580843,1.783,0.832125
"ensemble-043",2003,0.336646458428768,705.50325,2095.68,62.249811,0.271139497088216,1.7595,0.758025
"ensemble-043",2004,0.3231206566097,688.2575,2130.0325,100.243743,0.317803924433547,1.71675,1.07145
"ensemble-043",2005,0.302039942570532,643.74075,2131.31,60.949786,0.302709513535688,1.6055,0.862975
"ensemble-043",2006,0.291099021209469,621.87775,2136.31,67.753922,0.316692749554875,1.55125,0.9398
"ensemble-043",2007,0.280370184283627,606.85075,2164.4625,84.011595,0.360456239260224,1.5135,0.957125
"ensemble-043",2008,0.268314948737787,579.1605,2158.51,75.148044,0.466956554678892,1.44475,1.0274
"ensemble-043",2009,0.254875442835367,542.99875,2130.4475,81.113408,0.366302843568543,1.35425,1.053075
"ensemble-043",2010,0.239388185579551,508.71725,2125.0725,61.621451,0.278121977061406,1.26875,0.8842
"ensemble-043",2011,0.232442495294911,498.34625,2143.955,65.953357,0.390115445689603,1.24275,1.1011
"ensemble-043",2012,0.223437249884584,481.56425,2155.255,101.168975,0.353490206815178,1.201,1.137275
"ensemble-043",2013,0.214253648246807,455.5445,2126.1925,92.81961,0.337998486795545,1.136,1.050225
"ensemble-043",2014,0.214197837958058,457.465,2135.7125,56.010605,0.402306938104334,1.141,1.138725
"ensemble-043",2015,0.217759644168793,481.012,2208.9125,74.729008,0.325012765449501,1.19975,1.020075
"ensemble-043",2016,0.217451659675259,491.1635,2258.725,74.290285,0.455858999593602,1.22525,1.065525
"ensemble-043",2017,0.214578276073736,481.5335,2244.0925,76.62201,0.313087861929922,1.20075,0.902275
"ensemble-043",2018,0.213231905398874,474.24375,2224.075,60.564799,0.365421360377951,1.18275,1.064425
"ensemble-043",2019,0.210327942852629,465.94475,2215.325,60.967907,0.260175475354341,1.162,0.955125
"ensemble-043",2020,0.209907277548448,462.103,2201.4625,71.771681,0.419925389444468,1.15225,1.022225
"ensemble-043",2021,0.212965086006348,461.153,2165.3925,66.316,0.409839984055181,1.15,1.011025
"ensemble-043",2022,0.21271062993976,452.678,2128.14,56.69373,0.561757890464481,1.129,1.09645
"ensemble-043",2023,0.206470468693821,429.25675,2079.0225,77.792985,0.523580432134616,1.07075,1.169225
"ensemble-043",2024,0.191301895886496,390.95125,2043.635,67.814605,0.394752029437216,0.975,1.2965
"ensemble-044",1952,0.993710135752847,1404.89,1413.7825,146.58976,0.00732210973466811,6.662,0.0558825
"ensemble-044",1953,0.974727519963369,1404.9625,1441.39,184.216796,0.00694970846125435,6.6625,0.052095
"ensemble-044",1954,0.964552008873552,1408.7475,1460.52,137.483033,0.00572203500921665,6.68,0.034605
"ensemble-044",1955,0.957066270898958,1421.9325,1485.72,163.512546,0.0069440483068755,6.74275,0.0532925
"ensemble-044",1956,0.946944325782058,1451.945,1533.295,87.3272023,0.00993107527318062,6.885,0.061535
"ensemble-044",1957,0.936901876708924,1507.6625,1609.2,63.8774756,0.015389572957277,7.149,0.086515
"ensemble-044",1958,0.915772017383414,1448.195,1581.3925,161.020411,0.0199860689488034,6.86725,0.1313475
"ensemble-044",1959,0.887324576098483,1284.46,1447.565,86.838881,0.0129723098476932,6.09075,0.120345
"ensemble-044",1960,0.865002770199131,1135.82,1313.0825,99.5450137,0.015829594758389,5.386,0.120155
"ensemble-044",1961,0.859286256761275,1111.635,1293.6725,72.65374,0.0143398787865463,5.27125,0.1192375
"ensemble-044",1962,0.851181695871359,1050.205,1233.82,103.695342,0.0128922597902227,4.97975,0.11676
"ensemble-044",1963,0.841885566503516,984.7325,1169.675,110.531363,0.0155554383716115,4.6695,0.14985
"ensemble-044",1964,0.829566407555526,912.185,1099.5925,68.8429789,0.0114540447722043,4.3255,0.111385
"ensemble-044",1965,0.835798058617529,889.0175,1063.675,58.9544554,0.0140123253276469,4.21575,0.105
"ensemble-044",1966,0.84122712722471,882.34,1048.8725,150.375133,0.0123612841879009,4.184,0.1208725
"ensemble-044",1967,0.834488336519116,830.5725,995.3075,47.30956,0.0164511788025464,3.9385,0.1292075
"ensemble-044",1968,0.831725559776748,788.69,948.2575,77.4633409,0.0136746351983232,3.74,0.105905
"ensemble-044",1969,0.837047860998244,799.82225,955.5275,109.307613,0.0144845887878291,3.79275,0.1333725
"ensemble-044",1970,0.83208522310638,765.95525,920.525,68.607745,0.0295789699101845,3.632,0.1257925
"ensemble-044",1971,0.830219749652295,746.16,898.75,62.2347481,0.0299912357888973,3.5385,0.129975
"ensemble-044",1972,0.825679257786614,747.57,905.4,64.686419,0.0405100698041993,3.545,0.1815
"ensemble-044",1973,0.804580555853819,693.12,861.4675,98.250934,0.02443532797462,3.28675,0.150525
"ensemble-044",1974,0.794732157673219,658.525,828.6125,53.239789,0.0438235741666148,3.12275,0.169
"ensemble-044",1975,0.78384449375361,644.6925,822.475,148.49494,0.0352623624750478,3.057,0.2162
"ensemble-044",1976,0.758658520171652,605.94625,798.7075,52.289964,0.0429568806976604,2.8735,0.2208
"ensemble-044",1977,0.744137496844519,611.668,821.9825,112.75342,0.0529520399980394,2.90025,0.244425
"ensemble-044",1978,0.741103399457882,643.88175,868.815,10.6694182,0.0430034661718104,3.053,0.20505
"ensemble-044",1979,0.727158933587624,632.9155,870.395,68.0607591,0.0581019136592338,3.0015,0.269925
"ensemble-044",1980,0.701990929109974,601.70275,857.1375,94.245177,0.0454563518424266,2.85325,0.27495
"ensemble-044",1981,0.680719596455215,543.8405,798.92,117.768387,0.0714394766746774,2.579,0.253975
"ensemble-044",1982,0.674353736455289,523.23275,775.9025,109.686682,0.0790047713804065,2.481,0.28645
"ensemble-044",1983,0.672885892270964,541.16175,804.24,80.941514,0.106590268249441,2.56625,0.281075
"ensemble-044",1984,0.67356293042337,591.4775,878.1325,102.787557,0.11314058589965,2.80475,0.30875
"ensemble-044",1985,0.652885521514889,607.93925,931.1575,104.2091386,0.109383213894299,2.88275,0.3229
"ensemble-044",1986,0.626864734776953,586.71875,935.9575,79.375859,0.113835410293855,2.78225,0.29575
"ensemble-044",1987,0.611539786427833,585.849,957.99,159.138677,0.122163050741451,2.778,0.38105
"ensemble-044",1988,0.593462710392498,591.1215,996.055,122.572609,0.102341000163079,2.803,0.323725
"ensemble-044",1989,0.582757843535461,588.25325,1009.43,103.814889,0.0990463452794185,2.78925,0.3163
"ensemble-044",1990,0.581639850676835,634.524,1090.9225,93.363381,0.146322269555738,3.00875,0.3925
"ensemble-044",1991,0.572914834978107,653.25325,1140.2275,125.79781,0.162175113051209,3.09775,0.369975
"ensemble-044",1992,0.552279864612593,633.1005,1146.34,107.371051,0.169745383283318,3.002,0.4676
"ensemble-044",1993,0.519657686763977,582.25825,1120.465,83.782516,0.141352285927701,2.761,0.422225
"ensemble-044",1994,0.496085037893862,560.968,1130.79,152.562455,0.142585229255026,2.66,0.489525
"ensemble-044",1995,0.469670214087907,529.14925,1126.64,54.126956,0.153907284608242,2.50925,0.4279
"ensemble-044",1996,0.466309385928416,518.367,1111.6375,156.98971,0.159657553063753,2.458,0.3948
"ensemble-044",1997,0.484983346356497,555.4975,1145.395,50.716791,0.224025369471292,2.63375,0.5086
"ensemble-044",1998,0.465801259057702,548.651,1177.865,151.742266,0.212240770277369,2.6015,0.609725
"ensemble-044",1999,0.436315555546104,512.92275,1175.5775,116.718265,0.304227882218587,2.43225,0.681175
"ensemble-044",2000,0.400084866175043,466.716,1166.5425,163.375733,0.25786348263113,2.2135,0.6479
"ensemble-044",2001,0.376491333789982,434.21875,1153.33,79.951003,0.214357868361432,2.059,0.542575
"ensemble-044",2002,0.369630269176416,442.02975,1195.87,131.595147,0.191292103686627,2.09625,0.66875
"ensemble-044",2003,0.358069860279441,448.4825,1252.5,89.809805,0.246639687468135,2.12675,0.61115
"ensemble-044",2004,0.349569717889043,444.59675,1271.84,153.990161,0.241206241074368,2.1085,0.85395
"ensemble-044",2005,0.32359882709133,407.22,1258.41,96.826506,0.25793444351282,1.93125,0.6838
"ensemble-044",2006,0.317891103670433,400.41325,1259.5925,112.100625,0.263095191030131,1.8985,0.726925
"ensemble-044",2007,0.313523929194949,400.46725,1277.31,95.769745,0.274973270072521,1.899,0.7461
"ensemble-044",2008,0.301558109183262,384.71125,1275.745,119.07681,0.338860207633149,1.82425,0.809125
"ensemble-044",2009,0.284704583658401,353.98175,1243.33,119.95207,0.27367548506735,1.6785,0.816425
"ensemble-044",2010,0.272735014955217,331.4535,1215.295,89.687633,0.227894022615729,1.57175,0.68165
"ensemble-044",2011,0.273047393520264,333.2325,1220.42,98.579776,0.296191031969033,1.58,0.849375
"ensemble-044",2012,0.265351054275191,322.038,1213.63,152.355653,0.266714916708574,1.52725,0.8519
"ensemble-044",2013,0.257594955383299,305.563,1186.215,135.789741,0.253693609785656,1.449,0.757925
"ensemble-044",2014,0.266055097311171,320.29575,1203.87,80.056268,0.324765991709434,1.519,0.817075
"ensemble-044",2015,0.27687925958586,350.09375,1264.4275,105.008435,0.271804157572435,1.66025,0.7448
"ensemble-044",2016,0.278477679090874,358.9995,1289.15,116.520941,0.368040770696094,1.7025,0.787275
"ensemble-044",2017,0.273036417654689,344.1665,1260.515,119.126923,0.243140382512232,1.63225,0.665375
"ensemble-044",2018,0.271021157849546,334.58375,1234.53,92.543581,0.281947684470228,1.58675,0.7722
"ensemble-044",2019,0.271267861275901,334.02975,1231.365,99.755278,0.203797334817436,1.58425,0.679025
"ensemble-044",2020,0.277575474001139,341.1125,1228.9,101.88283,0.360143172152414,1.6175,0.726625
"ensemble-044",2021,0.287718586966588,349.50975,1214.7625,94.489971,0.362600923060091,1.6575,0.7219
"ensemble-044",2022,0.289440618048685,344.4915,1190.1975,75.803467,0.421048166050933,1.6335,0.79645
"ensemble-044",2023,0.27584844548442,320.65175,1162.42,118.097977,0.424288912403537,1.5205,0.8786
"ensemble-044",2024,0.2458936545943,277.78975,1129.715,103.745339,0.325229236326545,1.31725,0.964475
"ensemble-045",1952,0.99730679467899,3004.0975,3012.21,108.951492,0.0068178891638767,5.2375,0.0538075
"ensemble-045",1953,0.988227892951921,3074.9625,3111.5925,91.765615,0.00638160984658619,5.361,0.050035
"ensemble-045",1954,0.981610752035913,3131.2475,3189.9075,119.112753,0.0043864880557572,5.45925,0.0328825
"ensemble-045",1955,0.975895419670165,3185.2275,3263.9025,98.6366718,0.00723601009772932,5.55325,0.053865
"ensemble-045",1956,0.968456677407535,3211.3975,3315.995,59.127881,0.0087600151218587,5.59875,0.0618175
"ensemble-045",1957,0.960047113522805,3256.295,3391.8075,42.0395688,0.0129190639655891,5.67725,0.085495
"ensemble-045",1958,0.946618510104065,3168.725,3347.415,118.874712,0.0167105074480655,5.5245,0.12627
"ensemble-045",1959,0.929613092416687,2941.835,3164.58,38.126147,0.0130863277402927,5.129,0.1154075
"ensemble-045",1960,0.915658512156945,2692.4,2940.3975,75.5639628,0.0134995607932543,4.694,0.1116175
"ensemble-045",1961,0.906889863975428,2583.5025,2848.75,42.5047332,0.0134606915347056,4.50425,0.11426
"ensemble-045",1962,0.898159813638055,2443.455,2720.5125,66.378863,0.0120883988529439,4.26,0.11228
"ensemble-045",1963,0.889043413763531,2301.36,2588.58,55.306768,0.0162092270447867,4.01225,0.14849
"ensemble-045",1964,0.878640965692191,2143.985,2440.115,46.9797826,0.0112994363566156,3.73775,0.1143475
"ensemble-045",1965,0.875681479633116,2026.64,2314.3575,36.9002941,0.0128737542600024,3.5335,0.110045
"ensemble-045",1966,0.873185571490656,1933.855,2214.7125,88.2164138,0.0122098428346523,3.3715,0.12674
"ensemble-045",1967,0.867144794119746,1822.695,2101.95,22.2154901,0.0169534070559856,3.17775,0.141175
"ensemble-045",1968,0.862183898348836,1711.795,1985.4175,48.4393206,0.0131539505381145,2.9845,0.11633
"ensemble-045",1969,0.860799875707239,1662.14,1930.925,66.6831339,0.0152571764591791,2.898,0.146325
"ensemble-045",1970,0.856361250378546,1590.6375,1857.4375,44.3455249,0.0254697169502064,2.77325,0.140275
"ensemble-045",1971,0.853095012961551,1536.0125,1800.5175,44.910719,0.0268563214958627,2.678,0.14215
"ensemble-045",1972,0.848948406820964,1518.93,1789.19,41.91678,0.0363498644305719,2.64825,0.1948
"ensemble-045",1973,0.83705107287863,1454.4725,1737.615,63.1720967,0.0230541836511308,2.536,0.1635
"ensemble-045",1974,0.8278819427422,1393.1825,1682.8275,32.296058,0.0367844214425477,2.42925,0.18445
"ensemble-045",1975,0.818171126494043,1356.5625,1658.0425,96.177627,0.0329919031429849,2.36525,0.234725
"ensemble-045",1976,0.80244414846987,1304.385,1625.515,44.713076,0.0374622763018908,2.27425,0.248175
"ensemble-045",1977,0.788516864587796,1292.9725,1639.7525,69.7006709,0.0479413536805502,2.254,0.2759
"ensemble-045",1978,0.781041231866735,1331.3375,1704.5675,13.1417012,0.0365008947918112,2.321,0.22705
"ensemble-045",1979,0.769968319180639,1330.64,1728.175,53.744861,0.0449747231883126,2.32,0.28725
"ensemble-045",1980,0.754225914728771,1312.2475,1739.86,49.231704,0.0418445112741694,2.2875,0.283175
"ensemble-045",1981,0.740681128683494,1249.405,1686.8325,71.375888,0.0639366133378348,2.17825,0.269025
"ensemble-045",1982,0.731481706059981,1206.345,1649.18,81.411738,0.0777349270943099,2.10325,0.3192
"ensemble-045",1983,0.72230837795029,1199.3425,1660.43,58.084602,0.0931766005980447,2.091,0.319775
"ensemble-045",1984,0.712859152099658,1241.765,1741.95,65.2178221,0.0995635887403942,2.165,0.34585
"ensemble-045",1985,0.694847525194627,1275.8825,1836.205,77.6736209,0.103467936492223,2.2245,0.35935
"ensemble-045",1986,0.674334062969075,1264.6225,1875.365,48.517835,0.110003398101564,2.20475,0.33235
"ensemble-045",1987,0.657025663693804,1263.4275,1922.95,104.3747032,0.115526182880068,2.20275,0.423175
"ensemble-045",1988,0.637813718628137,1275.755,2000.2,95.091526,0.106847066832727,2.2245,0.36845
"ensemble-045",1989,0.62292865629752,1273.995,2045.17,74.2268251,0.0966774308783091,2.221,0.365225
"ensemble-045",1990,0.612625622281567,1329.975,2170.9425,70.756294,0.127508827942688,2.31875,0.441625
"ensemble-045",1991,0.603016875195188,1380.58,2289.455,80.098458,0.139366518742732,2.40675,0.396125
"ensemble-045",1992,0.590018168193718,1395.6275,2365.3975,86.799894,0.157025166524344,2.43325,0.49355
"ensemble-045",1993,0.570383542947097,1362.3725,2388.52,56.389394,0.129210395528779,2.37525,0.43255
"ensemble-045",1994,0.551683821727952,1334.1825,2418.3825,97.255698,0.122753947100861,2.326,0.4956
"ensemble-045",1995,0.533008565910631,1307.49,2453.0375,49.800118,0.125743842138829,2.2795,0.439575
"ensemble-045",1996,0.523701752015493,1279.0525,2442.33,124.307545,0.142974591049914,2.22975,0.4163
"ensemble-045",1997,0.528810559959552,1317.825,2492.055,49.717356,0.184038361233019,2.2975,0.520525
"ensemble-045",1998,0.519363834431176,1328.36,2557.6675,100.038821,0.19443493774937,2.31575,0.601925
"ensemble-045",1999,0.504193194291987,1320.545,2619.125,100.777658,0.247273505503868,2.30225,0.640575
"ensemble-045",2000,0.481576424267868,1273.28325,2643.99,111.870902,0.232329692882276,2.22,0.612375
"ensemble-045",2001,0.462521057091878,1229.359,2657.9525,61.190817,0.195119405804932,2.14325,0.52565
"ensemble-045",2002,0.449691994799031,1226.047,2726.415,95.344447,0.181113759641913,2.1375,0.65465
"ensemble-045",2003,0.435858844790509,1234.8415,2833.1225,67.923329,0.209687375113433,2.15275,0.588525
"ensemble-045",2004,0.423958740478755,1222.98,2884.6675,113.397991,0.240084752719638,2.13225,0.83185
"ensemble-045",2005,0.406345447382336,1175.80525,2893.61,69.364165,0.227254429563238,2.05,0.657275
"ensemble-045",2006,0.395371552092367,1145.44575,2897.1375,76.043629,0.255700665700232,1.99725,0.7099
"ensemble-045",2007,0.386189344054623,1131.77325,2930.6175,85.936715,0.26588176813479,1.97325,0.7138
"ensemble-045",2008,0.37382684502074,1092.07625,2921.3425,84.727512,0.351484897303615,1.90375,0.762925
"ensemble-045",2009,0.359350548884452,1035.88725,2882.665,87.333955,0.285003486773602,1.806,0.7821
"ensemble-045",2010,0.343868692444515,981.13475,2853.225,66.490368,0.219321937727279,1.7105,0.660575
"ensemble-045",2011,0.334184411934061,954.71975,2856.865,73.453391,0.292149436325962,1.6645,0.8207
"ensemble-045",2012,0.324454280332736,926.74525,2856.32,115.262145,0.275759363593171,1.616,0.84435
"ensemble-045",2013,0.315020798384136,885.8755,2812.1175,100.050301,0.266618444384817,1.5445,0.787375
"ensemble-045",2014,0.312680279880051,881.35425,2818.7075,62.506644,0.312270693866803,1.53675,0.861225
"ensemble-045",2015,0.314858239841468,915.189,2906.67,80.737539,0.259292470219094,1.5955,0.762225
"ensemble-045",2016,0.314046606118748,932.1445,2968.1725,85.858596,0.358717326190814,1.62525,0.7928
"ensemble-045",2017,0.310519361913008,917.1725,2953.6725,83.116305,0.240931576312539,1.599,0.6683
"ensemble-045",2018,0.30799374859241,902.588,2930.54,69.440142,0.278447842780872,1.574,0.791875
"ensemble-045",2019,0.305259902470363,893.279,2926.29,64.797874,0.205340689241652,1.55725,0.70985
"ensemble-045",2020,0.304645944391508,887.228,2912.325,82.492997,0.334886450179769,1.547,0.760275
"ensemble-045",2021,0.307529008496263,882.363,2869.2025,71.041006,0.336674128364196,1.53825,0.737
"ensemble-045",2022,0.308487969339418,869.70625,2819.255,61.214581,0.391483518157725,1.51625,0.791425
"ensemble-045",2023,0.301761249982012,838.7635,2779.56,89.166929,0.412204101836677,1.4625,0.8405
"ensemble-045",2024,0.287241202413752,785.29375,2733.9175,72.530965,0.310329153177778,1.36925,0.9231
"ensemble-046",1952,0.994944794261126,1616.8425,1625.0575,491.90556,0.00317270468593963,11.7275,0.0274325
"ensemble-046",1953,0.980230472194351,1611.94,1644.45,607.668153,0.00313997654585324,11.6925,0.025495
"ensemble-046",1954,0.973726713137247,1612.73,1656.245,480.560044,0.0027002313718675,11.6975,0.0167065
"ensemble-046",1955,0.969684636442902,1632.035,1683.0575,528.984526,0.00314800319643632,11.8375,0.024946
"ensemble-046",1956,0.963526888862803,1682.66,1746.355,304.37619,0.00463270920987625,12.205,0.0299575
"ensemble-046",1957,0.95717121097941,1768.6825,1847.8225,193.275823,0.00801572172458202,12.8275,0.045225
"ensemble-046",1958,0.94049194567835,1664.6825,1770.0125,502.47348,0.010803763257779,12.075,0.071495
"ensemble-046",1959,0.916279258185,1413.67,1542.8375,336.214045,0.00571608201237003,10.255,0.06281
"ensemble-046",1960,0.898761779107576,1221.06,1358.6025,371.125373,0.00715094337573257,8.856,0.0617125
"ensemble-046",1961,0.900404154407803,1232.57,1368.9075,180.148964,0.00707601320954147,8.9395,0.059845
"ensemble-046",1962,0.897032001009471,1172.9725,1307.615,346.043638,0.00566425734689846,8.5075,0.05975
"ensemble-046",1963,0.890765895924455,1098.2275,1232.9025,357.965816,0.00715386692539853,7.96525,0.0767725
"ensemble-046",1964,0.88142758097573,1013.8775,1150.2675,186.631717,0.00566818654617713,7.3535,0.056625
"ensemble-046",1965,0.88830619419693,987.9475,1112.17,179.983558,0.00732027963968471,7.165,0.0555875
"ensemble-046",1966,0.892527964615547,974.645,1092.005,461.855122,0.00599986197879137,7.069,0.0646475
"ensemble-046",1967,0.884440107391593,892.745,1009.39,138.726933,0.00881255794246658,6.475,0.0684075
"ensemble-046",1968,0.882194204127348,842.791,955.335,290.101626,0.00645040811626648,6.11275,0.0571675
"ensemble-046",1969,0.886105688390519,851.0735,960.465,293.606595,0.00712779651046965,6.17275,0.071585
"ensemble-046",1970,0.881279276368923,804.76,913.1725,170.787093,0.0161298628627361,5.8365,0.0657575
"ensemble-046",1971,0.880832644489623,788.539,895.22,219.9918,0.0213296357561281,5.719,0.0706675
"ensemble-046",1972,0.877970336359602,801.205,912.565,216.431633,0.0196578801101694,5.811,0.0979275
"ensemble-046",1973,0.858945224189902,729.485,849.28,330.626399,0.0132751662406256,5.291,0.077555
"ensemble-046",1974,0.854417322714745,701.3805,820.8875,161.9413,0.026597842164897,5.087,0.0874425
"ensemble-046",1975,0.85069126211275,712.84525,837.96,415.963414,0.0203501435462215,5.17,0.107695
"ensemble-046",1976,0.831686629264511,679.87575,817.46625,158.607797,0.0248603391742829,4.931,0.10966
"ensemble-046",1977,0.823035703305037,702.68525,853.7725,318.30524,0.0269024244869406,5.0965,0.123715
"ensemble-046",1978,0.820450476158503,733.16275,893.61,28.100491,0.0259277473177464,5.3175,0.10668
"ensemble-046",1979,0.809457712091739,713.64625,881.635,224.4742999,0.0362176170423244,5.176,0.14805
"ensemble-046",1980,0.785082643401881,661.4125,842.475,238.85092,0.0239238519890269,4.79725,0.148525
"ensemble-046",1981,0.763780140263834,574.208,751.7975,397.11307,0.034652411259149,4.16475,0.130325
"ensemble-046",1982,0.763030937212539,557.83475,731.0775,309.121802,0.0376553806205346,4.046,0.141875
"ensemble-046",1983,0.772033784945826,606.0195,784.965,161.339196,0.0563970684246469,4.3955,0.141825
"ensemble-046",1984,0.777363463755729,677.59275,871.655,291.744958,0.0608385045438206,4.9145,0.162125
"ensemble-046",1985,0.759152542372881,685.287,902.7,268.2738054,0.0577587739736571,4.97025,0.168575
"ensemble-046",1986,0.736259024883813,643.98,874.665,190.050118,0.0582076274562505,4.67075,0.154375
"ensemble-046",1987,0.725686477310414,645.50175,889.505,475.253213,0.0710168277367095,4.6815,0.20275
"ensemble-046",1988,0.714258517745645,653.75725,915.295,285.201588,0.0575308461542868,4.7415,0.166275
"ensemble-046",1989,0.707066207120758,641.60425,907.4175,280.40854,0.054437945713387,4.65375,0.164525
"ensemble-046",1990,0.707179693509859,698.66525,987.96,222.404043,0.0825891453171039,5.06725,0.205025
"ensemble-046",1991,0.700844556425651,721.12875,1028.9425,400.0535055,0.0854495289943086,5.23025,0.195725
"ensemble-046",1992,0.685039172566296,703.22525,1026.5475,232.602837,0.0876547637356214,5.10025,0.235825
"ensemble-046",1993,0.659371956602576,651.66225,988.3075,220.526547,0.0738882404531583,4.7265,0.213275
"ensemble-046",1994,0.648824812929154,657.90025,1013.9875,433.729115,0.0780419492649645,4.7715,0.242675
"ensemble-046",1995,0.628278589724273,625.48275,995.55,113.520537,0.0870828681078131,4.5365,0.207
"ensemble-046",1996,0.629273546914736,614.8915,977.145,391.35827,0.0905656865485603,4.46,0.19465
"ensemble-046",1997,0.650895190191147,663.84475,1019.895,82.336065,0.143027709106614,4.81475,0.266175
"ensemble-046",1998,0.625129936625705,647.0845,1035.12,383.179136,0.124951373710874,4.69325,0.315725
"ensemble-046",1999,0.58964504554792,586.27375,994.2825,292.342622,0.189966221907685,4.25225,0.3642
"ensemble-046",2000,0.551912237750437,531.45975,962.9425,341.590788,0.137092675703124,3.85475,0.3349
"ensemble-046",2001,0.527020455297071,486.04725,922.255,205.005373,0.123039674455664,3.525,0.281775
"ensemble-046",2002,0.523348112560416,497.8205,951.2225,317.902521,0.104393714166041,3.6105,0.3453
"ensemble-046",2003,0.512056108537827,506.59375,989.3325,207.688596,0.141533250066915,3.67425,0.3177
"ensemble-046",2004,0.508302107085656,509.367,1002.095,377.686167,0.122783860868008,3.6945,0.427775
"ensemble-046",2005,0.483359457763529,475.66075,984.0725,214.657786,0.144443971022352,3.44975,0.3394
"ensemble-046",2006,0.483475107088014,478.563,989.84,229.803614,0.137493006475252,3.47075,0.371825
"ensemble-046",2007,0.478569467736783,479.41175,1001.76,236.906246,0.177444881346039,3.47725,0.391975
"ensemble-046",2008,0.465707706462573,453.0195,972.755,249.339825,0.20586264850858,3.286,0.4193
"ensemble-046",2009,0.445766998837222,410.19925,920.21,289.453416,0.13172031401751,2.97525,0.413325
"ensemble-046",2010,0.429558105761378,385.261,896.8775,188.57773,0.127227178912049,2.794,0.3424
"ensemble-046",2011,0.438206093046274,396.238,904.2275,215.03856,0.16367186342956,2.874,0.43395
"ensemble-046",2012,0.430698456144067,386.31175,896.9425,367.732716,0.137031768144105,2.802,0.423925
"ensemble-046",2013,0.421120418999667,363.83225,863.9625,279.548098,0.144491442130997,2.63875,0.3715
"ensemble-046",2014,0.437016190146182,387.818,887.4225,160.549686,0.202893339132445,2.81275,0.41515
"ensemble-046",2015,0.450728093174803,426.7595,946.8225,228.491889,0.158568081025575,3.095,0.392925
"ensemble-046",2016,0.441909264613517,416.874,943.3475,242.750567,0.22016738904305,3.0235,0.427225
"ensemble-046",2017,0.426183104944792,380.28425,892.3025,256.264973,0.134858587554033,2.75825,0.362025
"ensemble-046",2018,0.418103568807019,358.84575,858.27,189.937498,0.15967308804208,2.6025,0.422025
"ensemble-046",2019,0.415765105287033,355.15175,854.2125,264.639497,0.0984472176719394,2.57575,0.361525
"ensemble-046",2020,0.423476327032247,361.797,854.35,191.111486,0.203277293772127,2.624,0.381975
"ensemble-046",2021,0.44139037152713,378.74825,858.08,226.748007,0.194281338403616,2.747,0.393375
"ensemble-046",2022,0.444017571509221,377.5215,850.24,136.06565,0.277880192657542,2.738,0.429925
"ensemble-046",2023,0.430823548350148,347.92125,807.5725,252.232668,0.252640932780348,2.5235,0.471025
"ensemble-046",2024,0.401375425495103,311.73575,776.66875,277.596628,0.165137769904901,2.261,0.479525
"ensemble-047",1952,0.998418869070255,4949.0575,4956.895,275.04793,0.00327758133624226,10.235,0.024425
"ensemble-047",1953,0.993162160294761,5066.8725,5101.7575,186.89851,0.00323402268927417,10.48,0.022755
"ensemble-047",1954,0.989523760182901,5156.9575,5211.555,283.098177,0.0022231516623581,10.665,0.01522975
"ensemble-047",1955,0.986313027813888,5212.4375,5284.77,210.167489,0.0038672720632495,10.78,0.02569
"ensemble-047",1956,0.981912683096767,5172.0925,5267.365,138.972696,0.0047459049916937,10.695,0.02995
"ensemble-047",1957,0.976886964678853,5170.46,5292.7925,96.452508,0.00723318450096451,10.695,0.04209
"ensemble-047",1958,0.968519305236121,4958.5525,5119.725,252.509284,0.00935681718035837,10.25425,0.06307
"ensemble-047",1959,0.957721393402395,4537.0375,4737.325,84.133084,0.00731907673388949,9.38275,0.0584325
"ensemble-047",1960,0.948621330623563,4086.535,4307.8675,166.577312,0.00749446891122173,8.451,0.0576525
"ensemble-047",1961,0.943032966016161,3872.8525,4106.805,75.146537,0.00799718918456934,8.00925,0.059305
"ensemble-047",1962,0.93738906267315,3616.215,3857.7525,150.203642,0.00676694455376728,7.47825,0.0587975
"ensemble-047",1963,0.931260977244899,3361.61,3609.74,113.223169,0.00934237319711978,6.952,0.0788175
"ensemble-047",1964,0.924002362094799,3094.2275,3348.7225,100.0080697,0.00659216938528647,6.39875,0.0610525
"ensemble-047",1965,0.922155755416319,2893.485,3137.74,75.2337598,0.00774371649781811,5.9835,0.0595475
"ensemble-047",1966,0.920492774861887,2735.4675,2971.7425,172.4866,0.00728021189777843,5.657,0.0691325
"ensemble-047",1967,0.91608042770846,2552.6375,2786.4775,58.291157,0.0101854907308386,5.27875,0.0774475
"ensemble-047",1968,0.912318544973138,2370.605,2598.44,87.1987473,0.00796825855729553,4.9025,0.064375
"ensemble-047",1969,0.911109869430647,2282.845,2505.565,124.0054885,0.00925799165738007,4.72125,0.08163
"ensemble-047",1970,0.907848153117568,2171.945,2392.41,83.6089719,0.0172241904318833,4.4915,0.0791425
"ensemble-047",1971,0.905097485725363,2077.735,2295.5925,72.548873,0.0180622710541971,4.297,0.081955
"ensemble-047",1972,0.900902622326155,2027.38,2250.3875,103.106165,0.0247655172770016,4.19275,0.114525
"ensemble-047",1973,0.890736256357922,1913.66,2148.4025,91.131414,0.0171637548309447,3.9575,0.096925
"ensemble-047",1974,0.882550928721884,1797.465,2036.67,57.213611,0.028046879806242,3.71725,0.1107525
"ensemble-047",1975,0.874298142155825,1734.625,1984.02,159.19132,0.0235153113567076,3.58725,0.142125
"ensemble-047",1976,0.860901845179605,1655.85,1923.39,93.65512,0.0262517651016846,3.42425,0.151125
"ensemble-047",1977,0.84838820207958,1627.97,1918.8975,105.765103,0.0345460553935406,3.3665,0.170225
"ensemble-047",1978,0.841002150111821,1656.4925,1969.665,26.42512,0.0275264724429408,3.42575,0.1408
"ensemble-047",1979,0.83176305781446,1644.695,1977.36,90.630783,0.0349271854149365,3.40125,0.1804
"ensemble-047",1980,0.817906151504788,1608.255,1966.3075,80.234668,0.0300185344198471,3.326,0.179425
"ensemble-047",1981,0.805412984285099,1510.7675,1875.7675,116.20867,0.0491447796705057,3.12425,0.171475
"ensemble-047",1982,0.797253186910215,1444.7025,1812.1,129.853441,0.0531545721451621,2.98775,0.2039
"ensemble-047",1983,0.789389741835079,1430.39,1812.02,91.919305,0.0677134638169756,2.958,0.20545
"ensemble-047",1984,0.781516302150631,1478.8125,1892.235,102.195486,0.070572968756336,3.0585,0.224025
"ensemble-047",1985,0.765600878398316,1511.3325,1974.0475,115.5770709,0.0773538196314958,3.1255,0.234875
"ensemble-047",1986,0.747038713617447,1483.18,1985.4125,83.826432,0.0783016020710315,3.067,0.21925
"ensemble-047",1987,0.731315369107279,1467.3075,2006.395,149.0183216,0.0899137233909661,3.0345,0.281225
"ensemble-047",1988,0.714799568944594,1472.53,2060.06,147.303552,0.0792693520812754,3.04525,0.2462
"ensemble-047",1989,0.700453914228021,1455.1825,2077.485,110.510036,0.0773005856253478,3.0095,0.245575
"ensemble-047",1990,0.689741932082081,1504.3375,2181.015,107.09497,0.107892373115704,3.11075,0.29835
"ensemble-047",1991,0.681350170144905,1556.26,2284.0825,118.082375,0.108824393015211,3.21825,0.27025
"ensemble-047",1992,0.667878688241078,1564.05,2341.8175,126.987293,0.1368106012535,3.2345,0.337925
"ensemble-047",1993,0.648307394368455,1516.485,2339.145,83.882357,0.111944498524937,3.13625,0.29915
"ensemble-047",1994,0.627674564992102,1473.295,2347.2275,154.835469,0.110718788152285,3.04675,0.34705
"ensemble-047",1995,0.60632554665218,1428.6,2356.16,67.014226,0.101623316503825,2.95425,0.30725
"ensemble-047",1996,0.594212458075131,1380.565,2323.3525,178.66299,0.108672881911084,2.855,0.290525
"ensemble-047",1997,0.601292657106303,1429.9025,2378.0475,84.59297,0.145449226685668,2.95725,0.36605
"ensemble-047",1998,0.592528063166394,1441.96,2433.5725,122.788527,0.161808509954772,2.982,0.427775
"ensemble-047",1999,0.577270372551862,1423.5675,2466.0325,137.879108,0.193232810481558,2.94375,0.460625
"ensemble-047",2000,0.551795239726062,1357.4425,2460.0475,145.248624,0.17955262361077,2.80725,0.4432
"ensemble-047",2001,0.530534100919875,1294.795,2440.55,95.159844,0.153581732904438,2.67775,0.3856
"ensemble-047",2002,0.516127401620019,1276.285,2472.81,117.401532,0.167777101799752,2.63925,0.4822
"ensemble-047",2003,0.50149149889973,1272.2225,2536.8775,119.52734,0.173291882712224,2.63075,0.44085
"ensemble-047",2004,0.487986364009748,1247.5225,2556.47,129.976758,0.229204601027449,2.57975,0.625975
"ensemble-047",2005,0.46904484853266,1189.1225,2535.2,100.064546,0.18838955718411,2.459,0.49795
"ensemble-047",2006,0.452433509641743,1147.06825,2535.33,102.248665,0.23788434681303,2.37225,0.54255
"ensemble-047",2007,0.442192254216949,1126.66275,2547.9025,99.840597,0.233814578561125,2.33,0.550975
"ensemble-047",2008,0.42662427461648,1076.65675,2523.665,112.523732,0.287826909830468,2.22675,0.59805
"ensemble-047",2009,0.406828977059996,1005.1015,2470.575,109.60651,0.232291119491032,2.0785,0.618725
"ensemble-047",2010,0.387851152203185,935.4165,2411.7925,82.798072,0.182690033705433,1.9345,0.52845
"ensemble-047",2011,0.375835689426773,897.94475,2389.195,94.509248,0.256732093153167,1.85725,0.663725
"ensemble-047",2012,0.364794475605884,861.73575,2362.25,149.657334,0.221281763240646,1.782,0.6862
"ensemble-047",2013,0.353389136249948,813.1325,2300.955,126.767388,0.220854470990738,1.6815,0.6377
"ensemble-047",2014,0.350433222808067,805.865,2299.625,78.584976,0.26249592162625,1.66675,0.6958
"ensemble-047",2015,0.353293384840882,840.00625,2377.645,101.347736,0.220761439042611,1.73725,0.6217
"ensemble-047",2016,0.352331627063462,853.84575,2423.415,106.453499,0.299998925928908,1.76575,0.6534
"ensemble-047",2017,0.347852101135066,833.111,2395.015,105.044705,0.202886255537203,1.723,0.553775
"ensemble-047",2018,0.344348517358439,813.26425,2361.7475,86.354266,0.237170523188389,1.682,0.6584
"ensemble-047",2019,0.340021901352393,798.76925,2349.17,73.586269,0.181690278693486,1.65175,0.594675
"ensemble-047",2020,0.338432477696544,788.09925,2328.675,107.901242,0.293627823971833,1.62975,0.646125
"ensemble-047",2021,0.340986594891976,777.2295,2279.355,83.398314,0.29092743447011,1.60725,0.631
"ensemble-047",2022,0.340465691806209,758.0375,2226.4725,73.642712,0.346391181628302,1.5675,0.68705
"ensemble-047",2023,0.32991672612083,722.53825,2190.0625,118.808754,0.369214711840661,1.494,0.738075
"ensemble-047",2024,0.309909056970758,662.03625,2136.2275,115.623997,0.240628736753315,1.36925,0.796575
"ensemble-048",1952,0.994405559132543,1675.7275,1685.155,68.397242,0.0112421984706094,4.28125,0.082415
"ensemble-048",1953,0.976699570109162,1691.4825,1731.835,61.94369,0.0110463889867642,4.32175,0.0764975
"ensemble-048",1954,0.96520750008135,1705.5675,1767.0475,75.6906,0.00858073890930216,4.358,0.052775
"ensemble-048",1955,0.954948521597406,1705.02,1785.4575,72.1549988,0.0118774271561667,4.35625,0.0855
"ensemble-048",1956,0.941466378988331,1688.68,1793.67,43.2612147,0.0146622611449344,4.3145,0.0945875
"ensemble-048",1957,0.928633004760224,1723.5475,1856.005,31.8133932,0.0207072704644437,4.40375,0.1255775
"ensemble-048",1958,0.907501143078575,1692.02,1864.4825,59.2951819,0.0282708505334791,4.32275,0.1844
"ensemble-048",1959,0.880540513226488,1568.3175,1781.085,39.0471314,0.0205720005453427,4.007,0.17207
"ensemble-048",1960,0.857556993750771,1425.0925,1661.805,38.3687571,0.0248463514523248,3.64125,0.1749025
"ensemble-048",1961,0.843994131128513,1356.115,1606.7825,41.5162191,0.0212588820644485,3.46475,0.173975
"ensemble-048",1962,0.831082330569288,1269.605,1527.6525,41.58268,0.0206762370051261,3.244,0.169275
"ensemble-048",1963,0.818818210084914,1191.62,1455.2925,47.7041105,0.0249888196081524,3.0445,0.2189
"ensemble-048",1964,0.804320503320111,1107.115,1376.46,35.0671981,0.0178243356242677,2.8285,0.1651025
"ensemble-048",1965,0.80478808835478,1064.795,1323.075,29.0610353,0.0201042236300336,2.7205,0.155225
"ensemble-048",1966,0.806371629384073,1042.32,1292.605,58.035769,0.0198341566964948,2.66325,0.1768
"ensemble-048",1967,0.800093430280673,993.37,1241.5675,23.6766452,0.024999537956972,2.538,0.194475
"ensemble-048",1968,0.795133881509593,942.83,1185.75,36.2208601,0.020386203264455,2.409,0.160725
"ensemble-048",1969,0.796166266386257,933.1825,1172.095,39.021619,0.0248901282733145,2.384,0.2032
"ensemble-048",1970,0.790241171517869,896.335,1134.255,37.5018871,0.0358452318728668,2.29025,0.1971
"ensemble-048",1971,0.784882436915287,861.8225,1098.0275,25.3682788,0.040121898468281,2.202,0.2007
"ensemble-048",1972,0.778530270920442,849.5225,1091.1875,27.693146,0.0565116927977438,2.1705,0.278
"ensemble-048",1973,0.758517036449138,798.0225,1052.0825,42.652292,0.0350477850183906,2.039,0.23755
"ensemble-048",1974,0.744302615423762,753.2175,1011.9775,20.9888435,0.0582146019047689,1.9245,0.267775
"ensemble-048",1975,0.728588379942993,721.46825,990.2275,64.669233,0.0530144139300501,1.84325,0.348175
"ensemble-048",1976,0.702110702945022,676.596,963.66,19.9650558,0.0632961642123541,1.72875,0.371475
"ensemble-048",1977,0.679775115616484,658.51175,968.72,51.047242,0.0791977519787538,1.68275,0.41435
"ensemble-048",1978,0.667879742097751,669.16875,1001.93,6.7671218,0.0616586462598973,1.7095,0.347875
"ensemble-048",1979,0.648804137841985,653.21925,1006.805,24.8261822,0.0821006518512953,1.669,0.447175
"ensemble-048",1980,0.622073080347594,625.30475,1005.195,40.707153,0.0710917481912025,1.59775,0.4559
"ensemble-048",1981,0.598195693819757,574.555,960.48,49.936162,0.101952983224888,1.468,0.438625
"ensemble-048",1982,0.582530254440042,543.575,933.1275,52.98527,0.128264372341805,1.38875,0.5154
"ensemble-048",1983,0.570186315722766,539.841,946.78,44.878619,0.149713599766046,1.37925,0.511225
"ensemble-048",1984,0.560047124841312,566.8825,1012.205,38.8828634,0.173127058317538,1.4485,0.553125
"ensemble-048",1985,0.53578768031243,581.0095,1084.4025,53.3274279,0.159443093073625,1.48425,0.580875
"ensemble-048",1986,0.507476932226468,567.44675,1118.1725,41.0387642,0.177719469669777,1.44975,0.536425
"ensemble-048",1987,0.487376744125872,565.078,1159.4275,65.2466879,0.19760063383442,1.44375,0.6826
"ensemble-048",1988,0.464853333551922,567.0955,1219.945,61.159032,0.174348340406125,1.44875,0.59945
"ensemble-048",1989,0.448206056975321,564.86625,1260.2825,58.2679854,0.150959218685571,1.4435,0.58695
"ensemble-048",1990,0.43813662710512,591.67175,1350.4275,52.674814,0.216714538509797,1.51175,0.7162
"ensemble-048",1991,0.426661734438059,608.4175,1425.995,60.861792,0.244326758286321,1.5545,0.659775
"ensemble-048",1992,0.409245521798585,602.29175,1471.7125,62.2363769,0.299680672389789,1.539,0.8317
"ensemble-048",1993,0.381858924789026,567.8815,1487.15,36.416188,0.23094815110226,1.45075,0.744425
"ensemble-048",1994,0.357312763221189,545.95425,1527.945,74.618612,0.229081184219373,1.395,0.864975
"ensemble-048",1995,0.330425305842057,514.6655,1557.585,29.232162,0.230423381889951,1.315,0.785
"ensemble-048",1996,0.319496289235159,496.04275,1552.5775,82.674133,0.255485161547706,1.26725,0.737875
"ensemble-048",1997,0.32873825651714,520.4995,1583.325,38.0422995,0.329149830338369,1.32975,0.924125
"ensemble-048",1998,0.313110577396182,509.09275,1625.92,86.403105,0.334474600744704,1.3005,1.11175
"ensemble-048",1999,0.289945594966707,482.04325,1662.53,55.47393,0.514451506660902,1.2315,1.2127
"ensemble-048",2000,0.260398917717858,440.0605,1689.9475,90.950778,0.407078569485866,1.12425,1.207
"ensemble-048",2001,0.238196544041338,410.26675,1722.3875,40.191626,0.343988417074336,1.04825,1.04135
"ensemble-048",2002,0.223293363043445,398.0835,1782.7825,74.436675,0.315891770186286,1.017,1.304
"ensemble-048",2003,0.207852745910168,387.04,1862.0875,52.269524,0.376985007768079,0.988825,1.18725
"ensemble-048",2004,0.19836120423279,377.95,1905.3625,85.517243,0.441671714129462,0.965675,1.6625
"ensemble-048",2005,0.179167963616804,343.925,1919.5675,54.717966,0.43407900976194,0.878725,1.35325
"ensemble-048",2006,0.172447371766637,335.71925,1946.7925,62.303708,0.415651685407502,0.857775,1.443
"ensemble-048",2007,0.16559721733732,330.7585,1997.3675,61.6635549,0.491222050648819,0.8451,1.4755
"ensemble-048",2008,0.156950505325064,317.5815,2023.45,75.457799,0.617001245032461,0.811425,1.60825
"ensemble-048",2009,0.145849237174212,293.74875,2014.0575,69.052925,0.481417491579648,0.7505,1.646
"ensemble-048",2010,0.133971513533481,271.10375,2023.5925,52.914931,0.345702411684859,0.692675,1.35405
"ensemble-048",2011,0.131847728185261,273.37275,2073.3975,58.681806,0.512230616420688,0.698475,1.673
"ensemble-048",2012,0.126532136896314,265.9095,2101.5175,81.335587,0.451129251316774,0.679375,1.74225
"ensemble-048",2013,0.119108248943073,248.34725,2085.055,81.806207,0.414755057083495,0.63455,1.59825
"ensemble-048",2014,0.119886445162002,252.7485,2108.2325,47.056207,0.495922993992798,0.645775,1.703
"ensemble-048",2015,0.123642261257771,270.4455,2187.3225,64.42643,0.400468930550919,0.691,1.5395
"ensemble-048",2016,0.124669190203501,279.3715,2240.9025,64.070295,0.561068715855452,0.7138,1.6025
"ensemble-048",2017,0.123247498029635,274.44075,2226.745,67.760389,0.391111777051411,0.7012,1.35775
"ensemble-048",2018,0.123456840413916,272.764,2209.3875,50.667061,0.451356401080621,0.696925,1.568
"ensemble-048",2019,0.122726199556863,270.302,2202.48,55.219925,0.319511834526107,0.690625,1.39325
"ensemble-048",2020,0.12513361358438,274.22875,2191.4875,64.831759,0.521260120202722,0.70065,1.469225
"ensemble-048",2021,0.129795534360122,280.0595,2157.6975,59.812836,0.522463612327945,0.71555,1.452
"ensemble-048",2022,0.131261655901351,279.42325,2128.75,48.327134,0.702352912866488,0.7139,1.57075
"ensemble-048",2023,0.127041248996933,264.7835,2084.2325,63.147193,0.650860196609866,0.676525,1.718
"ensemble-048",2024,0.111704254643382,229.4855,2054.4025,52.388036,0.534239077833447,0.586325,2.00575
"ensemble-049",1952,0.992608410979602,1231.765,1240.9375,114.356547,0.00964394527848345,5.54725,0.072565
"ensemble-049",1953,0.969895061096186,1231.0975,1269.31,94.524219,0.00923214210653543,5.54425,0.067525
"ensemble-049",1954,0.956716776536334,1234.3225,1290.165,135.641552,0.00630727218288644,5.55875,0.04559
"ensemble-049",1955,0.946323220759397,1239.92,1310.25,137.3528239,0.0094543512906432,5.58375,0.071955
"ensemble-049",1956,0.932582939056781,1240.305,1329.9675,80.4941195,0.0126232591151294,5.5855,0.07975
"ensemble-049",1957,0.919737134500828,1283.0425,1395.01,56.9700735,0.018896290227138,5.778,0.1089725
"ensemble-049",1958,0.895506427691378,1251.965,1398.0525,135.835603,0.0242136169809762,5.638,0.1626975
"ensemble-049",1959,0.863626022364036,1138.8075,1318.635,47.611774,0.0183218694821949,5.1285,0.150305
"ensemble-049",1960,0.838323758858698,1021.1475,1218.0825,95.8551384,0.018403171974904,4.5985,0.150005
"ensemble-049",1961,0.828290790921956,987.685,1192.4375,56.1294324,0.0182282475335398,4.44775,0.148125
"ensemble-049",1962,0.817187238650269,928.2675,1135.93,87.491029,0.0155218186476407,4.18025,0.143525
"ensemble-049",1963,0.806889964018618,878.5075,1088.7575,84.133971,0.019496517875298,3.95625,0.18455
"ensemble-049",1964,0.793400870268099,819.595,1033.015,65.0114087,0.0141269983379849,3.691,0.1368125
"ensemble-049",1965,0.79918834734341,800.515,1001.66,55.4725442,0.0164396662588518,3.605,0.128225
"ensemble-049",1966,0.80504248876116,795.545,988.2025,119.5410565,0.0147643324836276,3.58275,0.14565
"ensemble-049",1967,0.799733914584478,760.405,950.8225,36.4736976,0.0204386148862894,3.4245,0.157625
"ensemble-049",1968,0.79637116736526,723.8775,908.97,68.7634284,0.016097673250006,3.25975,0.12965
"ensemble-049",1969,0.801058785391289,728.9675,910.005,85.0188392,0.0180369160849553,3.28275,0.162425
"ensemble-049",1970,0.796205467257129,702.09,881.795,62.0579416,0.030992282547338,3.162,0.154125
"ensemble-049",1971,0.793446920814295,682.4675,860.13,53.537037,0.0352186220006799,3.0735,0.15805
"ensemble-049",1972,0.78890939704104,681.74,864.155,57.236341,0.0441681380524324,3.07025,0.2199
"ensemble-049",1973,0.767295749025655,636.89,830.045,80.881123,0.0274668777859993,2.868,0.185125
"ensemble-049",1974,0.754939740899982,601.82475,797.1825,40.677295,0.0455922785135893,2.71025,0.207075
"ensemble-049",1975,0.742569078561301,585.25025,788.1425,116.807065,0.0380331330075583,2.6355,0.262475
"ensemble-049",1976,0.71726169462321,553.64175,771.8825,51.126563,0.0477329275754012,2.49325,0.276525
"ensemble-049",1977,0.697872109365019,546.2245,782.7,89.2297448,0.0598833282432247,2.45975,0.308475
"ensemble-049",1978,0.690250679312447,563.3015,816.0825,12.9655881,0.0495887426918116,2.53675,0.2581
"ensemble-049",1979,0.67399384021217,551.4685,818.21,63.8871303,0.0598309737556472,2.4835,0.336675
"ensemble-049",1980,0.647726280983609,526.948,813.535,65.868906,0.0510873370501778,2.37325,0.341475
"ensemble-049",1981,0.624639251399884,479.9525,768.3675,91.670426,0.0750543336801066,2.16125,0.32135
"ensemble-049",1982,0.61448436661299,457.91375,745.2,98.378807,0.0883457594455097,2.06225,0.367225
"ensemble-049",1983,0.609196267209937,463.49175,760.825,77.365594,0.110957992006779,2.08725,0.360775
"ensemble-049",1984,0.607346568363223,498.5875,820.9275,84.4735553,0.127189686422949,2.24525,0.393425
"ensemble-049",1985,0.587102573160726,515.19425,877.52,90.9837091,0.120678720122671,2.32,0.4103
"ensemble-049",1986,0.561544982485983,501.77975,893.57,68.82758,0.13223372238777,2.25975,0.3768
"ensemble-049",1987,0.544987170958852,501.80375,920.7625,124.2160863,0.138043889625551,2.25975,0.4821
"ensemble-049",1988,0.525566045812934,506.4315,963.5925,119.691658,0.128157603739652,2.28075,0.415275
"ensemble-049",1989,0.51225254105764,503.34575,982.6125,92.9322054,0.120607978035368,2.26675,0.4083
"ensemble-049",1990,0.505844274794632,531.57025,1050.8575,84.673186,0.163442474921015,2.39375,0.498725
"ensemble-049",1991,0.495880410692478,548.171,1105.45,121.702397,0.17795849896679,2.46875,0.462375
"ensemble-049",1992,0.480708585893108,545.031,1133.8075,97.483587,0.223659601071234,2.45475,0.576025
"ensemble-049",1993,0.453430871425853,512.293,1129.815,76.784116,0.162381025090812,2.307,0.5164
"ensemble-049",1994,0.427883437043966,494.05775,1154.655,125.256915,0.159083275471396,2.22475,0.600525
"ensemble-049",1995,0.400876747004752,467.17675,1165.3875,52.287932,0.165243025744476,2.10375,0.53035
"ensemble-049",1996,0.394085344130962,453.541,1150.87,148.259141,0.172928192404894,2.0425,0.49335
"ensemble-049",1997,0.41235629682627,485.57325,1177.5575,55.078714,0.256240766307592,2.18675,0.62515
"ensemble-049",1998,0.395772874718966,477.05275,1205.37,139.068189,0.225567481975238,2.1485,0.7447
"ensemble-049",1999,0.369299225460799,450.4555,1219.7575,113.126623,0.357077987662767,2.0285,0.8208
"ensemble-049",2000,0.336303672783212,412.09475,1225.365,137.452028,0.278725986534529,1.856,0.800925
"ensemble-049",2001,0.312748301257273,384.32075,1228.85,78.698956,0.246958162886829,1.7305,0.682225
"ensemble-049",2002,0.29990910480137,377.79325,1259.6925,116.716834,0.221458372206682,1.70125,0.847525
"ensemble-049",2003,0.285056890446562,373.73025,1311.0725,93.538053,0.264649822138923,1.683,0.768175
"ensemble-049",2004,0.277003703182862,369.3325,1333.3125,140.758251,0.278637977860647,1.66325,1.0617
"ensemble-049",2005,0.255234310204419,340.0525,1332.315,92.127229,0.279469062216287,1.53175,0.852525
"ensemble-049",2006,0.249688728275245,335.101,1342.075,93.590696,0.287908331139284,1.50925,0.9109
"ensemble-049",2007,0.245952400499895,337.0255,1370.2875,104.190779,0.338820803059399,1.51775,0.940425
"ensemble-049",2008,0.236819851160172,323.8695,1367.5775,113.79037,0.414465577581833,1.45825,1.018525
"ensemble-049",2009,0.22138324956059,296.30875,1338.4425,114.738121,0.302940603122378,1.3345,1.031425
"ensemble-049",2010,0.206967708139011,274.58975,1326.7275,83.923649,0.239320867466262,1.23675,0.847325
"ensemble-049",2011,0.20777284258046,278.68,1341.2725,94.1326604,0.346050211042534,1.255,1.05295
"ensemble-049",2012,0.20273013312419,272.707,1345.1725,142.244772,0.287775519894384,1.228,1.080925
"ensemble-049",2013,0.192838247126873,254.04125,1317.38,129.562608,0.287964296534595,1.144,0.973325
"ensemble-049",2014,0.197347670791925,261.47925,1324.9675,78.096653,0.36230010124112,1.1775,1.0383
"ensemble-049",2015,0.20689914479238,286.141,1382.9975,105.42275,0.286083578052103,1.2885,0.9422
"ensemble-049",2016,0.208349474376867,294.465,1413.3225,102.868942,0.404432749186875,1.326,0.99295
"ensemble-049",2017,0.205278293002056,285.538,1390.98,111.561256,0.269979108612945,1.286,0.84295
"ensemble-049",2018,0.204608146923462,280.306,1369.965,87.997693,0.317194772082566,1.26225,0.98045
"ensemble-049",2019,0.202886699742479,276.33625,1362.0225,91.636874,0.224192574343584,1.2445,0.866925
"ensemble-049",2020,0.2067135395222,279.89375,1354.0175,96.481956,0.37409015831228,1.2605,0.915925
"ensemble-049",2021,0.214762239532072,286.3935,1333.5375,96.869758,0.381132663097192,1.28975,0.9226
"ensemble-049",2022,0.21736331837883,285.8545,1315.1,73.63202,0.513155543875254,1.28725,1.0132
"ensemble-049",2023,0.207181800721982,264.2925,1275.655,107.692749,0.464778958970833,1.19025,1.108675
"ensemble-049",2024,0.181906276509766,226.763,1246.5925,91.621915,0.367050352927782,1.021225,1.2405
"ensemble-050",1952,0.997183789919318,2844.205,2852.2375,212.424884,0.00478264096649074,8.9175,0.03355
"ensemble-050",1953,0.988056990542908,2888.5525,2923.4675,144.580435,0.00480077230733274,9.05625,0.0313975
"ensemble-050",1954,0.982166348843656,2922.9025,2975.975,221.727641,0.00327538010628951,9.164,0.02115225
"ensemble-050",1955,0.977184224121365,2936.5925,3005.1575,209.390829,0.0051735287413014,9.20725,0.0351725
"ensemble-050",1956,0.970292045152345,2900.625,2989.435,119.179009,0.00674771038641511,9.0945,0.04025
"ensemble-050",1957,0.96295712005022,2929.915,3042.6225,83.256692,0.0102554717757253,9.186,0.05653
"ensemble-050",1958,0.950182632855419,2825.7125,2973.8625,202.85547,0.0137512648047785,8.85925,0.0851825
"ensemble-050",1959,0.933488420219506,2571.1725,2754.37,83.604421,0.00998172843673423,8.06125,0.0785725
"ensemble-050",1960,0.919943752896246,2302.84,2503.24,135.072996,0.010621762750002,7.22,0.0775175
"ensemble-050",1961,0.913050327665136,2202.4075,2412.1425,86.629544,0.0105148089569538,6.90525,0.0791125
"ensemble-050",1962,0.905863437066141,2063.455,2277.8875,122.15368,0.00935586991551289,6.4695,0.0778025
"ensemble-050",1963,0.898362176279626,1932.2625,2150.8725,103.068896,0.0125390706223291,6.058,0.1026175
"ensemble-050",1964,0.889113422215369,1787.4225,2010.3425,93.646517,0.00876687175484152,5.604,0.0782125
"ensemble-050",1965,0.889008170968258,1693.485,1904.915,76.2858102,0.0102864362054237,5.3095,0.07524
"ensemble-050",1966,0.889012586159323,1627.0575,1830.185,151.767779,0.00973022789014242,5.1015,0.0868875
"ensemble-050",1967,0.883971615212373,1528.7825,1729.4475,47.060039,0.013633060293352,4.793,0.0960125
"ensemble-050",1968,0.880086516155631,1430.255,1625.13,85.5994986,0.0105045052377729,4.4845,0.0795675
"ensemble-050",1969,0.880231912682076,1399.4125,1589.8225,114.9203183,0.0121050662186546,4.38775,0.10114
"ensemble-050",1970,0.875981638336947,1334.3675,1523.2825,83.8632358,0.0211903802284689,4.18375,0.097765
"ensemble-050",1971,0.872646221510032,1279.7575,1466.525,62.245027,0.0233139993563178,4.01275,0.1007375
"ensemble-050",1972,0.868011689256016,1259.4025,1450.905,74.834767,0.0315285192988185,3.94875,0.1406
"ensemble-050",1973,0.853963605412122,1183.8775,1386.3325,108.53385,0.0197507086474679,3.71175,0.1186375
"ensemble-050",1974,0.844084524384584,1113.97,1319.7375,48.78845,0.0326257174928899,3.4925,0.1346
"ensemble-050",1975,0.834074644451194,1077.785,1292.1925,155.847229,0.0271126732867071,3.3795,0.1716
"ensemble-050",1976,0.816804933091764,1027.9,1258.44,70.235182,0.0325610251375921,3.223,0.179775
"ensemble-050",1977,0.802987323644433,1020.4925,1270.87,113.764909,0.040955823994294,3.1995,0.200425
"ensemble-050",1978,0.796771761700616,1054.2625,1323.1675,18.572441,0.0328179358986396,3.3055,0.166775
"ensemble-050",1979,0.785559361696925,1044.0025,1328.9925,76.728872,0.0409591109824631,3.27325,0.214875
"ensemble-050",1980,0.768088467614534,1014.9425,1321.3875,83.023621,0.0363224020632354,3.18225,0.215775
"ensemble-050",1981,0.752639351567824,941.565,1251.0175,111.334846,0.0562780894427924,2.95225,0.2056
"ensemble-050",1982,0.743879737858348,898.1325,1207.3625,118.795408,0.0674070591482732,2.816,0.240775
"ensemble-050",1983,0.736662029397682,896.2175,1216.5925,89.902917,0.0828757456169212,2.81,0.24025
"ensemble-050",1984,0.73000122289967,940.185,1287.9225,96.276712,0.093673608237429,2.94775,0.26285
"ensemble-050",1985,0.711320246783371,964.44,1355.845,114.1808076,0.0923448077721839,3.024,0.275375
"ensemble-050",1986,0.689217840342895,940.2775,1364.2675,75.898161,0.0983345612712864,2.948,0.2555
"ensemble-050",1987,0.672216718600839,933.02,1387.975,158.2619842,0.105899889737515,2.9255,0.328325
"ensemble-050",1988,0.653765664880374,938.765,1435.935,132.528405,0.0944115375300191,2.94325,0.282975
"ensemble-050",1989,0.640150406490068,929.54,1452.065,111.265637,0.087616483997586,2.9145,0.2792
"ensemble-050",1990,0.633433168376779,980.8,1548.3875,105.398918,0.118317066977757,3.075,0.339925
"ensemble-050",1991,0.625104629549847,1015.6575,1624.78,114.990471,0.134729121113619,3.1845,0.311825
"ensemble-050",1992,0.610919013999663,1014.15,1660.04,127.124486,0.157917476545427,3.17975,0.3919
"ensemble-050",1993,0.58801825581783,970.1625,1649.885,80.807544,0.124048457327999,3.04175,0.3462
"ensemble-050",1994,0.566706771491342,940.865,1660.2325,145.531823,0.117137029325529,2.95,0.39955
"ensemble-050",1995,0.544244601091884,910.66,1673.255,63.446432,0.119310642700693,2.855,0.35375
"ensemble-050",1996,0.536196478934072,884.5325,1649.6425,172.119112,0.13218625635063,2.77325,0.333575
"ensemble-050",1997,0.547433528773653,922.238,1684.6575,76.248254,0.180993983652226,2.89125,0.422975
"ensemble-050",1998,0.53430499070416,919.64575,1721.2,134.57217,0.187634726361398,2.8835,0.4961
"ensemble-050",1999,0.513793489670463,894.51575,1741.0025,122.393209,0.263856632142448,2.8045,0.540375
"ensemble-050",2000,0.485527032836834,844.1725,1738.6725,157.589157,0.222087812638398,2.64675,0.52065
"ensemble-050",2001,0.462608292325866,797.901,1724.7875,81.747505,0.191908756145464,2.5015,0.450725
"ensemble-050",2002,0.447377827867569,785.9735,1756.845,129.109973,0.175294940936693,2.46425,0.56585
"ensemble-050",2003,0.43036714683119,781.267,1815.35,96.512009,0.207239364547534,2.44975,0.517425
"ensemble-050",2004,0.417287161424203,764.13625,1831.2,150.090675,0.241694405879415,2.396,0.728175
"ensemble-050",2005,0.395054696694495,716.66675,1814.095,86.826099,0.229017995191749,2.247,0.58305
"ensemble-050",2006,0.384477835445329,695.7905,1809.7025,99.85581,0.237233529274315,2.1815,0.636725
"ensemble-050",2007,0.373253371299997,680.96625,1824.4075,118.616597,0.273948202441685,2.135,0.656025
"ensemble-050",2008,0.359309542496758,645.496,1796.49,102.611789,0.365809032933259,2.0235,0.707075
"ensemble-050",2009,0.343358715738044,600.167,1747.93,121.515045,0.271705804753043,1.882,0.725575
"ensemble-050",2010,0.32469840781389,559.23375,1722.3175,88.433455,0.216509352779694,1.7535,0.60995
"ensemble-050",2011,0.317531684072519,546.75225,1721.8825,96.395275,0.292640767325203,1.71425,0.7608
"ensemble-050",2012,0.307866371794574,529.69025,1720.52,149.784331,0.261968382005023,1.66075,0.777475
"ensemble-050",2013,0.298179005741593,501.67425,1682.46,135.143534,0.252446938879045,1.57275,0.707325
"ensemble-050",2014,0.301161593101074,509.5225,1691.8575,80.652511,0.309536334722643,1.59775,0.762975
"ensemble-050",2015,0.308310971847172,544.60975,1766.43,107.513024,0.250722766362155,1.7075,0.6836
"ensemble-050",2016,0.308548157738935,557.636,1807.29,107.740493,0.349107280355943,1.74825,0.718425
"ensemble-050",2017,0.30470602106256,542.71875,1781.1225,110.712212,0.235222019567652,1.70175,0.61
"ensemble-050",2018,0.302423438836612,530.2995,1753.5,87.866824,0.275504549523012,1.66275,0.7217
"ensemble-050",2019,0.298564297141807,519.73625,1740.785,92.006985,0.192491699473586,1.62925,0.64735
"ensemble-050",2020,0.29848195418325,514.856,1724.915,98.756288,0.324201817198405,1.61425,0.6938
"ensemble-050",2021,0.303685050305081,513.88825,1692.175,92.151002,0.314566466955921,1.61125,0.690775
"ensemble-050",2022,0.303807945273594,504.06675,1659.1625,76.942113,0.432060490242572,1.58025,0.755925
"ensemble-050",2023,0.294331360983562,473.05525,1607.22,114.859529,0.406128028861496,1.48325,0.8107
"ensemble-050",2024,0.27351841309177,428.7955,1567.7025,109.738997,0.277571879993139,1.3445,0.8773
"ensemble-051",1952,0.99849507936127,5304.5775,5312.5725,154.61763,0.00435128360196602,8.843,0.0298275
"ensemble-051",1953,0.993387948354257,5448.7925,5485.06,146.687574,0.00423812567287194,9.0835,0.02777
"ensemble-051",1954,0.989515678438099,5560.9,5619.82,152.017105,0.0032559657719215,9.271,0.01844125
"ensemble-051",1955,0.98601416362614,5629.145,5708.99,108.1254132,0.00491336791638222,9.38425,0.03063
"ensemble-051",1956,0.981400763061251,5633.92,5740.6925,69.9994859,0.00581838056512956,9.3925,0.035485
"ensemble-051",1957,0.976097315021942,5652.8675,5791.295,49.5364752,0.00840153276971214,9.42375,0.04927
"ensemble-051",1958,0.967734291973978,5472.76,5655.23,105.866063,0.0116711281456545,9.1235,0.0732575
"ensemble-051",1959,0.957058922038744,5072.0175,5299.5875,83.6004353,0.00854101538962629,8.4555,0.0680775
"ensemble-051",1960,0.947747978046482,4615.8075,4870.29,66.5909904,0.0101467015655839,7.695,0.067015
"ensemble-051",1961,0.941334482379259,4363.7725,4635.73,69.3435655,0.00921381964066425,7.275,0.068315
"ensemble-051",1962,0.935180220230784,4094.1325,4377.9075,71.952029,0.00880579109744858,6.82525,0.0678775
"ensemble-051",1963,0.928635469602118,3821.9525,4115.665,50.464543,0.0119418667437409,6.3715,0.090425
"ensemble-051",1964,0.921213128213148,3534.4875,3836.775,69.3928804,0.00801393169452033,5.892,0.0703475
"ensemble-051",1965,0.918442922276063,3304.165,3597.5725,46.1524551,0.00922097983380064,5.5085,0.0682825
"ensemble-051",1966,0.916082170214766,3118.93,3404.64,81.745987,0.0095563912554654,5.1995,0.07943
"ensemble-051",1967,0.911408031540482,2916.23,3199.6975,38.8643606,0.0123656505465869,4.86175,0.0895725
"ensemble-051",1968,0.907439765420169,2718.685,2995.995,50.7326595,0.00992519523672818,4.53225,0.074565
"ensemble-051",1969,0.905614102784716,2605.085,2876.595,70.5567929,0.0118853487510471,4.34275,0.094635
"ensemble-051",1970,0.901924534462583,2472.2225,2741.0525,56.9750281,0.0191027656243489,4.12125,0.0920075
"ensemble-051",1971,0.898885220083918,2362.9625,2628.77,44.8619622,0.0220906680612046,3.93925,0.09368
"ensemble-051",1972,0.895016965067933,2311.3925,2582.5125,48.020103,0.0300863228398293,3.85325,0.12965
"ensemble-051",1973,0.88565033023305,2200.83,2484.9875,71.9084683,0.0188743551775116,3.669,0.1092375
"ensemble-051",1974,0.877718999297242,2095.135,2387.0225,31.7768229,0.0327049831762214,3.49275,0.124375
"ensemble-051",1975,0.869423484672899,2025.635,2329.86,107.730848,0.0291536651515415,3.377,0.16015
"ensemble-051",1976,0.85676089038768,1941.0175,2265.53,36.982359,0.0322661032067041,3.236,0.16965
"ensemble-051",1977,0.845054039110344,1914.265,2265.2575,83.8685313,0.0396011026450113,3.19125,0.190375
"ensemble-051",1978,0.838046013587862,1955.44,2333.3325,11.1618908,0.0293641546728051,3.26,0.157675
"ensemble-051",1979,0.828159108738659,1942.3975,2345.44,42.3092438,0.0383614059888114,3.238,0.19955
"ensemble-051",1980,0.815257380400592,1910.1725,2343.03,63.01418,0.0354420683436989,3.18475,0.19735
"ensemble-051",1981,0.804051433978068,1814.33,2256.485,74.682165,0.055917133814186,3.02475,0.18885
"ensemble-051",1982,0.795761545257592,1742.865,2190.185,80.8267031,0.0689412143390488,2.9055,0.225975
"ensemble-051",1983,0.78737096033608,1723.37,2188.765,63.177981,0.0790342481037772,2.87275,0.228025
"ensemble-051",1984,0.777821274387119,1768.365,2273.485,52.2545332,0.0869183174216385,2.948,0.248
"ensemble-051",1985,0.761206756622869,1805.5025,2371.895,88.4140954,0.0899163276423658,3.01025,0.259525
"ensemble-051",1986,0.742462911997801,1782.5625,2400.8775,52.2815474,0.0946057298542251,2.97175,0.24095
"ensemble-051",1987,0.726268373054151,1773.1225,2441.415,98.1875372,0.104957694008857,2.956,0.307375
"ensemble-051",1988,0.708514527068237,1786.0925,2520.8975,94.551596,0.0952911153235739,2.97725,0.26945
"ensemble-051",1989,0.693978338222446,1777.2525,2560.9625,83.21359,0.0850571944888418,2.96275,0.267575
"ensemble-051",1990,0.683769247580278,1845.965,2699.69,75.967705,0.113406168654796,3.0775,0.3244
"ensemble-051",1991,0.674965308378302,1912.7825,2833.8975,53.199724,0.128221919535961,3.18875,0.291
"ensemble-051",1992,0.662546143655221,1931.645,2915.4875,106.524754,0.148060874750906,3.22025,0.3633
"ensemble-051",1993,0.643941467540851,1887.9575,2931.8775,43.379558,0.115457524667342,3.1475,0.317925
"ensemble-051",1994,0.625336715015924,1846.7225,2953.165,110.858892,0.112270992367818,3.0785,0.36435
"ensemble-051",1995,0.606851562048636,1811.9025,2985.7425,44.222444,0.112350428523962,3.02075,0.325275
"ensemble-051",1996,0.596965505360653,1767.2925,2960.46,116.631528,0.134057764881898,2.94625,0.310375
"ensemble-051",1997,0.600537670151412,1806.6275,3008.35,49.12912,0.165568403417032,3.012,0.39075
"ensemble-051",1998,0.591226075853713,1815.135,3070.12,102.830731,0.180260295160044,3.02625,0.45355
"ensemble-051",1999,0.575731352746415,1797.9975,3122.98,72.89771,0.241109743811258,2.9975,0.482075
"ensemble-051",2000,0.553815522456637,1735.68,3134.04,122.589953,0.220316943452117,2.8935,0.4641
"ensemble-051",2001,0.533635171557953,1669.535,3128.6075,51.315234,0.181025766013729,2.78325,0.40295
"ensemble-051",2002,0.517618415541079,1646.605,3181.1175,99.881216,0.171043739914554,2.745,0.506425
"ensemble-051",2003,0.50183315712939,1643.5475,3275.0875,53.026375,0.202621987791167,2.74025,0.45575
"ensemble-051",2004,0.489195618044747,1621.105,3313.8175,114.303263,0.243323179231723,2.70275,0.646275
"ensemble-051",2005,0.472098357633626,1562.1475,3308.945,56.575585,0.225790372586193,2.60425,0.511075
"ensemble-051",2006,0.459507581469254,1516.066,3299.3275,74.133685,0.234015643024003,2.5275,0.557
"ensemble-051",2007,0.447245482458651,1484.287,3318.73,84.436775,0.268322501245294,2.47425,0.562225
"ensemble-051",2008,0.43352107190509,1424.7605,3286.485,69.232983,0.368811337437722,2.37525,0.602275
"ensemble-051",2009,0.418251831006914,1346.5785,3219.54,87.512474,0.272536271980198,2.24475,0.62105
"ensemble-051",2010,0.399668926772264,1270.5695,3179.055,60.403203,0.214202657083839,2.118,0.5255
"ensemble-051",2011,0.388065860183234,1229.42175,3168.075,66.244082,0.286746755804862,2.04975,0.6537
"ensemble-051",2012,0.377282380272924,1191.188,3157.285,108.898241,0.267524257585225,1.98575,0.675825
"ensemble-051",2013,0.36770553543965,1138.65075,3096.6375,96.140043,0.252581535310558,1.89825,0.6291
"ensemble-051",2014,0.366839941191676,1135.29625,3094.8,56.869721,0.287511945139304,1.89275,0.6832
"ensemble-051",2015,0.371334164265774,1183.50975,3187.1825,75.424045,0.237587780075879,1.973,0.6004
"ensemble-051",2016,0.372631063008272,1210.69975,3249.0575,80.061824,0.326516897342731,2.0185,0.622225
"ensemble-051",2017,0.371279527131951,1197.848,3226.27,76.794241,0.227903711935787,1.997,0.522425
"ensemble-051",2018,0.370762452260174,1184.6055,3195.0525,58.957543,0.26499738544759,1.97475,0.61945
"ensemble-051",2019,0.368870130543625,1173.63225,3181.695,64.13067,0.180522012073908,1.9565,0.5571
"ensemble-051",2020,0.368097811106992,1161.86025,3156.39,67.127706,0.298520490024668,1.937,0.597575
"ensemble-051",2021,0.370429532703342,1147.662,3098.1925,62.167196,0.275489244521748,1.91325,0.585325
"ensemble-051",2022,0.369531081261551,1120.6455,3032.615,55.569407,0.401325571091317,1.86825,0.637625
"ensemble-051",2023,0.36248142234519,1066.43575,2942.0425,76.980348,0.403478748133583,1.77775,0.678925
"ensemble-051",2024,0.347564026736037,996.04725,2865.795,74.284389,0.275058589130072,1.6605,0.746
"ensemble-052",1952,0.994333703569965,1631.545,1640.8425,93.916627,0.00965623728788578,5.275,0.070255
"ensemble-052",1953,0.976644317656313,1642.015,1681.2825,89.685522,0.00948458626825193,5.30875,0.0653075
"ensemble-052",1954,0.965733867196633,1652.1775,1710.8,100.057604,0.00751737669039218,5.3415,0.0448275
"ensemble-052",1955,0.956396199147965,1651.175,1726.455,101.9567601,0.00991192469833534,5.33825,0.07203
"ensemble-052",1956,0.94392543550194,1638.8575,1736.215,59.0507475,0.0128396738717524,5.2985,0.0801175
"ensemble-052",1957,0.932206895498644,1678.865,1800.9575,43.5258034,0.0184335258823872,5.428,0.1076125
"ensemble-052",1958,0.911770540149509,1643.2225,1802.2325,83.565823,0.025081025580834,5.3125,0.15962
"ensemble-052",1959,0.885181963661539,1508.6975,1704.3925,53.2630772,0.0178011725681542,4.8775,0.1488675
"ensemble-052",1960,0.862979964425629,1359.6875,1575.5725,52.9663701,0.0219257904066696,4.39575,0.151045
"ensemble-052",1961,0.851383006295787,1297.5375,1524.035,57.770113,0.0183618177208089,4.195,0.150375
"ensemble-052",1962,0.839791540738406,1212.195,1443.4475,57.444975,0.0178928169510529,3.919,0.146625
"ensemble-052",1963,0.828797134533715,1137.2775,1372.2025,65.276685,0.0213406156822808,3.67675,0.189475
"ensemble-052",1964,0.815340876168991,1055.365,1294.385,49.1113217,0.0152425802319117,3.412,0.1423125
"ensemble-052",1965,0.817732486940741,1018.31,1245.285,39.9888983,0.0175862708349731,3.2925,0.133625
"ensemble-052",1966,0.82080281421622,1000.9875,1219.5225,78.163233,0.0171346679199707,3.23625,0.152575
"ensemble-052",1967,0.814993379863234,952.55,1168.7825,33.5707037,0.0216416286435762,3.07975,0.167325
"ensemble-052",1968,0.810601910885221,902.7025,1113.62,49.638697,0.0177684951050453,2.9185,0.138375
"ensemble-052",1969,0.812627517226856,897.155,1104.0175,52.9645485,0.0213961428076446,2.9005,0.17515
"ensemble-052",1970,0.806891439188492,859.88,1065.67,51.3556234,0.0315609169791212,2.78,0.169225
"ensemble-052",1971,0.802016638725189,826.42,1030.4275,34.2788195,0.0362804117468083,2.6715,0.17275
"ensemble-052",1972,0.79626881854042,817.0375,1026.0825,37.709598,0.0496050870518846,2.64175,0.24005
"ensemble-052",1973,0.776039299813402,764.195,984.7375,58.280039,0.0301513516197649,2.47075,0.204525
"ensemble-052",1974,0.762738790261726,720.1875,944.2125,27.8072314,0.0506256466891357,2.3285,0.23045
"ensemble-052",1975,0.748279955437299,691.81475,924.54,86.694062,0.0451145229107725,2.23675,0.298575
"ensemble-052",1976,0.722388458381447,649.057,898.4875,27.071485,0.0551677851015109,2.0985,0.31605
"ensemble-052",1977,0.701739994754062,635.39925,905.4625,67.4221543,0.067897713587857,2.05425,0.35195
"ensemble-052",1978,0.692070935719492,650.45325,939.865,9.6736953,0.0550150839143197,2.103,0.29555
"ensemble-052",1979,0.674229470927716,634.664,941.3175,33.238119,0.0719271259626856,2.052,0.3829
"ensemble-052",1980,0.647940172972569,606.276,935.6975,53.48076,0.0613150494956117,1.9605,0.39155
"ensemble-052",1981,0.624106908456529,552.72,885.6175,65.432166,0.0875932426993008,1.787,0.37485
"ensemble-052",1982,0.610076820511923,522.755,856.8675,69.4333351,0.110101182127379,1.69025,0.435925
"ensemble-052",1983,0.600298233276404,522.83725,870.9625,57.647714,0.130707512250908,1.6905,0.4291
"ensemble-052",1984,0.593461361742141,555.39675,935.86,51.1165886,0.152247143266723,1.79575,0.46465
"ensemble-052",1985,0.57080901853455,571.97775,1002.0475,70.3458743,0.137919735414734,1.8495,0.487275
"ensemble-052",1986,0.54354026539079,557.79325,1026.2225,50.49021,0.157066311475004,1.80325,0.449025
"ensemble-052",1987,0.525115765586188,556.51375,1059.7925,82.7056591,0.172616276303023,1.799,0.572675
"ensemble-052",1988,0.503720327486012,559.73025,1111.1925,79.687937,0.151465024984184,1.8095,0.499575
"ensemble-052",1989,0.488281739923608,556.72175,1140.165,74.2498674,0.131643709453865,1.8,0.48825
"ensemble-052",1990,0.480151012891344,586.6245,1221.75,67.960874,0.186656351254431,1.8965,0.59685
"ensemble-052",1991,0.469525198975062,604.2355,1286.9075,61.9133477,0.218595620902271,1.9535,0.551925
"ensemble-052",1992,0.45209476526435,596.9075,1320.315,88.401578,0.246928617549692,1.92975,0.6973
"ensemble-052",1993,0.423442775830466,559.6315,1321.6225,47.050392,0.200597150854913,1.80925,0.6238
"ensemble-052",1994,0.399361025325419,538.59625,1348.645,95.360125,0.198479177759742,1.7415,0.72475
"ensemble-052",1995,0.372774071939023,509.242,1366.0875,36.480537,0.19856272299302,1.6465,0.652175
"ensemble-052",1996,0.363098444791771,491.343,1353.195,104.709154,0.218709383067844,1.5885,0.6118
"ensemble-052",1997,0.375481057429881,518.3225,1380.4225,40.366908,0.29963427549796,1.67575,0.76995
"ensemble-052",1998,0.358357269287433,507.15975,1415.235,107.060024,0.281828373262114,1.63975,0.9231
"ensemble-052",1999,0.332412055936767,478.3825,1439.125,65.913248,0.458402456967957,1.5465,1.013
"ensemble-052",2000,0.301440179919325,438.2895,1453.985,113.536449,0.353323802017986,1.417,1.0046
"ensemble-052",2001,0.277244955868644,406.69825,1466.9275,50.158336,0.301790727615817,1.315,0.863975
"ensemble-052",2002,0.26173592494406,395.659,1511.6725,91.819007,0.2722970070979,1.27925,1.077325
"ensemble-052",2003,0.245949112609913,387.81625,1576.815,62.310206,0.329456219879679,1.25375,0.97795
"ensemble-052",2004,0.236736685710023,380.817,1608.61,105.616168,0.372900404081036,1.23125,1.3655
"ensemble-052",2005,0.215781353693103,347.91075,1612.33,64.343147,0.36346490070386,1.12475,1.10375
"ensemble-052",2006,0.209325476856162,341.21675,1630.0775,75.90671,0.353191407287994,1.103,1.1775
"ensemble-052",2007,0.202926761965891,338.285,1667.03,72.0942376,0.419704211006064,1.09375,1.20775
"ensemble-052",2008,0.193244669590652,324.05875,1676.935,88.954333,0.534960266019042,1.048,1.3195
"ensemble-052",2009,0.180350174558315,298.33075,1654.175,84.026846,0.414559651921517,0.964525,1.34475
"ensemble-052",2010,0.167254696319591,275.4965,1647.1675,62.518123,0.304374412630483,0.8907,1.10385
"ensemble-052",2011,0.166044305304257,278.981,1680.16,69.82763,0.446944983008088,0.902,1.368125
"ensemble-052",2012,0.1603656415457,271.98975,1696.06,99.71859,0.392056380837634,0.87935,1.41825
"ensemble-052",2013,0.151675609730572,253.62475,1672.1525,98.349567,0.36407586797825,0.819975,1.2914
"ensemble-052",2014,0.153798105238858,259.82575,1689.395,56.597631,0.440976193437522,0.840025,1.37425
"ensemble-052",2015,0.15947221278634,280.50325,1758.9475,77.47402,0.355923380034484,0.906875,1.245375
"ensemble-052",2016,0.160599702564857,289.1425,1800.3925,77.281296,0.499298559344862,0.934825,1.3027
"ensemble-052",2017,0.15841655780765,281.95375,1779.825,81.533168,0.342304639138331,0.9116,1.1054
"ensemble-052",2018,0.158335771898075,278.6575,1759.915,61.974553,0.394797269547344,0.900925,1.280175
"ensemble-052",2019,0.157298727392596,275.574,1751.915,67.961311,0.27990212614682,0.890975,1.137175
"ensemble-052",2020,0.160278989767599,279.091,1741.2825,76.17328,0.458253235729606,0.902325,1.200025
"ensemble-052",2021,0.166251094762655,284.73825,1712.7,70.807007,0.463325020587351,0.920575,1.190275
"ensemble-052",2022,0.168249418860152,284.26875,1689.5675,55.917302,0.628469993101216,0.91905,1.293375
"ensemble-052",2023,0.162392717854782,267.73525,1648.69,76.270067,0.583418922971112,0.8656,1.42225
"ensemble-052",2024,0.142702746088318,231.131,1619.6675,66.677884,0.463094973108664,0.747275,1.6405
"ensemble-053",1952,0.998705877432323,6088.905,6096.795,228.60049,0.00332381674316102,10.6575,0.02278075
"ensemble-053",1953,0.994341387311303,6246.03,6281.575,209.624209,0.00328075867744988,10.93,0.0212425
"ensemble-053",1954,0.991148895820959,6365.7975,6422.645,222.868484,0.00255044326852793,11.1425,0.01421825
"ensemble-053",1955,0.988294370297772,6428.4225,6504.5625,156.247769,0.00383173679615192,11.2525,0.02375725
"ensemble-053",1956,0.984452411719171,6403.2575,6504.385,100.831004,0.00463738366373054,11.2075,0.02761
"ensemble-053",1957,0.980046873840679,6406.2675,6536.695,73.825116,0.00680437568119338,11.2125,0.0386425
"ensemble-053",1958,0.972911955873866,6170.0325,6341.82,162.687432,0.00932983951021678,10.8025,0.057815
"ensemble-053",1959,0.963727644457727,5675.315,5888.92,109.47881,0.00687152848943363,9.935,0.0536825
"ensemble-053",1960,0.955848695396316,5132.745,5369.83,105.860204,0.00807323691517292,8.9845,0.0530975
"ensemble-053",1961,0.950546153865023,4843.8525,5095.8625,91.17013,0.00743428786513523,8.47875,0.0546125
"ensemble-053",1962,0.945290217722123,4519.0875,4780.635,102.702338,0.0071143807436736,7.91,0.0544075
"ensemble-053",1963,0.939743133374947,4204.15,4473.7225,73.604954,0.00964910277262225,7.35875,0.0727025
"ensemble-053",1964,0.933345580484867,3873.9675,4150.625,97.831603,0.00643371006990045,6.78075,0.0565175
"ensemble-053",1965,0.931247740278121,3612.3775,3879.0725,66.1400703,0.00747600534096992,6.32325,0.0550375
"ensemble-053",1966,0.929411877123974,3404.2475,3662.7975,114.327522,0.00769717905465045,5.95875,0.0641625
"ensemble-053",1967,0.925366641356766,3174.7525,3430.805,59.0860161,0.00977579607098688,5.55725,0.072195
"ensemble-053",1968,0.922018663748082,2952.7325,3202.465,70.5637397,0.00807439420694179,5.1685,0.06006
"ensemble-053",1969,0.92075160346729,2834.52,3078.485,99.8481871,0.00952134082918243,4.96175,0.0763325
"ensemble-053",1970,0.91765288015288,2689.09,2930.4,79.1261063,0.0167055169391516,4.70675,0.074115
"ensemble-053",1971,0.915157365667907,2569.135,2807.315,63.3303031,0.0193145507232094,4.497,0.0756975
"ensemble-053",1972,0.911712666159586,2517.1475,2760.9,62.221886,0.0266324894276226,4.40575,0.105195
"ensemble-053",1973,0.902997428563064,2390.5525,2647.3525,104.9002421,0.0177908194845191,4.1845,0.0890125
"ensemble-053",1974,0.895685205218259,2266.565,2530.5375,40.1173446,0.0275168208465375,3.9675,0.1014175
"ensemble-053",1975,0.88803782486713,2187.175,2462.93,145.479993,0.0247667293885049,3.8285,0.1303625
"ensemble-053",1976,0.876145555240434,2092.9825,2388.8525,53.078214,0.0276426770800772,3.6635,0.138325
"ensemble-053",1977,0.865549360713998,2065.93,2386.8425,112.860301,0.0333065285969501,3.61625,0.154725
"ensemble-053",1978,0.859490059658306,2114.93,2460.68,16.071909,0.0248707101768994,3.702,0.1285
"ensemble-053",1979,0.850566567211995,2097.4525,2465.9475,57.84641,0.0328913071458142,3.6715,0.162925
"ensemble-053",1980,0.839085173501577,2061.4225,2456.75,84.864588,0.0303248675745042,3.60825,0.161625
"ensemble-053",1981,0.829023738288951,1950.04,2352.2125,99.382887,0.0477723822293921,3.4135,0.154925
"ensemble-053",1982,0.821618686571692,1868.745,2274.4675,106.190695,0.0581516809277643,3.27125,0.18495
"ensemble-053",1983,0.814234685001134,1848.6425,2270.405,84.003036,0.0683486446208356,3.23575,0.186225
"ensemble-053",1984,0.806205951324294,1902.9,2360.315,72.527025,0.0733636052271308,3.3305,0.2025
"ensemble-053",1985,0.791396478556774,1945.9925,2458.935,113.6258945,0.0777958255736439,3.4065,0.212
"ensemble-053",1986,0.774456269404531,1918.2275,2476.87,66.7410022,0.0794329812700465,3.35775,0.197
"ensemble-053",1987,0.759969105042854,1906.3825,2508.5,125.472993,0.0901400395889846,3.33675,0.251725
"ensemble-053",1988,0.744120689054081,1920.955,2581.51,124.790362,0.0808651063955874,3.36225,0.22065
"ensemble-053",1989,0.73140037203573,1905.98,2605.9325,103.492079,0.0750457481845454,3.33625,0.219625
"ensemble-053",1990,0.722440627292987,1981.465,2742.7375,96.049337,0.0973739298771786,3.46825,0.266925
"ensemble-053",1991,0.714093117415954,2051.1575,2872.395,56.611753,0.113288065433216,3.5905,0.240325
"ensemble-053",1992,0.701548864171946,2061.575,2938.605,142.649643,0.106942351585668,3.6085,0.302325
"ensemble-053",1993,0.682697008869719,2000.2425,2929.9125,49.163985,0.100512512996584,3.50125,0.265875
"ensemble-053",1994,0.665987996176167,1945.4525,2921.1525,149.248488,0.0955751245927836,3.40525,0.305125
"ensemble-053",1995,0.650463197704591,1908.2525,2933.6825,59.882968,0.101082612022401,3.34025,0.2708
"ensemble-053",1996,0.642222487124868,1858.685,2894.145,147.516365,0.117390694636972,3.2535,0.257225
"ensemble-053",1997,0.64716076277661,1910.15,2951.585,59.761394,0.143354978193382,3.34375,0.323625
"ensemble-053",1998,0.638053833139605,1928.095,3021.8375,127.142658,0.152668185071971,3.375,0.375575
"ensemble-053",1999,0.622774228045032,1913.055,3071.8275,89.909272,0.193881939837464,3.3485,0.40045
"ensemble-053",2000,0.600917449870477,1844.77,3069.9225,155.794149,0.185920266140812,3.229,0.38425
"ensemble-053",2001,0.581673669622923,1772.3175,3046.9275,65.516075,0.155387707641113,3.10225,0.33255
"ensemble-053",2002,0.567454504889027,1754.9325,3092.64,125.353675,0.145206249603401,3.07175,0.41585
"ensemble-053",2003,0.553295464267577,1762.3,3185.0975,64.416582,0.179260901263649,3.0845,0.374725
"ensemble-053",2004,0.541388934238247,1740.985,3215.775,141.419092,0.194853849396697,3.0475,0.5346
"ensemble-053",2005,0.524045616943615,1676.8975,3199.9075,70.665867,0.192627483094526,2.93525,0.422375
"ensemble-053",2006,0.511126310164047,1623.525,3176.3675,93.399325,0.207028549267384,2.842,0.458925
"ensemble-053",2007,0.500115342968787,1593.4425,3186.15,92.615688,0.210662982501054,2.78925,0.463525
"ensemble-053",2008,0.485693019915863,1528.5925,3147.24,82.916914,0.302786861785926,2.6755,0.49905
"ensemble-053",2009,0.469425615935356,1440.1485,3067.895,105.882035,0.228216440785512,2.521,0.51755
"ensemble-053",2010,0.451609108225888,1353.1575,2996.3025,72.312454,0.188613608388738,2.36875,0.4404
"ensemble-053",2011,0.439958482544603,1302.89525,2961.405,78.61936,0.248774082603502,2.2805,0.5486
"ensemble-053",2012,0.429061709411035,1258.41225,2932.94,131.965181,0.230577452611713,2.20275,0.567125
"ensemble-053",2013,0.418487083839781,1198.162,2863.08,112.09568,0.222524531891608,2.09725,0.52895
"ensemble-053",2014,0.416351975268814,1190.57825,2859.5475,67.544413,0.257150939185904,2.08375,0.57815
"ensemble-053",2015,0.419651003456217,1237.26125,2948.31,87.204009,0.219761584375884,2.1655,0.5118
"ensemble-053",2016,0.419176455193371,1257.30825,2999.4725,98.894078,0.30317124123772,2.20075,0.53465
"ensemble-053",2017,0.415362390177133,1232.023,2966.14,90.850481,0.202291369343284,2.1565,0.45145
"ensemble-053",2018,0.412100321134876,1206.5875,2927.8975,73.171966,0.235729337718899,2.112,0.536975
"ensemble-053",2019,0.408732309803585,1191.3525,2914.75,79.597981,0.165400406700758,2.08525,0.481925
"ensemble-053",2020,0.407610543261923,1178.612,2891.515,79.418768,0.283020394477459,2.063,0.5169
"ensemble-053",2021,0.410411104756039,1166.02925,2841.125,72.047296,0.275228122860242,2.041,0.505775
"ensemble-053",2022,0.409993644227558,1141.779,2784.87,65.710878,0.352615601545875,1.9985,0.5543
"ensemble-053",2023,0.400623397196236,1084.94625,2708.145,95.380033,0.378161621635678,1.899,0.596275
"ensemble-053",2024,0.381908772863825,1004.3055,2629.7,97.385355,0.251184142357433,1.758,0.6501
"ensemble-054",1952,0.998019389795442,3955.575,3963.425,265.09637,0.00364683522797032,10.445,0.02553
"ensemble-054",1953,0.991550200862428,4034.9425,4069.3275,167.133881,0.00370478038626461,10.655,0.023895
"ensemble-054",1954,0.987225646100495,4095.165,4148.155,271.047452,0.00249115311244211,10.8125,0.016166
"ensemble-054",1955,0.983439431131147,4118.605,4187.96,224.48146,0.00419300775530017,10.8775,0.0272775
"ensemble-054",1956,0.978160085440619,4057.32,4147.91,133.916519,0.00526355334825118,10.7125,0.0315925
"ensemble-054",1957,0.972317473839373,4063.305,4178.99,91.895637,0.00818543713505753,10.7275,0.04469
"ensemble-054",1958,0.962371301213082,3894.2475,4046.5125,238.308231,0.010621738341035,10.284,0.0673675
"ensemble-054",1959,0.949404144990827,3538.2275,3726.7875,87.925367,0.00814605527612952,9.34225,0.06278
"ensemble-054",1960,0.938412412822545,3160.695,3368.13,161.1218,0.00839660989635773,8.3455,0.06272
"ensemble-054",1961,0.932109005200927,2990.73,3208.5625,85.884049,0.00870342271083854,7.89625,0.0640625
"ensemble-054",1962,0.925894347816351,2790.9025,3014.2775,145.13935,0.00748094476224623,7.369,0.0632875
"ensemble-054",1963,0.919264495726979,2598.7975,2827.04,116.222492,0.0102461798340273,6.862,0.0840175
"ensemble-054",1964,0.911373693482537,2395.245,2628.17,96.309095,0.00718479949695014,6.32425,0.06467
"ensemble-054",1965,0.910401214693178,2251.47,2473.0525,76.0195429,0.00851002042935413,5.94475,0.062645
"ensemble-054",1966,0.909535563846049,2143.5775,2356.7825,185.248465,0.00762345678770224,5.65975,0.0726175
"ensemble-054",1967,0.904953882621998,2006.19,2216.8975,42.892641,0.0111872617040378,5.297,0.0805225
"ensemble-054",1968,0.90145238831973,1871.7825,2076.4075,99.7692045,0.00851952545385017,4.942,0.06667
"ensemble-054",1969,0.90137789511788,1823.99,2023.5575,133.4510123,0.0096541981174025,4.816,0.0843925
"ensemble-054",1970,0.897921831497476,1736.72,1934.155,80.3111456,0.0182533776256441,4.58575,0.0806875
"ensemble-054",1971,0.895676533081113,1671.4175,1866.095,84.505007,0.0193318000477907,4.413,0.0828975
"ensemble-054",1972,0.89219291197699,1651.7725,1851.3625,78.314187,0.0257846901538562,4.36125,0.1156
"ensemble-054",1973,0.881096688016858,1561.68,1772.4275,120.440127,0.0164000309995553,4.12325,0.0971825
"ensemble-054",1974,0.87305771877971,1476.19,1690.8275,59.989502,0.0279566998425586,3.8975,0.1107225
"ensemble-054",1975,0.864716804819262,1429.6925,1653.365,175.592032,0.0226319457960499,3.77525,0.14105
"ensemble-054",1976,0.850396508421425,1365.3775,1605.5775,84.471829,0.0268965951986233,3.605,0.148125
"ensemble-054",1977,0.838650188203832,1356.3175,1617.2625,124.351913,0.0346091235473721,3.58125,0.165475
"ensemble-054",1978,0.833232206061688,1400.705,1681.05,23.734253,0.0273665906347613,3.6985,0.136975
"ensemble-054",1979,0.823925722528799,1390.7825,1687.995,98.275532,0.0338684177354304,3.672,0.17545
"ensemble-054",1980,0.809779431779137,1361.055,1680.7725,87.235645,0.0305021143521373,3.5935,0.175075
"ensemble-054",1981,0.797302012225746,1273.975,1597.8575,124.278351,0.0485755103695005,3.36375,0.166725
"ensemble-054",1982,0.7899020268519,1219.04,1543.28,134.339251,0.0565072070851084,3.2185,0.196225
"ensemble-054",1983,0.783286947581145,1215.115,1551.3025,96.187123,0.0713024124433978,3.20825,0.196425
"ensemble-054",1984,0.776932337774188,1269.7075,1634.2575,116.839755,0.0759705917992077,3.3525,0.214575
"ensemble-054",1985,0.760609272219254,1302.57,1712.535,122.3367411,0.0788380448958843,3.43925,0.22435
"ensemble-054",1986,0.741160323811296,1274.44,1719.52,82.425456,0.0799290320288623,3.365,0.20835
"ensemble-054",1987,0.725615334099962,1265.1575,1743.565,182.186949,0.0871447625264045,3.3405,0.26745
"ensemble-054",1988,0.709098319268117,1274.45,1797.2825,145.944971,0.0785570448055615,3.365,0.23125
"ensemble-054",1989,0.696678510907318,1263.16,1813.1175,117.776957,0.0745378907272413,3.33525,0.2293
"ensemble-054",1990,0.689419316459346,1326.965,1924.7575,107.570337,0.100059989455636,3.50375,0.280075
"ensemble-054",1991,0.681217646796071,1372.565,2014.87,125.914778,0.111123112449656,3.62425,0.255875
"ensemble-054",1992,0.667649395981007,1369.5225,2051.26,138.725428,0.116905688198843,3.616,0.3221
"ensemble-054",1993,0.646329806235449,1311.7425,2029.525,92.129476,0.0982611927348227,3.46375,0.2838
"ensemble-054",1994,0.627361540251939,1273.58,2030.0575,161.626035,0.0963770426276336,3.363,0.327175
"ensemble-054",1995,0.6094449640301,1242.995,2039.5525,73.713133,0.100559003964359,3.28175,0.2878
"ensemble-054",1996,0.602182679072567,1210.75,2010.6025,189.87657,0.10940764264628,3.19675,0.271525
"ensemble-054",1997,0.611375374981319,1257.9675,2057.6025,73.506804,0.148645765265336,3.3215,0.342625
"ensemble-054",1998,0.601072660092681,1267.2475,2108.31,149.622577,0.15430543727826,3.34625,0.39995
"ensemble-054",1999,0.584029640448071,1247.645,2136.27,152.116579,0.19675612467399,3.2945,0.43245
"ensemble-054",2000,0.558040088196854,1186.98475,2127.06,160.817771,0.181942429470746,3.13425,0.413025
"ensemble-054",2001,0.537236753140458,1132.26675,2107.575,94.557394,0.151479608319545,2.9895,0.3553
"ensemble-054",2002,0.524564719951513,1127.3145,2149.0475,139.760621,0.145353865009214,2.97675,0.443725
"ensemble-054",2003,0.510403066783119,1133.7175,2221.22,97.731532,0.171721622511783,2.99325,0.4033
"ensemble-054",2004,0.498244881928421,1116.3625,2240.59,167.86889,0.188713871426226,2.94775,0.57325
"ensemble-054",2005,0.477924876431124,1060.71125,2219.41,99.445676,0.186073507862626,2.80075,0.4555
"ensemble-054",2006,0.466083517212699,1025.50725,2200.265,108.420509,0.208346939650532,2.708,0.496725
"ensemble-054",2007,0.455809216802376,1008.1725,2211.83,116.61364,0.209456659057066,2.662,0.50575
"ensemble-054",2008,0.441224092261205,961.5365,2179.2475,113.076181,0.288642584461185,2.53875,0.54575
"ensemble-054",2009,0.424251343017371,899.11375,2119.295,126.25785,0.225509419524988,2.374,0.563075
"ensemble-054",2010,0.406588011183084,840.947,2068.3025,93.992953,0.187894735445715,2.2205,0.4783
"ensemble-054",2011,0.397391253413775,814.1295,2048.685,103.115889,0.241535888408136,2.1495,0.598175
"ensemble-054",2012,0.386482877942892,785.17475,2031.59,165.357926,0.21763127168993,2.07325,0.6119
"ensemble-054",2013,0.375842145358047,744.97175,1982.14,139.699,0.217108516795308,1.967,0.562075
"ensemble-054",2014,0.376095952997682,747.03375,1986.285,86.236953,0.26236453215651,1.9725,0.61175
"ensemble-054",2015,0.381933203223903,788.1755,2063.6475,111.102505,0.220079594258625,2.081,0.54635
"ensemble-054",2016,0.381746188191707,803.69025,2105.3,117.620952,0.299801658620374,2.12175,0.574475
"ensemble-054",2017,0.376886556510818,781.7315,2074.1825,118.501083,0.200448726451392,2.064,0.487475
"ensemble-054",2018,0.37307476806244,760.7265,2039.0725,98.326264,0.234665631360845,2.0085,0.5789
"ensemble-054",2019,0.369094258648921,747.8025,2026.0475,98.844931,0.165591862854304,1.9745,0.5173
"ensemble-054",2020,0.368928388139787,742.2295,2011.8525,96.154881,0.279468611179242,1.95975,0.55455
"ensemble-054",2021,0.373553667887381,739.78475,1980.3975,96.600146,0.271399472711132,1.9535,0.547725
"ensemble-054",2022,0.373946112822654,725.55175,1940.2575,81.161648,0.350453155852226,1.91575,0.601825
"ensemble-054",2023,0.363893546852619,684.66025,1881.485,129.70218,0.357385793564975,1.808,0.647325
"ensemble-054",2024,0.34298369989188,626.51975,1826.675,121.590389,0.235488640090971,1.65425,0.6949
"ensemble-055",1952,0.99862932922364,5741.13,5749.01,234.48314,0.0034708750463469,8.20575,0.0271625
"ensemble-055",1953,0.993959471475964,5873.9675,5909.665,231.228414,0.00341115257976156,8.39575,0.02535
"ensemble-055",1954,0.990577457700334,5973.6625,6030.485,238.509322,0.00268058335810868,8.538,0.016854
"ensemble-055",1955,0.987658405362137,6030.42,6105.775,181.839379,0.0038954107726859,8.61925,0.02783
"ensemble-055",1956,0.983785479960063,6035.155,6134.625,113.063478,0.00470793529940776,8.626,0.03206
"ensemble-055",1957,0.979352038031885,6083.3725,6211.63,80.159176,0.00681071722538334,8.69475,0.04496
"ensemble-055",1958,0.972035728109139,5882.855,6052.0975,92.047591,0.01015146133143,8.40825,0.0678425
"ensemble-055",1959,0.962541680422949,5408.18,5618.645,216.914051,0.00661077221886493,7.72975,0.0648875
"ensemble-055",1960,0.95377845663291,4848.745,5083.7225,99.109557,0.008024427113004,6.93025,0.06241
"ensemble-055",1961,0.949239261943294,4601.5275,4847.595,118.875858,0.00709339191937528,6.57675,0.061125
"ensemble-055",1962,0.944963303815385,4362.8625,4616.965,105.244033,0.00708412267984124,6.23575,0.06104
"ensemble-055",1963,0.940074059012375,4103.2,4364.7625,87.688968,0.00934730068090547,5.86475,0.08198
"ensemble-055",1964,0.93404833111585,3803.265,4071.8075,110.037887,0.00630112840367117,5.43575,0.0635575
"ensemble-055",1965,0.932279939248909,3561.7825,3820.5075,76.442448,0.00728911319738716,5.091,0.0615525
"ensemble-055",1966,0.930774047439749,3374.27,3625.23,120.687887,0.00760269254762938,4.823,0.071635
"ensemble-055",1967,0.926865735275308,3152.275,3401.005,73.714237,0.00956749473076347,4.5055,0.080645
"ensemble-055",1968,0.923623905128995,2937.8075,3180.74,79.5492827,0.00778064730979992,4.19875,0.0665
"ensemble-055",1969,0.922565889430037,2835.7,3073.71,96.0588171,0.00946836550551616,4.053,0.0845
"ensemble-055",1970,0.919552083111575,2699.6325,2935.8125,104.8173088,0.0164347373167146,3.859,0.08262
"ensemble-055",1971,0.916856659066971,2578.7625,2812.6125,65.0945929,0.0202897614142816,3.68575,0.0836475
"ensemble-055",1972,0.913325648383866,2537.3625,2778.1575,70.011353,0.0277701304520797,3.62675,0.1163
"ensemble-055",1973,0.904344361797363,2411.8525,2666.9625,127.510523,0.0180220257896795,3.44725,0.0986225
"ensemble-055",1974,0.896548140944703,2286.395,2550.22,46.437369,0.0288601920869974,3.26775,0.1115275
"ensemble-055",1975,0.888956957410607,2216.5275,2493.4025,166.112285,0.0269447927327806,3.168,0.1434
"ensemble-055",1976,0.87724433192339,2130.98,2429.175,50.262777,0.0271933206002719,3.04575,0.15095
"ensemble-055",1977,0.866506206727027,2115.055,2440.9,128.82276,0.0327421952404018,3.023,0.16795
"ensemble-055",1978,0.860729273745001,2181.23,2534.165,23.6615165,0.0234229378141114,3.11775,0.139325
"ensemble-055",1979,0.851931225186293,2170.495,2547.735,54.20753,0.0334609469955054,3.10225,0.175725
"ensemble-055",1980,0.841016067383918,2138.7375,2543.04,103.323765,0.02942110155083,3.057,0.174925
"ensemble-055",1981,0.830961609392934,2016.3325,2426.505,111.537102,0.0457648852178512,2.882,0.16845
"ensemble-055",1982,0.823284315555191,1929.9575,2344.2175,120.231085,0.0553227228116403,2.7585,0.20065
"ensemble-055",1983,0.815847544765345,1914.1925,2346.2625,99.125511,0.0628121292467456,2.73575,0.201675
"ensemble-055",1984,0.807352188399445,1975.4475,2446.8225,65.986852,0.0705430861844264,2.8235,0.218975
"ensemble-055",1985,0.792600110504598,2022.66,2551.93,136.8943308,0.0729127393919664,2.891,0.229925
"ensemble-055",1986,0.775935437108854,1991.19,2566.18,78.662498,0.0732755373707475,2.846,0.213175
"ensemble-055",1987,0.761698182702932,1980.1125,2599.6025,126.749757,0.0876892613829148,2.83,0.27125
"ensemble-055",1988,0.746911525114871,2002.27,2680.7325,145.329003,0.0763932942976014,2.86175,0.239
"ensemble-055",1989,0.734419618649636,1984.1925,2701.715,122.984343,0.0742268852299193,2.836,0.237
"ensemble-055",1990,0.725615139298182,2067.0925,2848.745,110.702574,0.0926454681706033,2.9545,0.286075
"ensemble-055",1991,0.71775180038077,2146.0725,2989.9925,61.878573,0.113830571707258,3.06725,0.257475
"ensemble-055",1992,0.705403124197238,2162.475,3065.5875,158.91531,0.101793083845554,3.09075,0.324
"ensemble-055",1993,0.686177168258834,2095.055,3053.2275,55.274874,0.0989621481013432,2.99425,0.285075
"ensemble-055",1994,0.670080533650388,2040.1875,3044.69,152.205613,0.093215302807601,2.916,0.32655
"ensemble-055",1995,0.655198284487985,2002.055,3055.6475,89.99212,0.0989783969222807,2.86125,0.291
"ensemble-055",1996,0.647059312116005,1947.5725,3009.8825,156.609837,0.116274135280858,2.7835,0.275725
"ensemble-055",1997,0.652446098850011,2010.405,3081.335,70.664762,0.136316098749248,2.87325,0.34545
"ensemble-055",1998,0.642597396032441,2033.93,3165.17,147.973284,0.148020163514014,2.907,0.40165
"ensemble-055",1999,0.626470032671279,2014.8075,3216.1275,89.033449,0.184070124880116,2.87975,0.427875
"ensemble-055",2000,0.604536086006234,1940.9825,3210.6975,176.952528,0.175496328776216,2.774,0.412425
"ensemble-055",2001,0.585095178578311,1859.6475,3178.3675,72.740185,0.149402362679158,2.658,0.35785
"ensemble-055",2002,0.570714584502293,1838.47,3221.3475,146.117516,0.138676840615704,2.6275,0.446775
"ensemble-055",2003,0.557546254298433,1849.9775,3318.07,66.590523,0.172994327590402,2.644,0.401375
"ensemble-055",2004,0.54687011789025,1833.3725,3352.4825,163.044766,0.199362966572949,2.62025,0.5723
"ensemble-055",2005,0.530777346027103,1770.9625,3336.545,77.326809,0.18437151544935,2.53125,0.4522
"ensemble-055",2006,0.516460404526489,1713.4,3317.5825,105.835003,0.198025371987735,2.44875,0.49
"ensemble-055",2007,0.505080793811672,1683.1325,3332.4025,102.08762,0.197151785263767,2.4055,0.495275
"ensemble-055",2008,0.490680169596392,1615.865,3293.1125,88.187776,0.305288907491468,2.30975,0.5346
"ensemble-055",2009,0.474066291178102,1517.1425,3200.275,119.532227,0.212473331470928,2.16825,0.55725
"ensemble-055",2010,0.455484456375581,1421.84825,3121.6175,79.260092,0.177267166667062,2.0325,0.473775
"ensemble-055",2011,0.443696243624562,1369.49175,3086.5525,87.114122,0.231014745864776,1.95725,0.588
"ensemble-055",2012,0.43326391874243,1325.3175,3058.915,144.245883,0.219276631642338,1.89425,0.61015
"ensemble-055",2013,0.422646623292215,1261.541,2984.86,126.012588,0.206637015069161,1.803,0.56835
"ensemble-055",2014,0.420066816167842,1257.38075,2993.2875,74.674748,0.242752081465672,1.79725,0.617825
"ensemble-055",2015,0.422948036212428,1313.37525,3105.2875,95.284058,0.206096911605766,1.87725,0.5452
"ensemble-055",2016,0.421765975302721,1336.821,3169.58,109.842737,0.289384652268531,1.9105,0.570025
"ensemble-055",2017,0.417132472611025,1307.776,3135.1575,99.828862,0.188690973010676,1.86925,0.48175
"ensemble-055",2018,0.412931596932876,1278.461,3096.06,78.963279,0.220950647308672,1.82725,0.572925
"ensemble-055",2019,0.409042808847881,1261.67925,3084.4675,88.650821,0.158092154640048,1.80325,0.5157
"ensemble-055",2020,0.407816752800895,1246.9925,3057.7275,91.861997,0.276568521056176,1.782,0.55375
"ensemble-055",2021,0.410259320651064,1230.7195,2999.8575,79.205419,0.261716742292911,1.759,0.53975
"ensemble-055",2022,0.40954543138587,1205.70175,2944,72.699806,0.329246479637187,1.72325,0.58975
"ensemble-055",2023,0.400022911722787,1147.94975,2869.71,104.175828,0.366385959506914,1.64075,0.63465
"ensemble-055",2024,0.381554863708648,1064.705,2790.4375,108.58165,0.242590329690495,1.52175,0.692975
"ensemble-056",1952,0.992694422460548,1194.74,1203.5325,207.156582,0.00645611014866147,7.4095,0.0508675
"ensemble-056",1953,0.970941474162705,1187.5925,1223.135,251.026978,0.00620964382141743,7.365,0.047385
"ensemble-056",1954,0.960033169172894,1186.685,1236.0875,212.984016,0.00501245545596146,7.35975,0.0313325
"ensemble-056",1955,0.952480573819486,1195.125,1254.75,240.104261,0.0060563286083215,7.412,0.047415
"ensemble-056",1956,0.942299028498157,1223.58,1298.505,141.283012,0.0086975966710627,7.5885,0.0541075
"ensemble-056",1957,0.932918649719672,1288.335,1380.9725,103.16413,0.013435427803155,7.99,0.0765125
"ensemble-056",1958,0.910723415015823,1242.525,1364.3275,260.994067,0.0174107768477946,7.706,0.11663
"ensemble-056",1959,0.880495869091841,1099.845,1249.12,102.286841,0.0116808129350367,6.82125,0.1046975
"ensemble-056",1960,0.858928194576343,976.8075,1137.24,159.770579,0.0131474483632658,6.058,0.103725
"ensemble-056",1961,0.855958896410048,970.835,1134.2075,117.231891,0.0119727466990707,6.02075,0.1023125
"ensemble-056",1962,0.848338088279637,914.36,1077.825,155.686236,0.0105403384400361,5.67075,0.099805
"ensemble-056",1963,0.840591534931158,865.41,1029.525,163.654261,0.0127077374741785,5.36725,0.12737
"ensemble-056",1964,0.829050776945969,805.0995,971.11,113.2546258,0.00941169446661795,4.99325,0.093725
"ensemble-056",1965,0.837519948972975,791.11925,944.5975,99.7484857,0.0114716770603069,4.906,0.08848
"ensemble-056",1966,0.844421597949156,790.5475,936.2,214.343202,0.0101564424613618,4.90275,0.101255
"ensemble-056",1967,0.838219412099672,747.04,891.2225,82.643329,0.0135904478392138,4.633,0.1078275
"ensemble-056",1968,0.835842603783461,710.5895,850.1475,127.9289448,0.0109673497336937,4.40725,0.0885525
"ensemble-056",1969,0.842014652121015,724.94725,860.9675,161.600956,0.0120766542694954,4.496,0.11051
"ensemble-056",1970,0.837735361308164,696.7445,831.7,112.149759,0.0244902852174473,4.32125,0.103025
"ensemble-056",1971,0.836596681486576,681.17375,814.22,96.3624239,0.0263661251347589,4.2245,0.1071275
"ensemble-056",1972,0.833541511037451,689.02,826.6175,106.990492,0.0321467068990623,4.27325,0.1491
"ensemble-056",1973,0.812499363705778,638.462,785.8,162.485971,0.020006453059665,3.95975,0.1225175
"ensemble-056",1974,0.80399322834177,607.89325,756.0925,73.726793,0.0362925386496329,3.77025,0.1366
"ensemble-056",1975,0.796165776777523,603.16325,757.585,227.152943,0.0265018150856992,3.74075,0.170125
"ensemble-056",1976,0.773625686664601,574.83425,743.03925,85.205025,0.0347159327373509,3.56525,0.174725
"ensemble-056",1977,0.760685380779766,583.904,767.6025,173.727902,0.0419128649401585,3.62125,0.19445
"ensemble-056",1978,0.75810854206808,613.795,809.64,18.301758,0.0358844408428695,3.8065,0.164175
"ensemble-056",1979,0.744382236925818,599.63525,805.5475,107.7714565,0.0448379552921739,3.719,0.21965
"ensemble-056",1980,0.71971994963396,568.7335,790.215,130.400472,0.0356294016204316,3.527,0.222675
"ensemble-056",1981,0.698124068388045,508.168,727.905,179.673352,0.0548426176529501,3.1515,0.2048
"ensemble-056",1982,0.693007154478476,487.70725,703.755,165.739224,0.0623012325793367,3.02475,0.227825
"ensemble-056",1983,0.694418988520862,506.93975,730.02,127.609026,0.083569356865488,3.144,0.222975
"ensemble-056",1984,0.698209077339129,558.96175,800.565,157.018344,0.0931670509313313,3.46625,0.246875
"ensemble-056",1985,0.67945945945946,576.64875,848.6875,151.898158,0.0867877366687,3.57625,0.2565
"ensemble-056",1986,0.655332480931697,554.8225,846.6275,116.133815,0.0936616703292898,3.4405,0.2346
"ensemble-056",1987,0.643005892719621,557.32375,866.7475,235.6736493,0.102528034011293,3.45625,0.303375
"ensemble-056",1988,0.627862202242948,565.313,900.3775,179.959804,0.0871106417758111,3.506,0.254125
"ensemble-056",1989,0.617870592262924,559.488,905.51,170.208974,0.0798536408218651,3.47,0.249475
"ensemble-056",1990,0.617200281691578,604.72975,979.795,148.229671,0.112270733144295,3.7505,0.307675
"ensemble-056",1991,0.610202341776623,626.28575,1026.3575,170.597508,0.136417682923791,3.884,0.2896
"ensemble-056",1992,0.594459319940562,616.08575,1036.38,182.475323,0.134302962741444,3.821,0.359475
"ensemble-056",1993,0.565078364169597,571.28575,1010.985,122.452874,0.114003283093715,3.543,0.32235
"ensemble-056",1994,0.545725156396717,559.38875,1025.0375,237.715731,0.11653828652315,3.46925,0.370825
"ensemble-056",1995,0.522021225041241,533.21075,1021.435,75.858984,0.118281515895232,3.30675,0.320875
"ensemble-056",1996,0.519584173870978,520.926,1002.5825,239.68075,0.123614292701463,3.2305,0.298275
"ensemble-056",1997,0.542099080497477,561.84775,1036.43,77.082948,0.189691402257018,3.48425,0.3887
"ensemble-056",1998,0.522006348846972,553.345,1060.035,223.361172,0.16901686254013,3.43175,0.462475
"ensemble-056",1999,0.491456128797586,516.80175,1051.5725,164.390752,0.262088445996416,3.2055,0.5193
"ensemble-056",2000,0.454156695828859,471.61675,1038.445,232.152563,0.199406969172096,2.925,0.4919
"ensemble-056",2001,0.429981042840234,437.75725,1018.085,117.60669,0.176896930511824,2.71475,0.415
"ensemble-056",2002,0.421597939748165,440.37275,1044.5325,197.667852,0.150355167837967,2.731,0.511575
"ensemble-056",2003,0.408559018201875,444.4305,1087.8,138.028451,0.192181818768948,2.75625,0.4665
"ensemble-056",2004,0.40233526766877,443.3795,1102.015,224.688851,0.186723069071835,2.74975,0.6386
"ensemble-056",2005,0.377962031999633,411.629,1089.075,133.625456,0.197827030371332,2.553,0.507325
"ensemble-056",2006,0.375286583413385,410.207,1093.05,147.988264,0.195309970232512,2.544,0.550075
"ensemble-056",2007,0.370719038787849,411.28775,1109.4325,156.023293,0.241347496208355,2.551,0.573425
"ensemble-056",2008,0.358540376949501,390.35725,1088.74,157.664601,0.300791569246568,2.421,0.616575
"ensemble-056",2009,0.341057272092645,356.647,1045.71,181.78435,0.1988081867055,2.212,0.617325
"ensemble-056",2010,0.324480546867191,332.7475,1025.4775,122.72709,0.181802410552749,2.0635,0.50935
"ensemble-056",2011,0.329095741974253,339.547,1031.7575,139.505781,0.23855871673002,2.10575,0.6383
"ensemble-056",2012,0.323044336316309,332.28825,1028.615,223.241192,0.207650348248389,2.061,0.6375
"ensemble-056",2013,0.313215118757995,312.205,996.775,193.23623,0.204860210004791,1.9365,0.564275
"ensemble-056",2014,0.324339297358177,328.28975,1012.18,113.735865,0.267298033543006,2.036,0.6118
"ensemble-056",2015,0.338010599190132,362.273,1071.78,157.205382,0.213414762116284,2.2465,0.56205
"ensemble-056",2016,0.337145592814041,367.08075,1088.79,160.915254,0.294931778324396,2.2765,0.596075
"ensemble-056",2017,0.330348913759052,348.751,1055.705,169.525002,0.189465545093274,2.16275,0.503525
"ensemble-056",2018,0.32820698490503,338.80725,1032.2975,129.622833,0.222746980307942,2.10125,0.585325
"ensemble-056",2019,0.327577030846361,336.9875,1028.7275,154.631898,0.152626264499151,2.08975,0.51455
"ensemble-056",2020,0.333719203715668,342.1915,1025.3875,137.861474,0.270824294405485,2.12225,0.5441
"ensemble-056",2021,0.345075549264236,349.81775,1013.7425,140.177677,0.258540595638091,2.1695,0.551775
"ensemble-056",2022,0.34767684283328,348.121,1001.2775,100.042447,0.36277702113566,2.159,0.605775
"ensemble-056",2023,0.335718988521062,322.516,960.6725,160.487035,0.347557039635756,2.00025,0.6634
"ensemble-056",2024,0.306451030775115,284.44325,928.185,154.360619,0.242213175683554,1.764,0.7184
"ensemble-057",1952,0.995647174874845,1950.545,1959.0725,389.91004,0.00361168666389067,11.7,0.0296525
"ensemble-057",1953,0.982687873843114,1954.2075,1988.635,291.823023,0.00364141680153031,11.72,0.02766
"ensemble-057",1954,0.976280837275743,1961.48,2009.135,418.005295,0.00251838819436837,11.7675,0.01885375
"ensemble-057",1955,0.971406008439195,1961.99,2019.7425,447.103195,0.00370377865782847,11.77,0.029965
"ensemble-057",1956,0.963970763190768,1944.6375,2017.32,233.64769,0.00549566008222772,11.6675,0.0344375
"ensemble-057",1957,0.957116317534918,2007.975,2097.9425,166.268898,0.0086099506880096,12.045,0.0495075
"ensemble-057",1958,0.941836690837421,1917.45,2035.8625,390.743989,0.011327608499516,11.5,0.0761625
"ensemble-057",1959,0.920880266033047,1687.84,1832.855,164.109059,0.00779841247034692,10.12275,0.06977
"ensemble-057",1960,0.90473468639198,1479.965,1635.8,243.750468,0.00888446264179472,8.87775,0.071035
"ensemble-057",1961,0.90055103770919,1434.0825,1592.45,179.776837,0.00817511041321935,8.6025,0.0707675
"ensemble-057",1962,0.893814703537099,1328.3025,1486.105,233.808335,0.00723009963152746,7.968,0.0696975
"ensemble-057",1963,0.887060682318625,1240.785,1398.76,244.353158,0.00878491018202653,7.443,0.0896675
"ensemble-057",1964,0.877568256503179,1142.98,1302.44,168.314911,0.00659138109395017,6.8565,0.06648
"ensemble-057",1965,0.882937078006034,1106.3025,1252.98,145.772634,0.0081635033313625,6.6365,0.063675
"ensemble-057",1966,0.887060297419544,1090.41,1229.24,305.66272,0.00728852862475156,6.54075,0.0736725
"ensemble-057",1967,0.881205125933672,1019.605,1157.0575,114.75701,0.0100086137210656,6.11625,0.0794325
"ensemble-057",1968,0.878116019744531,957.9675,1090.935,177.27401,0.00813943500350816,5.74625,0.066335
"ensemble-057",1969,0.881160682565695,961.115,1090.7375,221.448657,0.0090300344436698,5.7655,0.0839225
"ensemble-057",1970,0.876156677814402,910.3925,1039.075,153.06967,0.0186185063550263,5.461,0.07929
"ensemble-057",1971,0.873644267829932,877.2,1004.07,127.75734,0.0204417820976719,5.26225,0.0836825
"ensemble-057",1972,0.869450088679348,875.045,1006.435,142.336155,0.0248361323853864,5.24875,0.117675
"ensemble-057",1973,0.850748364195078,802.8725,943.725,215.424702,0.0155061439072537,4.816,0.097465
"ensemble-057",1974,0.842322320870884,755.1925,896.56,94.524348,0.0287835982557891,4.53,0.11001
"ensemble-057",1975,0.834286967499585,741.8,889.1425,296.160096,0.0210584851416963,4.44975,0.137975
"ensemble-057",1976,0.813652148978877,702.29775,863.1425,109.676995,0.0278229226116233,4.21275,0.142875
"ensemble-057",1977,0.801030070594624,708.0465,883.92,223.485222,0.033595955062517,4.2475,0.16005
"ensemble-057",1978,0.797342694776228,737.31475,924.715,23.278462,0.029348259797662,4.42275,0.135975
"ensemble-057",1979,0.784306616351374,715.48175,912.2475,137.399331,0.0363491893061044,4.292,0.1833
"ensemble-057",1980,0.761447608960799,675.8095,887.5325,163.151049,0.0292121006577881,4.054,0.186225
"ensemble-057",1981,0.741319668462239,600.367,809.8625,226.369948,0.0441458245108683,3.6015,0.17175
"ensemble-057",1982,0.735776404696452,572.7725,778.46,204.666686,0.0513733901457964,3.43575,0.192
"ensemble-057",1983,0.736077783402853,592.48925,804.9275,155.534747,0.0690221174151841,3.55425,0.189225
"ensemble-057",1984,0.738144309370893,648.78825,878.945,190.594797,0.077598235566145,3.89175,0.211225
"ensemble-057",1985,0.719646657058882,665.3835,924.5975,186.409481,0.0725726734095286,3.99125,0.220275
"ensemble-057",1986,0.696482317171623,636.25575,913.5275,141.224938,0.0792186120710948,3.81675,0.2024
"ensemble-057",1987,0.684099701380108,635.71675,929.275,280.946571,0.0867889914820068,3.8135,0.26325
"ensemble-057",1988,0.669225561344989,642.51175,960.0825,219.813666,0.0731565344914235,3.85425,0.2206
"ensemble-057",1989,0.658854859145016,631.81875,958.965,202.230675,0.068524739183177,3.78975,0.218025
"ensemble-057",1990,0.65723041257652,680.406,1035.2625,176.954796,0.0949201205922397,4.0815,0.2704
"ensemble-057",1991,0.649444169217022,701.3445,1079.915,185.711995,0.118451936858829,4.207,0.25625
"ensemble-057",1992,0.633019731970036,685.97025,1083.6475,226.60724,0.111719238504605,4.11475,0.319125
"ensemble-057",1993,0.603676770471354,632.7755,1048.2025,143.350701,0.0978291992456345,3.796,0.28745
"ensemble-057",1994,0.584425073253398,617.30775,1056.265,280.88761,0.100904489726537,3.703,0.332125
"ensemble-057",1995,0.561157986268711,587.26025,1046.515,88.592795,0.102999046175808,3.5225,0.2873
"ensemble-057",1996,0.558016661044542,570.70875,1022.745,276.40166,0.109217339811968,3.4235,0.26885
"ensemble-057",1997,0.578544611150778,611.76175,1057.415,86.999583,0.169025983872905,3.6695,0.353425
"ensemble-057",1998,0.556791216944712,600.33925,1078.2125,254.26234,0.149573731412934,3.601,0.4219
"ensemble-057",1999,0.524889560075085,557.85,1062.795,186.48492,0.232068413798725,3.3465,0.476675
"ensemble-057",2000,0.486466567408228,507.2545,1042.7325,262.115363,0.177310839609877,3.043,0.4513
"ensemble-057",2001,0.46144323091399,468.3395,1014.945,134.402969,0.15905049784254,2.80925,0.38225
"ensemble-057",2002,0.452208719275176,469.413,1038.045,223.947316,0.13548540113021,2.816,0.47255
"ensemble-057",2003,0.438073816559476,472.54475,1078.6875,153.881495,0.174216834496274,2.83475,0.43315
"ensemble-057",2004,0.430580427756,469.58025,1090.575,254.313374,0.16825275742998,2.81675,0.59505
"ensemble-057",2005,0.404460765833066,434.494,1074.255,149.61021,0.179539802849548,2.6065,0.47325
"ensemble-057",2006,0.40056420766932,430.945,1075.845,164.922411,0.178338816033227,2.585,0.515675
"ensemble-057",2007,0.394940225800905,430.707,1090.5625,172.413516,0.220126385549754,2.5835,0.540075
"ensemble-057",2008,0.381179041041618,406.496,1066.4175,174.412996,0.275624157409074,2.43825,0.582375
"ensemble-057",2009,0.362041769939275,369.193,1019.7525,203.87757,0.179235991337967,2.2145,0.58295
"ensemble-057",2010,0.344471802380976,343.4625,997.07,134.344196,0.167153288178164,2.06025,0.481925
"ensemble-057",2011,0.348947957624097,349.8875,1002.6925,154.0379,0.218698606987285,2.099,0.60695
"ensemble-057",2012,0.341804591831626,341.3705,998.73,249.335125,0.190082538582426,2.04775,0.605825
"ensemble-057",2013,0.330457081461729,319.10175,965.6375,212.623976,0.189834707801066,1.91425,0.536125
"ensemble-057",2014,0.341152269656746,335.21025,982.5825,124.857622,0.251632867033575,2.01075,0.5839
"ensemble-057",2015,0.354204322529803,369.68925,1043.7175,170.95795,0.20105315712801,2.2175,0.5397
"ensemble-057",2016,0.351435341141564,371.91875,1058.285,175.356264,0.27935786009647,2.231,0.57725
"ensemble-057",2017,0.342424242424242,349.7915,1021.515,185.169953,0.179716576997308,2.09825,0.48985
"ensemble-057",2018,0.338430698308084,336.59725,994.5825,141.497518,0.210400391822121,2.01925,0.571425
"ensemble-057",2019,0.33632472365773,332.56125,988.81,171.195723,0.143312601031555,1.995,0.502525
"ensemble-057",2020,0.341585631515607,336.344,984.655,148.850929,0.255305313489326,2.0175,0.53315
"ensemble-057",2021,0.352248619494029,342.87,973.375,150.881695,0.25267528179723,2.05675,0.543525
"ensemble-057",2022,0.353969356071835,340.29375,961.365,107.923065,0.359183286337855,2.04125,0.599825
"ensemble-057",2023,0.340742804489227,313.40075,919.7575,183.39396,0.325952650446462,1.88,0.6595
"ensemble-057",2024,0.309583454457706,274.22825,885.7975,195.786151,0.214440601184762,1.645,0.68835
"ensemble-059",1952,0.991157504059383,1068.22,1077.75,66.441912,0.0138852843606223,2.76075,0.1168975
"ensemble-059",1953,0.963888700219611,1064.35,1104.225,61.484609,0.0128739688680127,2.751,0.1084725
"ensemble-059",1954,0.947652779445312,1065.555,1124.415,80.249517,0.00882701500520108,2.754,0.07275
"ensemble-059",1955,0.934770687719237,1073.93,1148.87,92.1141056,0.0125483056935844,2.77575,0.1136175
"ensemble-059",1956,0.917944229456917,1082.8575,1179.655,47.3310873,0.0172101657437728,2.799,0.124815
"ensemble-059",1957,0.902255232680354,1126.7025,1248.7625,35.5541112,0.0246897110308887,2.912,0.16724
"ensemble-059",1958,0.874157773345092,1107.6475,1267.1025,77.953263,0.0327424316488919,2.86275,0.247875
"ensemble-059",1959,0.837885104177636,1014.505,1210.7925,37.9487517,0.0232182320387952,2.622,0.227875
"ensemble-059",1960,0.80926640245422,917.35,1133.5575,45.9104557,0.0282171941612919,2.371,0.22695
"ensemble-059",1961,0.79628536681332,890.47,1118.28,47.274051,0.023360194201742,2.3015,0.225425
"ensemble-059",1962,0.782024073155567,839.583,1073.6025,51.282609,0.0221663941557865,2.17,0.21825
"ensemble-059",1963,0.768222002979127,794.234,1033.86,55.2162598,0.0264734930357312,2.05275,0.27935
"ensemble-059",1964,0.751394133722359,741.688,987.0825,41.6057547,0.0186701604774047,1.917,0.207575
"ensemble-059",1965,0.755092276322454,726.748,962.4625,35.0308565,0.0215451432836649,1.8785,0.19225
"ensemble-059",1966,0.759333500834891,725.32675,955.215,72.0727825,0.020445891581486,1.87475,0.217475
"ensemble-059",1967,0.752272684339352,696.89225,926.3825,28.41865,0.0258782694967723,1.80125,0.23545
"ensemble-059",1968,0.747524979644143,667.89675,893.4775,45.5470389,0.0208456744608787,1.7265,0.1923
"ensemble-059",1969,0.751059513639412,674.7575,898.4075,50.3222772,0.0243426227569003,1.744,0.240525
"ensemble-059",1970,0.74518336990283,653.768,877.325,46.1220777,0.0377511090099105,1.6895,0.228675
"ensemble-059",1971,0.741007871818425,637.289,860.03,33.1095885,0.0429474847094503,1.64725,0.231475
"ensemble-059",1972,0.735849436972612,638.7725,868.075,36.417082,0.0576792921706025,1.651,0.319
"ensemble-059",1973,0.713815771900719,601.2845,842.3525,55.951525,0.0358278700810014,1.55425,0.2691
"ensemble-059",1974,0.70039846124184,572.15025,816.8925,26.2367179,0.0573091742815499,1.47875,0.3003
"ensemble-059",1975,0.685901902643934,555.169,809.4,81.983635,0.050529462951789,1.435,0.3836
"ensemble-059",1976,0.658499611746324,523.657,795.2275,27.693987,0.0617355222378541,1.3535,0.40235
"ensemble-059",1977,0.637375057002354,517.147,811.37,65.2801151,0.0760080374979113,1.3365,0.4461
"ensemble-059",1978,0.62802185702499,534.7245,851.4425,7.6398792,0.0612099604962936,1.382,0.3731
"ensemble-059",1979,0.609193458891474,524.246,860.5575,34.8514242,0.0790991672942286,1.355,0.483975
"ensemble-059",1980,0.580900602662848,500.98175,862.4225,51.52311,0.0661490539909401,1.2945,0.4939
"ensemble-059",1981,0.556077956531263,456.9515,821.74,64.876229,0.0988478471202247,1.181,0.46745
"ensemble-059",1982,0.542812827355714,435.27075,801.88,67.5662365,0.117881118288411,1.125,0.5372
"ensemble-059",1983,0.533568874562154,439.466,823.635,56.663358,0.142821753404582,1.136,0.5246
"ensemble-059",1984,0.526949422940688,472.33375,896.355,55.9643673,0.163727947015255,1.221,0.566475
"ensemble-059",1985,0.504259486617197,489.7885,971.3025,65.5916613,0.150526214253895,1.266,0.590375
"ensemble-059",1986,0.477519225504592,479.68,1004.525,52.117483,0.166872229705033,1.23975,0.53985
"ensemble-059",1987,0.460576776092024,482.0765,1046.68,87.9263015,0.179821833307829,1.246,0.686675
"ensemble-059",1988,0.441001885913537,487.55625,1105.565,78.366395,0.159634585799883,1.26025,0.593175
"ensemble-059",1989,0.427283120273499,487.74475,1141.5025,73.877112,0.140214609860573,1.26075,0.57685
"ensemble-059",1990,0.420731163077522,518.5175,1232.42,66.940847,0.197743396987996,1.34025,0.704075
"ensemble-059",1991,0.41101411963474,536.4135,1305.0975,80.579726,0.224041959561409,1.3865,0.650075
"ensemble-059",1992,0.395074073798763,531.48525,1345.28,77.724231,0.268032272879371,1.37375,0.81615
"ensemble-059",1993,0.369088339092035,499.38575,1353.025,49.020682,0.209735602623335,1.29075,0.728325
"ensemble-059",1994,0.347610818906085,482.7845,1388.865,97.686798,0.208175441795063,1.248,0.8431
"ensemble-059",1995,0.323120876708837,456.3525,1412.3275,35.646439,0.201929952276121,1.1795,0.753825
"ensemble-059",1996,0.315129323222695,443.0025,1405.78,109.36012,0.217198262182593,1.145,0.70105
"ensemble-059",1997,0.327601226759738,472.13725,1441.195,42.670918,0.307769775202935,1.22025,0.88035
"ensemble-059",1998,0.312212263087212,463.796,1485.515,108.501559,0.289226734413072,1.19875,1.05205
"ensemble-059",1999,0.288977550610685,439.01325,1519.195,73.178951,0.472366379337059,1.13475,1.1526
"ensemble-059",2000,0.261165932947347,402.8145,1542.37,114.466904,0.353816683318392,1.04125,1.134875
"ensemble-059",2001,0.239925328984186,375.12925,1563.525,52.294877,0.303504722296692,0.969475,0.969075
"ensemble-059",2002,0.226840256142927,367.70125,1620.97,94.055788,0.269769201116994,0.950375,1.2045
"ensemble-059",2003,0.212583422576944,361.775,1701.8025,65.282931,0.330285429992999,0.935075,1.0887
"ensemble-059",2004,0.204252834293703,357.21625,1748.8925,108.478503,0.361160979684813,0.923275,1.5135
"ensemble-059",2005,0.185234869878478,327.15025,1766.1375,67.649841,0.360270662557531,0.845575,1.2185
"ensemble-059",2006,0.179820698332809,322.98225,1796.135,77.429307,0.350103719809182,0.8348,1.29725
"ensemble-059",2007,0.174021804688197,321.7115,1848.685,75.43198,0.415447539721147,0.831525,1.3285
"ensemble-059",2008,0.165425998491332,309.76225,1872.5125,90.852829,0.525154048965183,0.800625,1.44625
"ensemble-059",2009,0.153913597916622,286.0515,1858.52,87.72479,0.399822580043968,0.739375,1.47
"ensemble-059",2010,0.141925598928491,264.11325,1860.9275,64.424154,0.29852429514888,0.682625,1.20545
"ensemble-059",2011,0.140592678355557,268.36225,1908.7925,71.341493,0.447552390429701,0.693625,1.493
"ensemble-059",2012,0.135264076681762,262.47825,1940.4875,105.147249,0.37688536611232,0.678425,1.539
"ensemble-059",2013,0.127392157830096,245.30825,1925.615,101.138762,0.354031314729197,0.634025,1.3944
"ensemble-059",2014,0.128740991729422,252.28825,1959.6575,58.954922,0.432458708450963,0.65205,1.48775
"ensemble-059",2015,0.132682855737526,273.126,2058.4875,80.943412,0.347550339768854,0.705925,1.34775
"ensemble-059",2016,0.132944908266822,282.17025,2122.46,80.455091,0.48421994405444,0.7293,1.4056
"ensemble-059",2017,0.1309142996667,276.12575,2109.21,85.050457,0.330810067264465,0.7137,1.1872
"ensemble-059",2018,0.131062821670753,274.26075,2092.59,64.439522,0.383843831724432,0.7089,1.37175
"ensemble-059",2019,0.130621686308239,272.6055,2086.985,70.980989,0.267506214471159,0.7046,1.2152
"ensemble-059",2020,0.133327674085098,276.82125,2076.2475,79.391725,0.434285219946093,0.715475,1.278625
"ensemble-059",2021,0.13884177768539,283.86375,2044.5125,73.284986,0.433913856176143,0.7337,1.26615
"ensemble-059",2022,0.141179795615805,284.73,2016.79,57.151401,0.588786940331231,0.735925,1.37145
"ensemble-059",2023,0.137198332894822,269.853,1966.8825,78.704942,0.554696637399709,0.697475,1.50025
"ensemble-059",2024,0.121802767699104,234.65425,1926.51,65.116693,0.45225227570667,0.6065,1.73225
"ensemble-062",1952,0.994345989606258,1609.61,1618.7625,91.111542,0.00982101973444895,4.58225,0.0760625
"ensemble-062",1953,0.976527318135958,1623.65,1662.6775,89.038262,0.009570040086998,4.62225,0.070705
"ensemble-062",1954,0.965180013124037,1636.33,1695.3625,100.797951,0.00747344191349557,4.6585,0.0483025
"ensemble-062",1955,0.955414049846778,1639.93,1716.46,90.6984247,0.0102267976121963,4.66875,0.077165
"ensemble-062",1956,0.94272640302447,1635.8,1735.18,60.2928199,0.0127518207381976,4.657,0.085775
"ensemble-062",1957,0.930516700209021,1677.2075,1802.4475,42.1327961,0.0187700377895904,4.77475,0.115585
"ensemble-062",1958,0.909531830855019,1644.1425,1807.68,98.945818,0.0246720083063874,4.68075,0.171155
"ensemble-062",1959,0.882325481288011,1516.7925,1719.085,41.704277,0.0183606247827498,4.318,0.15891
"ensemble-062",1960,0.859880911274056,1375.8675,1600.0675,70.376487,0.0198914070468722,3.91675,0.1581725
"ensemble-062",1961,0.848380277960128,1321.435,1557.5975,41.1383861,0.0189686907914234,3.76175,0.156575
"ensemble-062",1962,0.836891548559255,1244.305,1486.8175,63.836479,0.0167992690783569,3.5425,0.15235
"ensemble-062",1963,0.825802982619835,1174.905,1422.7425,64.379448,0.0210504396988921,3.34475,0.19745
"ensemble-062",1964,0.812278971834432,1095.61,1348.81,44.0514444,0.0154003279081191,3.119,0.148235
"ensemble-062",1965,0.813414446326813,1056.3,1298.6,40.524188,0.0173981533270355,3.007,0.139975
"ensemble-062",1966,0.815243745112985,1034.795,1269.3075,90.825581,0.0161861407973724,2.94625,0.159575
"ensemble-062",1967,0.8090893600248,985.2625,1217.7425,24.571917,0.0219694371894951,2.80475,0.174425
"ensemble-062",1968,0.804486496836389,934.8475,1162.0425,48.9985312,0.0174076133106813,2.6615,0.14355
"ensemble-062",1969,0.806432799254168,929.8775,1153.075,61.7076264,0.0200613090369538,2.647,0.180425
"ensemble-062",1970,0.801240428755923,894.9475,1116.9525,45.4528974,0.0329109693078762,2.54775,0.1738
"ensemble-062",1971,0.797082655782864,865.1575,1085.405,37.9031058,0.0359900892634739,2.46275,0.1776
"ensemble-062",1972,0.791230405820818,855.8225,1081.635,39.192791,0.0480659636863593,2.43625,0.247025
"ensemble-062",1973,0.771645182832791,803.055,1040.705,58.479971,0.0303256639734644,2.286,0.21035
"ensemble-062",1974,0.758454831654129,757.685,998.985,29.535559,0.048633428288674,2.157,0.2365
"ensemble-062",1975,0.744371574376399,728.9575,979.2925,85.624827,0.043970007500531,2.07525,0.304475
"ensemble-062",1976,0.719315441870217,686.155,953.9,35.588971,0.0527127268463501,1.95325,0.324025
"ensemble-062",1977,0.69883054780835,671.52025,960.92,66.9362113,0.0663501038401806,1.9115,0.36125
"ensemble-062",1978,0.688575414858887,686.00875,996.2725,8.4511373,0.0529932861111692,1.953,0.301125
"ensemble-062",1979,0.671804066893769,673.4735,1002.485,46.1094046,0.0656265800786271,1.9175,0.388525
"ensemble-062",1980,0.646699329358235,647.768,1001.6525,48.250518,0.0574136995934093,1.84425,0.392625
"ensemble-062",1981,0.624721801996703,597.751,956.8275,67.005426,0.085968536270079,1.70175,0.3735
"ensemble-062",1982,0.612164927962869,569.78475,930.77,73.8300499,0.102118095565284,1.62225,0.435825
"ensemble-062",1983,0.602268926242696,568.9755,944.72,55.973451,0.126346874726147,1.62,0.433525
"ensemble-062",1984,0.593847079982758,599.28375,1009.155,57.9959359,0.14383217969378,1.706,0.4724
"ensemble-062",1985,0.570579619848237,613.5785,1075.36,69.5522466,0.134763043186746,1.7465,0.49565
"ensemble-062",1986,0.543187716066746,598.64175,1102.09,49.3258285,0.145910381060028,1.70425,0.457825
"ensemble-062",1987,0.523133015885578,594.90425,1137.195,92.2526018,0.162060901754947,1.694,0.5865
"ensemble-062",1988,0.501348428899589,596.37025,1189.5325,82.077976,0.148203870282141,1.69775,0.512725
"ensemble-062",1989,0.48491146041609,591.1495,1219.0875,70.143782,0.13077618473255,1.683,0.506625
"ensemble-062",1990,0.474028009912973,616.8645,1301.325,65.440206,0.185037610834747,1.756,0.6201
"ensemble-062",1991,0.461592437864723,632.00775,1369.19,86.755565,0.202160763126308,1.79925,0.571125
"ensemble-062",1992,0.444081121051314,625.3295,1408.1425,75.5169899,0.245017857398642,1.78,0.71675
"ensemble-062",1993,0.417444628075826,591.0515,1415.88,54.820311,0.192680811160722,1.68275,0.63955
"ensemble-062",1994,0.394040370073377,571.24525,1449.7125,91.649634,0.181873691081075,1.62625,0.742
"ensemble-062",1995,0.367557029024625,541.30675,1472.715,39.033876,0.188049367722479,1.541,0.6639
"ensemble-062",1996,0.35796177692292,524.8185,1466.13,111.86263,0.203252157808963,1.494,0.623475
"ensemble-062",1997,0.368650857889563,552.24175,1498.0075,38.269794,0.289373452342217,1.572,0.78695
"ensemble-062",1998,0.35255116241595,541.4895,1535.9175,108.738109,0.264082680146874,1.5415,0.940025
"ensemble-062",1999,0.328675724194598,514.0135,1563.8925,89.093791,0.409025941530971,1.46325,1.0276
"ensemble-062",2000,0.299083363361085,473.111,1581.87,98.148961,0.334846788241273,1.34675,1.012475
"ensemble-062",2001,0.276459239555625,441.71275,1597.75,58.779107,0.285429739994897,1.25775,0.8746
"ensemble-062",2002,0.261283214438329,429.5385,1643.9575,85.781984,0.263770527377469,1.223,1.0985
"ensemble-062",2003,0.244285453336548,417.9205,1710.7875,69.850646,0.304733858342143,1.19,1.0024
"ensemble-062",2004,0.233239418884674,407.506,1747.1575,103.964456,0.335336813696102,1.16,1.402
"ensemble-062",2005,0.211814425297667,371.89,1755.735,69.71478,0.338463848257479,1.05875,1.13725
"ensemble-062",2006,0.204396406038756,362.8445,1775.2,74.848013,0.340835941870292,1.033,1.21725
"ensemble-062",2007,0.197461281372352,358.332,1814.695,75.4733691,0.38920950559269,1.02,1.245
"ensemble-062",2008,0.187523073412734,343.12175,1829.7575,92.364191,0.503443347779961,0.9768,1.3545
"ensemble-062",2009,0.175426873206292,318.3125,1814.5025,85.614146,0.391330392620196,0.906175,1.3745
"ensemble-062",2010,0.162883601860958,295.22775,1812.5075,65.338196,0.291941489136754,0.840475,1.135675
"ensemble-062",2011,0.160567086555672,297.1595,1850.6875,73.481957,0.41946806731265,0.845975,1.409475
"ensemble-062",2012,0.154092540459767,288.73475,1873.775,103.768715,0.368468874028065,0.821975,1.45925
"ensemble-062",2013,0.14526574760714,269.5435,1855.52,102.228467,0.348135896648997,0.76735,1.33305
"ensemble-062",2014,0.146252829881954,274.397,1876.1825,59.322957,0.425948629838208,0.78115,1.4205
"ensemble-062",2015,0.15098623213797,295.16525,1954.915,81.478246,0.337824941261692,0.8403,1.27915
"ensemble-062",2016,0.152158030978568,305.951,2010.745,78.792117,0.472586324052931,0.871,1.332825
"ensemble-062",2017,0.150460370870625,301.046,2000.8325,85.176954,0.321436226139636,0.857,1.12725
"ensemble-062",2018,0.150466427189136,298.762,1985.5725,64.758207,0.377983328482341,0.850525,1.3094
"ensemble-062",2019,0.149294712713357,295.53075,1979.5125,67.975685,0.265144868648537,0.841325,1.163575
"ensemble-062",2020,0.151291317526085,297.86575,1968.8225,79.527468,0.428595512143799,0.84795,1.232175
"ensemble-062",2021,0.156335679379684,303.036,1938.3675,74.583675,0.432095617658069,0.862675,1.21965
"ensemble-062",2022,0.158363145845033,302.45025,1909.8525,57.69315,0.585402656556896,0.861025,1.31695
"ensemble-062",2023,0.153846462882564,287.2075,1866.845,83.551277,0.538122546575208,0.817625,1.42925
"ensemble-062",2024,0.137867954604286,252.98425,1834.975,68.522435,0.424710884089785,0.720225,1.62
"ensemble-063",1952,0.992708383843282,1228.3575,1237.38,121.308297,0.00908868824201998,5.0415,0.07287
"ensemble-063",1953,0.970325119726881,1227.83,1265.38,107.929574,0.00852552530590172,5.03925,0.0676975
"ensemble-063",1954,0.957485400125975,1231.2975,1285.97,146.767676,0.00581577921828401,5.05325,0.04539
"ensemble-063",1955,0.947638754533885,1241.665,1310.2725,145.0224126,0.00886329906666096,5.09625,0.0709375
"ensemble-063",1956,0.934678869645029,1252.5725,1340.11,84.7988336,0.0118546035229973,5.14075,0.0789575
"ensemble-063",1957,0.922376572179463,1302.0775,1411.655,63.4360155,0.0177730816892377,5.34375,0.10861
"ensemble-063",1958,0.898508614221606,1269.395,1412.78,155.301701,0.0222068180584785,5.20975,0.1623175
"ensemble-063",1959,0.867172033367739,1153.1025,1329.7275,51.099993,0.0167963541118687,4.7325,0.14857
"ensemble-063",1960,0.843078997658441,1037.845,1231.0175,108.5097166,0.0166744543183277,4.2595,0.146505
"ensemble-063",1961,0.834852894295733,1014.795,1215.5375,58.7947461,0.0168905521316921,4.165,0.14435
"ensemble-063",1962,0.824849704563955,960.09,1163.9575,99.269332,0.0140891608919782,3.94025,0.139575
"ensemble-063",1963,0.815115065683188,911.965,1118.8175,90.146147,0.0181193806958609,3.74275,0.17965
"ensemble-063",1964,0.802036805431481,852.91,1063.43,68.6182917,0.0130938059123931,3.5005,0.13319
"ensemble-063",1965,0.807327027648932,833.2725,1032.1375,63.7384148,0.0150533444482255,3.42,0.12505
"ensemble-063",1966,0.812441535292428,827.2625,1018.2425,132.1588858,0.0134727205079274,3.39525,0.14185
"ensemble-063",1967,0.806925134235724,790.48,979.62,42.7561537,0.0183800138184942,3.24425,0.152675
"ensemble-063",1968,0.803630767917816,753.3275,937.405,78.0586741,0.0145678461416871,3.09175,0.12463
"ensemble-063",1969,0.80885584403536,762.8825,943.1625,96.0357838,0.0163581360269619,3.131,0.155375
"ensemble-063",1970,0.805020432944277,739.208,918.2475,66.9032233,0.0305857153450555,3.03375,0.14675
"ensemble-063",1971,0.802910590186009,721.5075,898.615,61.5211958,0.0320354103428821,2.961,0.150375
"ensemble-063",1972,0.798924152770307,724.035,906.2625,59.242622,0.0410069115224843,2.97175,0.20855
"ensemble-063",1973,0.778706354733593,679.2675,872.3025,92.012246,0.027353388350173,2.7875,0.1757
"ensemble-063",1974,0.767548127020799,644.514,839.705,49.772418,0.044517994933808,2.645,0.19685
"ensemble-063",1975,0.755471519378769,626.04225,828.6775,128.705127,0.0357302633202877,2.5695,0.248375
"ensemble-063",1976,0.730407898796668,591.813,810.25,59.847329,0.0441924740517954,2.42875,0.26105
"ensemble-063",1977,0.712339640139289,587.61075,824.9025,100.2984044,0.0558877897880175,2.41175,0.289
"ensemble-063",1978,0.706551195027438,611.271,865.1475,15.8227223,0.0462403796593416,2.509,0.240925
"ensemble-063",1979,0.691958639671554,602.113,870.1575,71.6048616,0.0571536920356967,2.471,0.31365
"ensemble-063",1980,0.667740615200148,579.1715,867.36,76.795927,0.0471688117744926,2.37725,0.316725
"ensemble-063",1981,0.646503908569619,530.749,820.9525,102.836974,0.0757294081321109,2.17825,0.297425
"ensemble-063",1982,0.637459549969898,508.23375,797.28,105.038897,0.085999343990295,2.08575,0.34015
"ensemble-063",1983,0.631610480907493,513.9225,813.67,84.54409,0.110157138126877,2.109,0.334575
"ensemble-063",1984,0.629093037230271,552.24775,877.8475,101.004152,0.1186074888508,2.2665,0.364525
"ensemble-063",1985,0.609130187939964,571.323,937.9325,96.3144622,0.115185068275777,2.34475,0.3798
"ensemble-063",1986,0.584015761656075,556.90575,953.58,74.885645,0.122535225957633,2.2855,0.349175
"ensemble-063",1987,0.567922987819502,556.4765,979.845,145.803686,0.13129753086865,2.284,0.447625
"ensemble-063",1988,0.549242906066536,561.32625,1022,122.327995,0.113106057119828,2.30375,0.384125
"ensemble-063",1989,0.536030707031814,556.8555,1038.85,99.1400902,0.109990942132638,2.28525,0.37935
"ensemble-063",1990,0.530752817619499,590.773,1113.085,96.107425,0.147754367927107,2.42475,0.465925
"ensemble-063",1991,0.520729378941481,607.52325,1166.6775,98.965817,0.169081257963971,2.4935,0.432575
"ensemble-063",1992,0.502646739724645,597.652,1189.01,128.473997,0.166651595865276,2.453,0.54465
"ensemble-063",1993,0.473757319550036,558.657,1179.205,81.412123,0.153271087947159,2.29275,0.488075
"ensemble-063",1994,0.451753082065236,537.9295,1190.76,140.71001,0.145457549829444,2.2075,0.565325
"ensemble-063",1995,0.427556135497677,511.97175,1197.4375,61.01592,0.151773854887579,2.10125,0.494425
"ensemble-063",1996,0.421241411066918,498.56975,1183.5725,157.638877,0.159341207263,2.04625,0.458825
"ensemble-063",1997,0.438070321537868,533.93325,1218.83,60.468249,0.229775723688425,2.19125,0.5833
"ensemble-063",1998,0.421383922690967,527.84025,1252.635,145.273399,0.209529211081144,2.1665,0.691775
"ensemble-063",1999,0.396211163837887,502.4225,1268.0675,122.748762,0.30876114174644,2.06225,0.76305
"ensemble-063",2000,0.364145260074124,463.01525,1271.5125,147.972346,0.253792258852119,1.90025,0.733225
"ensemble-063",2001,0.341881955504458,434.15675,1269.9025,86.999421,0.21736488851532,1.782,0.625225
"ensemble-063",2002,0.33046683282025,431.265,1305.0175,125.217627,0.202232242573112,1.76975,0.773775
"ensemble-063",2003,0.316403007750856,430.56675,1360.8175,94.151818,0.243587631878471,1.76725,0.7061
"ensemble-063",2004,0.306643676543036,424.81725,1385.3775,153.295408,0.23794470272251,1.74325,0.9853
"ensemble-063",2005,0.282327063381429,389.8725,1380.925,99.274864,0.250141994309219,1.6,0.789675
"ensemble-063",2006,0.275908589861319,382.3355,1385.7325,104.288101,0.266522936552842,1.569,0.83845
"ensemble-063",2007,0.272313083905482,384.824,1413.1675,108.105042,0.275674123259717,1.5795,0.85965
"ensemble-063",2008,0.261938245184959,370.566,1414.7075,114.873234,0.361851907014493,1.52075,0.9293
"ensemble-063",2009,0.246648229011542,342.016,1386.655,119.688779,0.276414242685716,1.40375,0.942975
"ensemble-063",2010,0.233445892181306,319.04875,1366.6925,90.626486,0.235487541427688,1.3095,0.784225
"ensemble-063",2011,0.233299195610968,320.63125,1374.335,100.475779,0.304353956249815,1.31575,0.974175
"ensemble-063",2012,0.225995042293276,310.659,1374.6275,147.676167,0.271971355805898,1.27475,0.990425
"ensemble-063",2013,0.216411655802116,291.64825,1347.655,137.109575,0.268286242645157,1.19725,0.89565
"ensemble-063",2014,0.220196637108641,299.66175,1360.8825,83.701045,0.335346232531592,1.22975,0.96615
"ensemble-063",2015,0.227737404547962,324.03275,1422.835,107.668406,0.274731764887102,1.33,0.87575
"ensemble-063",2016,0.228955884623964,333.583,1456.975,113.543828,0.374533461782116,1.369,0.921075
"ensemble-063",2017,0.225224698167939,323.381,1435.815,119.574388,0.252488338114372,1.32725,0.777775
"ensemble-063",2018,0.224284545330833,317.26675,1414.5725,95.080021,0.292244409112974,1.30225,0.902475
"ensemble-063",2019,0.223731059565927,315.722,1411.1675,100.301395,0.205067258162728,1.29575,0.7937
"ensemble-063",2020,0.228208983307181,321.40725,1408.39,104.723083,0.334568491468032,1.319,0.8385
"ensemble-063",2021,0.236759120417344,329.60125,1392.1375,97.09111,0.323460290650443,1.35275,0.825575
"ensemble-063",2022,0.240960290239146,331.421,1375.4175,78.767361,0.433780088907073,1.36025,0.900775
"ensemble-063",2023,0.234192434754496,315.10475,1345.495,117.060918,0.428799853464538,1.29325,0.98375
"ensemble-063",2024,0.210904878146537,276.2585,1309.8725,99.502215,0.3307454095242,1.13375,1.0943
"ensemble-065",1952,0.994419882255812,1610.9975,1620.0375,150.298899,0.00721468352883688,8.07375,0.050075
"ensemble-065",1953,0.977323094911859,1617.35,1654.8775,111.076838,0.00712807016886901,8.10575,0.04658
"ensemble-065",1954,0.967564382424234,1625.6025,1680.0975,167.623827,0.00484550883711884,8.147,0.031855
"ensemble-065",1955,0.959553451227478,1626.8725,1695.4475,178.513521,0.00718360502133163,8.15325,0.0511475
"ensemble-065",1956,0.94860219068774,1613.2,1700.6075,95.0434023,0.0100332372196685,8.085,0.0571325
"ensemble-065",1957,0.938439590238876,1657.655,1766.395,70.7833845,0.0148967278355784,8.30775,0.078415
"ensemble-065",1958,0.91901736117058,1609.76,1751.61,153.983168,0.0195298901271566,8.0675,0.1175575
"ensemble-065",1959,0.893388261668066,1460.5625,1634.8575,63.761444,0.0144440389647106,7.32,0.1089525
"ensemble-065",1960,0.872736930192471,1306.245,1496.7225,91.5571728,0.0167191787884643,6.54625,0.1106225
"ensemble-065",1961,0.863739559899672,1252.6275,1450.2375,88.1078235,0.0143967520596613,6.27775,0.1101325
"ensemble-065",1962,0.853777806246168,1166.2925,1366.0375,97.491338,0.0133836881700419,5.845,0.1073375
"ensemble-065",1963,0.844498161488095,1094.3725,1295.885,104.052899,0.0161654811151645,5.48475,0.1382625
"ensemble-065",1964,0.832731490779717,1015.82,1219.865,73.4208823,0.0116913772326774,5.09075,0.102945
"ensemble-065",1965,0.837497343025975,985.0225,1176.15,64.8025789,0.0137254774315682,4.9365,0.0969375
"ensemble-065",1966,0.842247436158285,972.8,1155.005,126.414836,0.0129665396921194,4.8755,0.1108025
"ensemble-065",1967,0.837205459233453,924.5825,1104.3675,52.571204,0.0168527524988176,4.63375,0.1206975
"ensemble-065",1968,0.833749002513071,875.03,1049.5125,77.7013497,0.0138792993561298,4.385,0.100065
"ensemble-065",1969,0.836967008448384,874.03,1044.2825,92.372238,0.0158710685562577,4.3805,0.126395
"ensemble-065",1970,0.831953922368343,836.33,1005.26,71.2546289,0.0269167787438371,4.19125,0.120925
"ensemble-065",1971,0.828488984588188,806.0825,972.955,56.9013384,0.0308949296614664,4.04,0.12492
"ensemble-065",1972,0.823489081798874,798.735,969.94,59.136156,0.0406724419703448,4.003,0.17435
"ensemble-065",1973,0.803339788599063,742.535,924.31,92.555273,0.0253320588908751,3.72125,0.147725
"ensemble-065",1974,0.791449639248003,698.205,882.185,42.958252,0.0419203535242643,3.49925,0.1666
"ensemble-065",1975,0.778839038997375,673.64125,864.93,129.959411,0.0352317769434599,3.376,0.21295
"ensemble-065",1976,0.754102307696886,633.45725,840.015,48.59004,0.0443943612485389,3.1745,0.2245
"ensemble-065",1977,0.735774293451516,624.23275,848.4025,100.8279184,0.0546269873369845,3.12825,0.25025
"ensemble-065",1978,0.728848453251883,643.0885,882.335,12.2230933,0.0450744392048505,3.223,0.210575
"ensemble-065",1979,0.712867493322182,626.49825,878.8425,58.9797433,0.0563899696544454,3.13975,0.2766
"ensemble-065",1980,0.687584720365162,596.521,867.56,76.71879,0.048052639581804,2.9895,0.281925
"ensemble-065",1981,0.66518240558037,540.21625,812.1325,99.254696,0.0711829865699461,2.70775,0.266475
"ensemble-065",1982,0.654800177577347,512.54975,782.7575,99.4095192,0.086304257634247,2.56875,0.305625
"ensemble-065",1983,0.649152584953476,516.78875,796.0975,80.88539,0.107837583761834,2.59,0.3002
"ensemble-065",1984,0.647249645332103,554.32725,856.435,89.4370282,0.122063643022867,2.77825,0.32765
"ensemble-065",1985,0.627531261223471,572.2285,911.8725,91.3480748,0.115432858641139,2.868,0.341875
"ensemble-065",1986,0.602466036821312,556.22225,923.2425,71.752815,0.128534830986645,2.78775,0.31455
"ensemble-065",1987,0.586628124818593,555.80375,947.455,132.4613647,0.136963203007166,2.7855,0.40425
"ensemble-065",1988,0.567119299436975,559.53975,986.635,110.79765,0.120743285281674,2.804,0.34735
"ensemble-065",1989,0.553406222457474,554.1215,1001.2925,101.7434628,0.108642134137835,2.777,0.3416
"ensemble-065",1990,0.548172852002062,587.618,1071.9575,93.412051,0.15235007906043,2.945,0.4199
"ensemble-065",1991,0.538387292089611,604.652,1123.08,90.4789043,0.179208606916302,3.0305,0.391575
"ensemble-065",1992,0.520758218335719,594.922,1142.415,120.989183,0.186935902988478,2.9815,0.492575
"ensemble-065",1993,0.490641451695996,554.75725,1130.6775,70.164577,0.159290119046367,2.78025,0.441875
"ensemble-065",1994,0.467483299616126,535.529,1145.5575,136.579515,0.158207606447102,2.684,0.511325
"ensemble-065",1995,0.441439123452471,507.8415,1150.4225,49.493211,0.159179661414359,2.545,0.453
"ensemble-065",1996,0.434580767617913,492.2605,1132.725,148.42829,0.173101678783373,2.467,0.42275
"ensemble-065",1997,0.451893726733289,523.189,1157.77,54.251713,0.248836237335644,2.622,0.53885
"ensemble-065",1998,0.43392522298804,513.73275,1183.92,140.349469,0.226878676772472,2.57475,0.6412
"ensemble-065",1999,0.406203019723077,484.86525,1193.6525,97.740986,0.356478122078145,2.43,0.710625
"ensemble-065",2000,0.371606606763669,444.06525,1194.9875,150.759864,0.277134148045421,2.2255,0.690825
"ensemble-065",2001,0.346979654397716,413.14,1190.675,71.138037,0.24504225478192,2.0705,0.590075
"ensemble-065",2002,0.333663699457778,406.60175,1218.5975,122.829179,0.21448089746352,2.03775,0.7335
"ensemble-065",2003,0.317980403540159,402.5775,1266.045,85.536687,0.267234220773526,2.01775,0.66825
"ensemble-065",2004,0.308933555367281,396.54325,1283.5875,141.157719,0.274000425874935,1.9875,0.92855
"ensemble-065",2005,0.285055178467857,363.6905,1275.86,85.539675,0.283741060133952,1.82275,0.74695
"ensemble-065",2006,0.279143225756006,357.00325,1278.925,96.858262,0.281616187642477,1.78925,0.802875
"ensemble-065",2007,0.27361183550845,355.41425,1298.9725,106.099623,0.335844659463823,1.78125,0.829475
"ensemble-065",2008,0.26298695885652,339.14075,1289.5725,102.487478,0.425252908826535,1.69975,0.8937
"ensemble-065",2009,0.248382461092008,312.40925,1257.775,113.948059,0.30335820774431,1.56575,0.906875
"ensemble-065",2010,0.232796575785452,289.75375,1244.665,82.27491,0.25021133818804,1.452,0.75035
"ensemble-065",2011,0.232965534020273,292.052,1253.6275,90.545378,0.348315827340157,1.46375,0.935025
"ensemble-065",2012,0.226643847236221,283.89125,1252.5875,136.28149,0.306396395112327,1.42275,0.953575
"ensemble-065",2013,0.217320400505747,265.55575,1221.955,126.637851,0.292193433237822,1.33075,0.859925
"ensemble-065",2014,0.222906179606242,274.1055,1229.69,75.576937,0.364316319320417,1.374,0.92625
"ensemble-065",2015,0.231956428459978,297.32175,1281.8,102.14615,0.29316857772161,1.49,0.844075
"ensemble-065",2016,0.232993450032558,304.138,1305.35,102.399042,0.409430004727724,1.52425,0.887675
"ensemble-065",2017,0.2294957397321,293.78725,1280.1425,107.163738,0.275220175671344,1.4725,0.75145
"ensemble-065",2018,0.229312017714954,288.92225,1259.9525,83.425905,0.317918872517164,1.44825,0.8734
"ensemble-065",2019,0.227986328385948,285.82475,1253.6925,91.538039,0.225266303484428,1.43275,0.773875
"ensemble-065",2020,0.231919626291942,289.071,1246.4275,97.402043,0.373582477771529,1.44875,0.819275
"ensemble-065",2021,0.240103882125588,294.461,1226.39,89.601504,0.383507728650315,1.47575,0.82035
"ensemble-065",2022,0.242672332720843,293.5225,1209.5425,70.295127,0.523829926634135,1.471,0.899225
"ensemble-065",2023,0.233402800543249,274.11175,1174.415,103.371064,0.478407562391261,1.37375,0.9887
"ensemble-065",2024,0.206417140324176,236.3275,1144.9025,95.998088,0.359360616038932,1.18425,1.1029
"ensemble-066",1952,0.994866951738853,1706.55,1715.355,213.75129,0.00572469347324734,8.98775,0.04258
"ensemble-066",1953,0.979224202503273,1712.575,1748.91,160.717145,0.00567035900881473,9.019,0.0396225
"ensemble-066",1954,0.970637176927156,1720.765,1772.82,236.407644,0.00389587791843036,9.06225,0.0269825
"ensemble-066",1955,0.963797217450135,1723.72,1788.4675,248.494196,0.00575346915563254,9.07775,0.0431625
"ensemble-066",1956,0.954123297299106,1710.495,1792.74,135.747327,0.00808440467459313,9.008,0.0485975
"ensemble-066",1957,0.945154721544119,1762.6025,1864.8825,95.65228,0.0123572758385974,9.2825,0.0677025
"ensemble-066",1958,0.92733463021814,1707.7725,1841.5925,223.90812,0.0160339283852883,8.994,0.1022775
"ensemble-066",1959,0.90336901971446,1536.7775,1701.1625,90.734527,0.0116162920565181,8.09325,0.094585
"ensemble-066",1960,0.884177015237308,1364.3625,1543.0875,150.209491,0.0125714013873734,7.18525,0.0955825
"ensemble-066",1961,0.877117236798406,1313.8975,1497.9725,98.083174,0.0119973330668452,6.9195,0.09507
"ensemble-066",1962,0.868683556017252,1225.0675,1410.2575,140.177964,0.0104432263939989,6.45175,0.0928275
"ensemble-066",1963,0.860568641130624,1150.2425,1336.6075,142.529266,0.0129273581824771,6.05775,0.1197475
"ensemble-066",1964,0.849729074547361,1065.59,1254.035,99.391759,0.00957590102918825,5.61175,0.08911
"ensemble-066",1965,0.854599787525291,1031.675,1207.2025,87.8657407,0.0114358653785028,5.433,0.08438
"ensemble-066",1966,0.858971055388463,1016.7125,1183.64,189.342722,0.0102002853632167,5.35425,0.09685
"ensemble-066",1967,0.853590669455881,960.9425,1125.765,58.821754,0.0142667725321737,5.06075,0.1051375
"ensemble-066",1968,0.850327910720185,907.285,1066.9825,106.5499149,0.0113637682973295,4.778,0.0872425
"ensemble-066",1969,0.853588219952491,908.22,1064.0025,133.20342,0.012668642562466,4.783,0.11025
"ensemble-066",1970,0.848560100115838,866.225,1020.8175,95.100588,0.0238877051068747,4.56175,0.1050525
"ensemble-066",1971,0.845573616233362,835.71,988.335,78.91853,0.0262753511778093,4.40125,0.10912
"ensemble-066",1972,0.840847974297676,830.9575,988.2375,83.530455,0.0335729144214448,4.37625,0.152975
"ensemble-066",1973,0.821348422416137,770.4125,937.985,127.835004,0.0205506906897802,4.0575,0.128445
"ensemble-066",1974,0.810562214923518,723.7125,892.8525,59.960164,0.0360313280668631,3.81125,0.1447
"ensemble-066",1975,0.799883405138705,703.1875,879.1125,178.705537,0.0283627888644721,3.70325,0.1837
"ensemble-066",1976,0.77711215899185,664.14725,854.635,70.937673,0.0364707378625054,3.4975,0.191975
"ensemble-066",1977,0.761125924217748,660.115,867.2875,135.607198,0.0449047830011687,3.47625,0.214225
"ensemble-066",1978,0.755678523354515,683.498,904.4825,16.637894,0.0382057334028607,3.59975,0.18015
"ensemble-066",1979,0.741428019812157,667.25,899.9525,89.085596,0.0464339423015543,3.514,0.2381
"ensemble-066",1980,0.717393145622351,635.24625,885.4925,99.475417,0.039180731583484,3.34525,0.2423
"ensemble-066",1981,0.696208546634846,573.23375,823.365,135.367677,0.0588794220282065,3.01875,0.226925
"ensemble-066",1982,0.687886565432348,545.4115,792.88,136.674756,0.0692411609360874,2.8725,0.258
"ensemble-066",1983,0.684670841851759,555.09175,810.7425,105.229703,0.0896014270610264,2.92325,0.254
"ensemble-066",1984,0.684113181071461,599.66625,876.56,118.44771,0.102672137556132,3.15825,0.27955
"ensemble-066",1985,0.664567321013992,617.58075,929.2975,124.2205999,0.0965153019541186,3.25275,0.292025
"ensemble-066",1986,0.639671704249841,596.91125,933.1525,92.894173,0.104069884734431,3.14375,0.268775
"ensemble-066",1987,0.624309718068809,595.50875,953.8675,179.977262,0.112735269261008,3.13625,0.34655
"ensemble-066",1988,0.606578286176029,600.53525,990.0375,151.214101,0.0991007489371866,3.16275,0.295825
"ensemble-066",1989,0.593970881486801,593.49125,999.1925,130.85014,0.0921393225936516,3.1255,0.291875
"ensemble-066",1990,0.589310115428158,631.1585,1071.0125,115.534229,0.129908012735216,3.324,0.359575
"ensemble-066",1991,0.580118025846901,649.54075,1119.67,149.843757,0.149317932252639,3.42075,0.33605
"ensemble-066",1992,0.563346748700868,639.338,1134.8925,133.721319,0.165223944578325,3.36725,0.421375
"ensemble-066",1993,0.533962987113385,595.7385,1115.6925,98.729191,0.135737776932241,3.13725,0.377925
"ensemble-066",1994,0.511354329453744,577.53125,1129.415,176.12799,0.128977066599659,3.0415,0.437825
"ensemble-066",1995,0.484898377447606,547.71575,1129.5475,64.861729,0.136477543118931,2.88425,0.384525
"ensemble-066",1996,0.478908428340413,531.59075,1110.005,190.87073,0.140737107115901,2.79975,0.359725
"ensemble-066",1997,0.497130298590411,565.78275,1138.0975,66.634166,0.213690222094327,2.9795,0.46325
"ensemble-066",1998,0.477962601689039,554.92175,1161.015,176.466911,0.191907201042755,2.9225,0.553425
"ensemble-066",1999,0.449053544202393,521.31075,1160.91,137.278279,0.301990994406846,2.7455,0.6162
"ensemble-066",2000,0.412759956555577,475.99375,1153.1975,177.369382,0.234166628536013,2.50675,0.5966
"ensemble-066",2001,0.387162624596378,441.2415,1139.68,97.342387,0.205367217466764,2.32375,0.5091
"ensemble-066",2002,0.373825082110983,434.781,1163.06,149.904564,0.1820795259233,2.28975,0.6333
"ensemble-066",2003,0.357862199786469,431.5505,1205.9125,112.185302,0.224154084686121,2.27275,0.5781
"ensemble-066",2004,0.348912622671771,425.84175,1220.4825,177.981935,0.227654510139625,2.24275,0.799775
"ensemble-066",2005,0.324229704329702,392.00425,1209.0325,109.200165,0.234066894746925,2.0645,0.638875
"ensemble-066",2006,0.319262661790113,387.1395,1212.605,120.650799,0.235684910696422,2.039,0.687975
"ensemble-066",2007,0.314107110595963,386.84725,1231.5775,116.313038,0.274589433722113,2.03725,0.7145
"ensemble-066",2008,0.30126463853988,367.1,1218.53,140.116182,0.356253278134604,1.933,0.780825
"ensemble-066",2009,0.283883246039992,334.69125,1178.975,141.68219,0.263593975085687,1.76275,0.785825
"ensemble-066",2010,0.268680745481715,309.70225,1152.6775,99.093751,0.213739390363294,1.631,0.646025
"ensemble-066",2011,0.270238205221307,314.4485,1163.5975,115.724593,0.294940548137766,1.65625,0.809475
"ensemble-066",2012,0.263469283104366,306.99375,1165.1975,173.517418,0.253466498990792,1.617,0.822025
"ensemble-066",2013,0.252490805824301,286.29175,1133.87,159.146373,0.247180616928131,1.50775,0.735725
"ensemble-066",2014,0.259602174563547,297.14,1144.5975,93.371679,0.315269264536531,1.565,0.78885
"ensemble-066",2015,0.271067431498803,325.943,1202.4425,127.864277,0.251760616489686,1.71675,0.7194
"ensemble-066",2016,0.271958653699272,333.81225,1227.4375,125.621709,0.355032715089447,1.758,0.761
"ensemble-066",2017,0.267235147932199,320.71625,1200.1275,135.084981,0.23145268909271,1.68875,0.647375
"ensemble-066",2018,0.264949930898909,312.011,1177.6225,106.098529,0.271607351293821,1.64325,0.75615
"ensemble-066",2019,0.262055580137187,306.493,1169.5725,116.808965,0.190789373300725,1.61425,0.66865
"ensemble-066",2020,0.265913492992666,308.89575,1161.64,114.300364,0.326208690583955,1.62675,0.7069
"ensemble-066",2021,0.275481119839998,315.42175,1144.985,113.772858,0.324317904756919,1.661,0.71395
"ensemble-066",2022,0.278551436505039,314.73875,1129.9125,84.391891,0.44324063078725,1.65775,0.78645
"ensemble-066",2023,0.267032840944817,290.91025,1089.4175,133.05913,0.412753756294921,1.53225,0.862925
"ensemble-066",2024,0.2376798068199,251.48425,1058.08,127.13361,0.284917213133844,1.32425,0.938075
"ensemble-068",1952,0.992658811547873,1228.115,1237.1975,150.0455,0.00809607932063696,5.69775,0.066505
"ensemble-068",1953,0.970452474345259,1224.6625,1261.95,124.034731,0.00778096830429671,5.68175,0.061825
"ensemble-068",1954,0.958325519612439,1226.465,1279.8,175.844008,0.0052955381141816,5.69,0.0417725
"ensemble-068",1955,0.948977842169044,1231.415,1297.6225,186.431321,0.00774506971985382,5.713,0.0654875
"ensemble-068",1956,0.936218492820332,1232.5925,1316.565,103.509084,0.010803848970702,5.71875,0.0728725
"ensemble-068",1957,0.924718335748113,1282.8525,1387.29,77.198276,0.0163117121895491,5.95175,0.100315
"ensemble-068",1958,0.901564861676761,1249.6275,1386.065,177.350314,0.0208461510961542,5.79775,0.150495
"ensemble-068",1959,0.870839618674311,1128.6125,1296.005,64.589129,0.015369578608703,5.23625,0.138075
"ensemble-068",1960,0.846858454418005,1007.2725,1189.4225,120.0906885,0.0158832571746584,4.67325,0.138585
"ensemble-068",1961,0.838738204390847,979.2625,1167.5425,77.916632,0.0153505269225962,4.543,0.1371
"ensemble-068",1962,0.828423737613146,917.5,1107.525,113.260678,0.0132632341538163,4.25675,0.132825
"ensemble-068",1963,0.81879486108259,867.245,1059.1725,114.16608,0.0163049437103935,4.0235,0.1701
"ensemble-068",1964,0.805850949766361,807.95825,1002.615,81.9362873,0.0118840626196614,3.74875,0.1254325
"ensemble-068",1965,0.812772516953761,792.2175,974.71,74.2844756,0.0139683270798896,3.6755,0.1172975
"ensemble-068",1966,0.81915607029209,790.93,965.5425,151.584257,0.0125312160782298,3.66975,0.13335
"ensemble-068",1967,0.813635653527697,755.18,928.155,52.737965,0.0171529389369396,3.5035,0.1439
"ensemble-068",1968,0.810352115057315,718.9525,887.21,90.6419935,0.0137185296167545,3.3355,0.118555
"ensemble-068",1969,0.815159608006883,727.21,892.1075,111.456269,0.0152779724341491,3.374,0.148725
"ensemble-068",1970,0.810014923426882,698.83025,862.7375,79.963246,0.0280084613529937,3.24225,0.140475
"ensemble-068",1971,0.807377219611594,679.525,841.645,68.944375,0.030839750133171,3.15275,0.144825
"ensemble-068",1972,0.803061973566672,680.9825,847.9825,72.122286,0.03936087600721,3.1595,0.20145
"ensemble-068",1973,0.781590638806559,634.21,811.435,108.033876,0.0244661524126375,2.9425,0.168925
"ensemble-068",1974,0.770178352830801,599.27,778.0925,52.905535,0.0411970530554617,2.7805,0.189325
"ensemble-068",1975,0.758535008673393,583.76475,769.595,151.707097,0.032562827416501,2.70825,0.238525
"ensemble-068",1976,0.733410717547618,552.06575,752.7375,62.423673,0.0421238598721919,2.561,0.249775
"ensemble-068",1977,0.71551915810613,548.6905,766.8425,116.212167,0.052213257744475,2.54575,0.277775
"ensemble-068",1978,0.709591975243302,569.813,803.015,15.917886,0.0441859529856829,2.6435,0.233775
"ensemble-068",1979,0.693490735113064,556.24025,802.0875,76.493411,0.053452220790761,2.58075,0.3085
"ensemble-068",1980,0.66682081252837,528.84225,793.08,87.911266,0.0449567912258809,2.4535,0.314025
"ensemble-068",1981,0.643482204575725,477.08575,741.4125,117.891402,0.0678237700816276,2.2135,0.293625
"ensemble-068",1982,0.6343308410172,454.73275,716.87,119.402069,0.0800737207666244,2.10975,0.332325
"ensemble-068",1983,0.630353199004958,463.08425,734.6425,97.738655,0.101849485737582,2.14825,0.3248
"ensemble-068",1984,0.630022362676255,502.887,798.205,109.9789842,0.116353991064912,2.33325,0.354925
"ensemble-068",1985,0.61039577898148,521.748,854.77,108.2630605,0.108780917698591,2.4205,0.36855
"ensemble-068",1986,0.585319928087242,507.07875,866.3275,86.088746,0.119413667095955,2.3525,0.33785
"ensemble-068",1987,0.570842771597739,509.05475,891.76,163.1530444,0.126197151280865,2.36175,0.4336
"ensemble-068",1988,0.55319490533415,515.1185,931.17,138.957123,0.11080103293926,2.39,0.368425
"ensemble-068",1989,0.540880138969311,511.41975,945.5325,117.599598,0.10406256501238,2.3725,0.362225
"ensemble-068",1990,0.537224131282192,546.79075,1017.8075,109.150726,0.14348885802183,2.53675,0.4452
"ensemble-068",1991,0.528283199427086,564.324,1068.2225,136.149572,0.164310730598219,2.6185,0.4152
"ensemble-068",1992,0.51168228487895,556.54275,1087.6725,125.75844,0.183113533352343,2.582,0.519675
"ensemble-068",1993,0.48278111843267,519.458,1075.97,90.356423,0.150417853278501,2.41025,0.465025
"ensemble-068",1994,0.460932439849968,503.84525,1093.1,160.732124,0.143283441947805,2.33775,0.537775
"ensemble-068",1995,0.435057059312102,477.97,1098.6375,61.961675,0.147516661179493,2.21775,0.471775
"ensemble-068",1996,0.428924228250702,464.2515,1082.3625,178.00965,0.152555112224086,2.154,0.43925
"ensemble-068",1997,0.447547844468932,497.52775,1111.675,68.07372,0.232643813599148,2.3085,0.5625
"ensemble-068",1998,0.42906637723255,488.21425,1137.8525,164.5106,0.207784099055741,2.265,0.66825
"ensemble-068",1999,0.401580975938541,460.263,1146.1275,127.60485,0.332400669028772,2.1355,0.74235
"ensemble-068",2000,0.367393437903479,421.13575,1146.28,172.241216,0.250354016374441,1.954,0.716
"ensemble-068",2001,0.343545537831665,391.8635,1140.645,91.099891,0.221946715501314,1.81775,0.608775
"ensemble-068",2002,0.331429078385641,387.58725,1169.4425,143.381204,0.193277493405946,1.79825,0.75305
"ensemble-068",2003,0.316650467519685,386.06025,1219.2,105.495067,0.24105096875821,1.791,0.685925
"ensemble-068",2004,0.308328410389998,382.3095,1239.9425,170.881121,0.243525321819286,1.77375,0.9459
"ensemble-068",2005,0.284760568058459,351.50275,1234.38,104.559451,0.248192264273294,1.63075,0.7563
"ensemble-068",2006,0.280048463965995,347.865,1242.16,116.444548,0.248699015762606,1.614,0.8098
"ensemble-068",2007,0.275708825408847,349.48575,1267.59,114.066814,0.288768594033739,1.6215,0.83825
"ensemble-068",2008,0.264379977043896,333.41025,1261.1025,133.785462,0.369359749104443,1.547,0.912275
"ensemble-068",2009,0.248594272820028,305.16625,1227.5675,135.59842,0.277022918467923,1.416,0.9167
"ensemble-068",2010,0.234680089309222,283.006,1205.9225,95.346102,0.222534081062961,1.313,0.7523
"ensemble-068",2011,0.236555489813509,288.8585,1221.1025,110.785472,0.310948986016582,1.34,0.941225
"ensemble-068",2012,0.230172814157562,282.498,1227.33,164.63011,0.266912270674734,1.31075,0.9559
"ensemble-068",2013,0.219368097494244,262.98725,1198.84,152.604758,0.25953676405113,1.22025,0.85785
"ensemble-068",2014,0.224925730378079,272.7545,1212.6425,90.896769,0.329034059761982,1.2655,0.92145
"ensemble-068",2015,0.23404320388635,298.4595,1275.2325,123.523158,0.262817270396459,1.38475,0.84105
"ensemble-068",2016,0.234299448444921,305.8545,1305.4,121.816483,0.370104894709064,1.419,0.886375
"ensemble-068",2017,0.230160468948926,294.67675,1280.31,129.069006,0.242655553628191,1.367,0.751575
"ensemble-068",2018,0.228994565379144,288.528,1259.9775,103.342954,0.28183575524093,1.3385,0.874875
"ensemble-068",2019,0.227178791566097,284.7175,1253.275,111.867825,0.200035874479092,1.321,0.771675
"ensemble-068",2020,0.231452941377117,288.384,1245.9725,113.449467,0.336093602403397,1.338,0.81395
"ensemble-068",2021,0.240593223442478,295.63975,1228.795,108.941343,0.336701129738397,1.37175,0.820125
"ensemble-068",2022,0.243741288041789,295.9525,1214.2075,82.151262,0.461315026527446,1.37325,0.902275
"ensemble-068",2023,0.233960906532466,274.7555,1174.365,124.713713,0.430101648581195,1.2745,0.990875
"ensemble-068",2024,0.207309275142548,236.50775,1140.845,112.974892,0.316890722710279,1.09725,1.09695
"ensemble-069",1952,0.993695395145697,1435.0775,1444.1825,137.11797,0.00806274904008975,6.36725,0.06029
"ensemble-069",1953,0.974420607260547,1437.095,1474.82,108.939719,0.0078177329316926,6.37625,0.056085
"ensemble-069",1954,0.963512522897558,1442.53,1497.1575,155.919265,0.00535230595388417,6.4,0.0379925
"ensemble-069",1955,0.954845317298273,1447.3975,1515.845,166.973013,0.00783175816263034,6.42175,0.06038
"ensemble-069",1956,0.943033342590626,1443.1475,1530.325,91.7767607,0.0109065635936014,6.40275,0.06734
"ensemble-069",1957,0.932039929006752,1488.78,1597.335,66.1499674,0.0162146680293358,6.60525,0.09224
"ensemble-069",1958,0.910894498117301,1448.4475,1590.1375,147.350635,0.0212429276617562,6.42625,0.13822
"ensemble-069",1959,0.883095270880702,1314.7125,1488.755,60.738599,0.0155208751994732,5.83325,0.1275975
"ensemble-069",1960,0.860941181635909,1176.545,1366.58,93.0693793,0.0173097649829914,5.22,0.1288675
"ensemble-069",1961,0.85176693022303,1133.0225,1330.2025,78.6827802,0.0154589330583322,5.02675,0.1278675
"ensemble-069",1962,0.841439346510449,1058.415,1257.8625,93.246768,0.0142340075649309,4.69575,0.1243775
"ensemble-069",1963,0.831825759994324,996.625,1198.1175,101.512924,0.0170225288920174,4.42175,0.15959
"ensemble-069",1964,0.819432564862517,926.895,1131.1425,71.6438675,0.0123151451285305,4.1125,0.11826
"ensemble-069",1965,0.824922525022478,903.715,1095.515,62.9245188,0.0145001193294241,4.00975,0.1108325
"ensemble-069",1966,0.830307963390326,897.675,1081.135,123.9189547,0.0136719822072099,3.98275,0.1264425
"ensemble-069",1967,0.825115111328497,856.125,1037.5825,49.5740636,0.0177801278769955,3.79825,0.137225
"ensemble-069",1968,0.821676634300282,813.01,989.4525,77.5935666,0.0144534206587746,3.607,0.113725
"ensemble-069",1969,0.825102698379352,814.9725,987.7225,89.575069,0.0165695106540263,3.616,0.1432275
"ensemble-069",1970,0.819882669633159,781.2375,952.865,71.1676867,0.0281750178569622,3.466,0.1365
"ensemble-069",1971,0.816525286362654,755.6125,925.4,55.7836929,0.031898756132937,3.3525,0.14075
"ensemble-069",1972,0.811547517470055,751.3875,925.87,60.337869,0.0415742989717855,3.33375,0.196075
"ensemble-069",1973,0.790852922979566,699.8475,884.9275,92.480749,0.0263137504050946,3.105,0.165025
"ensemble-069",1974,0.779073458862683,660.144,847.345,42.3847915,0.0435712883405107,2.929,0.18545
"ensemble-069",1975,0.766970928527393,640.693,835.355,128.999649,0.0357742120708277,2.8425,0.235575
"ensemble-069",1976,0.742468127661141,605.08925,814.97,47.606083,0.045476523861556,2.6845,0.247625
"ensemble-069",1977,0.723871366166868,597.7965,825.8325,100.8180778,0.0561172323059882,2.65225,0.27665
"ensemble-069",1978,0.716493086338652,616.236,860.0725,12.0916902,0.04695044559484,2.734,0.2328
"ensemble-069",1979,0.699916340189357,600.27625,857.64,58.6963587,0.0588838099737082,2.66325,0.305875
"ensemble-069",1980,0.673883952925357,571.3205,847.8025,76.922953,0.0482938337335713,2.53475,0.311175
"ensemble-069",1981,0.650883181024584,517.265,794.7125,99.634945,0.0724388638371888,2.29475,0.293125
"ensemble-069",1982,0.640707693810121,492.0555,767.9875,100.4104279,0.0844636847282692,2.183,0.3344
"ensemble-069",1983,0.635503294307399,498.43,784.3075,80.762096,0.105857946338052,2.2115,0.327625
"ensemble-069",1984,0.63363093131356,537.07825,847.62,89.746276,0.119503043880139,2.383,0.35735
"ensemble-069",1985,0.613840946051538,555.80075,905.4475,93.0051469,0.114984206498596,2.46575,0.372375
"ensemble-069",1986,0.589325735630431,541.15425,918.26,73.948084,0.126087556724801,2.40075,0.341575
"ensemble-069",1987,0.574109312705497,542.163,944.355,131.8511278,0.132102909201926,2.40575,0.437675
"ensemble-069",1988,0.555256075618966,547.774,986.525,114.219036,0.121783621598147,2.43025,0.3757
"ensemble-069",1989,0.542664178286307,544.47125,1003.33,106.6603114,0.110238907263835,2.41575,0.368625
"ensemble-069",1990,0.537449246226479,577.45025,1074.4275,88.665655,0.157378799663163,2.562,0.4513
"ensemble-069",1991,0.528065532674434,596.1345,1128.9025,106.8132676,0.177686598276665,2.64475,0.42075
"ensemble-069",1992,0.512412166307852,590.86375,1153.1025,113.165545,0.209655572709955,2.6215,0.526575
"ensemble-069",1993,0.483309332994848,552.106,1142.345,66.791474,0.156929178305316,2.44975,0.474375
"ensemble-069",1994,0.45666390255985,530.0555,1160.7125,142.404108,0.159106341973715,2.3515,0.55095
"ensemble-069",1995,0.430012981857586,501.00275,1165.0875,48.071214,0.158581494997722,2.22275,0.488175
"ensemble-069",1996,0.422823107668758,484.76775,1146.5025,150.212781,0.168150090310554,2.151,0.4549
"ensemble-069",1997,0.440476139748337,516.8525,1173.395,53.782788,0.248459894433076,2.29325,0.5799
"ensemble-069",1998,0.422895275069043,507.616,1200.335,143.437801,0.222087618195749,2.25225,0.6907
"ensemble-069",1999,0.395139293431332,478.2035,1210.215,96.481394,0.352545191881239,2.1215,0.765225
"ensemble-069",2000,0.36120901085618,437.779,1211.9825,152.546482,0.274225324161245,1.94225,0.745925
"ensemble-069",2001,0.33659208923649,406.91375,1208.9225,73.043586,0.242354735894516,1.8055,0.63695
"ensemble-069",2002,0.322837273766855,399.474,1237.385,123.682428,0.215958644277654,1.7725,0.792125
"ensemble-069",2003,0.30696209908006,395.0725,1287.04,87.137463,0.268745639739911,1.753,0.71995
"ensemble-069",2004,0.298619497588901,390.4435,1307.495,148.430979,0.286323852572355,1.73225,0.993175
"ensemble-069",2005,0.277076643917859,361.132,1303.365,87.851203,0.277195106426506,1.60225,0.7935
"ensemble-069",2006,0.270423385947917,355.9245,1316.175,93.680347,0.278939307352381,1.579,0.854675
"ensemble-069",2007,0.264724780347658,356.58825,1347.015,109.279748,0.341722741509328,1.58225,0.88825
"ensemble-069",2008,0.25426188901716,340.2825,1338.315,101.6541,0.430485915874698,1.50975,0.9607
"ensemble-069",2009,0.237871846522782,309.97675,1303.125,117.186497,0.295182313641713,1.3755,0.97865
"ensemble-069",2010,0.221290010543727,285.95925,1292.2375,81.56755,0.24047651487333,1.26875,0.80355
"ensemble-069",2011,0.221637037577078,288.80525,1303.055,89.7961019,0.339813941211314,1.28125,1.002475
"ensemble-069",2012,0.216173936327905,282.55825,1307.0875,142.912032,0.285843296537817,1.25375,1.02775
"ensemble-069",2013,0.205723522028834,262.66625,1276.7925,127.899941,0.282149381348293,1.1655,0.920575
"ensemble-069",2014,0.21067821179982,271.047,1286.545,76.187315,0.356574289771396,1.2025,0.983375
"ensemble-069",2015,0.220950810560445,298.1455,1349.375,103.498971,0.286813139295252,1.32275,0.893575
"ensemble-069",2016,0.221998067976069,306.22025,1379.3825,103.390755,0.39984899835964,1.35875,0.94315
"ensemble-069",2017,0.218388703062416,295.92925,1355.0575,109.283866,0.269156517794501,1.313,0.80015
"ensemble-069",2018,0.217458701509075,289.9665,1333.4325,84.405065,0.317473228188028,1.2865,0.931025
"ensemble-069",2019,0.215725265110947,286.0215,1325.86,93.960895,0.220837750818824,1.269,0.824175
"ensemble-069",2020,0.219532944151747,289.2835,1317.7225,94.38148,0.37758759797144,1.28325,0.8695
"ensemble-069",2021,0.228087054672091,296.03875,1297.92,95.095575,0.387174084037361,1.3135,0.879375
"ensemble-069",2022,0.230429250300056,295.18275,1281.0125,69.578053,0.512679322434154,1.3095,0.971475
"ensemble-069",2023,0.218679450605582,270.78475,1238.2725,104.246944,0.475104341841862,1.20125,1.0698
"ensemble-069",2024,0.191157009384517,230.6835,1206.775,95.641155,0.352965843039629,1.0234,1.19025
"ensemble-070",1952,0.996365946028143,2407.94,2416.7225,104.92277,0.00755220737964005,5.07125,0.05872
"ensemble-070",1953,0.98465626840206,2445.48,2483.5875,99.253228,0.00732183285377601,5.15025,0.05463
"ensemble-070",1954,0.976826033933625,2475.0525,2533.77,116.339046,0.00589304391821765,5.2125,0.03704
"ensemble-070",1955,0.970010914166276,2486.315,2563.1825,91.9166141,0.00822950770713387,5.23625,0.0600475
"ensemble-070",1956,0.961014519860025,2479.17,2579.7425,67.9813792,0.00993337797163442,5.22125,0.0672975
"ensemble-070",1957,0.95193630064468,2526.4675,2654.03,43.7206655,0.0144418457091043,5.321,0.0914
"ensemble-070",1958,0.936515950732764,2466.975,2634.205,80.471963,0.0200498432416641,5.1955,0.135765
"ensemble-070",1959,0.91673751760399,2283.1875,2490.5575,72.786228,0.0135321472015728,4.8085,0.12754
"ensemble-070",1960,0.899259259259259,2069.87,2301.75,67.9321473,0.0162161162182047,4.35925,0.1277325
"ensemble-070",1961,0.890383601170831,1979.5075,2223.2075,47.0315468,0.0147943618468135,4.169,0.12205
"ensemble-070",1962,0.882402228736525,1879.83,2130.355,65.2056032,0.0137715832345969,3.959,0.1199075
"ensemble-070",1963,0.873939078173058,1778.0225,2034.4925,70.413347,0.0168075699509895,3.7445,0.156015
"ensemble-070",1964,0.863403013163093,1660.8075,1923.56,49.9984748,0.0120686303145944,3.498,0.117925
"ensemble-070",1965,0.863238957668299,1594.8275,1847.4925,43.5655839,0.0136479907593216,3.35875,0.1114175
"ensemble-070",1966,0.863754170266314,1554.71,1799.945,87.5076628,0.0136287697383706,3.2745,0.1271325
"ensemble-070",1967,0.85875728358287,1478.9475,1722.195,47.8429755,0.0168501884655248,3.11475,0.140175
"ensemble-070",1968,0.854527897126862,1398.17,1636.19,41.5683029,0.0139087535981609,2.9445,0.114665
"ensemble-070",1969,0.854769904019987,1377.045,1611.0125,53.7271176,0.0176027672281749,2.9,0.1447325
"ensemble-070",1970,0.851134221540624,1331.9825,1564.95,56.3041986,0.0315172652948852,2.80525,0.141425
"ensemble-070",1971,0.847031846459824,1280.8625,1512.1775,32.5840752,0.0294306459690759,2.6975,0.144375
"ensemble-070",1972,0.840661775649827,1256.72,1494.9175,37.20919,0.0457000105171868,2.64675,0.202
"ensemble-070",1973,0.824568725653868,1185.4,1437.6,70.6433276,0.0319991402755874,2.4965,0.171675
"ensemble-070",1974,0.812564059633695,1116.2355,1373.72,32.0463966,0.0477603108262734,2.351,0.192725
"ensemble-070",1975,0.800086206576224,1076.6,1345.605,90.2671088,0.0463738082800283,2.2675,0.2496
"ensemble-070",1976,0.779152219470375,1022.4425,1312.25,29.381162,0.0500261112728091,2.1535,0.262
"ensemble-070",1977,0.762150294464075,1011.04,1326.5625,78.3808998,0.0625617426467137,2.12925,0.293625
"ensemble-070",1978,0.752218124360594,1033.055,1373.345,8.3630464,0.0485265742001268,2.17575,0.24305
"ensemble-070",1979,0.737953208570615,1023.0725,1386.365,38.8035764,0.0728060694885159,2.15475,0.31065
"ensemble-070",1980,0.717772944350662,994.9625,1386.18,56.334012,0.0637244942102546,2.09525,0.312425
"ensemble-070",1981,0.698797022276317,925.7925,1324.8375,73.884071,0.0827826199055712,1.94975,0.3006
"ensemble-070",1982,0.685387920888766,880.828,1285.1525,71.063228,0.0934381774524214,1.855,0.3543
"ensemble-070",1983,0.673829657815105,877.9175,1302.8775,63.560399,0.114022868011212,1.849,0.355325
"ensemble-070",1984,0.663272052763241,915.4,1380.1275,40.398149,0.123164898792589,1.928,0.38575
"ensemble-070",1985,0.641185168939006,935.51,1459.0325,80.5485531,0.135478870981572,1.9705,0.410225
"ensemble-070",1986,0.615794737898499,912.7325,1482.2025,54.4533374,0.124887143019277,1.9225,0.381325
"ensemble-070",1987,0.594524215097137,896.11,1507.2725,86.394722,0.150769735132611,1.88725,0.48925
"ensemble-070",1988,0.572858969916925,896.9525,1565.7475,78.63258,0.134820244199666,1.889,0.434825
"ensemble-070",1989,0.555088267384632,883.95725,1592.4625,70.242594,0.128309271711365,1.8615,0.430625
"ensemble-070",1990,0.542991025052276,913.41,1682.1825,66.852274,0.18624295156711,1.92375,0.523875
"ensemble-070",1991,0.532093231353871,939.525,1765.715,61.0188066,0.206886831319339,1.97875,0.480775
"ensemble-070",1992,0.51317598785532,932.995,1818.08,87.469193,0.235265675600492,1.96475,0.604775
"ensemble-070",1993,0.486552918586684,888.785,1826.6975,40.269984,0.183265571446954,1.87175,0.54045
"ensemble-070",1994,0.459103633543589,853.22,1858.4475,107.521866,0.186169617259646,1.79675,0.62975
"ensemble-070",1995,0.433654847933662,814.78,1878.8675,38.1572734,0.190160888521993,1.716,0.5677
"ensemble-070",1996,0.420663385359614,784.37,1864.6025,105.379098,0.189150511105844,1.652,0.535475
"ensemble-070",1997,0.426304941010188,814.365,1910.2875,32.287838,0.259549695082725,1.71525,0.678425
"ensemble-070",1998,0.41188531911093,807.0275,1959.35,109.55174,0.255078385763936,1.69975,0.807125
"ensemble-070",1999,0.389868864969833,773.955,1985.1675,74.532295,0.355196027767262,1.63,0.87215
"ensemble-070",2000,0.363149687434739,726.0025,1999.1825,91.732401,0.336917624301736,1.529,0.858275
"ensemble-070",2001,0.340075277756032,684.1915,2011.8825,61.22526,0.259298765562791,1.441,0.75405
"ensemble-070",2002,0.320614737843093,660.82625,2061.1225,81.873136,0.290908323503826,1.392,0.953975
"ensemble-070",2003,0.301571486298538,641.8165,2128.24,65.962204,0.300625350904531,1.35175,0.87725
"ensemble-070",2004,0.287443462657099,623.12425,2167.815,104.140475,0.388149206987148,1.31225,1.23125
"ensemble-070",2005,0.268491083360214,582.6525,2170.1,62.582587,0.328670784636751,1.22725,0.988075
"ensemble-070",2006,0.255044803475664,563.55975,2209.65,70.199024,0.354989245601222,1.187,1.066325
"ensemble-070",2007,0.244459851226422,553.583,2264.515,72.414968,0.447684680072485,1.16575,1.091
"ensemble-070",2008,0.234741806785384,532.922,2270.2475,75.5139043,0.477119087363833,1.12225,1.18975
"ensemble-070",2009,0.217327281258423,489.80625,2253.7725,82.219085,0.375994141634205,1.031525,1.23625
"ensemble-070",2010,0.200139770789238,450.337,2250.1125,58.123113,0.300996340592217,0.94845,1.03715
"ensemble-070",2011,0.193501325968309,439.98525,2273.81,65.4144539,0.420591169170045,0.92665,1.289925
"ensemble-070",2012,0.186406682371787,425.90525,2284.8175,99.953205,0.357477935859364,0.896975,1.3465
"ensemble-070",2013,0.176673102243659,398.51975,2255.69,92.467739,0.342674422313818,0.8393,1.231475
"ensemble-070",2014,0.176540884224922,402.74625,2281.32,54.272325,0.392585343907616,0.848225,1.3005
"ensemble-070",2015,0.181608957993678,433.03975,2384.4625,71.348525,0.334372509787424,0.912025,1.15405
"ensemble-070",2016,0.183767218353209,451.15725,2455.0475,76.408684,0.445184679892969,0.9502,1.201525
"ensemble-070",2017,0.182792987413935,447.6125,2448.74,77.653702,0.308431426978717,0.942725,1.0138
"ensemble-070",2018,0.182120513495504,442.76775,2431.18,57.787406,0.375652693604229,0.9325,1.17925
"ensemble-070",2019,0.181327696022335,439.70425,2424.915,53.429021,0.298491543301903,0.92605,1.0544
"ensemble-070",2020,0.183485833359251,442.4715,2411.475,84.254296,0.450606486773102,0.9319,1.138525
"ensemble-070",2021,0.186707049634871,441.2275,2363.2075,66.9516189,0.4311380364116,0.92925,1.121025
"ensemble-070",2022,0.185717497520455,431.61025,2324.015,49.368669,0.547396149674625,0.909025,1.22635
"ensemble-070",2023,0.177439985991715,405.33725,2284.3625,77.467551,0.561131253509593,0.8537,1.3285
"ensemble-070",2024,0.160890091862787,361.405,2246.285,67.62982,0.433550922625699,0.761125,1.47975
"ensemble-071",1952,0.993487730686522,1303.975,1312.5225,300.09716,0.00512217526925658,10.0725,0.036805
"ensemble-071",1953,0.974404507458133,1293.5975,1327.5775,405.720443,0.00495291770326402,9.992,0.034145
"ensemble-071",1954,0.965739130434783,1291.0725,1336.875,249.423035,0.00419828349408102,9.97375,0.0219795
"ensemble-071",1955,0.961007158905879,1320.58,1374.1625,423.04805,0.0043010583623565,10.2,0.03292
"ensemble-071",1956,0.953186891702319,1367.43,1434.5875,204.7724402,0.00707916681951232,10.565,0.0384275
"ensemble-071",1957,0.945667235567552,1443.405,1526.335,131.91572,0.0112543723668559,11.15,0.055355
"ensemble-071",1958,0.926209707224309,1378.3575,1488.17,166.909478,0.0170679374802736,10.6475,0.0888325
"ensemble-071",1959,0.897872348490592,1184.3475,1319.06,371.712663,0.00747402950503726,9.14925,0.0809575
"ensemble-071",1960,0.874620322733806,1008.54,1153.1175,147.550771,0.0119964414612455,7.791,0.077685
"ensemble-071",1961,0.878577234991775,1029.4575,1171.7325,224.702687,0.00892753676654347,7.95275,0.072705
"ensemble-071",1962,0.876400157055821,993.2725,1133.355,190.010809,0.00936583984710797,7.67325,0.07326
"ensemble-071",1963,0.870078950609967,935.92,1075.6725,231.214572,0.0103991084544546,7.23,0.0948725
"ensemble-071",1964,0.859021843420184,861.7385,1003.1625,171.782438,0.00752762554123459,6.657,0.0702725
"ensemble-071",1965,0.867207309755526,841.848,970.7575,126.811294,0.00983149341628282,6.5035,0.06693
"ensemble-071",1966,0.873497047423324,839.4525,961.025,235.849481,0.00921962001085297,6.48475,0.07856
"ensemble-071",1967,0.865239080247999,774.88,895.5675,162.769909,0.0112182716357704,5.9865,0.0833825
"ensemble-071",1968,0.862872717217359,733.30375,849.84,169.9708329,0.00885889389340982,5.66475,0.0685975
"ensemble-071",1969,0.86803175990676,744.77125,858,181.1173602,0.0111777289791176,5.7535,0.0873125
"ensemble-071",1970,0.862718655778128,706.74775,819.21,187.5614173,0.0237352650227411,5.4595,0.0809725
"ensemble-071",1971,0.861124231959878,686.38275,797.0775,102.3605063,0.0243310328298756,5.30225,0.0838275
"ensemble-071",1972,0.85862677726206,701.5775,817.0925,147.886375,0.0314554346448792,5.41975,0.117575
"ensemble-071",1973,0.837068165160029,642.3975,767.4375,249.040832,0.0164000508532754,4.96275,0.09464
"ensemble-071",1974,0.83084451216533,616.432,741.93425,96.9449777,0.043584932173185,4.762,0.1040175
"ensemble-071",1975,0.827142753656593,628.004,759.245,321.775208,0.0290173019693998,4.85125,0.131375
"ensemble-071",1976,0.805675517862347,599.17625,743.69425,75.599214,0.0341295668973429,4.629,0.1317
"ensemble-071",1977,0.795732680078568,619.122,778.05275,249.952492,0.0399340269240563,4.78275,0.14865
"ensemble-071",1978,0.792731755786994,646.227,815.19,26.7609074,0.03329718601967,4.99225,0.1264
"ensemble-071",1979,0.779254203967874,626.2905,803.705,86.9665448,0.0601340433561042,4.83825,0.173225
"ensemble-071",1980,0.754211894796872,585.21375,775.9275,202.92096,0.0343148279112234,4.521,0.1787
"ensemble-071",1981,0.729585612537102,505.8,693.27025,262.31116,0.0465424821380474,3.9075,0.16195
"ensemble-071",1982,0.72583792318275,486.84,670.72825,220.4501,0.054653646448697,3.76075,0.175825
"ensemble-071",1983,0.734108219704144,526.17225,716.75025,170.515142,0.0695899098754534,4.06475,0.170025
"ensemble-071",1984,0.740592556899605,591.72975,798.995,157.225439,0.0844175107987097,4.571,0.19125
"ensemble-071",1985,0.721497207437679,604.2485,837.4925,216.10797,0.0752912701282156,4.668,0.20285
"ensemble-071",1986,0.695839245956989,568.82075,817.46,164.657236,0.0773987755641942,4.394,0.183675
"ensemble-071",1987,0.684580171461505,570.14575,832.84,257.922233,0.0978377471742937,4.4045,0.2395
"ensemble-071",1988,0.672149660689368,581.64975,865.3575,244.576994,0.0759208579870792,4.49325,0.2018
"ensemble-071",1989,0.6631672437502,570.27575,859.9275,229.510529,0.0692006905532522,4.4055,0.194275
"ensemble-071",1990,0.664263628662214,621.407,935.4825,201.35883,0.0990126164626174,4.8005,0.239175
"ensemble-071",1991,0.659940187980632,648.774,983.08,225.415381,0.128536001919584,5.0115,0.226275
"ensemble-071",1992,0.644013826624869,635.32125,986.5025,227.345523,0.113782224138747,4.908,0.280925
"ensemble-071",1993,0.613412684685818,585.1865,953.985,111.534519,0.105647946267543,4.52075,0.248875
"ensemble-071",1994,0.599995644309162,585.43675,975.735,329.471257,0.105424921960573,4.5225,0.2889
"ensemble-071",1995,0.578668202298779,557.7045,963.7725,128.853079,0.111940202223513,4.3085,0.2477
"ensemble-071",1996,0.578337324829941,544.55375,941.585,282.87222,0.129457965036757,4.207,0.233525
"ensemble-071",1997,0.60275117117209,591.2115,980.855,79.210977,0.175397667295539,4.567,0.3063
"ensemble-071",1998,0.574873648743507,573.2755,997.22,302.62403,0.149912284959716,4.42875,0.37245
"ensemble-071",1999,0.537183217873806,520.11825,968.2325,150.326807,0.257451153065121,4.018,0.419375
"ensemble-071",2000,0.499292922358756,472.758,946.855,311.444386,0.17963302020233,3.652,0.404325
"ensemble-071",2001,0.471938198100674,431.604,914.535,139.715089,0.164876114570803,3.3345,0.336125
"ensemble-071",2002,0.46515836501344,436.51275,938.4175,266.021347,0.135078722813392,3.372,0.41155
"ensemble-071",2003,0.455148634223884,444.5175,976.6425,152.448333,0.180802214743413,3.43375,0.370225
"ensemble-071",2004,0.455296505983078,451.3525,991.3375,287.493931,0.181181520220245,3.48675,0.5059
"ensemble-071",2005,0.43227508486639,422.13175,976.535,172.115072,0.181894041629825,3.261,0.397925
"ensemble-071",2006,0.432450142811806,425.82825,984.6875,193.713519,0.173815908707719,3.2895,0.4275
"ensemble-071",2007,0.429579443340457,429.64925,1000.1625,159.442611,0.233352158089908,3.31925,0.450125
"ensemble-071",2008,0.417220582344942,408.84175,979.9175,206.091567,0.274126665933004,3.15825,0.495125
"ensemble-071",2009,0.393874475855539,363.98925,924.125,232.452643,0.188258016760883,2.81175,0.49195
"ensemble-071",2010,0.377553520061827,338.304,896.0425,148.299627,0.159347219618594,2.61325,0.397775
"ensemble-071",2011,0.388286801612319,353.53125,910.49,163.479204,0.222661655549645,2.731,0.498675
"ensemble-071",2012,0.384297263510351,348.90925,907.915,273.080484,0.186878167932522,2.6955,0.503475
"ensemble-071",2013,0.373769131503424,326.5705,873.7225,232.472056,0.181534345474887,2.52275,0.4425
"ensemble-071",2014,0.387700774139759,346.43875,893.5725,129.846041,0.246693365349338,2.67625,0.4807
"ensemble-071",2015,0.402123675665426,381.735,949.2975,178.297294,0.199633867903753,2.94875,0.45265
"ensemble-071",2016,0.395254615583497,374.54525,947.605,192.41755,0.275863402238254,2.89325,0.492175
"ensemble-071",2017,0.381570294753095,343.50675,900.245,200.679866,0.175867080510373,2.65375,0.4196
"ensemble-071",2018,0.375748004364555,327.145,870.65,147.083531,0.201702218907491,2.5275,0.48575
"ensemble-071",2019,0.373903240037253,324.19,867.0425,200.144041,0.131652578684777,2.50425,0.424875
"ensemble-071",2020,0.381716164167918,329.777,863.9325,165.870857,0.243157212529534,2.54775,0.4425
"ensemble-071",2021,0.397576964277397,341.455,858.84,170.525178,0.241249308204126,2.63775,0.44795
"ensemble-071",2022,0.40295862666776,344.00175,853.69,115.418848,0.346931774073104,2.65725,0.48855
"ensemble-071",2023,0.391277548177671,318.82175,814.8225,183.143474,0.333323997979755,2.463,0.54565
"ensemble-071",2024,0.356514639175782,280.214,785.98175,200.069425,0.222370365745301,2.16475,0.58295
"ensemble-072",1952,0.997105414284236,2795.395,2803.51,145.614017,0.00602595094526219,8.38925,0.037455
"ensemble-072",1953,0.987560913723228,2841.2325,2877.02,147.367895,0.00593041198080899,8.52675,0.0350575
"ensemble-072",1954,0.98114169867145,2875.925,2931.2025,148.399258,0.0047460228926035,8.6305,0.023345
"ensemble-072",1955,0.975783472181839,2894.5275,2966.3625,129.055188,0.00642296017911082,8.68625,0.0380625
"ensemble-072",1956,0.968572224178055,2895.675,2989.6325,77.7021234,0.0081290896324713,8.69,0.0437025
"ensemble-072",1957,0.960809392922596,2937.1775,3056.9825,52.2027492,0.0120616443455955,8.8145,0.06112
"ensemble-072",1958,0.947475372178292,2841.86,2999.4025,93.000772,0.0173778839430135,8.52875,0.0925375
"ensemble-072",1959,0.929883342181917,2592.18,2787.64,112.6556648,0.0110177503239747,7.779,0.087185
"ensemble-072",1960,0.914535557798163,2313.1325,2529.2975,69.6502883,0.0141336149071293,6.942,0.0851775
"ensemble-072",1961,0.907228005243272,2206.095,2431.6875,79.5090914,0.0120992644639082,6.62075,0.08443
"ensemble-072",1962,0.90032797203777,2088.3625,2319.5575,78.860638,0.0117790445940918,6.26725,0.083645
"ensemble-072",1963,0.892463940310602,1960.48,2196.705,69.278344,0.0153737936062495,5.8835,0.110875
"ensemble-072",1964,0.882745619035696,1815.6025,2056.7675,71.3760295,0.0104283769648087,5.44875,0.08497
"ensemble-072",1965,0.88202262330213,1718.3675,1948.2125,51.1894278,0.0123628171121143,5.15675,0.0814875
"ensemble-072",1966,0.881759460271868,1650.0475,1871.3125,101.22103,0.0122494071903744,4.95175,0.094385
"ensemble-072",1967,0.876351097143213,1548.99,1767.545,37.933238,0.0163087621845821,4.6485,0.1048
"ensemble-072",1968,0.872210678878889,1450.325,1662.815,59.9102964,0.012693136772735,4.35225,0.0866775
"ensemble-072",1969,0.872138501977168,1414.2925,1621.6375,70.1701794,0.0151538820175341,4.2445,0.1100875
"ensemble-072",1970,0.867727796407263,1348.18,1553.69,73.1308002,0.024765761645391,4.046,0.107075
"ensemble-072",1971,0.864174353796311,1292.3425,1495.465,40.1795845,0.0276633797246901,3.87825,0.109045
"ensemble-072",1972,0.859692642073308,1273.6325,1481.4975,51.631824,0.0400016509566148,3.82225,0.1516
"ensemble-072",1973,0.845385225894895,1200.9775,1420.6275,82.191811,0.0230243471952415,3.60425,0.12798
"ensemble-072",1974,0.834890805463585,1135.99,1360.645,34.6524091,0.0423016670135555,3.409,0.144775
"ensemble-072",1975,0.824516153183843,1101.265,1335.65,120.090776,0.0349920898628376,3.30475,0.185925
"ensemble-072",1976,0.806764323654017,1050.6875,1302.3475,37.083589,0.0407802078542054,3.15325,0.19345
"ensemble-072",1977,0.792837600230397,1046.1175,1319.46,94.821909,0.0492857291238352,3.1395,0.215675
"ensemble-072",1978,0.786536141951985,1082.4625,1376.24,10.7693626,0.0379098267655547,3.2485,0.179025
"ensemble-072",1979,0.774479459001926,1072.8225,1385.2175,44.3880543,0.0516053117716652,3.2195,0.2297
"ensemble-072",1980,0.75700643629229,1045.6,1381.23,72.106674,0.0438145558930216,3.13775,0.23045
"ensemble-072",1981,0.741338779180304,972.87,1312.315,84.610442,0.0674298914472631,2.91975,0.2202
"ensemble-072",1982,0.731888452239382,929.33,1269.77,89.5480529,0.0808657831429137,2.789,0.2587
"ensemble-072",1983,0.724264641346261,928.3425,1281.7725,69.494463,0.0961716113425519,2.78625,0.257275
"ensemble-072",1984,0.71686045654833,972.88,1357.14,56.6430739,0.110130008293107,2.9195,0.280325
"ensemble-072",1985,0.697779820875487,998.0275,1430.29,98.4735705,0.106128490919961,2.995,0.2943
"ensemble-072",1986,0.675256661787757,975.7425,1444.995,60.6179057,0.112969163306605,2.9285,0.271775
"ensemble-072",1987,0.658136221724938,971.2725,1475.7925,112.4769126,0.123335351051934,2.91475,0.34785
"ensemble-072",1988,0.63907352314805,979.0175,1531.9325,99.061796,0.112147410806578,2.938,0.30265
"ensemble-072",1989,0.625312590986377,971.828,1554.1475,93.241252,0.0999094693043548,2.9165,0.296575
"ensemble-072",1990,0.618706664694536,1024.835,1656.415,84.375067,0.133620651633159,3.07575,0.3591
"ensemble-072",1991,0.610893434355752,1064.4925,1742.5175,64.76215,0.158436967499644,3.1945,0.3268
"ensemble-072",1992,0.596733087000712,1067.0975,1788.2325,115.754865,0.175083469647706,3.2025,0.411325
"ensemble-072",1993,0.573589897741398,1023.26,1783.9575,51.093289,0.141399168575235,3.071,0.36265
"ensemble-072",1994,0.552715150049412,994.14525,1798.6575,124.937952,0.138171431678357,2.9835,0.418875
"ensemble-072",1995,0.530639274628104,962.85425,1814.5175,47.806517,0.139691047542231,2.8895,0.373475
"ensemble-072",1996,0.522182266745368,935.53,1791.5775,129.359396,0.159168850163669,2.8075,0.352325
"ensemble-072",1997,0.532486007079898,973.23,1827.71,49.784676,0.206838119658261,2.9205,0.4437
"ensemble-072",1998,0.519597633927079,971.745,1870.1875,121.54333,0.209769008370095,2.91625,0.523025
"ensemble-072",1999,0.498510860561679,944.8725,1895.39,78.494187,0.305405906380059,2.8355,0.56565
"ensemble-072",2000,0.470697464066697,892.46475,1896.0475,137.786399,0.258869669426261,2.6785,0.549725
"ensemble-072",2001,0.447529087686599,843.99175,1885.8925,58.226028,0.220638399490913,2.53275,0.47455
"ensemble-072",2002,0.431982865186047,831.70525,1925.32,111.020291,0.199040960177229,2.49625,0.596625
"ensemble-072",2003,0.41549068925401,826.787,1989.905,67.438575,0.244349238996016,2.4815,0.540325
"ensemble-072",2004,0.40358053629167,812.25325,2012.6175,124.445728,0.278943914855446,2.43775,0.763425
"ensemble-072",2005,0.382846760462743,766.20175,2001.3275,67.133269,0.270426753023342,2.2995,0.609375
"ensemble-072",2006,0.372289701923786,744.42025,1999.5725,84.520564,0.267358830624267,2.234,0.66355
"ensemble-072",2007,0.361324777576373,728.07575,2015.0175,93.870353,0.314992156036532,2.18475,0.678
"ensemble-072",2008,0.348216023923493,694.0015,1993.02,80.996496,0.430885627778189,2.0825,0.7302
"ensemble-072",2009,0.332906968230705,647.936,1946.2975,100.221844,0.310617617350949,1.9445,0.7509
"ensemble-072",2010,0.31494266621597,605.619,1922.95,70.315293,0.245103559293173,1.81775,0.630175
"ensemble-072",2011,0.307956026777599,592.96625,1925.49,75.274484,0.337454836179492,1.7795,0.78345
"ensemble-072",2012,0.299441775914575,575.71125,1922.615,120.770867,0.302657799826847,1.72775,0.806175
"ensemble-072",2013,0.290915255318979,547.0065,1880.295,109.441844,0.284413516772644,1.6415,0.735775
"ensemble-072",2014,0.294251768131378,555.3215,1887.2325,63.761403,0.341575745448436,1.6665,0.790675
"ensemble-072",2015,0.30220907489088,592.15375,1959.4175,85.905186,0.278430438668796,1.777,0.704075
"ensemble-072",2016,0.304125466029733,607.51875,1997.5925,88.677767,0.38524072509584,1.8235,0.736125
"ensemble-072",2017,0.30180623431934,594.553,1969.9825,89.241113,0.265691048296748,1.7845,0.6227
"ensemble-072",2018,0.300841981089553,584.011,1941.255,67.113491,0.312594552619806,1.75225,0.7353
"ensemble-072",2019,0.298310564255724,575.3225,1928.6025,74.53269,0.214185397531911,1.72675,0.662425
"ensemble-072",2020,0.298081695479628,569.342,1910.02,81.778399,0.357624953649524,1.70875,0.7091
"ensemble-072",2021,0.302630763145798,566.204,1870.94,72.448384,0.336633023632198,1.699,0.699825
"ensemble-072",2022,0.302450786569553,554.57225,1833.595,63.378519,0.467177810068656,1.664,0.76335
"ensemble-072",2023,0.294080686762771,523.61875,1780.5275,87.948256,0.45905666298481,1.5715,0.820075
"ensemble-072",2024,0.274631314242334,477.52275,1738.7775,82.646126,0.326792954611501,1.433,0.907225
"ensemble-073",1952,0.993736372377741,1467.53,1476.78,88.277419,0.0103686202995229,5.2485,0.0724925
"ensemble-073",1953,0.974149915957507,1474.975,1514.115,90.851599,0.0100208732874193,5.27475,0.0674175
"ensemble-073",1954,0.962088505564439,1483.045,1541.485,98.00806,0.00783396398635435,5.30375,0.0457725
"ensemble-073",1955,0.952081435139,1486.43,1561.2425,97.4318688,0.0103590402447592,5.316,0.0725875
"ensemble-073",1956,0.939073756973652,1487.575,1584.0875,58.306425,0.0134484600148059,5.31975,0.0804325
"ensemble-073",1957,0.926941432850437,1533.3975,1654.255,44.7491181,0.0192925450892594,5.48375,0.10788
"ensemble-073",1958,0.905365282231116,1507.105,1664.6375,96.284953,0.0256451145860616,5.38975,0.1596275
"ensemble-073",1959,0.877344298782172,1389.505,1583.7625,46.030752,0.0184456456926269,4.96925,0.1466225
"ensemble-073",1960,0.855215799934314,1262.91,1476.715,57.18353,0.0217738248338733,4.51625,0.145355
"ensemble-073",1961,0.845111727501649,1223.295,1447.495,58.7415191,0.0184574724643802,4.3745,0.14445
"ensemble-073",1962,0.834225275718677,1153.525,1382.75,62.246723,0.0175279162232589,4.1255,0.140275
"ensemble-073",1963,0.823998656319826,1091.5675,1324.72,67.20594,0.0211711274330816,3.90375,0.180325
"ensemble-073",1964,0.81135296034591,1020.7875,1258.13,50.1853636,0.0150502908734492,3.6505,0.13457
"ensemble-073",1965,0.814804775018431,991.925,1217.3775,43.1529323,0.0172050222277461,3.5475,0.125725
"ensemble-073",1966,0.81897665757131,980.7225,1197.4975,82.668071,0.0166872975965058,3.50725,0.142625
"ensemble-073",1967,0.814337673816079,939.7925,1154.0575,36.050076,0.0210130097155424,3.3605,0.1557
"ensemble-073",1968,0.810923447131503,895.5575,1104.3675,53.4652276,0.0170792532686488,3.20275,0.1279825
"ensemble-073",1969,0.814098875883226,894.945,1099.3075,57.7284847,0.0203280368904106,3.2005,0.16075
"ensemble-073",1970,0.809790527593105,864.2125,1067.205,54.4529944,0.0314670174624149,3.09075,0.15445
"ensemble-073",1971,0.806302073545073,836.615,1037.595,37.890429,0.0354291041785282,2.992,0.1572
"ensemble-073",1972,0.801682309703184,831.08,1036.67,41.613871,0.0478530120376664,2.972,0.217425
"ensemble-073",1973,0.782786249806191,782.5475,999.695,63.838759,0.030917870342181,2.79825,0.1847
"ensemble-073",1974,0.770636620772846,741.075,961.64,29.5016832,0.0482608560150163,2.65025,0.2072
"ensemble-073",1975,0.757359427192464,714.775,943.7725,92.09325,0.043116547056285,2.55625,0.2659
"ensemble-073",1976,0.733036771173832,675.00225,920.83,31.907185,0.0525731498351165,2.414,0.2815
"ensemble-073",1977,0.713861197092384,663.625,929.6275,73.1582152,0.0653522063174265,2.37325,0.3124
"ensemble-073",1978,0.705436341328308,681.321,965.815,9.621792,0.0527571543709079,2.4365,0.261825
"ensemble-073",1979,0.689067936606267,667.39675,968.55,38.5013948,0.0684354604490368,2.38675,0.33845
"ensemble-073",1980,0.66467337061204,640.98275,964.3575,57.149351,0.0571197015384017,2.292,0.34375
"ensemble-073",1981,0.642710156124168,588.5795,915.7775,70.447608,0.087482001519332,2.10475,0.32775
"ensemble-073",1982,0.630639089269612,559.503,887.2,73.4665715,0.104540342492726,2.001,0.381025
"ensemble-073",1983,0.621749920104489,559.334,899.6125,61.689349,0.125820315494244,2.00025,0.37555
"ensemble-073",1984,0.615763558311843,592.76325,962.6475,60.7886223,0.141917464270714,2.11975,0.40595
"ensemble-073",1985,0.59503725460186,612.3335,1029.0675,71.1867453,0.134868606008097,2.1895,0.424275
"ensemble-073",1986,0.569756164715209,600.1085,1053.2725,55.57479,0.149433164281013,2.14625,0.3903
"ensemble-073",1987,0.552403269302959,599.66275,1085.5525,92.549972,0.161161144161352,2.1445,0.49835
"ensemble-073",1988,0.531723407721127,603.88625,1135.715,85.363775,0.14511985880599,2.1595,0.43335
"ensemble-073",1989,0.516753740893771,600.6345,1162.3225,77.246863,0.12816842931911,2.14775,0.424725
"ensemble-073",1990,0.509330135839825,632.914,1242.64,71.914383,0.176027119318335,2.2635,0.518925
"ensemble-073",1991,0.499020281456161,651.8415,1306.2425,79.012713,0.201892138271434,2.33125,0.4785
"ensemble-073",1992,0.482295554563905,645.77325,1338.9575,84.425057,0.24240430301098,2.3095,0.603175
"ensemble-073",1993,0.454775255747319,609.48525,1340.19,52.96863,0.189317395493826,2.17975,0.539025
"ensemble-073",1994,0.430185390210282,586.72125,1363.88,101.933945,0.190299427867976,2.09825,0.624625
"ensemble-073",1995,0.403200961954622,556.628,1380.5225,36.901342,0.176915504057321,1.9905,0.559525
"ensemble-073",1996,0.393762885844215,538.581,1367.78,114.085545,0.196844996624048,1.926,0.523325
"ensemble-073",1997,0.407283566893595,568.0445,1394.715,44.136855,0.280631371329568,2.0315,0.659975
"ensemble-073",1998,0.392445670558254,559.77175,1426.3675,110.753005,0.267450352425233,2.002,0.784775
"ensemble-073",1999,0.368478889731292,533.40175,1447.5775,73.448548,0.40901443411603,1.9075,0.8595
"ensemble-073",2000,0.337705479628034,492.8955,1459.5425,118.163558,0.33053706296492,1.76275,0.844925
"ensemble-073",2001,0.31407626483022,460.62425,1466.6,54.606153,0.280551726010764,1.64725,0.7293
"ensemble-073",2002,0.298265888266819,448.574,1503.94,95.224001,0.253133263771401,1.604,0.9127
"ensemble-073",2003,0.281340435032417,439.47275,1562.0675,66.733578,0.304559878638513,1.57175,0.83135
"ensemble-073",2004,0.271080906556628,430.2935,1587.325,110.500824,0.343754452130166,1.53875,1.165225
"ensemble-073",2005,0.248717002147138,394.13375,1584.6675,67.209331,0.333097634098035,1.40975,0.9394
"ensemble-073",2006,0.242018273793185,385.73175,1593.8125,77.022138,0.330746415662849,1.37925,1.00615
"ensemble-073",2007,0.235066071962493,381.2995,1622.095,84.12727,0.388278661958723,1.36375,1.034025
"ensemble-073",2008,0.225298998816335,365.453,1622.08,83.423136,0.506847755214628,1.307,1.115
"ensemble-073",2009,0.212833302234272,339.3345,1594.3675,90.653296,0.371994528811945,1.2135,1.1428
"ensemble-073",2010,0.197705807430778,313.9415,1587.9225,67.034336,0.288628281495147,1.1225,0.9482
"ensemble-073",2011,0.194782807655431,312.85625,1606.18,71.622933,0.416482961255376,1.1185,1.17265
"ensemble-073",2012,0.188557361150058,304.267,1613.6575,106.500169,0.36442879513522,1.08825,1.205875
"ensemble-073",2013,0.180915075126577,286.9295,1585.99,102.850658,0.340877640800477,1.026,1.09705
"ensemble-073",2014,0.184119844321412,293.899,1596.2375,60.269103,0.413521921701792,1.05125,1.177975
"ensemble-073",2015,0.190018326206475,314.94825,1657.4625,81.770386,0.33359565871055,1.1265,1.0636
"ensemble-073",2016,0.191657647414932,324.50275,1693.1375,81.639336,0.460854670269073,1.16075,1.107625
"ensemble-073",2017,0.190218396868644,318.18925,1672.7575,86.066353,0.318086880047589,1.13775,0.934125
"ensemble-073",2018,0.191040504809691,315.92225,1653.6925,65.35953,0.369470499744315,1.13,1.0827
"ensemble-073",2019,0.190415091017013,313.577,1646.8075,70.491835,0.259359322985013,1.12125,0.962825
"ensemble-073",2020,0.193408716942079,316.7735,1637.845,82.701324,0.416893913514993,1.133,1.017625
"ensemble-073",2021,0.200229672793861,322.5675,1610.9875,73.565411,0.413403366281282,1.15375,1.00165
"ensemble-073",2022,0.203516334438139,323.28875,1588.515,57.091553,0.57007830365077,1.15625,1.085225
"ensemble-073",2023,0.198074148038395,307.4705,1552.3,81.262556,0.525960342761585,1.09975,1.184075
"ensemble-073",2024,0.176854936203204,269.17675,1522.02,70.397815,0.4087290854644,0.9625,1.34875
"ensemble-074",1952,0.992066829573223,1091.0875,1099.8125,263.246809,0.00552158893725717,9.68625,0.0415875
"ensemble-074",1953,0.969025546749767,1080.5725,1115.1125,339.320676,0.00452008764611745,9.593,0.037815
"ensemble-074",1954,0.958747616302275,1080.94,1127.45,350.885667,0.0033537468564001,9.59675,0.0240775
"ensemble-074",1955,0.953717118451001,1124.02,1178.5675,263.53562,0.00509678153651415,9.9805,0.036125
"ensemble-074",1956,0.944430813280314,1164.3675,1232.8775,172.2998102,0.00754065604140768,10.3375,0.0427425
"ensemble-074",1957,0.935544382867699,1228.1125,1312.725,129.607472,0.0120813608142552,10.9025,0.062275
"ensemble-074",1958,0.912481518856633,1166.4525,1278.33,373.438033,0.015028151427508,10.356,0.09551
"ensemble-074",1959,0.880474171543154,1007.7225,1144.5225,123.366779,0.00981676230530353,8.94625,0.0837375
"ensemble-074",1960,0.859132790542694,889.5375,1035.39,225.145986,0.0106189357273741,7.89725,0.0826525
"ensemble-074",1961,0.860318152674194,902.35975,1048.8675,128.743826,0.0104223860745135,8.011,0.081285
"ensemble-074",1962,0.854303707135077,852.9475,998.4125,210.141354,0.00860168255811633,7.57225,0.0796775
"ensemble-074",1963,0.847091363171039,804.7135,949.9725,221.933223,0.0103693737059823,7.144,0.1010825
"ensemble-074",1964,0.835740348185008,746.126,892.7725,135.561375,0.00806235031480599,6.624,0.073985
"ensemble-074",1965,0.84624149445203,737.491,871.49,120.5054308,0.0101746015953923,6.5475,0.0709325
"ensemble-074",1966,0.853857393674775,739.2185,865.74,297.577995,0.00846107647162681,6.5625,0.0813725
"ensemble-074",1967,0.84614795152065,690.1225,815.605,99.07753,0.0118602590917001,6.12675,0.0854175
"ensemble-074",1968,0.844512935336804,657.41025,778.449,193.485074,0.00922064231805208,5.83625,0.07072
"ensemble-074",1969,0.851608782203546,675.2785,792.9445,194.062631,0.00993668339956015,5.995,0.0882225
"ensemble-074",1970,0.846715210956733,644.28275,760.92025,127.9794,0.0234116335726487,5.71975,0.0809725
"ensemble-074",1971,0.846869843225709,633.6765,748.25725,133.92344,0.0236648790890727,5.62575,0.0859175
"ensemble-074",1972,0.84396821495863,643.895,762.9375,141.209102,0.0276465015775856,5.7165,0.118825
"ensemble-074",1973,0.821515362641956,589.5605,717.65,210.209921,0.0173816248255578,5.23375,0.0953475
"ensemble-074",1974,0.815656123718141,566.27375,694.2555,104.961168,0.0329912106592534,5.02725,0.1067425
"ensemble-074",1975,0.810225726800262,570.707,704.38025,290.659361,0.0227354942457683,5.06675,0.1310975
"ensemble-074",1976,0.787838240798209,543.60425,689.99475,117.751107,0.0306534983204562,4.82625,0.133825
"ensemble-074",1977,0.777286588706393,558.652,718.72075,214.712686,0.0361945267979978,4.9595,0.150225
"ensemble-074",1978,0.776002346443096,588.6715,758.595,22.144041,0.0324617641570334,5.226,0.128175
"ensemble-074",1979,0.762635597160813,572.00625,750.03875,156.2920089,0.0390716056956976,5.07825,0.174775
"ensemble-074",1980,0.735915566832205,534.9155,726.87075,166.86758,0.0308969623171356,4.74875,0.1759
"ensemble-074",1981,0.71359187466758,471.25875,660.40375,244.495678,0.0463538863446687,4.18375,0.15725
"ensemble-074",1982,0.712406166666472,457.02975,641.52975,204.981989,0.0530018213929322,4.0575,0.171525
"ensemble-074",1983,0.719774519974164,487.2555,676.95575,154.297608,0.0753219913249716,4.326,0.1694
"ensemble-074",1984,0.727815254107298,545.66675,749.7325,216.919597,0.08137258135967,4.8445,0.190125
"ensemble-074",1985,0.70892226597231,558.1345,787.3,183.634481,0.0755549983714769,4.95525,0.196475
"ensemble-074",1986,0.684532516466579,531.84925,776.9525,147.046862,0.0818585421189566,4.72175,0.1797
"ensemble-074",1987,0.673329747480467,535.15575,794.79,336.999402,0.087750522165375,4.751,0.233325
"ensemble-074",1988,0.659626795942142,543.58525,824.08,207.311969,0.0753169365630953,4.826,0.1916
"ensemble-074",1989,0.652134483441027,538.78275,826.1835,210.553494,0.0702192828244599,4.7835,0.189175
"ensemble-074",1990,0.653710726044206,588.709,900.565,176.735209,0.10012294056764,5.2265,0.236675
"ensemble-074",1991,0.646512667303379,607.5425,939.7225,219.495958,0.118615663291263,5.39375,0.225425
"ensemble-074",1992,0.628927834227804,590.33525,938.6375,227.92823,0.108621483511087,5.241,0.2746
"ensemble-074",1993,0.598731883060007,543.436,907.645,168.943561,0.0955360729766694,4.82425,0.248225
"ensemble-074",1994,0.583499917675035,540.442,926.2075,310.431297,0.0978567046943675,4.798,0.282375
"ensemble-074",1995,0.561032261936262,514.17625,916.4825,96.311561,0.106496471741771,4.5645,0.24105
"ensemble-074",1996,0.562436329941296,506.82825,901.13,290.64859,0.109276485047,4.4995,0.22495
"ensemble-074",1997,0.587108922518483,549.93025,936.675,90.649415,0.171980942524505,4.882,0.300875
"ensemble-074",1998,0.563617637205017,538.33375,955.14,278.005131,0.150978862842648,4.77925,0.35695
"ensemble-074",1999,0.529424551334219,494.419,933.88,229.747102,0.233184612502052,4.38925,0.405825
"ensemble-074",2000,0.490252489496688,448.38125,914.5925,274.466897,0.171248698837225,3.98075,0.373425
"ensemble-074",2001,0.466940556150153,415.55725,889.9575,150.506978,0.15212544514029,3.68925,0.312475
"ensemble-074",2002,0.464554802892111,427.5925,920.435,246.993367,0.128334161297593,3.79625,0.382775
"ensemble-074",2003,0.454303272823776,436.52525,960.8675,167.757437,0.169243789544366,3.8755,0.351175
"ensemble-074",2004,0.450311293752781,437.77125,972.1525,286.562654,0.154331440850713,3.8865,0.475125
"ensemble-074",2005,0.425430704265861,406.77025,956.1375,167.726001,0.172455629786333,3.61125,0.37855
"ensemble-074",2006,0.42452120971823,406.86325,958.405,180.251733,0.167469651160711,3.61175,0.414175
"ensemble-074",2007,0.419952838698039,407.38575,970.075,193.128654,0.211168175092817,3.61675,0.434125
"ensemble-074",2008,0.406871380229072,384.45175,944.8975,198.100356,0.251553300755951,3.413,0.463675
"ensemble-074",2009,0.38820124109783,349.54125,900.4125,223.255147,0.163849692987192,3.103,0.4582
"ensemble-074",2010,0.373180453815557,328.84475,881.195,152.017815,0.157419275269939,2.91925,0.3788
"ensemble-074",2011,0.382070650152705,339.02275,887.33,173.070223,0.202550883875293,3.00975,0.47745
"ensemble-074",2012,0.376059218663126,331.42475,881.31,287.714776,0.169923657837204,2.9425,0.467775
"ensemble-074",2013,0.366502981306956,311.7905,850.7175,231.891531,0.176815440558324,2.76825,0.4102
"ensemble-074",2014,0.382723426301701,332.424,868.575,139.565033,0.234335100678213,2.951,0.450825
"ensemble-074",2015,0.399490002866368,369.3345,924.515,193.184416,0.185988965332661,3.27875,0.4181
"ensemble-074",2016,0.396898248397402,370.2505,932.86,201.590281,0.257888538185828,3.287,0.44555
"ensemble-074",2017,0.387658721753381,347.73375,897.01,211.829436,0.159759495025041,3.087,0.3753
"ensemble-074",2018,0.383894729314167,335.5,873.9375,163.220607,0.189002702385262,2.97825,0.43615
"ensemble-074",2019,0.383499468805571,334.8075,873.0325,198.808548,0.127589751833684,2.97225,0.378225
"ensemble-074",2020,0.391988488302168,342.21575,873.025,156.912298,0.242386007954594,3.038,0.402275
"ensemble-074",2021,0.407274872990516,353.7335,868.5375,178.266482,0.235165732778873,3.1405,0.416225
"ensemble-074",2022,0.407505591042638,348.4835,855.1625,116.057847,0.326010510889556,3.094,0.460125
"ensemble-074",2023,0.390498232594834,316.779,811.2175,202.27806,0.29987953977404,2.8125,0.503275
"ensemble-074",2024,0.357693675908329,279.027,780.0725,197.293764,0.214667889631258,2.477,0.53185
"ensemble-075",1952,0.996883347312105,2573.25,2581.295,187.104742,0.00542243454975412,6.9175,0.03934
"ensemble-075",1953,0.986777373881837,2608.06,2643.0075,197.14082,0.00535208809017831,7.011,0.036915
"ensemble-075",1954,0.98030996112229,2634.36,2687.2725,194.875668,0.00428339084510134,7.0815,0.024535
"ensemble-075",1955,0.975086876838575,2650.9175,2718.6475,167.723456,0.00565804919384182,7.12625,0.03961
"ensemble-075",1956,0.968058063354735,2661.9225,2749.755,103.705704,0.00733411399543513,7.15575,0.0454275
"ensemble-075",1957,0.960551548368738,2717.3475,2828.945,75.8529,0.0110102462296126,7.305,0.06386
"ensemble-075",1958,0.947021246110467,2627.295,2774.2725,163.390897,0.0149865095469478,7.0625,0.096775
"ensemble-075",1959,0.929220337399217,2386.5375,2568.3225,110.25033,0.0100102123529395,6.41575,0.0889575
"ensemble-075",1960,0.914981971874411,2136.7025,2335.24,100.8955942,0.0125466571529044,5.744,0.087155
"ensemble-075",1961,0.908396542249745,2058.095,2265.635,105.212448,0.010727094552904,5.5325,0.0884
"ensemble-075",1962,0.901303689624043,1939.405,2151.7775,111.396024,0.0101797517221359,5.21375,0.0871975
"ensemble-075",1963,0.893606269234119,1821.355,2038.2075,84.243385,0.0136393085843021,4.89625,0.1148575
"ensemble-075",1964,0.88398154683414,1687.66,1909.1575,101.324203,0.00889038561494148,4.5365,0.0876975
"ensemble-075",1965,0.883931735418904,1602.65,1813.0925,71.7256162,0.0106902990171499,4.308,0.08406
"ensemble-075",1966,0.88400799836254,1544.015,1746.6075,135.7449,0.0104246033930081,4.1505,0.097215
"ensemble-075",1967,0.878588946566549,1451.765,1652.3825,53.70522,0.0138075005280129,3.90275,0.10717
"ensemble-075",1968,0.874591518355379,1361.5925,1556.8325,81.325285,0.0108517770560661,3.66025,0.0880925
"ensemble-075",1969,0.875262316419334,1339.88,1530.8325,109.113594,0.0122968591810521,3.602,0.1105875
"ensemble-075",1970,0.871395552478312,1283.7225,1473.18,97.2756964,0.0216958842669071,3.451,0.1056675
"ensemble-075",1971,0.868928007608511,1242.5475,1429.9775,58.6613092,0.0238686917877356,3.34025,0.107225
"ensemble-075",1972,0.865471204325593,1239.305,1431.9425,71.146901,0.033993347887738,3.3315,0.148275
"ensemble-075",1973,0.85214789198281,1175.3825,1379.3175,117.364167,0.020768736470024,3.1595,0.1243
"ensemble-075",1974,0.843064503667915,1118.5,1326.7075,46.58249,0.0351920082150624,3.00675,0.1404
"ensemble-075",1975,0.833865576713715,1091.4675,1308.925,164.96266,0.028396798366464,2.934,0.17755
"ensemble-075",1976,0.81717501815541,1046.4825,1280.61,59.241063,0.0339891170677864,2.81325,0.184375
"ensemble-075",1977,0.804519581535823,1050.8675,1306.205,127.085922,0.0412068108897145,2.82475,0.204475
"ensemble-075",1978,0.799494183474111,1097.7275,1373.0275,17.393528,0.0327974432321625,2.951,0.169975
"ensemble-075",1979,0.78824093421255,1089.28,1381.9125,66.0773,0.0428372839215711,2.92825,0.218825
"ensemble-075",1980,0.771826519802052,1063.685,1378.14,97.892937,0.036307757556096,2.8595,0.2191
"ensemble-075",1981,0.757100772608526,987.5225,1304.3475,115.344952,0.0566134139786954,2.65475,0.208575
"ensemble-075",1982,0.748767848118826,944.58,1261.5125,122.182539,0.0673581720528283,2.53925,0.2428
"ensemble-075",1983,0.742154200383357,947.64,1276.8775,97.136138,0.0818286520562975,2.5475,0.239625
"ensemble-075",1984,0.736591755895732,1002.3025,1360.73,93.786514,0.0907664178674912,2.6945,0.2602
"ensemble-075",1985,0.71975524293389,1036.3,1439.795,122.5647621,0.0899328113369582,2.786,0.271475
"ensemble-075",1986,0.699575431839342,1016.24,1452.6525,81.723371,0.0954313163333879,2.73175,0.250025
"ensemble-075",1987,0.685063507016358,1016.29,1483.4975,155.0555411,0.103844220555884,2.732,0.319175
"ensemble-075",1988,0.668723732251521,1030.2525,1540.625,144.016813,0.088927215554756,2.7695,0.27405
"ensemble-075",1989,0.657022854681503,1025.795,1561.2775,124.280355,0.08193339874497,2.7575,0.26775
"ensemble-075",1990,0.652758088632491,1093.595,1675.345,117.175098,0.110341301034657,2.94,0.324075
"ensemble-075",1991,0.6466136826528,1143.7125,1768.7725,71.265801,0.133083432154528,3.0745,0.29545
"ensemble-075",1992,0.633173973606937,1146.61,1810.8925,171.575305,0.122525154868058,3.08225,0.37335
"ensemble-075",1993,0.610469213520703,1095.8075,1795.025,63.839291,0.115192924552443,2.94575,0.3295
"ensemble-075",1994,0.592103196577596,1061.231,1792.3075,175.487739,0.110794540384711,2.85275,0.379625
"ensemble-075",1995,0.574990915521283,1036.4355,1802.525,69.936798,0.112863493935882,2.786,0.334125
"ensemble-075",1996,0.568195536651134,1007.2175,1772.66,181.24038,0.126453908730822,2.7075,0.313125
"ensemble-075",1997,0.579625191809889,1055.767,1821.465,68.083624,0.167278193100954,2.83825,0.392775
"ensemble-075",1998,0.568497471212885,1066.163,1875.405,157.917589,0.167906694644319,2.866,0.45885
"ensemble-075",1999,0.549969901994599,1048.3925,1906.2725,109.546495,0.233171418691339,2.81825,0.497275
"ensemble-075",2000,0.523136897768877,995.21825,1902.405,188.852806,0.199943767650226,2.67525,0.476675
"ensemble-075",2001,0.501830380899173,945.397,1883.8975,79.348529,0.174657448651931,2.5415,0.408025
"ensemble-075",2002,0.490231655070286,944.3075,1926.2475,152.04696,0.157950331063087,2.5385,0.50745
"ensemble-075",2003,0.476876162458364,953.1455,1998.7275,82.697059,0.199510337101569,2.5625,0.45975
"ensemble-075",2004,0.465335020777585,940.3525,2020.8075,174.184153,0.207314164441166,2.528,0.654025
"ensemble-075",2005,0.44447730402331,890.87475,2004.32,89.765316,0.209690657697855,2.39475,0.51835
"ensemble-075",2006,0.433525171557288,864.39175,1993.8675,113.528167,0.224466687407433,2.32375,0.56105
"ensemble-075",2007,0.424565192538063,854.1445,2011.81,115.213521,0.234542348607332,2.29575,0.5739
"ensemble-075",2008,0.410091909267895,815.193,1987.83,105.133837,0.325404259001764,2.19125,0.62095
"ensemble-075",2009,0.392911792782139,758.37575,1930.1425,131.04587,0.238907470951907,2.03875,0.640075
"ensemble-075",2010,0.375250421120658,708.40525,1887.82,89.59424,0.199511747269373,1.9045,0.5387
"ensemble-075",2011,0.367865486339496,691.27075,1879.14,97.081226,0.263606652276308,1.85825,0.671925
"ensemble-075",2012,0.358439843815838,669.90525,1868.9475,159.275147,0.239863768159189,1.80075,0.689175
"ensemble-075",2013,0.347796276680406,633.69525,1822.03,137.435395,0.232903429436527,1.7035,0.63055
"ensemble-075",2014,0.348679176882495,639.60575,1834.3675,81.754996,0.282063013307624,1.71925,0.6848
"ensemble-075",2015,0.354062628878088,678.23175,1915.57,107.30095,0.236284334523267,1.82325,0.615025
"ensemble-075",2016,0.352656164015408,688.905,1953.475,119.042452,0.323261783643546,1.85175,0.6486
"ensemble-075",2017,0.347064065981316,665.9205,1918.725,113.703087,0.217777732772211,1.79,0.549825
"ensemble-075",2018,0.343652278117059,648.105,1885.9325,91.737142,0.251815796203405,1.7425,0.650025
"ensemble-075",2019,0.340454387481042,639.19375,1877.4725,101.991675,0.174552286269497,1.71825,0.58145
"ensemble-075",2020,0.340736931592667,635.27675,1864.42,100.348444,0.292235874751457,1.70775,0.619825
"ensemble-075",2021,0.345961065054237,634.522,1834.085,92.560071,0.289327821272142,1.7055,0.6075
"ensemble-075",2022,0.347673074684449,627.19875,1803.99,80.281576,0.377239331149303,1.686,0.664175
"ensemble-075",2023,0.339366395380785,595.97575,1756.1425,114.402353,0.38899662167831,1.602,0.718575
"ensemble-075",2024,0.317718224166352,542.569,1707.705,111.420264,0.264777613217776,1.4585,0.785725
"ensemble-076",1952,0.9937554936683,1410.385,1419.2475,178.436638,0.00679159704472132,6.47525,0.0555275
"ensemble-076",1953,0.974789088232143,1410.2225,1446.695,191.755602,0.00662227031454305,6.47425,0.0518075
"ensemble-076",1954,0.964465810070352,1413.415,1465.49,188.057004,0.0052187245843708,6.489,0.03485
"ensemble-076",1955,0.956541559803264,1416.32,1480.6675,193.589155,0.006683445725408,6.50225,0.0542325
"ensemble-076",1956,0.945882703629182,1427.94,1509.6375,117.9538209,0.00924093131001072,6.556,0.0611825
"ensemble-076",1957,0.936026612525969,1485.6825,1587.2225,85.30261,0.0141046794970865,6.82075,0.085075
"ensemble-076",1958,0.915480387486104,1441.195,1574.25,210.218206,0.0182891991164465,6.61675,0.1286625
"ensemble-076",1959,0.887894152930222,1294.5075,1457.9525,80.779669,0.0128925049050504,5.94325,0.11748
"ensemble-076",1960,0.866871269287082,1154.5425,1331.85,134.5251635,0.0140266552558277,5.3005,0.1168075
"ensemble-076",1961,0.860825027105202,1129.4175,1312.0175,92.888517,0.0131406020724786,5.18525,0.11568
"ensemble-076",1962,0.852222442971445,1061.6625,1245.7575,128.622926,0.0115177226954442,4.87425,0.1127125
"ensemble-076",1963,0.843686582449913,1002.9725,1188.7975,131.592407,0.0141315706434963,4.6045,0.1447775
"ensemble-076",1964,0.831968455496215,933.1275,1121.59,92.1090179,0.0104033466914988,4.284,0.1073575
"ensemble-076",1965,0.837744968296528,909.99,1086.2375,81.6259648,0.0124053611029203,4.17775,0.1011225
"ensemble-076",1966,0.84284317226474,902.7925,1071.1275,175.473256,0.0111318194608087,4.14475,0.115665
"ensemble-076",1967,0.837040169753388,856.0075,1022.66,60.958461,0.0150587235289329,3.93,0.1246525
"ensemble-076",1968,0.833822781950641,812.0475,973.885,101.8435913,0.0121010061967837,3.72825,0.1025425
"ensemble-076",1969,0.838238788656172,820.1475,978.4175,127.518779,0.0134370847704845,3.76525,0.1285625
"ensemble-076",1970,0.833623059561892,787.655,944.8575,90.260432,0.0254882327795612,3.61625,0.12164
"ensemble-076",1971,0.831246436619336,765.4325,920.825,77.0824022,0.0279125055091901,3.51425,0.1256625
"ensemble-076",1972,0.82703746766192,766.4425,926.7325,81.800733,0.0353472999892365,3.519,0.175425
"ensemble-076",1973,0.806862919910902,712.7,883.2975,123.904782,0.0219819970283661,3.272,0.146575
"ensemble-076",1974,0.796512916273944,673.9475,846.1225,58.696212,0.0381458842659514,3.09425,0.16425
"ensemble-076",1975,0.786101161693948,658.41475,837.57,176.152229,0.0297686945380468,3.023,0.2075
"ensemble-076",1976,0.762848548028627,623.83275,817.7675,67.883277,0.0380793528484948,2.864,0.21535
"ensemble-076",1977,0.74735610193558,625.02325,836.3125,135.655116,0.0467360214762556,2.86975,0.23935
"ensemble-076",1978,0.742545041324668,651.80975,877.805,16.4357084,0.0393563773738899,2.9925,0.20085
"ensemble-076",1979,0.728130070636009,638.33525,876.6775,86.375582,0.0488982467726064,2.93075,0.264975
"ensemble-076",1980,0.704019539065139,609.651,865.9575,100.540524,0.0400659520580444,2.79875,0.268975
"ensemble-076",1981,0.682792852210693,551.275,807.3825,134.873151,0.0622974723020622,2.53075,0.251125
"ensemble-076",1982,0.675068951268031,526.8525,780.4425,134.615411,0.070958711264007,2.41875,0.284375
"ensemble-076",1983,0.671900986329923,538.32875,801.2025,104.834983,0.0925199380904926,2.4715,0.279025
"ensemble-076",1984,0.671266781174065,584.26725,870.395,119.313107,0.104123872796862,2.68225,0.3064
"ensemble-076",1985,0.651543992375213,603.2825,925.9275,123.6949831,0.0983909588638001,2.7695,0.319625
"ensemble-076",1986,0.626803100342604,584.0755,931.8325,92.704423,0.106737151953951,2.68175,0.29355
"ensemble-076",1987,0.611869189733055,583.80275,954.13,181.4155557,0.113755055056385,2.68,0.378675
"ensemble-076",1988,0.59422445197968,589.25525,991.6375,148.283474,0.101590454273396,2.7055,0.322525
"ensemble-076",1989,0.582019330617461,582.904,1001.52,131.168916,0.0926885469647201,2.676,0.3171
"ensemble-076",1990,0.578038823182442,622.28625,1076.5475,117.636602,0.128772924945457,2.857,0.38995
"ensemble-076",1991,0.569123708711472,641.69125,1127.5075,149.843461,0.150343630158165,2.94575,0.3644
"ensemble-076",1992,0.552676659060907,632.19025,1143.87,133.606367,0.165491193535727,2.9025,0.4569
"ensemble-076",1993,0.523920204489887,589.27925,1124.75,97.704388,0.134740775426674,2.7055,0.4092
"ensemble-076",1994,0.501901629842987,571.5455,1138.76,178.556535,0.129579706824657,2.624,0.473275
"ensemble-076",1995,0.476160351893555,542.87875,1140.1175,65.028545,0.132819827973692,2.4925,0.414
"ensemble-076",1996,0.470829175502058,528.44925,1122.38,193.50048,0.139731831346327,2.42625,0.385625
"ensemble-076",1997,0.489646812830497,565.5335,1154.9825,66.792361,0.212031031203106,2.5965,0.49535
"ensemble-076",1998,0.471235523684288,557.2525,1182.535,178.639786,0.192127247964014,2.5585,0.590425
"ensemble-076",1999,0.443268151710754,525.33925,1185.15,136.938508,0.296541452375636,2.412,0.656
"ensemble-076",2000,0.408269386941578,481.369,1179.0475,182.666728,0.23247303020509,2.20975,0.631725
"ensemble-076",2001,0.383918542336549,447.745,1166.25,96.793051,0.203484223809289,2.05575,0.537525
"ensemble-076",2002,0.371851276814784,444.27675,1194.77,154.391705,0.17724730286635,2.03975,0.667625
"ensemble-076",2003,0.356255482323781,442.69375,1242.63,111.755413,0.219791559937572,2.03225,0.6086
"ensemble-076",2004,0.347412705841292,437.97625,1260.68,180.616453,0.226860454703781,2.011,0.84205
"ensemble-076",2005,0.323274255129135,404.5155,1251.3075,109.009397,0.230541343793918,1.857,0.67245
"ensemble-076",2006,0.31780857615736,399.40275,1256.74,119.630401,0.233551195874959,1.8335,0.726525
"ensemble-076",2007,0.311676179779238,398.2045,1277.6225,130.777552,0.278731970957804,1.82825,0.75305
"ensemble-076",2008,0.300184609905222,379.27575,1263.475,129.596078,0.354702420904386,1.7415,0.812575
"ensemble-076",2009,0.283821852736436,347.88825,1225.7275,145.08401,0.246699002834556,1.59725,0.822375
"ensemble-076",2010,0.266807405538853,322.5955,1209.095,102.828961,0.211633275853594,1.481,0.680375
"ensemble-076",2011,0.26705871005344,325.32825,1218.19,114.589543,0.283901985949754,1.4935,0.8492
"ensemble-076",2012,0.260079263704563,317.127,1219.3475,177.50576,0.249000030790281,1.456,0.85785
"ensemble-076",2013,0.250523413894107,298.069,1189.785,160.145642,0.240848373933046,1.3685,0.76575
"ensemble-076",2014,0.257523724202004,310.45,1205.52,94.460181,0.307520872712474,1.425,0.824225
"ensemble-076",2015,0.267642077808659,340.17375,1271.0025,129.833807,0.245348578220103,1.56175,0.750525
"ensemble-076",2016,0.267921000800148,348.233,1299.76,129.407184,0.341063780833625,1.59875,0.790825
"ensemble-076",2017,0.263560578828789,335.44475,1272.7425,138.071023,0.223391202817342,1.54,0.66885
"ensemble-076",2018,0.262426118322656,328.114,1250.31,107.040207,0.263498194281842,1.5065,0.778675
"ensemble-076",2019,0.261332668794264,325.09,1243.97,118.632432,0.184725916096218,1.49275,0.68835
"ensemble-076",2020,0.265702699753907,328.76325,1237.335,118.452706,0.31305841704252,1.50925,0.728925
"ensemble-076",2021,0.274660454476507,334.98825,1219.645,114.399642,0.302672535588759,1.538,0.73245
"ensemble-076",2022,0.27714910539259,333.30575,1202.6225,84.169101,0.423128815939157,1.53,0.802675
"ensemble-076",2023,0.2675385267616,310.7975,1161.6925,133.539132,0.397523557114184,1.427,0.8795
"ensemble-076",2024,0.241484628055932,272.3035,1127.6225,124.290889,0.281517304603249,1.25025,0.96435
"ensemble-078",1952,0.9969321812201,2631.4,2639.4975,159.574669,0.00579963727184906,7.3745,0.040445
"ensemble-078",1953,0.986945718954218,2674.275,2709.6475,118.987019,0.0056600201304749,7.49525,0.0378125
"ensemble-078",1954,0.980315160159354,2708.0275,2762.405,172.837242,0.00386649840153059,7.5895,0.0253225
"ensemble-078",1955,0.97472738660514,2731.23,2802.045,156.9762883,0.00608910052241447,7.6545,0.0415625
"ensemble-078",1956,0.96721108922438,2720.2425,2812.46,89.6838997,0.00780871345521687,7.624,0.047615
"ensemble-078",1957,0.95904200474212,2755.5075,2873.1875,62.8001883,0.0117972931595497,7.7225,0.066845
"ensemble-078",1958,0.945004821412399,2660.7225,2815.565,150.162018,0.0157501241338552,7.457,0.10046
"ensemble-078",1959,0.92682135911774,2429.405,2621.2225,69.384483,0.0115557838372457,6.80875,0.092785
"ensemble-078",1960,0.911990506784893,2184.5775,2395.395,101.0404595,0.0127733194124342,6.1225,0.091445
"ensemble-078",1961,0.903860393964658,2084.2275,2305.9175,66.906022,0.012303818617165,5.84125,0.0932875
"ensemble-078",1962,0.895595602361262,1954.465,2182.3075,94.143923,0.0110496178672277,5.47775,0.0917925
"ensemble-078",1963,0.886990849343751,1830.075,2063.24,72.359744,0.0150492573767428,5.12875,0.1213175
"ensemble-078",1964,0.876608436853002,1693.6075,1932,75.5492724,0.0101360830131086,4.74625,0.0928275
"ensemble-078",1965,0.875759052991355,1603.355,1830.8175,57.2905471,0.0120075539942031,4.4935,0.0893375
"ensemble-078",1966,0.875100680500571,1537.3725,1756.795,118.045413,0.0115413043683129,4.30875,0.1033325
"ensemble-078",1967,0.869333895066279,1444.42,1661.525,35.686664,0.015840172871062,4.04825,0.1140375
"ensemble-078",1968,0.864833433313337,1351.5725,1562.8125,66.2252358,0.0122503527435558,3.788,0.0942175
"ensemble-078",1969,0.864860134712958,1321.8825,1528.435,91.3623214,0.0140649175531395,3.7045,0.11907
"ensemble-078",1970,0.860478503450484,1263.105,1467.91,60.5615727,0.023879945305518,3.54,0.1144025
"ensemble-078",1971,0.857226913110038,1216.51,1419.1225,58.8050104,0.0265091698996279,3.40975,0.1167675
"ensemble-078",1972,0.852857577731211,1204.7125,1412.56,54.469505,0.0349873511388897,3.37625,0.16215
"ensemble-078",1973,0.838664827606527,1138.5525,1357.5775,90.8499488,0.0239649537697586,3.191,0.136725
"ensemble-078",1974,0.828752111162291,1079.5325,1302.6,41.2184066,0.0381121765319888,3.0255,0.15485
"ensemble-078",1975,0.818315687371175,1046.1225,1278.385,124.694763,0.0325670057510982,2.932,0.196825
"ensemble-078",1976,0.799882129132747,997.555,1247.1275,53.040033,0.0384129913788494,2.796,0.20675
"ensemble-078",1977,0.78517724581031,990.7975,1261.8775,98.6952388,0.0481762360107631,2.777,0.230175
"ensemble-078",1978,0.778714818273618,1025.6375,1317.09,14.1331108,0.038760856720258,2.8745,0.1909
"ensemble-078",1979,0.766821050728255,1017.815,1327.3175,59.7286326,0.0509098774640387,2.85225,0.244375
"ensemble-078",1980,0.749024143959489,993.985,1327.04,73.729912,0.0425505389767713,2.78575,0.243925
"ensemble-078",1981,0.733216513591389,929.44175,1267.6225,91.644519,0.0703555539910943,2.60475,0.232425
"ensemble-078",1982,0.723835526208792,890.1295,1229.74,97.648126,0.0804677690587735,2.4945,0.272175
"ensemble-078",1983,0.715702351204799,888.61425,1241.5975,74.183489,0.0982391806659608,2.4905,0.271275
"ensemble-078",1984,0.708310566652861,932.05525,1315.885,80.125683,0.105675021732458,2.61225,0.295475
"ensemble-078",1985,0.689240265992387,957.4495,1389.1375,98.647669,0.107043999681807,2.68325,0.309525
"ensemble-078",1986,0.666411498064443,936.49475,1405.28,65.7825872,0.107163344871446,2.62475,0.286675
"ensemble-078",1987,0.649012238890303,930.38825,1433.545,129.608799,0.117757730765617,2.6075,0.36705
"ensemble-078",1988,0.629929257141128,936.53,1486.7225,111.75798,0.0989515775548181,2.625,0.3174
"ensemble-078",1989,0.616339475831327,929.15025,1507.53,94.994821,0.0926038879219189,2.604,0.312775
"ensemble-078",1990,0.610224595937216,981.1725,1607.8875,90.240231,0.126802725646034,2.74975,0.38005
"ensemble-078",1991,0.602574852158945,1018.7025,1690.5825,63.791855,0.147966768357288,2.85525,0.34625
"ensemble-078",1992,0.587847036251583,1017.985,1731.7175,134.738573,0.138924936220766,2.853,0.43595
"ensemble-078",1993,0.564573027734765,974.398,1725.9025,61.253781,0.125513891676276,2.731,0.3852
"ensemble-078",1994,0.5448892019335,943.7985,1732.0925,136.209496,0.12314871427347,2.645,0.443225
"ensemble-078",1995,0.525732960117978,917.97575,1746.0875,54.604877,0.129648301241016,2.57275,0.390775
"ensemble-078",1996,0.518820662019947,895.644,1726.3075,147.308941,0.142622593095365,2.51,0.3659
"ensemble-078",1997,0.528859520147343,936.09325,1770.0225,53.335716,0.186120209785305,2.6235,0.460825
"ensemble-078",1998,0.516933739333232,940.9215,1820.1975,127.57096,0.18624560531813,2.63675,0.53955
"ensemble-078",1999,0.497846262735685,921.44,1850.8525,98.246502,0.252936069211577,2.5825,0.58495
"ensemble-078",2000,0.470825767833542,871.914,1851.8825,148.658291,0.236065306025581,2.4435,0.56005
"ensemble-078",2001,0.44986049322657,829.94425,1844.8925,72.559584,0.190860883105177,2.32575,0.47995
"ensemble-078",2002,0.437385183198128,827.477,1891.8725,117.102074,0.180274092149403,2.31925,0.59705
"ensemble-078",2003,0.423127350941266,832.136,1966.6325,76.120632,0.216557562472825,2.33225,0.5422
"ensemble-078",2004,0.411021826814368,819.80975,1994.565,139.119419,0.225664955205262,2.29775,0.767425
"ensemble-078",2005,0.389456135645635,773.2525,1985.4675,80.108121,0.229321151535148,2.167,0.611475
"ensemble-078",2006,0.379017406667904,750.28675,1979.5575,90.987068,0.245029063516862,2.10275,0.659975
"ensemble-078",2007,0.370434293991309,741.6465,2002.1,97.531119,0.255505075531327,2.0785,0.672525
"ensemble-078",2008,0.356740988858587,709.309,1988.3025,93.463769,0.343228214426805,1.98775,0.726
"ensemble-078",2009,0.340568848990721,662.0105,1943.8375,107.650191,0.278703051856261,1.85525,0.745225
"ensemble-078",2010,0.325516440620946,621.68025,1909.8275,77.378276,0.22747244178337,1.74225,0.626475
"ensemble-078",2011,0.319283905512141,608.67725,1906.3825,84.839175,0.285506283023435,1.706,0.779975
"ensemble-078",2012,0.309704277279346,588.6495,1900.6825,132.64404,0.273019468217521,1.64975,0.80135
"ensemble-078",2013,0.299322061213253,557.1955,1861.525,117.323061,0.267382954140025,1.5615,0.736475
"ensemble-078",2014,0.300009755901987,561.217,1870.6625,71.208865,0.32476021816431,1.573,0.7993
"ensemble-078",2015,0.305167923429026,593.19075,1943.8175,91.75225,0.271080844496308,1.66225,0.71645
"ensemble-078",2016,0.304484663596699,604.34725,1984.82,99.186876,0.370025011443531,1.69375,0.754975
"ensemble-078",2017,0.299255232441713,586.5425,1960.0075,99.29337,0.256225732762854,1.64375,0.64165
"ensemble-078",2018,0.295910392859593,571.5635,1931.5425,79.099267,0.298597657692504,1.602,0.758275
"ensemble-078",2019,0.292642603596458,562.67125,1922.725,83.178443,0.209819749771402,1.577,0.6773
"ensemble-078",2020,0.292636454165044,559.815,1913.005,88.485769,0.332110308793738,1.569,0.724725
"ensemble-078",2021,0.296488223777411,558.80025,1884.73,78.34367,0.317739504476505,1.566,0.712975
"ensemble-078",2022,0.29643172679658,549.41175,1853.4175,70.048545,0.420779083639595,1.53975,0.779525
"ensemble-078",2023,0.287946285556476,521.32675,1810.5,102.982378,0.431159780461293,1.46075,0.838475
"ensemble-078",2024,0.268851112055532,474.455,1764.75,91.454839,0.314836530231989,1.32975,0.915525
"ensemble-079",1952,0.999092063964368,8662.8925,8670.765,187.11209,0.00307919847657309,11.2,0.02212775
"ensemble-079",1953,0.995927436657922,8929.5825,8966.0975,167.639408,0.0029934977084299,11.5475,0.0205775
"ensemble-079",1954,0.993400502792962,9141.8625,9202.595,173.49069,0.00228571023120258,11.82,0.01367825
"ensemble-079",1955,0.991034331831529,9272.085,9355.9675,117.1051592,0.00358238258868798,11.99,0.022952
"ensemble-079",1956,0.987902925997929,9267.505,9380.9875,75.656016,0.00413996824066849,11.9825,0.02679
"ensemble-079",1957,0.984215151186838,9243.2,9391.4425,52.3236364,0.00588823334478986,11.9525,0.03713
"ensemble-079",1958,0.978568286779484,8938.025,9133.7775,88.154301,0.00839987260563505,11.555,0.05499
"ensemble-079",1959,0.971415628115944,8320,8564.82,111.54253,0.00634571059419507,10.7625,0.0520225
"ensemble-079",1960,0.964727351019641,7583.7,7860.9775,73.9755633,0.00730615943912234,9.80675,0.051895
"ensemble-079",1961,0.959738762706078,7097.82,7395.575,66.024144,0.00688892673931321,9.178,0.0520575
"ensemble-079",1962,0.95502731606928,6631.4375,6943.715,72.508612,0.00657106362623441,8.575,0.05188
"ensemble-079",1963,0.949963097413583,6165.3175,6490.06,52.893765,0.00888675761634277,7.972,0.06976
"ensemble-079",1964,0.944298704534131,5685.6225,6021,72.3441265,0.00612880821289094,7.352,0.05465
"ensemble-079",1965,0.941553362141394,5281.1375,5608.9625,47.1714097,0.0069131087231257,6.829,0.05335
"ensemble-079",1966,0.939085419692956,4945.5525,5266.35,78.379767,0.00738247813251919,6.39525,0.06236
"ensemble-079",1967,0.935168902697718,4601.37,4920.3625,43.282329,0.00939169534285044,5.95,0.0710175
"ensemble-079",1968,0.931686148017529,4269.135,4582.16,52.1542109,0.00768559468160918,5.52025,0.059605
"ensemble-079",1969,0.929438716672869,4045.9025,4353.06,67.4414783,0.00950471519758099,5.2315,0.076245
"ensemble-079",1970,0.926066132527428,3811.9475,4116.28,59.7806441,0.0152307072711575,4.929,0.0747825
"ensemble-079",1971,0.923065573236467,3612.8625,3913.9825,43.6364155,0.0173209228771268,4.67175,0.07668
"ensemble-079",1972,0.919307080110971,3495.0975,3801.8825,47.56128,0.0245213546371295,4.5195,0.1067625
"ensemble-079",1973,0.9117267841855,3314.6625,3635.5875,69.7872383,0.0149885223156687,4.286,0.09045
"ensemble-079",1974,0.904794596039237,3140.015,3470.4175,31.1981093,0.026820037352321,4.06025,0.1038825
"ensemble-079",1975,0.897376754048635,3013.1825,3357.7675,107.592102,0.0251401651188887,3.8965,0.13525
"ensemble-079",1976,0.886799178999676,2873.185,3239.95,34.343945,0.026758536358036,3.71525,0.14475
"ensemble-079",1977,0.876306579397392,2805.57,3201.585,81.692724,0.0332074620572508,3.62775,0.163875
"ensemble-079",1978,0.869118473544072,2829.9975,3256.17,12.7271356,0.0240543654815167,3.65925,0.136375
"ensemble-079",1979,0.860022370573004,2794.905,3249.805,39.1134881,0.0312622746010134,3.614,0.1725
"ensemble-079",1980,0.848846833078227,2740.9625,3229.0425,61.601359,0.0301001769950433,3.54425,0.1705
"ensemble-079",1981,0.83916487537601,2609.765,3109.955,71.916714,0.0474236464381584,3.37475,0.163875
"ensemble-079",1982,0.831303049453447,2502.6025,3010.4575,78.7777819,0.0597615179436417,3.236,0.1982
"ensemble-079",1983,0.822866174832799,2458.5575,2987.7975,60.832094,0.0671235552427752,3.179,0.202
"ensemble-079",1984,0.812798233715024,2494.1425,3068.5875,46.6398366,0.0733749112335203,3.225,0.22065
"ensemble-079",1985,0.797156296467998,2527.675,3170.865,86.7421104,0.0779804767477956,3.26825,0.231725
"ensemble-079",1986,0.779914245698592,2491.9625,3195.175,49.3475146,0.0817270456424992,3.222,0.2161
"ensemble-079",1987,0.764201393563242,2469.3525,3231.285,87.7561849,0.0924423366809876,3.193,0.276325
"ensemble-079",1988,0.747048930574202,2477.5,3316.3825,93.271996,0.0847652584106676,3.20375,0.2441
"ensemble-079",1989,0.732348440565767,2458.7775,3357.3875,79.323477,0.0760987698190892,3.17925,0.244475
"ensemble-079",1990,0.72067918819903,2529.7425,3510.22,72.200057,0.100342260669145,3.271,0.29755
"ensemble-079",1991,0.710878325251143,2606.0675,3665.9825,45.0232593,0.11116178359486,3.36975,0.266575
"ensemble-079",1992,0.698345330864055,2627.3375,3762.2325,101.188551,0.129959636338648,3.39725,0.332725
"ensemble-079",1993,0.680755351686001,2574.13,3781.285,40.30383,0.101671727370225,3.3285,0.291225
"ensemble-079",1994,0.663067318493288,2519.0375,3799.0675,103.130182,0.0984425324827958,3.257,0.33365
"ensemble-079",1995,0.645429897786905,2473.41,3832.19,44.0953148,0.100555253678031,3.1985,0.298775
"ensemble-079",1996,0.635001463849497,2412.95,3799.9125,106.599274,0.121994219773803,3.12025,0.286725
"ensemble-079",1997,0.635794642677454,2448.38,3850.8975,47.066037,0.145658564653581,3.16575,0.3621
"ensemble-079",1998,0.626450895775287,2455.8175,3920.2075,95.309755,0.162463805337588,3.1755,0.419725
"ensemble-079",1999,0.61177498612684,2436.4,3982.51,65.121775,0.209773608320505,3.1505,0.44405
"ensemble-079",2000,0.591458037202484,2362.415,3994.2225,114.989096,0.20130083310806,3.05475,0.427525
"ensemble-079",2001,0.571906016751986,2279.33,3985.4975,47.601702,0.162581991839652,2.94725,0.3728
"ensemble-079",2002,0.55525989198892,2242.66,4038.9375,93.91679,0.157060568474035,2.9,0.46935
"ensemble-079",2003,0.539201467234577,2234.37,4143.85,46.533606,0.181745415033224,2.88925,0.42185
"ensemble-079",2004,0.526202646852573,2204.23,4188.9375,106.833261,0.227389367415596,2.85,0.598425
"ensemble-079",2005,0.509981818985423,2134.62325,4185.685,51.753451,0.205402826825295,2.76,0.472275
"ensemble-079",2006,0.496592650481032,2071.535,4171.4975,68.242249,0.216011618699886,2.67875,0.51525
"ensemble-079",2007,0.483514673516058,2025.53,4189.18,77.642711,0.244394800733398,2.61925,0.517975
"ensemble-079",2008,0.469345953839407,1947.72,4149.86,64.14043,0.341705459583285,2.5185,0.554
"ensemble-079",2009,0.453696136404683,1846.38675,4069.655,79.843595,0.254351800483558,2.3875,0.5719
"ensemble-079",2010,0.43477521650971,1745.92575,4015.6975,55.122546,0.198309638889899,2.2575,0.48525
"ensemble-079",2011,0.421524233436579,1683.79225,3994.5325,60.781219,0.263171139658994,2.177,0.604775
"ensemble-079",2012,0.40974744454025,1628.77375,3975.0675,101.065357,0.251047127294742,2.10575,0.627025
"ensemble-079",2013,0.399583753638551,1558.75025,3900.935,88.484621,0.235730737485885,2.0155,0.5886
"ensemble-079",2014,0.396970253845333,1544.514,3890.755,52.483197,0.263316315493787,1.997,0.642925
"ensemble-079",2015,0.399907291269019,1594.94925,3988.2975,68.552969,0.219331472230912,2.0625,0.5639
"ensemble-079",2016,0.400740308064275,1625.97675,4057.4325,74.128362,0.300441169248143,2.1025,0.58355
"ensemble-079",2017,0.399383691147772,1611.15275,4034.0975,70.059223,0.21127257888689,2.08325,0.48975
"ensemble-079",2018,0.398542499943719,1593.28125,3997.77,53.529897,0.244700210744192,2.06025,0.5822
"ensemble-079",2019,0.396427644792399,1577.563,3979.4475,57.783347,0.167037616682607,2.03975,0.524
"ensemble-079",2020,0.395172587243888,1559.45575,3946.265,60.388432,0.275970729127748,2.0165,0.563325
"ensemble-079",2021,0.396457097937572,1535.71225,3873.59,56.062795,0.252590657150164,1.98575,0.5501
"ensemble-079",2022,0.3950360327316,1497.0325,3789.61,50.957783,0.373843742932194,1.936,0.598975
"ensemble-079",2023,0.388183374162903,1427.69575,3677.89,71.801377,0.380731050715661,1.846,0.63665
"ensemble-079",2024,0.374289653920535,1340.26575,3580.825,72.348837,0.251708379583929,1.733,0.69745
"ensemble-080",1952,0.992334747499458,1156.0675,1164.9975,145.28739,0.00858308225756755,5.47775,0.067225
"ensemble-080",1953,0.96908460135185,1148.765,1185.4125,192.167896,0.00813412514491091,5.4435,0.0627325
"ensemble-080",1954,0.956664491691665,1147.2775,1199.2475,197.52114,0.00643231846920722,5.43625,0.041105
"ensemble-080",1955,0.94812876852325,1159.68,1223.125,124.472375,0.00787443797560801,5.495,0.0628675
"ensemble-080",1956,0.936368609066728,1185.445,1266.0025,103.8900559,0.0111433326855099,5.61725,0.070665
"ensemble-080",1957,0.925833412320954,1245.3825,1345.1475,69.4952296,0.016930804920951,5.90125,0.097925
"ensemble-080",1958,0.902472151269053,1210.98,1341.8475,126.860318,0.0237956477932938,5.73775,0.1505275
"ensemble-080",1959,0.870369326077587,1080.4025,1241.315,129.4126694,0.0134538088805047,5.11925,0.1391275
"ensemble-080",1960,0.844793211548538,951.2625,1126.03,87.8184541,0.0186461054732242,4.5075,0.1361725
"ensemble-080",1961,0.840244129392165,936.8575,1114.9825,107.4361954,0.0145077062001607,4.439,0.1306975
"ensemble-080",1962,0.83334498101428,894.325,1073.175,103.476045,0.0142243221129975,4.2375,0.1283075
"ensemble-080",1963,0.824823954353228,848.915,1029.2075,117.399472,0.0165365395637603,4.0225,0.16495
"ensemble-080",1964,0.812218812856615,791.4585,974.44,87.3988593,0.0118774133334643,3.75025,0.1223
"ensemble-080",1965,0.819521202458134,776.13575,947.06,70.2489199,0.0145467211162576,3.67725,0.1146675
"ensemble-080",1966,0.82593233443532,774.47675,937.7,147.902004,0.0135458610551155,3.66975,0.131825
"ensemble-080",1967,0.819138655579741,731.93725,893.545,57.870023,0.0175463790376896,3.46825,0.1419
"ensemble-080",1968,0.815720098404739,694.655,851.585,99.0546387,0.0135610113503366,3.2915,0.1159
"ensemble-080",1969,0.820892820118969,702.7725,856.1075,95.7448985,0.0167223453025263,3.32975,0.14547
"ensemble-080",1970,0.816340980404568,677.07525,829.4025,95.2045123,0.0313547698264851,3.20825,0.1373
"ensemble-080",1971,0.813832238113645,657.9325,808.4375,61.8597008,0.0331846818789503,3.1175,0.140125
"ensemble-080",1972,0.810267843545744,665.08,820.815,77.156539,0.0434242982974274,3.15125,0.195375
"ensemble-080",1973,0.787916548604103,618.7095,785.2475,128.416778,0.0255750648697605,2.93175,0.16155
"ensemble-080",1974,0.777648772546163,589.91075,758.5825,54.8693954,0.0470060510429651,2.79525,0.178075
"ensemble-080",1975,0.769131554629284,586.782,762.915,166.034883,0.0421843637466991,2.78025,0.22475
"ensemble-080",1976,0.746306331434036,561.9015,752.91,48.938915,0.0457647586863268,2.6625,0.229275
"ensemble-080",1977,0.731664634146341,569.96675,779,137.245015,0.0557866107493526,2.70075,0.2562
"ensemble-080",1978,0.726489344822536,595.22725,819.32,12.1552933,0.0445558734745166,2.82025,0.215075
"ensemble-080",1979,0.710876079460499,582.403,819.275,62.2479687,0.0672677920039739,2.7595,0.2847
"ensemble-080",1980,0.685351599360194,553.8035,808.0575,105.273345,0.0462589960569679,2.624,0.291125
"ensemble-080",1981,0.661583055446034,494.99975,748.205,137.284062,0.0685451359241887,2.3455,0.271675
"ensemble-080",1982,0.653112030329607,472.8825,724.045,129.962492,0.0749999042439095,2.2405,0.304125
"ensemble-080",1983,0.653002608363377,491.311,752.3875,99.57744,0.0948334254271716,2.328,0.29535
"ensemble-080",1984,0.654063741277916,539.68925,825.1325,87.6062201,0.11131538004535,2.557,0.324925
"ensemble-080",1985,0.633984872078822,556.75125,878.1775,133.9539981,0.102850438395482,2.638,0.342325
"ensemble-080",1986,0.608517187136197,535.772,880.455,90.442638,0.109095670667699,2.53875,0.31265
"ensemble-080",1987,0.593490436495277,534.861,901.2125,155.7970626,0.123468092324929,2.5345,0.4019
"ensemble-080",1988,0.577120338658555,542.597,940.18,140.784626,0.109933836361669,2.57125,0.3458
"ensemble-080",1989,0.565908797415145,536.8225,948.6025,142.191555,0.094816493287356,2.5435,0.335175
"ensemble-080",1990,0.561745434712644,571.63075,1017.5975,112.483418,0.139394778285504,2.7085,0.406425
"ensemble-080",1991,0.55617055017009,597.9765,1075.1675,145.119963,0.166478891900657,2.83325,0.378975
"ensemble-080",1992,0.54310210320177,596.95475,1099.1575,134.327818,0.185995795396271,2.82875,0.47405
"ensemble-080",1993,0.513575952953039,555.2,1081.0475,64.477972,0.143195918455806,2.63075,0.4245
"ensemble-080",1994,0.488546825472621,537.13525,1099.455,201.737166,0.138903620217789,2.54525,0.490925
"ensemble-080",1995,0.464585942098481,511.07125,1100.0575,61.934479,0.151168947394014,2.4215,0.4298
"ensemble-080",1996,0.461127296400094,499.3755,1082.945,186.092959,0.155539166124045,2.36625,0.398875
"ensemble-080",1997,0.483569971112332,541.52825,1119.855,53.296985,0.228776136647077,2.56575,0.509975
"ensemble-080",1998,0.463092048415146,531.911,1148.6075,190.369662,0.195684851217373,2.52025,0.61355
"ensemble-080",1999,0.431523452574845,494.7945,1146.6225,113.317569,0.317174938935105,2.3445,0.680575
"ensemble-080",2000,0.396254193067462,451.83875,1140.275,186.07318,0.244272875089752,2.14075,0.6666
"ensemble-080",2001,0.370176875277408,417.00425,1126.5,87.132196,0.219420271039716,1.976,0.5651
"ensemble-080",2002,0.357739547605609,411.99075,1151.65,159.565136,0.188369272944959,1.952,0.700175
"ensemble-080",2003,0.343277094831912,410.49075,1195.8,106.015947,0.243469120062819,1.94475,0.633225
"ensemble-080",2004,0.3379775766748,410.35125,1214.1375,185.390574,0.258363306475094,1.94425,0.86485
"ensemble-080",2005,0.317996080160105,384.12575,1207.9575,109.244185,0.244569626090355,1.82,0.6841
"ensemble-080",2006,0.311937263777484,383.158,1228.3175,118.495372,0.242476069756635,1.8155,0.732775
"ensemble-080",2007,0.307380888504685,386.689,1258.0125,126.8236283,0.306165280528132,1.83225,0.76155
"ensemble-080",2008,0.298358222129497,371.817,1246.21,122.167308,0.391320572040856,1.76175,0.825625
"ensemble-080",2009,0.280642641045247,337.658,1203.16,148.939556,0.24923796683968,1.59975,0.84095
"ensemble-080",2010,0.262370191943268,311.52,1187.33,99.684184,0.206620941445815,1.476,0.688025
"ensemble-080",2011,0.26427512860335,316.079,1196.0225,107.4944328,0.286886046994256,1.49775,0.855025
"ensemble-080",2012,0.25983600736839,311.025,1197.005,178.006423,0.24754366742519,1.4735,0.8748
"ensemble-080",2013,0.250343051884047,291.445,1164.1825,154.922557,0.241371120514408,1.381,0.77715
"ensemble-080",2014,0.258066247020199,304.20075,1178.77,89.700142,0.312965416353982,1.44125,0.82915
"ensemble-080",2015,0.269870753442285,335.5465,1243.36,123.790469,0.247886997995921,1.59,0.759125
"ensemble-080",2016,0.268987714890502,339.9265,1263.725,126.973168,0.345938588319516,1.611,0.80975
"ensemble-080",2017,0.262864610963075,323.3215,1229.9925,134.488997,0.230068720297013,1.532,0.687625
"ensemble-080",2018,0.26128013974235,314.11425,1202.2125,98.471266,0.269289673255554,1.48825,0.79775
"ensemble-080",2019,0.260420231346874,311.24775,1195.175,122.752949,0.180606253138876,1.47475,0.7045
"ensemble-080",2020,0.265504793778087,315.35,1187.7375,112.351908,0.318895324810534,1.49425,0.73895
"ensemble-080",2021,0.275609142306306,323.08075,1172.2425,113.293754,0.326975422259601,1.531,0.7469
"ensemble-080",2022,0.279420527302908,324.037,1159.675,84.738638,0.444120641727313,1.5355,0.8217
"ensemble-080",2023,0.267155655799576,297.3015,1112.84,123.375382,0.410331279860036,1.40875,0.9047
"ensemble-080",2024,0.237591105135615,257.1205,1082.1975,116.779778,0.310867016180338,1.21825,1.0003
"ensemble-081",1952,0.997920717986696,3853.88,3861.91,106.09026,0.00621262675327378,5.28625,0.04957
"ensemble-081",1953,0.99080921072428,3951.3075,3987.96,103.092506,0.0060328771786554,5.42,0.0461825
"ensemble-081",1954,0.985381528167993,4027.2075,4086.9525,110.233317,0.00461443034497291,5.524,0.0306675
"ensemble-081",1955,0.980466938009331,4074.0975,4155.2625,76.6319467,0.00692534000596313,5.58825,0.050575
"ensemble-081",1956,0.974059660454894,4082.905,4191.6375,50.4159752,0.00807977378713683,5.6005,0.058275
"ensemble-081",1957,0.966758859413217,4109.7475,4251.0575,35.3910546,0.0116118051044168,5.63725,0.08068
"ensemble-081",1958,0.955328777277359,3988.875,4175.395,70.874356,0.0163055695794249,5.47175,0.1197925
"ensemble-081",1959,0.940836530116685,3702.14,3934.945,68.3371213,0.0116214464485015,5.07825,0.111605
"ensemble-081",1960,0.928111260790883,3370.74,3631.8275,52.7172626,0.0135604000234528,4.6235,0.1090075
"ensemble-081",1961,0.919619863437429,3195.9825,3475.33,45.8656108,0.0125817403282474,4.384,0.1101475
"ensemble-081",1962,0.911592272121023,3014.1525,3306.47,53.25978,0.0118710555201293,4.1345,0.1089675
"ensemble-081",1963,0.902989826202621,2825.7825,3129.3625,38.507034,0.0159961453143101,3.876,0.14495
"ensemble-081",1964,0.893232041375363,2621.7075,2935.08,52.0745577,0.0107172061824573,3.59625,0.1121225
"ensemble-081",1965,0.889610038010735,2464.46,2770.27,34.6408175,0.0122923824815946,3.3805,0.1081425
"ensemble-081",1966,0.886519900042896,2340.53,2640.1325,63.2281,0.0125821221203888,3.2105,0.12529
"ensemble-081",1967,0.880473249566265,2198.72,2497.2025,28.9642052,0.0163305005400275,3.016,0.1404
"ensemble-081",1968,0.875324553911007,2059.84,2353.23,39.1102427,0.012960069389259,2.82525,0.1163725
"ensemble-081",1969,0.872866263311649,1986.205,2275.4975,52.7429955,0.0155356379018457,2.7245,0.147325
"ensemble-081",1970,0.867929371936496,1893.325,2181.4275,44.4949049,0.0237503291577396,2.597,0.1428
"ensemble-081",1971,0.863765752638266,1816.86,2103.4175,34.0623957,0.0273661306610798,2.492,0.144825
"ensemble-081",1972,0.858612672802187,1783.785,2077.52,37.059019,0.0375302377068125,2.447,0.199975
"ensemble-081",1973,0.846752554995246,1700.965,2008.81,55.0594959,0.0229454772459448,2.33325,0.168325
"ensemble-081",1974,0.836792845713785,1622.5225,1938.9775,25.3542968,0.0405151225276678,2.2255,0.19105
"ensemble-081",1975,0.826409468239798,1571.43,1901.515,83.885325,0.0362400233640057,2.1555,0.245425
"ensemble-081",1976,0.810727739288013,1505.4525,1856.915,27.642528,0.0405843735099177,2.065,0.25995
"ensemble-081",1977,0.796030610890753,1484.615,1865.0225,66.1623068,0.0500138251279584,2.03625,0.29155
"ensemble-081",1978,0.786775659434335,1517.11,1928.2625,8.509722,0.0372589831704002,2.081,0.24155
"ensemble-081",1979,0.774028032329781,1506.6475,1946.5025,33.0779152,0.0485743271625616,2.0665,0.3055
"ensemble-081",1980,0.75763196092436,1479.7575,1953.135,50.190152,0.0444190622911839,2.02975,0.3024
"ensemble-081",1981,0.743414147323503,1404.1625,1888.8025,59.672242,0.0689093375685999,1.926,0.28925
"ensemble-081",1982,0.732771329668092,1349.49,1841.625,65.1714498,0.0851325548951156,1.85125,0.3452
"ensemble-081",1983,0.722053127663915,1336.19,1850.5425,51.639899,0.0976016359310328,1.833,0.347375
"ensemble-081",1984,0.710122416199584,1374.955,1936.2225,42.4189879,0.108990484419256,1.886,0.3773
"ensemble-081",1985,0.690130729225496,1405.2925,2036.27,71.6174518,0.109533647297192,1.9275,0.394725
"ensemble-081",1986,0.667917552276026,1387.395,2077.195,43.8628082,0.116117126468599,1.903,0.366075
"ensemble-081",1987,0.648976505358479,1381.7375,2129.1025,79.0172265,0.128125503801278,1.89525,0.465775
"ensemble-081",1988,0.628493751142671,1392.2425,2215.205,78.19267,0.115769953659705,1.90975,0.40815
"ensemble-081",1989,0.612007125000551,1388.075,2268.07,70.178153,0.101949542888866,1.904,0.40375
"ensemble-081",1990,0.600252506637124,1445.3225,2407.8575,63.77576,0.137888168508456,1.9825,0.4886
"ensemble-081",1991,0.590068175963598,1500.3575,2542.685,46.503345,0.15511514153124,2.058,0.4378
"ensemble-081",1992,0.576164178565935,1516.9625,2632.865,89.665186,0.183762872903296,2.08075,0.545475
"ensemble-081",1993,0.555938775261486,1482.54,2666.7325,37.080243,0.140036343720034,2.0335,0.4765
"ensemble-081",1994,0.536038733645287,1452.275,2709.2725,92.067584,0.135392911891114,1.992,0.5457
"ensemble-081",1995,0.516240044063399,1424.647,2759.66,36.6080645,0.135434429083987,1.95425,0.487475
"ensemble-081",1996,0.505749047882083,1391.7,2751.76,98.950582,0.159891904717492,1.90925,0.4641
"ensemble-081",1997,0.508858945695015,1427.6025,2805.4975,43.7185317,0.198634579762228,1.95825,0.581875
"ensemble-081",1998,0.498493149374342,1432.855,2874.3725,89.458473,0.215809682471221,1.9655,0.67655
"ensemble-081",1999,0.482085590594829,1417.5775,2940.51,61.418582,0.306597077323008,1.9445,0.720325
"ensemble-081",2000,0.459320352539541,1363.605,2968.745,104.961955,0.265916303312956,1.87025,0.696875
"ensemble-081",2001,0.438109886024835,1308.1775,2985.9575,44.701628,0.217184124275711,1.7945,0.60555
"ensemble-081",2002,0.421117675896743,1286.345,3054.5975,85.732016,0.204276511493382,1.7645,0.76005
"ensemble-081",2003,0.404455466306258,1277.8275,3159.3775,47.237006,0.242790801488735,1.75275,0.685225
"ensemble-081",2004,0.3914847589577,1258.17525,3213.855,99.460926,0.289848457483121,1.726,0.9702
"ensemble-081",2005,0.373699708179196,1205.6655,3226.295,51.393713,0.26979942507403,1.654,0.769925
"ensemble-081",2006,0.361499226856452,1170.68,3238.4025,66.441168,0.275714062757624,1.606,0.835925
"ensemble-081",2007,0.349876204624233,1148.1625,3281.625,69.837029,0.322720369079578,1.57475,0.84005
"ensemble-081",2008,0.337121590926414,1105.70825,3279.85,72.273674,0.415076167630526,1.5165,0.901475
"ensemble-081",2009,0.322543378002692,1045.91625,3242.715,76.665261,0.33638055342306,1.4345,0.92485
"ensemble-081",2010,0.306481827325887,988.75175,3226.135,53.423155,0.243758430111315,1.35625,0.773325
"ensemble-081",2011,0.296867024114281,966.8625,3256.8875,58.986047,0.347133123721139,1.32625,0.96045
"ensemble-081",2012,0.28713372467705,942.33125,3281.855,95.873055,0.311101020446342,1.29275,0.99505
"ensemble-081",2013,0.277473654049674,900.6115,3245.755,86.658074,0.292894327035165,1.2355,0.92565
"ensemble-081",2014,0.275378735982769,899.4675,3266.2925,50.725822,0.333394146296041,1.234,0.997975
"ensemble-081",2015,0.277966937961221,940.834,3384.6975,67.593683,0.272806738186286,1.2905,0.87735
"ensemble-081",2016,0.278063721431832,965.60825,3472.615,71.006597,0.376405277377434,1.3245,0.908675
"ensemble-081",2017,0.276145883428519,957.4965,3467.3575,69.153255,0.265910815815597,1.31325,0.762675
"ensemble-081",2018,0.275282420676186,949.6865,3449.8625,52.54376,0.30804613822032,1.30275,0.901575
"ensemble-081",2019,0.273277123413973,941.797,3446.3075,57.813558,0.208668025311583,1.29175,0.809775
"ensemble-081",2020,0.272401708441703,933.70725,3427.685,61.574943,0.336899675534255,1.28075,0.865625
"ensemble-081",2021,0.274422108727828,925.66625,3373.1475,56.586217,0.311435634358899,1.2695,0.846075
"ensemble-081",2022,0.273935585646785,907.31575,3312.15,50.852045,0.453424841937079,1.24475,0.9181
"ensemble-081",2023,0.268641876557908,866.499,3225.48,67.066349,0.457438074023269,1.18875,0.977425
"ensemble-081",2024,0.256286997079465,808.4285,3154.3875,60.793836,0.324125357312128,1.109,1.085025
"ensemble-082",1952,0.992270254182306,1158.5425,1167.5675,195.6945,0.00703090942519949,8.861,0.0482525
"ensemble-082",1953,0.969441003749713,1148.5525,1184.7575,229.746601,0.00683848704298721,8.7845,0.0449025
"ensemble-082",1954,0.958244395617261,1145.895,1195.8275,193.947663,0.00556642548580924,8.76375,0.029925
"ensemble-082",1955,0.950551875469177,1152.2875,1212.23,252.506832,0.0062664071101052,8.81275,0.0455425
"ensemble-082",1956,0.93971984638678,1171.49,1246.6375,132.8493838,0.00955703356522958,8.95975,0.0514175
"ensemble-082",1957,0.930397339137481,1234.3,1326.6375,101.552134,0.0141867993956634,9.44025,0.071555
"ensemble-082",1958,0.908090176106218,1195.5325,1316.535,192.479567,0.0196700873347194,9.144,0.10978
"ensemble-082",1959,0.877356886649665,1057.895,1205.775,131.071339,0.012129084164185,8.091,0.0999425
"ensemble-082",1960,0.854607653989451,932.4325,1091.065,114.392771,0.016457671520798,7.1315,0.1005225
"ensemble-082",1961,0.850414322630676,915.69,1076.7575,140.392577,0.0125166408264396,7.0035,0.0994225
"ensemble-082",1962,0.842003412809609,854.87975,1015.2925,133.444761,0.0125179649098907,6.53825,0.09736
"ensemble-082",1963,0.833995103436662,804.774,964.9625,151.231947,0.014074357832492,6.155,0.1238975
"ensemble-082",1964,0.822101461253637,746.00775,907.44,118.5023932,0.00995052094614289,5.7055,0.090925
"ensemble-082",1965,0.832389610756854,735.90525,884.0875,92.5148441,0.012404312385595,5.62825,0.0848175
"ensemble-082",1966,0.841355132234312,741.562,881.39,177.011089,0.011535366798695,5.67175,0.0974775
"ensemble-082",1967,0.83528478280287,701.36775,839.675,86.460517,0.0148251979678878,5.36425,0.1046225
"ensemble-082",1968,0.832758599143991,666.39425,800.225,119.219055,0.0120861901550206,5.097,0.08624
"ensemble-082",1969,0.838636054126998,677.3915,807.73,126.3656623,0.0137301394205024,5.18075,0.10922
"ensemble-082",1970,0.832918984280532,645.7725,775.3125,124.999099,0.0266115104933611,4.93925,0.102065
"ensemble-082",1971,0.830842833808771,626.927,754.5675,78.6298055,0.0287969483141738,4.7945,0.105135
"ensemble-082",1972,0.828018260320272,635.74,767.785,97.708119,0.0373149283643853,4.8625,0.146475
"ensemble-082",1973,0.805326620757771,587.067,728.98,150.19924,0.0203697340870806,4.49025,0.12105
"ensemble-082",1974,0.796022747122921,558.23125,701.2755,65.677668,0.0456710525983046,4.26975,0.134575
"ensemble-082",1975,0.787739211122015,552.87575,701.85125,211.894235,0.0304631236683662,4.2285,0.1694
"ensemble-082",1976,0.763348479692536,524.35075,686.90875,62.198111,0.0398713644374595,4.01025,0.173475
"ensemble-082",1977,0.749216942554144,530.776,708.441,162.745704,0.0479579045189178,4.0595,0.193425
"ensemble-082",1978,0.746316108737197,556.107,745.136,18.740046,0.0403989478571082,4.253,0.164225
"ensemble-082",1979,0.730285256251455,537.99275,736.6885,69.2071417,0.0565758764103848,4.11475,0.22105
"ensemble-082",1980,0.703474080743909,506.26075,719.658,137.86924,0.040557987390208,3.87175,0.227125
"ensemble-082",1981,0.678641164563897,445.91475,657.07,157.371597,0.0592882181521677,3.4105,0.21045
"ensemble-082",1982,0.671943744505374,425.53475,633.28925,152.490892,0.0710959575397565,3.2545,0.233
"ensemble-082",1983,0.674464412769502,444.1075,658.4595,123.715123,0.090560555527417,3.39675,0.2247
"ensemble-082",1984,0.680363518561917,493.5425,725.41,127.647224,0.105408423682316,3.7745,0.247275
"ensemble-082",1985,0.662040686874179,511.4165,772.485,142.418689,0.0949944926558599,3.9115,0.258275
"ensemble-082",1986,0.637184865776164,491.33325,771.1,116.080154,0.104629246766773,3.758,0.234875
"ensemble-082",1987,0.62592513010753,495.21475,791.1725,186.0436323,0.116704648162865,3.7875,0.30245
"ensemble-082",1988,0.610718154803334,504.54175,826.145,174.861878,0.0952083027596576,3.8585,0.254025
"ensemble-082",1989,0.601148562645597,500.6245,832.78,168.021309,0.0883618536275814,3.82875,0.246375
"ensemble-082",1990,0.602821538453033,545.18125,904.3825,149.574214,0.120387908175365,4.16975,0.3033
"ensemble-082",1991,0.596758374528168,566.77425,949.755,100.3836847,0.161662725547131,4.33475,0.286025
"ensemble-082",1992,0.579500044308449,555.84775,959.185,210.487438,0.136606789735941,4.25125,0.357275
"ensemble-082",1993,0.546727585275805,511.26,935.1275,103.360006,0.12623551685047,3.91025,0.318875
"ensemble-082",1994,0.528688788065616,501.649,948.855,223.409082,0.131183718926931,3.8365,0.370575
"ensemble-082",1995,0.50476670236537,477.21275,945.4125,72.619628,0.135908236678415,3.65,0.32175
"ensemble-082",1996,0.501722018219435,463.18475,923.19,217.74616,0.142458048355856,3.54275,0.29975
"ensemble-082",1997,0.526136805081632,501.119,952.45,74.149909,0.208193400996595,3.8325,0.38705
"ensemble-082",1998,0.50302176565008,489.66025,973.4375,215.78031,0.183094820648247,3.745,0.464375
"ensemble-082",1999,0.469205880830357,453.1825,965.85,117.168987,0.304786444311088,3.46625,0.51995
"ensemble-082",2000,0.431190576994444,412.47475,956.595,239.588646,0.221685409966189,3.15475,0.5012
"ensemble-082",2001,0.405346669152705,380.44825,938.575,98.110424,0.200782535906948,2.90975,0.419375
"ensemble-082",2002,0.396853190493525,381.5545,961.45,197.308969,0.167851322151685,2.918,0.5146
"ensemble-082",2003,0.385793759292707,386.6155,1002.13,111.007816,0.224193868055125,2.95675,0.465125
"ensemble-082",2004,0.382392490324868,388.31575,1015.49,220.483469,0.219233275636225,2.96975,0.6419
"ensemble-082",2005,0.357847286338116,358.51825,1001.875,124.728981,0.222375031208311,2.742,0.5078
"ensemble-082",2006,0.355697018092445,357.4675,1004.9775,147.64245,0.214527660861659,2.73425,0.543675
"ensemble-082",2007,0.35323956127783,361.19275,1022.515,131.229664,0.266652808763667,2.7625,0.567
"ensemble-082",2008,0.341670014332971,344.45975,1008.165,155.808478,0.32744290096743,2.63475,0.61985
"ensemble-082",2009,0.321632135087538,310.4715,965.3,172.7844,0.237092762290076,2.3745,0.6196
"ensemble-082",2010,0.306727142135086,288.2545,939.775,111.355611,0.195679295068326,2.20475,0.5028
"ensemble-082",2011,0.315013725572688,299.50875,950.78,127.720117,0.275930275765663,2.2905,0.6313
"ensemble-082",2012,0.31029665560916,294.418,948.8275,202.173405,0.234769671472974,2.25175,0.640225
"ensemble-082",2013,0.298762177431252,273.40175,915.115,181.213534,0.225321452539123,2.091,0.568475
"ensemble-082",2014,0.309780053908356,287.321,927.5,105.008837,0.293447525830878,2.1975,0.61245
"ensemble-082",2015,0.323690060093206,316.72425,978.48,144.134191,0.236754678171696,2.422,0.567275
"ensemble-082",2016,0.322077097597434,318.34825,988.4225,149.117625,0.329277807711405,2.43475,0.604825
"ensemble-082",2017,0.314298927796585,299.87575,954.11,155.361189,0.213873944593412,2.29375,0.5133
"ensemble-082",2018,0.311877762262502,290.911,932.7725,117.919691,0.247099216800921,2.225,0.594175
"ensemble-082",2019,0.310679645598765,288.76275,929.455,145.17929,0.171397236846159,2.2085,0.5229
"ensemble-082",2020,0.317718089259038,294.033,925.4525,133.432824,0.294622736403745,2.249,0.548425
"ensemble-082",2021,0.329857560612651,301.456,913.8975,126.513818,0.289459595294761,2.3055,0.55425
"ensemble-082",2022,0.333956070933058,302.68025,906.3475,95.184813,0.408370218231868,2.31525,0.61005
"ensemble-082",2023,0.321546558192714,279.8275,870.255,143.088319,0.398287585782565,2.14,0.67725
"ensemble-082",2024,0.287427893478597,241.66075,840.77,142.04569,0.274547614910695,1.84825,0.742725
"ensemble-083",1952,0.994728516410206,1707.2625,1716.31,111.65138,0.00841399508816975,6.35,0.0587075
"ensemble-083",1953,0.978268295251731,1718.3625,1756.535,105.285816,0.00833217042490758,6.39125,0.0547675
"ensemble-083",1954,0.968234432603707,1728.785,1785.5025,117.783045,0.00657665094951993,6.43025,0.0375825
"ensemble-083",1955,0.959738370275261,1726.6725,1799.1075,117.4508694,0.00871741068237095,6.42225,0.060725
"ensemble-083",1956,0.948196051924451,1711.4275,1804.93,68.8570637,0.011449326538461,6.3655,0.068055
"ensemble-083",1957,0.937344952185363,1750.3675,1867.3675,52.7941827,0.0164992974148528,6.51025,0.0918125
"ensemble-083",1958,0.918052192700761,1708.1325,1860.605,98.144235,0.0226308437606059,6.353,0.1366825
"ensemble-083",1959,0.892941287343323,1563.375,1750.815,65.0706748,0.0157246765874029,5.815,0.12697
"ensemble-083",1960,0.87225466528482,1405.525,1611.37,62.2757968,0.019577487080241,5.228,0.12815
"ensemble-083",1961,0.862266481494518,1347.3,1562.51,68.9295785,0.0163039591994351,5.011,0.128275
"ensemble-083",1962,0.851906133599889,1261.345,1480.615,69.842489,0.0157778132414732,4.6915,0.1248425
"ensemble-083",1963,0.842081137646887,1184.905,1407.115,74.218108,0.0190915694257301,4.40725,0.160975
"ensemble-083",1964,0.830018375984697,1102.115,1327.82,60.0013303,0.0133627183941123,4.099,0.1206125
"ensemble-083",1965,0.83320427836765,1065.2725,1278.525,48.8784554,0.0155340484468484,3.962,0.11302
"ensemble-083",1966,0.836859139360127,1048.505,1252.905,92.184313,0.0152226669608342,3.9,0.12865
"ensemble-083",1967,0.831977005561291,999.3375,1201.16,40.113324,0.0191432896181931,3.717,0.141075
"ensemble-083",1968,0.828283225772601,947.175,1143.54,58.287915,0.0157168354126525,3.52275,0.1158875
"ensemble-083",1969,0.831014647113709,944.0825,1136.06,63.4282614,0.0187515255461805,3.5115,0.14655
"ensemble-083",1970,0.826245745056296,907.2075,1097.9875,63.514873,0.028954560446779,3.3745,0.1414
"ensemble-083",1971,0.822243817958921,873.595,1062.4525,40.3713096,0.0327596365775096,3.24925,0.143975
"ensemble-083",1972,0.817467220089142,867.065,1060.6725,44.654477,0.0452835073984423,3.22525,0.20005
"ensemble-083",1973,0.798633304369597,813.42,1018.515,70.86806,0.0272354022233015,3.0255,0.170525
"ensemble-083",1974,0.786261518817273,766.6325,975.035,32.6440467,0.0464734295641465,2.85125,0.191775
"ensemble-083",1975,0.773086063042409,738.475,955.23,103.587561,0.0405424445081456,2.74675,0.248175
"ensemble-083",1976,0.748860843984745,695.5925,928.8675,33.715392,0.0489568193428219,2.5875,0.26185
"ensemble-083",1977,0.729966708991773,684.1175,937.19,81.1293853,0.0607756989164337,2.5445,0.28985
"ensemble-083",1978,0.72241643808953,705.185,976.1475,12.0937564,0.0487335233685721,2.623,0.242725
"ensemble-083",1979,0.706783308287587,691.3825,978.21,39.8399414,0.064715348725258,2.57175,0.31305
"ensemble-083",1980,0.683465995687295,664.8125,972.7075,64.711467,0.0539707397950505,2.47275,0.319
"ensemble-083",1981,0.662098328743064,608.811,919.5175,76.558419,0.0811970405142772,2.2645,0.30495
"ensemble-083",1982,0.650158879240529,578.01725,889.04,79.909512,0.0993961717710712,2.15,0.3551
"ensemble-083",1983,0.64125457495169,579.0625,903.015,67.491564,0.119196934851693,2.15375,0.3498
"ensemble-083",1984,0.635352920072579,615.40125,968.5975,61.5377339,0.133271360046251,2.289,0.3785
"ensemble-083",1985,0.61380648470274,634.28,1033.355,79.1571331,0.125940729670831,2.3595,0.397025
"ensemble-083",1986,0.587780252801042,618.12,1051.6175,59.950809,0.1413587670611,2.29925,0.365875
"ensemble-083",1987,0.570925759965171,616.35575,1079.5725,95.7595621,0.152939391225377,2.2925,0.4676
"ensemble-083",1988,0.550026852965588,619.608,1126.505,94.673718,0.125558230416863,2.30475,0.4071
"ensemble-083",1989,0.534849642306043,614.36975,1148.6775,82.094273,0.119594780843988,2.28525,0.39885
"ensemble-083",1990,0.529631413872238,651.395,1229.9025,77.193149,0.163597164662895,2.42275,0.4871
"ensemble-083",1991,0.51986629073046,670.686,1290.1125,62.807023,0.194661453692699,2.4945,0.45155
"ensemble-083",1992,0.501206118288428,660.106,1317.035,104.409278,0.199780424372987,2.4555,0.5749
"ensemble-083",1993,0.470691454589245,615.615,1307.895,53.593925,0.175243676671628,2.29,0.516475
"ensemble-083",1994,0.446428855800621,588.7035,1318.695,108.610534,0.17326421451519,2.18975,0.6007
"ensemble-083",1995,0.420765447163657,558.604,1327.59,40.157006,0.173211299368508,2.0775,0.537725
"ensemble-083",1996,0.411917065816843,539.64225,1310.075,119.748054,0.190470015552407,2.0075,0.5013
"ensemble-083",1997,0.425525867606854,569.6685,1338.74,45.791904,0.261002390680471,2.119,0.63075
"ensemble-083",1998,0.409439400358955,562.9065,1374.8225,115.985924,0.242986310065134,2.09375,0.74965
"ensemble-083",1999,0.38417051166041,535.9995,1395.2125,72.884418,0.365690704956231,1.9935,0.8243
"ensemble-083",2000,0.351901498258088,493.9395,1403.63,130.266177,0.315520233493121,1.837,0.807675
"ensemble-083",2001,0.328419595154958,461.3425,1404.735,58.073297,0.266332661195871,1.71575,0.69175
"ensemble-083",2002,0.314783679449678,454.39575,1443.5175,101.3651,0.239291467514643,1.69025,0.8589
"ensemble-083",2003,0.300163167880328,452.081,1506.1175,68.398391,0.293299134478758,1.6815,0.78345
"ensemble-083",2004,0.289727371259557,443.73775,1531.57,115.876404,0.311408924608645,1.6505,1.107125
"ensemble-083",2005,0.264778918340211,403.7435,1524.8325,71.63712,0.313826461075248,1.5015,0.892875
"ensemble-083",2006,0.257567325262957,394.31175,1530.9075,89.639912,0.331970200290629,1.46675,0.942275
"ensemble-083",2007,0.253361318233259,394.58175,1557.3875,75.326102,0.343783069882317,1.46775,0.9618
"ensemble-083",2008,0.242684335841999,380.182,1566.57,93.418233,0.441583347630839,1.414,1.04745
"ensemble-083",2009,0.227190573627737,350.58175,1543.1175,92.344293,0.364155983692479,1.304,1.072325
"ensemble-083",2010,0.21392849684187,325.23175,1520.2825,69.599212,0.273239723632693,1.20975,0.892325
"ensemble-083",2011,0.211589366202462,324.613,1534.165,76.750361,0.370268515789336,1.2075,1.103
"ensemble-083",2012,0.205024140110373,314.669,1534.79,109.726651,0.353635382232558,1.1705,1.12945
"ensemble-083",2013,0.197722791012668,297.79425,1506.12,106.550206,0.320983983426557,1.1075,1.02765
"ensemble-083",2014,0.201242647736095,305.87675,1519.94,63.163251,0.396213009170719,1.13775,1.106925
"ensemble-083",2015,0.20701286982951,326.93025,1579.275,81.651705,0.328298771314234,1.216,1.002375
"ensemble-083",2016,0.208414658944679,335.66275,1610.5525,88.095749,0.453274516404226,1.2485,1.051825
"ensemble-083",2017,0.205260992259305,325.49775,1585.775,90.145264,0.315161931016406,1.21075,0.890575
"ensemble-083",2018,0.204483088015284,319.49,1562.4275,69.227397,0.354330726276462,1.18825,1.032775
"ensemble-083",2019,0.203690955858402,317.35,1557.9975,74.401751,0.257038967756467,1.1805,0.9169
"ensemble-083",2020,0.20738090712576,321.8645,1552.045,89.907813,0.428511543447621,1.197,0.979075
"ensemble-083",2021,0.214529370366127,327.68825,1527.475,72.119683,0.453302611371148,1.21875,0.950975
"ensemble-083",2022,0.218567050266925,328.762,1504.17,62.826871,0.511789476628559,1.223,1.030825
"ensemble-083",2023,0.20975333558138,312.57075,1490.1825,87.261681,0.508988050367544,1.1625,1.13615
"ensemble-083",2024,0.1854472472753,271.31025,1463.005,76.262352,0.397184588548455,1.009025,1.28525
"ensemble-084",1952,0.994285678054626,1568.165,1577.1775,129.618181,0.00803754445456494,6.8565,0.05721
"ensemble-084",1953,0.976587111062927,1576.3825,1614.175,96.840993,0.00789286785188389,6.892,0.05328
"ensemble-084",1954,0.966091988162202,1585.6975,1641.3525,148.272941,0.00535012422922907,6.93275,0.03622
"ensemble-084",1955,0.957456195163964,1589.71,1660.3475,147.9825677,0.00814841957819441,6.95025,0.058205
"ensemble-084",1956,0.94584752168479,1579.79,1670.2375,85.8931017,0.0108877277308462,6.907,0.06488
"ensemble-084",1957,0.934822237881755,1621.76,1734.8325,59.9566551,0.0162460537156211,7.0905,0.08877
"ensemble-084",1958,0.914547768045199,1579.44,1727.0175,142.482297,0.0210155727986674,6.90525,0.1323475
"ensemble-084",1959,0.888046432511386,1440.9175,1622.57,51.536816,0.0158654782340054,6.29975,0.1224875
"ensemble-084",1960,0.866480688276329,1293.66,1493.005,99.3755788,0.0162587393277601,5.656,0.12327
"ensemble-084",1961,0.856948444799691,1243.655,1451.26,59.8057522,0.016013029386809,5.4375,0.1221425
"ensemble-084",1962,0.846969138570523,1166.3125,1377.0425,90.450279,0.0139034856751951,5.099,0.118605
"ensemble-084",1963,0.837563335789648,1099.6725,1312.9425,91.072247,0.0173538268722067,4.80775,0.1529625
"ensemble-084",1964,0.82552815730106,1023.69,1240.0425,64.01448,0.0127076967937964,4.47575,0.1139525
"ensemble-084",1965,0.829624846132787,992.4325,1196.2425,57.1867269,0.0147355647414492,4.339,0.1073475
"ensemble-084",1966,0.833862956746948,978.78,1173.79,123.3315828,0.0134478721608728,4.27925,0.1224575
"ensemble-084",1967,0.828839622305996,932.2125,1124.72,37.4605812,0.0184143393828666,4.07575,0.133075
"ensemble-084",1968,0.825519909645864,884.4125,1071.34,70.5179176,0.0146074994138396,3.86675,0.1099775
"ensemble-084",1969,0.828835077491225,884.28,1066.895,86.823724,0.0166016290806699,3.86625,0.1383975
"ensemble-084",1970,0.82412977275209,849.07,1030.2625,61.6974238,0.0284773493122759,3.71225,0.13226
"ensemble-084",1971,0.821042900332309,821.515,1000.575,52.9233328,0.0314239542146785,3.59175,0.13625
"ensemble-084",1972,0.816020344566064,815.035,998.7925,55.44734,0.0408632300152617,3.56325,0.1903
"ensemble-084",1973,0.796306225952673,761.1075,955.7975,82.640409,0.0258185133713132,3.32775,0.1606
"ensemble-084",1974,0.784405941271261,716.7725,913.7775,40.227496,0.0423380484510619,3.13375,0.18065
"ensemble-084",1975,0.772101543078418,693.38,898.0425,117.376636,0.0354696571747701,3.0315,0.230575
"ensemble-084",1976,0.748380940953981,654.925,875.1225,49.10563,0.0446356305907507,2.86325,0.24315
"ensemble-084",1977,0.730011773762623,644.834,883.32,90.3647957,0.0557832748273065,2.81925,0.2717
"ensemble-084",1978,0.722365796501172,662.7345,917.45,12.2382362,0.0461468016497506,2.8975,0.227375
"ensemble-084",1979,0.707022955680059,648.637,917.42,61.7625926,0.056644101884452,2.83575,0.2959
"ensemble-084",1980,0.682674991621938,621.31275,910.115,66.217489,0.0485338267005808,2.7165,0.2999
"ensemble-084",1981,0.661347488842208,568.27275,859.265,90.871792,0.0725720419541341,2.4845,0.283225
"ensemble-084",1982,0.651208223437881,541.338,831.2825,95.7378092,0.0849031197503597,2.36675,0.3262
"ensemble-084",1983,0.645137143836953,545.557,845.645,74.581518,0.106994359519905,2.38525,0.32205
"ensemble-084",1984,0.64184973740812,582.65675,907.7775,82.4514753,0.121495525783454,2.54775,0.3517
"ensemble-084",1985,0.621421804628048,600.20025,965.85,88.8747693,0.116121333511365,2.624,0.367825
"ensemble-084",1986,0.596034926522168,584.1485,980.0575,66.9059447,0.126246787670452,2.55375,0.338675
"ensemble-084",1987,0.578672724290309,582.084,1005.895,124.8632283,0.133107337078819,2.54475,0.434225
"ensemble-084",1988,0.558838795470144,586.24425,1049.04,110.90481,0.124752745248912,2.56325,0.37545
"ensemble-084",1989,0.545015876881574,581.8535,1067.59,91.6284263,0.115100034045303,2.544,0.369975
"ensemble-084",1990,0.53775439859842,612.349,1138.715,80.30463,0.161519672693201,2.67725,0.453
"ensemble-084",1991,0.527240708923911,629.85625,1194.6275,113.064244,0.175934490066176,2.75375,0.420425
"ensemble-084",1992,0.511367077522425,624.80875,1221.84,94.517736,0.217844648365571,2.7315,0.52635
"ensemble-084",1993,0.483230006710056,586.92875,1214.595,73.173951,0.159079334862992,2.566,0.47335
"ensemble-084",1994,0.455659556559145,562.997,1235.565,121.737214,0.15736241927317,2.46125,0.55125
"ensemble-084",1995,0.42799968637038,532.21975,1243.505,48.193824,0.160301364528522,2.327,0.488225
"ensemble-084",1996,0.420299053005607,515.72375,1227.04,140.990558,0.168638038424094,2.25475,0.4564
"ensemble-084",1997,0.436797479895222,547.36075,1253.1225,51.426421,0.250844067486603,2.39275,0.5801
"ensemble-084",1998,0.420526307562447,538.055,1279.48,132.671476,0.225699541593046,2.35225,0.6914
"ensemble-084",1999,0.394321778775882,509.2025,1291.3375,104.871693,0.351492309823228,2.22625,0.761375
"ensemble-084",2000,0.361220135283088,467.669,1294.6925,131.509428,0.279829881187309,2.04475,0.7438
"ensemble-084",2001,0.336901968804748,436.52725,1295.71,73.744345,0.243630849349909,1.90875,0.63755
"ensemble-084",2002,0.322298399645413,427.2025,1325.4875,109.756949,0.223609306648879,1.86775,0.79665
"ensemble-084",2003,0.305776050575206,420.5575,1375.3775,87.941628,0.264728115797089,1.83875,0.725175
"ensemble-084",2004,0.296357973139111,413.409,1394.965,133.739643,0.289779306546955,1.8075,1.00625
"ensemble-084",2005,0.27422604197208,381.13375,1389.8525,85.135257,0.285193646768633,1.6665,0.808225
"ensemble-084",2006,0.267504000715212,374.02075,1398.1875,87.85282,0.292837532186611,1.63525,0.868725
"ensemble-084",2007,0.261676096243081,372.89825,1425.0375,97.178395,0.351999964746203,1.6305,0.899175
"ensemble-084",2008,0.251342368221631,356.548,1418.575,105.915412,0.431559188898641,1.55875,0.977775
"ensemble-084",2009,0.235059263429916,325.637,1385.34,107.752139,0.315139868363941,1.42375,0.99735
"ensemble-084",2010,0.218758689646867,299.7355,1370.165,79.121962,0.249222221447349,1.3105,0.82275
"ensemble-084",2011,0.217603995571731,300.73525,1382.03,88.4362402,0.357121743485137,1.315,1.022875
"ensemble-084",2012,0.211962960957383,293.574,1385.025,134.443945,0.295469173125369,1.2835,1.0502
"ensemble-084",2013,0.202252036327568,274.25275,1355.995,122.761539,0.293334339087689,1.199,0.944125
"ensemble-084",2014,0.206872034436318,281.86625,1362.515,73.000943,0.365265024799958,1.23225,1.0048
"ensemble-084",2015,0.217225570349059,308.8095,1421.6075,99.228672,0.29215113508706,1.35025,0.906975
"ensemble-084",2016,0.219921912624699,319.6565,1453.5,97.560131,0.407415653570589,1.3975,0.952
"ensemble-084",2017,0.217805946666154,311.82025,1431.6425,105.219169,0.274195045355813,1.36325,0.80645
"ensemble-084",2018,0.217511057712755,306.86025,1410.78,81.724947,0.325540216487327,1.3415,0.938825
"ensemble-084",2019,0.215887096055668,302.8815,1402.9625,85.575818,0.228221765907734,1.32425,0.832075
"ensemble-084",2020,0.21938449734966,305.96075,1394.6325,90.339808,0.383766328689154,1.33775,0.8817
"ensemble-084",2021,0.227310572398421,312.0565,1372.82,91.83106,0.389173317752194,1.36425,0.888475
"ensemble-084",2022,0.229252391603165,309.7985,1351.3425,67.215391,0.517759251296632,1.35475,0.97885
"ensemble-084",2023,0.218285820130271,285.77925,1309.1975,102.271728,0.477628216331674,1.2495,1.0728
"ensemble-084",2024,0.192155846897959,245.72025,1278.755,89.601556,0.357384643410107,1.07425,1.194425
"ensemble-085",1952,0.995343958413859,1821.895,1830.4175,405.72481,0.00363023556059742,12.3775,0.028255
"ensemble-085",1953,0.981724016048653,1819.2475,1853.115,496.81076,0.00355284614248192,12.36,0.0262875
"ensemble-085",1954,0.975481564305657,1821.1875,1866.9625,489.38121,0.00296332465699277,12.37,0.0174115
"ensemble-085",1955,0.971320155428982,1837.915,1892.1825,311.235885,0.00351394596208724,12.4825,0.027115
"ensemble-085",1956,0.964454640943444,1857.055,1925.4975,221.799233,0.005616294069084,12.6175,0.0321075
"ensemble-085",1957,0.95797910344467,1924.0675,2008.465,156.537768,0.00888119943561015,13.0725,0.046905
"ensemble-085",1958,0.942097540706884,1813.8675,1925.35,309.563249,0.0121898016401506,12.325,0.07403
"ensemble-085",1959,0.919635538133647,1556.605,1692.6325,306.888842,0.00661937873254847,10.57525,0.067475
"ensemble-085",1960,0.901728339228339,1335.8925,1481.48,193.029013,0.00964288391278179,9.0755,0.0677425
"ensemble-085",1961,0.900636000642149,1318.3825,1463.835,237.602763,0.00760436303608572,8.9565,0.0659975
"ensemble-085",1962,0.896222364152693,1241.855,1385.655,229.671301,0.00754985727207869,8.43675,0.0659825
"ensemble-085",1963,0.889700521158978,1156.1725,1299.5075,272.443654,0.00845156008959929,7.8545,0.0846625
"ensemble-085",1964,0.879947043394535,1060.125,1204.76,179.959232,0.0063821338807663,7.202,0.0625825
"ensemble-085",1965,0.88672870135282,1032.0325,1163.865,138.699967,0.0083782063732184,7.01125,0.06023
"ensemble-085",1966,0.891599216710183,1024.4475,1149,326.917814,0.00737105999696974,6.95975,0.0706725
"ensemble-085",1967,0.884245961238187,944.315,1067.9325,117.941603,0.00998006191611243,6.415,0.07517
"ensemble-085",1968,0.881608810507125,888.5625,1007.8875,204.349162,0.00789866126493062,6.0365,0.0629375
"ensemble-085",1969,0.885031418256935,895.43275,1011.7525,205.0348538,0.00906811135402745,6.08325,0.0805625
"ensemble-085",1970,0.879302079661614,841.92075,957.4875,170.2914477,0.0205802069582443,5.7195,0.0751725
"ensemble-085",1971,0.877330406786425,813.4125,927.145,123.8824578,0.02052772510314,5.52575,0.07985
"ensemble-085",1972,0.872919283604156,814.8025,933.4225,152.29048,0.026292241600775,5.5355,0.112475
"ensemble-085",1973,0.852465070119409,738.71,866.5575,244.786332,0.0139341194457486,5.01875,0.0905975
"ensemble-085",1974,0.845949053866114,702.548,830.485,102.38372,0.0337924740188305,4.77275,0.1013575
"ensemble-085",1975,0.840624879138664,706.396,840.3225,332.247384,0.0220309749653421,4.799,0.1280275
"ensemble-085",1976,0.820453055999608,669.77275,816.345,93.112619,0.0291514516401033,4.55025,0.1295
"ensemble-085",1977,0.809802623020613,684.761,845.59,246.758646,0.0345912534048571,4.652,0.14715
"ensemble-085",1978,0.806249505174461,712.8455,884.15,19.6904775,0.0298756960233765,4.84275,0.1262
"ensemble-085",1979,0.791975019244905,684.1595,863.865,106.7891219,0.0432044746648852,4.64775,0.1729
"ensemble-085",1980,0.767163860043176,636.99725,830.3275,209.083082,0.0291187980772444,4.32775,0.176625
"ensemble-085",1981,0.745507644849785,555.8505,745.6,262.21031,0.0406795217848132,3.77625,0.158925
"ensemble-085",1982,0.742359088513495,535.25575,721.02,220.352206,0.0486563155371763,3.63625,0.17345
"ensemble-085",1983,0.748943319970014,574.45825,767.025,161.734337,0.0668846857308782,3.9025,0.17
"ensemble-085",1984,0.754367846779896,642.8025,852.1075,184.436963,0.0755149384603377,4.36675,0.19175
"ensemble-085",1985,0.734785348030681,653.09375,888.8225,209.525918,0.0702219283872152,4.437,0.201975
"ensemble-085",1986,0.710578776745191,616.4715,867.5625,159.057908,0.0736380848306472,4.188,0.1841
"ensemble-085",1987,0.698615342246399,615.1605,880.5425,288.45588,0.0836517108031088,4.179,0.239725
"ensemble-085",1988,0.685277325191341,625.6325,912.9625,233.113607,0.0723442515220235,4.2505,0.20015
"ensemble-085",1989,0.67810082886183,618.28725,911.7925,227.696438,0.0633539011889924,4.2005,0.194525
"ensemble-085",1990,0.677882270985719,671.439,990.495,178.453073,0.0959723235858702,4.5615,0.243625
"ensemble-085",1991,0.671416414546243,696.284,1037.0375,269.812137,0.115296009735227,4.7305,0.233575
"ensemble-085",1992,0.654090430409055,672.351,1027.9175,183.087687,0.121582991815937,4.56775,0.28815
"ensemble-085",1993,0.623364277606616,615.086,986.72,107.906263,0.0953044083269602,4.1785,0.259175
"ensemble-085",1994,0.605366850867202,608.542,1005.245,349.887989,0.0919961114158361,4.13425,0.3013
"ensemble-085",1995,0.581967909462815,575.4295,988.765,93.725939,0.10680473747664,3.90925,0.2583
"ensemble-085",1996,0.581849622266814,561.0805,964.305,277.39053,0.113738503735008,3.8115,0.2431
"ensemble-085",1997,0.605335649677099,607.16225,1003.0175,79.350121,0.169247937519611,4.12475,0.322925
"ensemble-085",1998,0.578597345719322,589.2175,1018.355,282.671324,0.144858980387725,4.00275,0.389975
"ensemble-085",1999,0.540949889986353,534.12175,987.3775,167.357167,0.233244716054373,3.6285,0.442675
"ensemble-085",2000,0.501753357423947,483.551,963.7225,303.351195,0.172074532229957,3.285,0.419525
"ensemble-085",2001,0.476361200385558,443.54825,931.1175,132.493654,0.156177458042961,3.01325,0.348075
"ensemble-085",2002,0.471281929670032,452.11725,959.335,251.898973,0.128284762210991,3.07125,0.427425
"ensemble-085",2003,0.460703233898457,461.893,1002.5825,147.082224,0.176914709681941,3.138,0.388575
"ensemble-085",2004,0.45716333013223,464.1465,1015.275,278.734206,0.164159509851261,3.153,0.532025
"ensemble-085",2005,0.432174137429977,431.26225,997.89,159.720448,0.178986563418531,2.92975,0.421625
"ensemble-085",2006,0.43014080569513,430.81075,1001.5575,178.987424,0.172115856001914,2.92675,0.4587
"ensemble-085",2007,0.425080815248458,431.3125,1014.66,166.152942,0.216156601645515,2.93025,0.48355
"ensemble-085",2008,0.410820409194241,406.6095,989.75,189.666594,0.259448174693256,2.7625,0.5264
"ensemble-085",2009,0.388405739125797,364.10125,937.425,220.971815,0.182824616478709,2.4735,0.5252
"ensemble-085",2010,0.372712065201891,339.7755,911.63,146.949617,0.150834139489122,2.30825,0.427325
"ensemble-085",2011,0.379505568932334,349.5085,920.9575,152.349966,0.213383902332926,2.37425,0.535675
"ensemble-085",2012,0.375436963295083,345.82625,921.13,280.258295,0.171564348510254,2.34925,0.53455
"ensemble-085",2013,0.366218426109031,326.39675,891.2625,217.654374,0.177334538870537,2.21725,0.46615
"ensemble-085",2014,0.380637577916296,347.308,912.4375,127.246325,0.239479894428099,2.35925,0.50915
"ensemble-085",2015,0.395733624173991,385.51875,974.1875,175.514153,0.194327921290088,2.619,0.476825
"ensemble-085",2016,0.389919725269523,380.935,976.9575,186.895628,0.270555413625322,2.58775,0.516125
"ensemble-085",2017,0.377758592954046,352.241,932.45,199.482202,0.169303155377781,2.39275,0.43905
"ensemble-085",2018,0.371845634143165,335.45775,902.1425,147.723977,0.197756015299067,2.279,0.50935
"ensemble-085",2019,0.37031905540903,332.765,898.59,190.778426,0.131624164196568,2.26075,0.4427
"ensemble-085",2020,0.378649735673739,339.86275,897.565,143.627654,0.254863991691424,2.30875,0.466425
"ensemble-085",2021,0.393788265698551,351.98075,893.8325,153.199602,0.266874716735004,2.391,0.48885
"ensemble-085",2022,0.393310836507297,346.45375,880.865,109.823723,0.361174400263855,2.35375,0.55515
"ensemble-085",2023,0.369623032928048,304.23025,823.0825,187.88491,0.322039426989703,2.06675,0.616625
"ensemble-085",2024,0.327881457698274,257.3435,784.8675,207.563744,0.208421420520014,1.7485,0.635475
"ensemble-086",1952,0.996610754345316,2353.8775,2361.8825,1045.81214,0.0016693670031964,15.1,0.01615625
"ensemble-086",1953,0.987075026384462,2349.8925,2380.6625,1039.290439,0.00154604950300088,15.0725,0.0148205
"ensemble-086",1954,0.983488715882774,2360.1,2399.7225,973.611616,0.00119689687916039,15.1425,0.009763
"ensemble-086",1955,0.98167331564321,2425.0325,2470.305,1320.940994,0.00161180140260501,15.5575,0.01520175
"ensemble-086",1956,0.977282231077924,2448.07,2504.9775,488.151957,0.00311608978384738,15.705,0.01901125
"ensemble-086",1957,0.972711951542889,2516.435,2587.03,339.630761,0.00517786930453426,16.1425,0.0299075
"ensemble-086",1958,0.960081142928347,2272.9225,2367.4275,453.349711,0.00702723150891364,14.58,0.05008
"ensemble-086",1959,0.941234445124439,1845.5725,1960.8,1278.698924,0.00276317939427563,11.84,0.04236
"ensemble-086",1960,0.925552811040925,1527.8725,1650.7675,365.54192,0.00496418547913019,9.8015,0.0411825
"ensemble-086",1961,0.932546213101955,1633.385,1751.5325,605.041927,0.00378994711721294,10.48,0.03831
"ensemble-086",1962,0.932503686262796,1592.1125,1707.3525,552.49346,0.00383812286688262,10.214,0.040235
"ensemble-086",1963,0.926984434438566,1459.6575,1574.63,631.474123,0.00434110647360043,9.36375,0.051965
"ensemble-086",1964,0.918731988472622,1319.035,1435.7125,402.658961,0.00344500900569332,8.4615,0.038695
"ensemble-086",1965,0.92369377134316,1269.945,1374.855,297.62242,0.00486205545030536,8.14675,0.0390875
"ensemble-086",1966,0.926136977925908,1242.1025,1341.165,757.353127,0.0040572498618462,7.968,0.0464325
"ensemble-086",1967,0.91778257440538,1105.515,1204.55,306.351793,0.00544830989001883,7.0915,0.048335
"ensemble-086",1968,0.915931956579296,1037.8425,1133.1,472.374828,0.004292549283717,6.6575,0.0403075
"ensemble-086",1969,0.919301262397573,1053.186,1145.6375,491.180317,0.00463448385343643,6.756,0.051495
"ensemble-086",1970,0.914618171683389,984.495,1076.4,420.881977,0.0116660741889905,6.31525,0.046065
"ensemble-086",1971,0.914594763402014,966.45,1056.6975,272.429059,0.0131875241228042,6.2,0.0503575
"ensemble-086",1972,0.912612396926321,991.0925,1085.995,383.077491,0.0139328579842762,6.35775,0.06989
"ensemble-086",1973,0.896401765781419,887.375,989.93,584.701424,0.007791454523303,5.69225,0.054355
"ensemble-086",1974,0.894522262559532,861.17,962.715,244.341538,0.0214044504925096,5.52425,0.0622875
"ensemble-086",1975,0.892164986361954,885.5875,992.6275,788.846088,0.0136897514446583,5.68075,0.0778175
"ensemble-086",1976,0.874542019179514,828.5105,947.365,208.358356,0.0182401687900103,5.31475,0.077595
"ensemble-086",1977,0.869396814799499,872.481,1003.5475,603.763783,0.0169235400385383,5.59675,0.0882725
"ensemble-086",1978,0.867649231502443,910.2725,1049.125,42.261352,0.0187468314746829,5.83925,0.07735
"ensemble-086",1979,0.858184223419892,875.777,1020.5,215.485993,0.0309933648184001,5.618,0.1091575
"ensemble-086",1980,0.837919608837566,805.43975,961.2375,513.098186,0.0150475748572045,5.16675,0.1089625
"ensemble-086",1981,0.819746375189723,686.729,837.7335,674.21515,0.0202241440931707,4.40525,0.093045
"ensemble-086",1982,0.822209546059131,678.89575,825.69675,466.132383,0.0264695529087512,4.355,0.100075
"ensemble-086",1983,0.832280715759901,761.05975,914.42675,340.423949,0.0370121006705102,4.882,0.1006725
"ensemble-086",1984,0.836338848684694,853.47125,1020.485,307.573524,0.0392382342967788,5.47475,0.117325
"ensemble-086",1985,0.818335313206235,847.32075,1035.42,600.009983,0.0362150830340505,5.43525,0.121475
"ensemble-086",1986,0.799738900736473,785.6515,982.385,362.950171,0.0383450891046682,5.0395,0.11005
"ensemble-086",1987,0.795233945719315,798.52025,1004.1325,643.937669,0.0434597381258468,5.1225,0.147025
"ensemble-086",1988,0.785092386642825,810.06225,1031.805,599.26518,0.031660238527053,5.19675,0.1151125
"ensemble-086",1989,0.78180388288527,796.52525,1018.83,413.288463,0.0353277298970207,5.1095,0.11375
"ensemble-086",1990,0.789126768379659,910.0565,1153.245,435.401419,0.0490888738971073,5.83775,0.145075
"ensemble-086",1991,0.782461280077787,929.4525,1187.8575,253.835056,0.0730588848525697,5.9625,0.143275
"ensemble-086",1992,0.764000721367469,879.0535,1150.5925,700.801942,0.0479952519314417,5.63875,0.172875
"ensemble-086",1993,0.73789630830358,792.0745,1073.4225,217.250713,0.0534299032381175,5.081,0.157
"ensemble-086",1994,0.730513593783607,798.1555,1092.595,693.464506,0.049599709822782,5.11975,0.182675
"ensemble-086",1995,0.713254632361758,758.409,1063.3075,332.427928,0.0536221561251059,4.865,0.150875
"ensemble-086",1996,0.716304112058536,743.033,1037.315,558.30892,0.0701654068697082,4.7665,0.1443
"ensemble-086",1997,0.734778072405529,806.3675,1097.43,130.628382,0.100462635324572,5.1725,0.2
"ensemble-086",1998,0.707194110943196,780.31975,1103.4025,563.486247,0.0827520588416322,5.00575,0.2402
"ensemble-086",1999,0.671936836349824,694.34425,1033.3475,308.136641,0.132150622706638,4.454,0.28175
"ensemble-086",2000,0.636184784593843,627.011,985.58,686.80579,0.0908703411167468,4.02225,0.2469
"ensemble-086",2001,0.615813969746019,572.58075,929.795,285.612391,0.080952891271849,3.67325,0.203225
"ensemble-086",2002,0.624018573237653,620.886,994.98,493.120773,0.0703129435334584,3.983,0.248875
"ensemble-086",2003,0.619003730524468,648.784,1048.11,286.501571,0.113593780414904,4.16175,0.236525
"ensemble-086",2004,0.610921812189221,641.3335,1049.78,547.927892,0.0819302361885755,4.114,0.3268
"ensemble-086",2005,0.579136683452266,579.0585,999.865,369.03812,0.0980555210552027,3.71475,0.25575
"ensemble-086",2006,0.577918082480078,575.29,995.4525,335.615298,0.0972023800635727,3.69025,0.274575
"ensemble-086",2007,0.576651950888246,584.8505,1014.2175,331.383423,0.109891149886085,3.7515,0.291225
"ensemble-086",2008,0.563418853422233,558.565,991.385,384.838707,0.121162239712098,3.583,0.30915
"ensemble-086",2009,0.542525103422593,502.60475,926.4175,417.86256,0.0892677274085611,3.22425,0.302825
"ensemble-086",2010,0.537163763956051,483.767,900.595,266.63027,0.0830082150630299,3.10325,0.252775
"ensemble-086",2011,0.547539481337591,498.9125,911.19,309.509597,0.114190270686082,3.2005,0.325625
"ensemble-086",2012,0.536438687518064,477.91725,890.9075,554.821571,0.088139089369697,3.06575,0.315175
"ensemble-086",2013,0.524853859693532,445.78725,849.355,419.780709,0.0980504314288165,2.8595,0.27225
"ensemble-086",2014,0.543121826699206,484.04375,891.225,224.93777,0.150575951180571,3.10525,0.30565
"ensemble-086",2015,0.556270633915409,535.811,963.22,341.635988,0.113174396940122,3.437,0.292425
"ensemble-086",2016,0.544873742644786,515.55,946.1825,401.512402,0.141571573728724,3.30725,0.3124
"ensemble-086",2017,0.527798158375197,465.42825,881.83,377.702124,0.0943313569788633,2.98575,0.2574
"ensemble-086",2018,0.530456335040085,455.06125,857.8675,244.806446,0.120678927716957,2.91925,0.302025
"ensemble-086",2019,0.536326366789943,467.69,872.025,418.780023,0.0619336549542384,3.00025,0.257275
"ensemble-086",2020,0.540668565991012,471.59275,872.24,298.610838,0.143407203347213,3.0255,0.280525
"ensemble-086",2021,0.555393250116632,488.09625,878.83,275.06339,0.130366707940658,3.13125,0.284925
"ensemble-086",2022,0.553277071011963,473.82925,856.405,228.81677,0.174126676534509,3.03975,0.323
"ensemble-086",2023,0.536913792678113,435.28675,810.72,357.03517,0.204384288966867,2.792,0.361925
"ensemble-086",2024,0.500133561463595,377.736,755.27025,464.16374,0.10000362335909,2.423,0.353025
"ensemble-087",1952,0.997683330112698,3420.47,3428.4125,273.15976,0.00380925753007057,10.6075,0.02526
"ensemble-087",1953,0.99019033894208,3471.59,3505.9825,181.12304,0.00384242355459896,10.765,0.0237225
"ensemble-087",1954,0.985489661638306,3510.7675,3562.46,285.393946,0.00261140982994745,10.89,0.01605025
"ensemble-087",1955,0.981475786944356,3518.8925,3585.3075,267.867158,0.00407597907857664,10.915,0.0269725
"ensemble-087",1956,0.975853675880924,3465.01,3550.7475,141.301165,0.00558957080549802,10.745,0.0310325
"ensemble-087",1957,0.969876980817348,3488.6475,3597,105.84818,0.00836662566183091,10.8175,0.04381
"ensemble-087",1958,0.959126391918264,3341.98,3484.4,219.281228,0.0113847776181384,10.3675,0.0664175
"ensemble-087",1959,0.945018791105543,3017.445,3193,139.351585,0.00775794733837119,9.35825,0.061365
"ensemble-087",1960,0.933541051036518,2686.08,2877.3025,141.178075,0.00937511108980666,8.33075,0.061155
"ensemble-087",1961,0.928074700476764,2570.0175,2769.1925,133.453061,0.00828796471070707,7.97075,0.062305
"ensemble-087",1962,0.922246553697884,2404.7625,2607.505,141.67695,0.00795714339451458,7.45825,0.06131
"ensemble-087",1963,0.916194842336912,2251.29,2457.2175,124.158239,0.0103824338742492,6.98225,0.080655
"ensemble-087",1964,0.908561413235055,2081.3075,2290.7725,128.681795,0.0070197726176116,6.45525,0.06148
"ensemble-087",1965,0.908989481497532,1971.63,2169.035,96.8343844,0.0083508365029396,6.115,0.0589425
"ensemble-087",1966,0.90951084873112,1898.04,2086.88,175.501639,0.00814358879195343,5.88675,0.0679175
"ensemble-087",1967,0.905487835808782,1785.0425,1971.36,73.971263,0.0108028839053807,5.53625,0.0750225
"ensemble-087",1968,0.902521003869649,1672.8475,1853.5275,103.824565,0.00868227129077049,5.1885,0.06187
"ensemble-087",1969,0.903269569563659,1644.54,1820.6525,134.688261,0.00998117881691755,5.10025,0.078515
"ensemble-087",1970,0.899993985117462,1571.0925,1745.67,113.916357,0.0177916132838368,4.87275,0.0758575
"ensemble-087",1971,0.8974397104376,1508.7375,1681.1575,80.887506,0.021326992964165,4.679,0.0777575
"ensemble-087",1972,0.893934045684611,1494.175,1671.46,86.459518,0.0291604119116222,4.634,0.1082825
"ensemble-087",1973,0.881950006818535,1406.6375,1594.9175,152.66515,0.0175491123207076,4.3625,0.09119
"ensemble-087",1974,0.873269941107534,1324.53,1516.7475,55.609532,0.029953925620178,4.108,0.102825
"ensemble-087",1975,0.865260822797323,1291.06,1492.105,208.566448,0.0242495393650652,4.004,0.13081
"ensemble-087",1976,0.850845149650484,1240.3025,1457.73,80.382645,0.0276480236425851,3.847,0.135425
"ensemble-087",1977,0.839818617992001,1243.6475,1480.8525,152.349033,0.0334957527328363,3.857,0.1494
"ensemble-087",1978,0.836193558027401,1301.09,1555.9675,21.736037,0.026569580356879,4.0355,0.12405
"ensemble-087",1979,0.827344958514977,1294.315,1564.42,84.513648,0.0349410838879866,4.0145,0.159875
"ensemble-087",1980,0.813468734157862,1263.6525,1553.4125,113.79878,0.0311960810602869,3.91925,0.16095
"ensemble-087",1981,0.800715551256922,1169.375,1460.4125,144.465058,0.0469527984328803,3.62675,0.15335
"ensemble-087",1982,0.7933212611087,1114.9575,1405.43,146.715217,0.0570150789029219,3.458,0.179575
"ensemble-087",1983,0.787536289072409,1117.64,1419.16,118.493585,0.0687979774906218,3.4665,0.178075
"ensemble-087",1984,0.782570437150305,1178.375,1505.775,113.686146,0.0791556477899228,3.6545,0.193875
"ensemble-087",1985,0.767314790549053,1215.0775,1583.545,145.394391,0.0792323135210639,3.7685,0.202525
"ensemble-087",1986,0.748403517619618,1187.1925,1586.3,94.12697,0.0814806953212848,3.68225,0.18735
"ensemble-087",1987,0.734169545872586,1181.455,1609.24,191.3470654,0.0922118311000611,3.66425,0.2404
"ensemble-087",1988,0.719107125392156,1194.7875,1661.4875,165.136334,0.0758062185118377,3.7055,0.206775
"ensemble-087",1989,0.707593048697378,1183.6475,1672.78,145.529248,0.0755211772175676,3.67125,0.20325
"ensemble-087",1990,0.70361045954099,1258.3475,1788.415,132.892019,0.104491563920508,3.90275,0.246175
"ensemble-087",1991,0.697838526719784,1310.0575,1877.3075,92.750155,0.121416554995363,4.063,0.225975
"ensemble-087",1992,0.684492265077872,1309.7075,1913.4,189.788499,0.113709356222428,4.062,0.28575
"ensemble-087",1993,0.661261187235187,1247.375,1886.3575,90.393911,0.104231896839535,3.86875,0.253175
"ensemble-087",1994,0.642873959348934,1208.3025,1879.5325,191.971469,0.101046393884197,3.7475,0.29155
"ensemble-087",1995,0.625114633478558,1175.8375,1880.995,81.174432,0.110083998085496,3.64675,0.2583
"ensemble-087",1996,0.618139444078385,1139.8275,1843.965,206.18316,0.115329220896313,3.535,0.242575
"ensemble-087",1997,0.629080495499368,1188.97,1890.0125,81.238428,0.150062097906462,3.6875,0.306875
"ensemble-087",1998,0.617486120335562,1197.02,1938.5375,177.14161,0.15609831251478,3.7125,0.358075
"ensemble-087",1999,0.599329872412613,1172.9425,1957.09,126.044464,0.210980027797296,3.63775,0.389125
"ensemble-087",2000,0.572794229250435,1113.28,1943.595,210.869033,0.184034877907622,3.45275,0.37285
"ensemble-087",2001,0.551688117693604,1056.28,1914.6325,91.128665,0.162309139750704,3.276,0.321575
"ensemble-087",2002,0.538824327240221,1048.8,1946.46,168.140234,0.146089186838419,3.25275,0.401625
"ensemble-087",2003,0.52496206194126,1055.9625,2011.5025,104.91709,0.183383604789892,3.275,0.36565
"ensemble-087",2004,0.513476144758742,1038.915,2023.2975,185.373889,0.193283334759372,3.2225,0.519125
"ensemble-087",2005,0.492717613301758,983.0825,1995.225,100.514955,0.195964166740495,3.049,0.41205
"ensemble-087",2006,0.481891134832311,954.795,1981.35,126.259045,0.219178498662744,2.96125,0.4452
"ensemble-087",2007,0.473590537254035,942.502,1990.12,125.542391,0.221549262630467,2.92325,0.4588
"ensemble-087",2008,0.45851557178766,897.0135,1956.3425,123.866865,0.312995909657507,2.782,0.498325
"ensemble-087",2009,0.44040164034247,831.75575,1888.63,142.85395,0.227913673617836,2.57975,0.514025
"ensemble-087",2010,0.421257348383185,773.0125,1835.0125,95.846728,0.183210272275886,2.39775,0.43325
"ensemble-087",2011,0.411990850129783,751.95025,1825.1625,103.730151,0.24549418274004,2.33225,0.541825
"ensemble-087",2012,0.402830221269081,728.8095,1809.2225,181.435064,0.2244777850212,2.26025,0.555525
"ensemble-087",2013,0.393289724984988,689.32775,1752.7225,152.90645,0.215931607839946,2.13775,0.507525
"ensemble-087",2014,0.395810774652297,695.2535,1756.53,91.371638,0.261824370248406,2.156,0.55155
"ensemble-087",2015,0.402559574900691,737.50625,1832.0425,119.452481,0.22142462298904,2.28725,0.494725
"ensemble-087",2016,0.402552762821493,750.26375,1863.765,134.140273,0.306831459029704,2.32675,0.520575
"ensemble-087",2017,0.397557102774033,725.45425,1824.78,124.047049,0.198420458586149,2.24975,0.440725
"ensemble-087",2018,0.393727452252856,705.29875,1791.3375,101.7363,0.229228197374741,2.1875,0.521825
"ensemble-087",2019,0.390586517380345,696.12575,1782.2575,105.46044,0.176752265523182,2.159,0.4687
"ensemble-087",2020,0.392111962169586,692.3815,1765.775,124.9311,0.310412802532788,2.14725,0.505675
"ensemble-087",2021,0.398144988722457,688.4325,1729.1,96.316442,0.302570318836701,2.135,0.49395
"ensemble-087",2022,0.398902529954155,675.42675,1693.2125,89.830323,0.346331283214828,2.09475,0.540875
"ensemble-087",2023,0.385757364985306,640.57325,1660.56,131.284195,0.370663468424373,1.98675,0.584175
"ensemble-087",2024,0.361005492511762,582.01125,1612.195,134.068641,0.244387628386107,1.805,0.6316
"ensemble-088",1952,0.995960550433752,2013.15,2021.315,127.519286,0.00751632148225944,5.72175,0.0524775
"ensemble-088",1953,0.982778375415479,2034.9925,2070.6525,145.057121,0.00730510715735309,5.784,0.0492375
"ensemble-088",1954,0.974282743838611,2052.2925,2106.465,132.828811,0.00588257162946829,5.833,0.0323725
"ensemble-088",1955,0.967616589396309,2069.34,2138.595,127.613145,0.00747488754972918,5.8815,0.051595
"ensemble-088",1956,0.958769086953683,2092.305,2182.2825,75.1233399,0.00971989024665992,5.947,0.05889
"ensemble-088",1957,0.949410421373688,2149.375,2263.905,50.9756339,0.0144845133800803,6.109,0.08247
"ensemble-088",1958,0.93259723432299,2087.2925,2238.15,92.208445,0.0208402809307603,5.9325,0.1253175
"ensemble-088",1959,0.910282297976798,1896.7575,2083.7025,113.148766,0.0124894580822622,5.39125,0.1170325
"ensemble-088",1960,0.891490041060176,1689.1775,1894.78,68.9408023,0.016343771361292,4.80125,0.1125025
"ensemble-088",1961,0.884590798455553,1636.3625,1849.8525,80.5483484,0.013629589400895,4.651,0.11037
"ensemble-088",1962,0.877682836291305,1566.4225,1784.725,79.065736,0.0132716902136795,4.45225,0.1087675
"ensemble-088",1963,0.869288936620987,1483.2525,1706.2825,70.768409,0.0171477880849435,4.21575,0.1432125
"ensemble-088",1964,0.858348756726853,1380.875,1608.7575,72.1915502,0.0115281331812281,3.92475,0.1089825
"ensemble-088",1965,0.858795539130251,1319.3225,1536.2475,52.6455604,0.0137500374586188,3.75,0.10364
"ensemble-088",1966,0.859622526206929,1280.0725,1489.11,104.192305,0.0134257477114616,3.63825,0.1193525
"ensemble-088",1967,0.853749924884853,1207.625,1414.495,40.569757,0.0177495083697539,3.4325,0.131175
"ensemble-088",1968,0.849633913670085,1137.8,1339.165,62.9402266,0.0136916426474881,3.234,0.107415
"ensemble-088",1969,0.850811633316237,1123.8775,1320.9475,73.4530199,0.0161295546854171,3.19425,0.135365
"ensemble-088",1970,0.846523068480263,1079.7825,1275.55,78.3236366,0.0270160408370647,3.069,0.130185
"ensemble-088",1971,0.843339763465404,1043.77,1237.6625,42.4868787,0.0303148591415851,2.96675,0.131725
"ensemble-088",1972,0.839272645159469,1040.675,1239.9725,56.094611,0.0426265606385514,2.958,0.18235
"ensemble-088",1973,0.823529903648561,984.845,1195.8825,90.218435,0.0242224375305019,2.79925,0.152525
"ensemble-088",1974,0.812887599420607,937.2025,1152.93,37.3165918,0.0457972634972572,2.664,0.1709
"ensemble-088",1975,0.802991396021233,918.58,1143.9475,131.091487,0.0358585425430768,2.61075,0.2171
"ensemble-088",1976,0.784555771811484,882.79,1125.21,41.030398,0.0422191332224461,2.509,0.223
"ensemble-088",1977,0.771001479870083,889.595,1153.8175,102.9535,0.0503902338623018,2.5285,0.24695
"ensemble-088",1978,0.765913424396338,931.9175,1216.74,11.6154053,0.0392449547334854,2.64875,0.204475
"ensemble-088",1979,0.753801287167521,927.9275,1230.9975,48.9506142,0.0536962897902629,2.6375,0.26275
"ensemble-088",1980,0.735439333348227,905.2725,1230.9275,79.019705,0.0444673151906614,2.573,0.264025
"ensemble-088",1981,0.718879028251298,839.205,1167.38,93.90791,0.0688896584722973,2.38525,0.250725
"ensemble-088",1982,0.70991844286364,803.8655,1132.335,99.413608,0.0811744892480779,2.285,0.291125
"ensemble-088",1983,0.703572467070286,810.56825,1152.075,76.712531,0.0974241207272546,2.30375,0.286925
"ensemble-088",1984,0.697638347654365,860.2125,1233.035,62.315311,0.11231474293204,2.445,0.311975
"ensemble-088",1985,0.678549313110155,887.59,1308.07,110.4640768,0.106162492259028,2.52275,0.326625
"ensemble-088",1986,0.655824582609353,868.115,1323.7,67.4376615,0.112829104217976,2.46775,0.3001
"ensemble-088",1987,0.639595068443678,867.785,1356.7725,126.1734242,0.124187334307644,2.4665,0.38345
"ensemble-088",1988,0.621684380612952,879.14875,1414.14,110.894214,0.110572996534413,2.499,0.331025
"ensemble-088",1989,0.608980875205977,874.95175,1436.7475,105.505182,0.0986609999847764,2.48675,0.322375
"ensemble-088",1990,0.603996412602598,931.065,1541.5075,94.05494,0.134401472128902,2.64625,0.38885
"ensemble-088",1991,0.597382830198822,972.3675,1627.7125,70.010568,0.160588497905119,2.76375,0.354275
"ensemble-088",1992,0.583898961931515,977.46,1674.0225,133.039682,0.173191007944147,2.77825,0.444875
"ensemble-088",1993,0.560759965676651,936.1425,1669.4175,61.291726,0.139188557545955,2.66075,0.39165
"ensemble-088",1994,0.540910256239265,912.51425,1686.9975,139.29446,0.138520766146367,2.59375,0.450825
"ensemble-088",1995,0.519642526937425,885.20325,1703.485,54.009828,0.137605714809613,2.51575,0.400325
"ensemble-088",1996,0.512277422499049,861.9375,1682.56,145.527401,0.154745621594695,2.45,0.375425
"ensemble-088",1997,0.524578749053654,904.23475,1723.735,55.652604,0.203058398184877,2.57,0.472275
"ensemble-088",1998,0.511736732917288,905.28275,1769.04,137.131577,0.204878743116173,2.573,0.556325
"ensemble-088",1999,0.490656506856478,879.75325,1793.0125,87.639972,0.300245887178287,2.5005,0.603125
"ensemble-088",2000,0.462739311652285,829.88825,1793.425,156.362313,0.247887254355841,2.3585,0.584025
"ensemble-088",2001,0.440207033179186,784.3785,1781.84,65.898932,0.212755877645947,2.22925,0.501475
"ensemble-088",2002,0.426178875386606,777.16275,1823.56,125.941408,0.190655796956488,2.20875,0.6277
"ensemble-088",2003,0.411005171235186,777.107,1890.7475,77.443869,0.234678148170014,2.20875,0.5676
"ensemble-088",2004,0.400181785912831,766.63425,1915.715,141.087828,0.265427184630732,2.179,0.7974
"ensemble-088",2005,0.38000521991858,724.35075,1906.16,75.190674,0.256135831412288,2.05875,0.634125
"ensemble-088",2006,0.370579966782757,707.86425,1910.1525,94.613301,0.250428304559683,2.01175,0.688875
"ensemble-088",2007,0.360465995728826,695.83725,1930.3825,105.2411989,0.301388037499986,1.97775,0.706125
"ensemble-088",2008,0.347602807032255,663.24875,1908.065,90.913539,0.408565613829364,1.885,0.7602
"ensemble-088",2009,0.33253983082401,618.49,1859.8975,113.660647,0.291002849558122,1.75775,0.7786
"ensemble-088",2010,0.31497188276691,579.14825,1838.73,79.289439,0.231396039700893,1.64625,0.65025
"ensemble-088",2011,0.309039293268228,570.56225,1846.245,85.420054,0.314035450921941,1.62175,0.8064
"ensemble-088",2012,0.301040115856899,556.57275,1848.8325,136.561985,0.283127648340738,1.582,0.825425
"ensemble-088",2013,0.29274875946542,529.936,1810.2075,123.824452,0.265825005118096,1.50625,0.74745
"ensemble-088",2014,0.296861157803098,542.18425,1826.39,71.875434,0.321698923039127,1.54125,0.800475
"ensemble-088",2015,0.305191695798706,583.1725,1910.84,97.227758,0.261042142836697,1.65725,0.71305
"ensemble-088",2016,0.306532569499501,599.2865,1955.05,100.571691,0.360098906925897,1.70325,0.746125
"ensemble-088",2017,0.303665711209971,585.32325,1927.525,100.812569,0.246155489849178,1.6635,0.631
"ensemble-088",2018,0.302638754125728,574.683,1898.9075,76.626861,0.288131440134848,1.6335,0.743825
"ensemble-088",2019,0.30046305187744,567.11725,1887.4775,85.959817,0.196390335619043,1.61175,0.668875
"ensemble-088",2020,0.300888904339827,562.57725,1869.7175,90.871256,0.332123370242517,1.59875,0.714075
"ensemble-088",2021,0.306419857536639,561.3765,1832.05,83.286051,0.314230463467541,1.59575,0.7058
"ensemble-088",2022,0.306815973990909,551.132,1796.295,70.698341,0.435006472737587,1.56625,0.7691
"ensemble-088",2023,0.29853348976875,519.70725,1740.8675,97.513536,0.426359094369868,1.477,0.82465
"ensemble-088",2024,0.279438451086157,475.05375,1700.03,89.70021,0.307536084086685,1.3505,0.91235
"ensemble-089",1952,0.995104392653101,1783.14,1791.9125,211.829082,0.00562102597947786,9.55225,0.0411125
"ensemble-089",1953,0.980146517741613,1791.4775,1827.765,138.676452,0.00581079889465389,9.597,0.038435
"ensemble-089",1954,0.971821941002273,1800.8225,1853.0375,234.718415,0.00386330469846148,9.64675,0.0264875
"ensemble-089",1955,0.964859856319443,1793.66,1858.985,229.303417,0.00593473294761492,9.60825,0.0429725
"ensemble-089",1956,0.955012726368847,1762.55,1845.5775,130.5477369,0.00816566202615076,9.44225,0.04842
"ensemble-089",1957,0.94581209700166,1802.375,1905.6375,89.7020757,0.0125728020669395,9.655,0.0675975
"ensemble-089",1958,0.927932605234252,1738.15,1873.1425,206.354584,0.0163523242918766,9.31125,0.1021275
"ensemble-089",1959,0.904138131611656,1562.145,1727.7725,83.068268,0.0121002848661465,8.3685,0.095245
"ensemble-089",1960,0.884421788644448,1380.62,1561.0425,144.5899543,0.0127337776610954,7.39575,0.0973225
"ensemble-089",1961,0.876113647370935,1316.0125,1502.1025,86.828822,0.0126001527709657,7.04975,0.0970325
"ensemble-089",1962,0.867142753249149,1222.1575,1409.4075,131.700412,0.0107852605224075,6.547,0.0947725
"ensemble-089",1963,0.858513455146382,1142.9175,1331.275,135.821885,0.0134230415959421,6.1225,0.1223975
"ensemble-089",1964,0.847256236373446,1056.035,1246.4175,89.8658902,0.0100184457152322,5.65725,0.0911475
"ensemble-089",1965,0.851901646325933,1020.165,1197.515,81.6635099,0.0119213450965536,5.465,0.0865875
"ensemble-089",1966,0.856071609093178,1003.485,1172.1975,176.288732,0.0106499732095393,5.3755,0.0995625
"ensemble-089",1967,0.850486317344234,947.21,1113.7275,52.263632,0.0150936514481823,5.07425,0.1081975
"ensemble-089",1968,0.846943762960713,892.395,1053.665,99.1746352,0.0119143764491995,4.7805,0.0901625
"ensemble-089",1969,0.84971624076917,889.74,1047.1025,124.8530645,0.0133002766892302,4.7665,0.1142625
"ensemble-089",1970,0.844185901512601,846.2225,1002.4125,83.488179,0.0241064606495564,4.53325,0.108965
"ensemble-089",1971,0.840862589885365,814.7475,968.9425,73.8445784,0.0275035184000764,4.3645,0.11357
"ensemble-089",1972,0.835674153668579,807.2675,966.0075,79.90151,0.0338167489543297,4.3245,0.1595
"ensemble-089",1973,0.815501620154891,746.8425,915.8075,115.258858,0.0208238309181828,4.0005,0.1337425
"ensemble-089",1974,0.804350134757737,700.595,871.0075,54.308806,0.0364972298949795,3.753,0.1507
"ensemble-089",1975,0.793426156749452,681.10875,858.44,163.049467,0.0293034781630598,3.64875,0.19165
"ensemble-089",1976,0.770407277213196,643.24,834.935,67.142457,0.0376371200293661,3.446,0.20105
"ensemble-089",1977,0.753369806885567,636.18125,844.4475,122.3529845,0.0465071466843481,3.408,0.225475
"ensemble-089",1978,0.746731378312484,655.436,877.74,15.6129025,0.0395297340638958,3.511,0.1897
"ensemble-089",1979,0.731865213729568,638.70975,872.715,85.5277511,0.0472810890633275,3.4215,0.25035
"ensemble-089",1980,0.70692187627401,606.8995,858.51,88.773168,0.0408170983068516,3.251,0.25465
"ensemble-089",1981,0.68518114230845,547.667,799.3025,125.482334,0.0590824927985567,2.934,0.238475
"ensemble-089",1982,0.676443109884759,520.94575,770.125,125.318225,0.0702978371925799,2.79075,0.271275
"ensemble-089",1983,0.673200185345046,530.29325,787.72,95.143695,0.0906225128231347,2.84075,0.267625
"ensemble-089",1984,0.672698169343777,572.599,851.1975,111.3829262,0.104038723321441,3.067,0.2952
"ensemble-089",1985,0.652570579330002,588.387,901.645,112.9633827,0.0988104813153004,3.152,0.308525
"ensemble-089",1986,0.627157038539217,567.48775,904.8575,87.554021,0.106872496940465,3.04,0.284275
"ensemble-089",1987,0.611115675564648,565.29575,925.0225,164.9701263,0.112892364747877,3.028,0.366
"ensemble-089",1988,0.592674647271819,569.60775,961.08,142.46375,0.102613159841387,3.0515,0.312925
"ensemble-089",1989,0.58023940542251,563.8665,971.7825,121.7747946,0.0956638878379829,3.02075,0.308575
"ensemble-089",1990,0.574882127357753,597.75525,1039.7875,100.761925,0.136132116753036,3.2025,0.3795
"ensemble-089",1991,0.565468119738374,615.77075,1088.9575,152.308005,0.15094545504659,3.299,0.355775
"ensemble-089",1992,0.549655730333016,608.09925,1106.3275,116.014268,0.183066260700576,3.2575,0.443875
"ensemble-089",1993,0.520408576191297,565.84675,1087.3125,93.34865,0.132818307243279,3.0315,0.399325
"ensemble-089",1994,0.494822351574758,546.3915,1104.2175,159.873721,0.129993460370402,2.92725,0.464125
"ensemble-089",1995,0.467678433288547,516.89925,1105.245,59.866283,0.140143943658877,2.769,0.40765
"ensemble-089",1996,0.462353512702089,502.04425,1085.845,178.593562,0.14695529781356,2.6895,0.3808
"ensemble-089",1997,0.481739513515214,535.822,1112.265,61.668814,0.219603879847181,2.87025,0.489475
"ensemble-089",1998,0.462545303217795,525.17625,1135.405,166.171084,0.195249803806012,2.81325,0.583575
"ensemble-089",1999,0.433089636587044,492.57125,1137.3425,132.123723,0.304176647037757,2.63875,0.6491
"ensemble-089",2000,0.396889408044657,449.35025,1132.18,165.027337,0.238504582455498,2.40725,0.628225
"ensemble-089",2001,0.371818015884322,417.59625,1123.12,91.609646,0.21193161895346,2.237,0.53415
"ensemble-089",2002,0.35936622342106,412.3395,1147.4075,139.91813,0.188944180895011,2.209,0.66375
"ensemble-089",2003,0.344070989136841,410.08875,1191.8725,108.067929,0.228855880059408,2.197,0.604475
"ensemble-089",2004,0.335819418010566,405.38525,1207.1525,167.095497,0.237710516437616,2.1715,0.8322
"ensemble-089",2005,0.312142655971294,374.05225,1198.3375,105.522144,0.240940819693673,2.004,0.666075
"ensemble-089",2006,0.306941469525636,369.35725,1203.3475,107.940925,0.24691311676409,1.97875,0.719725
"ensemble-089",2007,0.301998640352937,369.82225,1224.5825,117.26036,0.300626832567899,1.98125,0.7487
"ensemble-089",2008,0.290469220923992,351.77275,1211.05,128.333581,0.367473802204687,1.88425,0.812875
"ensemble-089",2009,0.272563589109965,319.867,1173.55,134.400916,0.262110859816202,1.7135,0.82185
"ensemble-089",2010,0.255983564680516,295.6175,1154.83,95.999636,0.212270218765734,1.5835,0.677225
"ensemble-089",2011,0.256788990628539,298.74125,1163.3725,107.1632916,0.30331184047391,1.60025,0.845825
"ensemble-089",2012,0.250955557752569,291.91025,1163.195,168.928416,0.24953774837511,1.56375,0.85915
"ensemble-089",2013,0.240648895766241,272.93375,1134.1575,147.164992,0.251275656530786,1.462,0.766025
"ensemble-089",2014,0.247823510244427,283.3075,1143.1825,88.214735,0.321967736385211,1.518,0.820975
"ensemble-089",2015,0.260203344074755,312.2915,1200.1825,119.383703,0.25644652902435,1.67275,0.750025
"ensemble-089",2016,0.260762981206504,318.9555,1223.1625,117.845596,0.362321503485527,1.7085,0.798025
"ensemble-089",2017,0.255317907103722,305.11575,1195.0425,128.488259,0.239411203289358,1.6345,0.680125
"ensemble-089",2018,0.252662929222144,295.651,1170.14,99.881066,0.280099193644348,1.58375,0.793925
"ensemble-089",2019,0.249709324858538,289.935,1161.09,109.497145,0.195877793076055,1.553,0.7004
"ensemble-089",2020,0.254001325616455,293.16325,1154.18,104.359047,0.339653322627564,1.5705,0.7421
"ensemble-089",2021,0.26332680871443,299.66525,1137.9975,107.634434,0.349359014415828,1.6055,0.757
"ensemble-089",2022,0.265144153621225,297.4175,1121.72,80.592088,0.473995570433128,1.59325,0.841475
"ensemble-089",2023,0.250833970748441,270.54325,1078.575,125.381899,0.42121879252051,1.4495,0.92655
"ensemble-089",2024,0.219590376523072,229.8705,1046.815,118.742228,0.307697099112738,1.23125,1.0074
"ensemble-090",1952,0.999157217931462,9173.165,9180.9025,295.92594,0.00236378236203893,13.6975,0.0161445
"ensemble-090",1953,0.996279188916948,9450.54,9485.835,183.82538,0.00233768811418714,14.115,0.015004
"ensemble-090",1954,0.994087915776962,9668.3425,9725.8425,279.41828,0.00158837429839187,14.44,0.0100695
"ensemble-090",1955,0.992050842619287,9800.1925,9878.72,217.33305,0.00274406641569864,14.635,0.01716775
"ensemble-090",1956,0.989308488743461,9721.89,9826.955,126.019092,0.003355158608753,14.5175,0.0200505
"ensemble-090",1957,0.986078380085359,9660.425,9796.8125,89.945291,0.00495957744793734,14.4275,0.0280425
"ensemble-090",1958,0.980988681556255,9282.755,9462.6525,228.808861,0.00657243677138933,13.8625,0.041605
"ensemble-090",1959,0.974517216768307,8574.7575,8798.98,85.648371,0.00531891778698102,12.8075,0.03852
"ensemble-090",1960,0.968873741645934,7794.3325,8044.735,142.822453,0.0057265329875949,11.64,0.0384725
"ensemble-090",1961,0.964594757445148,7315.94,7584.47,92.372857,0.00564529864375258,10.925,0.0398725
"ensemble-090",1962,0.960383871136447,6794.495,7074.77,125.80563,0.00523042184659116,10.1475,0.0396875
"ensemble-090",1963,0.955960691522568,6297.5225,6587.6375,90.734774,0.00716078001547025,9.404,0.05319
"ensemble-090",1964,0.951006539873289,5795.2175,6093.7725,103.325879,0.00494798980617182,8.654,0.0415325
"ensemble-090",1965,0.94893491847113,5379.225,5668.6975,73.0292834,0.00563898903879906,8.033,0.04072
"ensemble-090",1966,0.947013143129651,5034.0425,5315.705,147.793277,0.00569018845901127,7.51725,0.047535
"ensemble-090",1967,0.943727729874559,4681.93,4961.1025,53.4751277,0.00752582575278275,6.9915,0.05371
"ensemble-090",1968,0.940924657998122,4341.6075,4614.1925,85.5234827,0.00612241849435329,6.48325,0.044905
"ensemble-090",1969,0.93950403425669,4136.85,4403.2275,121.0364066,0.00733120870939372,6.1775,0.05729
"ensemble-090",1970,0.936947779375936,3910.0775,4173.2075,78.3828598,0.0136828537784288,5.839,0.0556825
"ensemble-090",1971,0.934835513982301,3721.26,3980.6575,78.131402,0.014569242548029,5.557,0.0573275
"ensemble-090",1972,0.93188694162519,3621.52,3886.2225,69.872777,0.0201034340877324,5.40825,0.0797975
"ensemble-090",1973,0.925259452305074,3441.1625,3719.1325,112.968481,0.0139476418269478,5.13875,0.0675625
"ensemble-090",1974,0.919457451642859,3257.555,3542.91,50.261755,0.0213007105378622,4.86475,0.0774225
"ensemble-090",1975,0.913202336882592,3131.695,3429.355,159.5808,0.0190530248612326,4.6765,0.0998175
"ensemble-090",1976,0.903871131830405,2994.1025,3312.5325,72.481496,0.0213312248724578,4.47125,0.1067725
"ensemble-090",1977,0.895084461055847,2936.065,3280.21,119.497954,0.0266903253185287,4.3845,0.1200725
"ensemble-090",1978,0.889628939037799,2979.5875,3349.2475,20.925636,0.0200194545203338,4.4495,0.09957
"ensemble-090",1979,0.882478027604514,2953.74,3347.0975,79.394058,0.0254876385227791,4.411,0.12585
"ensemble-090",1980,0.873216912220163,2907.57,3329.7225,82.45012,0.024050467465676,4.34175,0.1243
"ensemble-090",1981,0.865229261943758,2772.1275,3203.9225,111.642474,0.0393042885944948,4.1395,0.1189
"ensemble-090",1982,0.859170556555858,2663.8175,3100.4525,119.570068,0.0472178045087993,3.97775,0.14295
"ensemble-090",1983,0.852702284722002,2625.8775,3079.4775,88.103576,0.0564305321218362,3.92125,0.14515
"ensemble-090",1984,0.845258089799575,2679.895,3170.505,92.861219,0.0580698374136036,4.00175,0.158225
"ensemble-090",1985,0.832400896847307,2728.735,3278.15,118.9048286,0.0649119593102594,4.07475,0.16555
"ensemble-090",1986,0.817822617798027,2693.8525,3293.9325,69.14222,0.0643656006371921,4.0225,0.15445
"ensemble-090",1987,0.804712803200706,2671.56,3319.8925,150.851361,0.0739583481820903,3.9895,0.19805
"ensemble-090",1988,0.790363147207075,2683.6425,3395.455,132.914849,0.0669026971236337,4.0075,0.1741
"ensemble-090",1989,0.778250361998863,2659.12,3416.7925,102.374219,0.0629771197963827,3.97075,0.175225
"ensemble-090",1990,0.768413009907506,2738.015,3563.2075,100.138895,0.080579970998333,4.089,0.214325
"ensemble-090",1991,0.759575540204081,2815.08,3706.1225,81.981415,0.089815510291351,4.2035,0.192775
"ensemble-090",1992,0.748105859983263,2824.9375,3776.12,136.166753,0.0950450855083927,4.21875,0.241725
"ensemble-090",1993,0.731949367357675,2754.75,3763.58,68.572321,0.0802097040645168,4.11375,0.212125
"ensemble-090",1994,0.716257735168109,2686.1975,3750.3225,147.558297,0.0793762307933898,4.0115,0.2435
"ensemble-090",1995,0.701441683864407,2636.7,3758.9725,65.973576,0.0830598659102007,3.9375,0.21585
"ensemble-090",1996,0.693018975710444,2571.835,3711.06,161.228426,0.0955441377745258,3.8405,0.20635
"ensemble-090",1997,0.69530464294907,2620.2625,3768.51,63.77868,0.118716505417267,3.91275,0.261
"ensemble-090",1998,0.687445936473037,2640.4575,3840.9675,126.316407,0.130207336191138,3.943,0.301975
"ensemble-090",1999,0.674596917609022,2626.9175,3894.055,115.556479,0.15673920554828,3.92275,0.3211
"ensemble-090",2000,0.655381695777647,2545.2125,3883.5575,150.702373,0.159190811545994,3.801,0.306775
"ensemble-090",2001,0.637881420790212,2456.6775,3851.3075,75.066669,0.127323553245156,3.66875,0.2663
"ensemble-090",2002,0.623836029822795,2430.055,3895.3425,123.738079,0.122228172624104,3.629,0.333625
"ensemble-090",2003,0.609895939553104,2437.2875,3996.235,74.412464,0.145516646224536,3.6395,0.301025
"ensemble-090",2004,0.598106305276756,2407.4975,4025.2,144.067837,0.164020108096451,3.59525,0.428275
"ensemble-090",2005,0.582476284729446,2330.7075,4001.3775,78.621294,0.155898892877574,3.4805,0.337625
"ensemble-090",2006,0.570000876986548,2258.59,3962.4325,91.01951,0.173287398548489,3.3725,0.367525
"ensemble-090",2007,0.5589738544284,2215.75,3963.96,93.451828,0.17275145718642,3.30875,0.370525
"ensemble-090",2008,0.545016431317605,2127.815,3904.13,89.40303,0.244914068247404,3.17775,0.39845
"ensemble-090",2009,0.52949599403825,2012.56,3800.8975,106.806214,0.199904963240192,3.00525,0.41285
"ensemble-090",2010,0.512902855087767,1896.784,3698.135,76.282573,0.162919334320559,2.83225,0.352725
"ensemble-090",2011,0.500342582982204,1819.7835,3637.075,83.902993,0.208257132757961,2.7175,0.43955
"ensemble-090",2012,0.488553998769053,1754.2655,3590.73,140.224874,0.199190111859062,2.6195,0.453975
"ensemble-090",2013,0.477874740469616,1674.43725,3503.925,117.587895,0.193776245780909,2.5005,0.42565
"ensemble-090",2014,0.474554896248836,1654.29125,3485.985,72.301874,0.219973548645743,2.47025,0.467125
"ensemble-090",2015,0.476986907525536,1706.937,3578.5825,92.676016,0.188422689888138,2.549,0.41155
"ensemble-090",2016,0.476722610472878,1735.39425,3640.26,102.333899,0.258872463775276,2.59175,0.4283
"ensemble-090",2017,0.473516689451137,1709.355,3609.915,95.443731,0.172341136356561,2.5525,0.361325
"ensemble-090",2018,0.470397594995506,1678.56325,3568.3925,80.509014,0.199992515247856,2.5065,0.4305
"ensemble-090",2019,0.467118343890848,1659.007,3551.5775,81.516493,0.143262128947579,2.47725,0.385075
"ensemble-090",2020,0.466042607859653,1643.3175,3526.11,77.777258,0.245185293642193,2.454,0.41295
"ensemble-090",2021,0.468424622713925,1626.293,3471.835,76.262447,0.233782033938918,2.4285,0.4046
"ensemble-090",2022,0.467596519208296,1590.54125,3401.525,67.340783,0.304244940109781,2.375,0.444125
"ensemble-090",2023,0.458327366081611,1512.14,3299.2575,105.75802,0.325040073993533,2.258,0.47515
"ensemble-090",2024,0.441254428152493,1410.63525,3196.875,107.968096,0.211010927844943,2.10675,0.513725
"ensemble-091",1952,0.993588481349731,1349.7825,1358.4925,229.56072,0.00592689776204395,8.438,0.044685
"ensemble-091",1953,0.97424885722187,1347.525,1383.1425,203.884815,0.0055915300126539,8.4235,0.0414975
"ensemble-091",1954,0.964072561645987,1350.415,1400.74,273.126199,0.00384039775106406,8.44175,0.0276675
"ensemble-091",1955,0.956771995565099,1363.4575,1425.06,270.631182,0.00589940877950833,8.523,0.043075
"ensemble-091",1956,0.946720614677591,1378.1625,1455.7225,156.629685,0.00815210553032068,8.61525,0.0484225
"ensemble-091",1957,0.937418049188382,1440.5725,1536.745,117.991965,0.012480392177223,9.00525,0.06803
"ensemble-091",1958,0.916977788299196,1394.455,1520.7075,293.249682,0.0153493196468032,8.717,0.1030425
"ensemble-091",1959,0.889436477982941,1248.4375,1403.6275,96.357793,0.0114443278710128,7.80425,0.09327
"ensemble-091",1960,0.869296074611059,1114.305,1281.8475,202.984469,0.0108400406507036,6.966,0.0915
"ensemble-091",1961,0.865581718266436,1103.37,1274.715,109.359914,0.0114444778011203,6.89725,0.0900725
"ensemble-091",1962,0.858653195467457,1043.635,1215.4325,185.86627,0.00918254625048002,6.52375,0.087395
"ensemble-091",1963,0.851720001630842,992.29,1165.0425,163.091944,0.0119786642439844,6.20275,0.11243
"ensemble-091",1964,0.841160324476744,926.25,1101.1575,127.332948,0.00883442162671437,5.79025,0.083105
"ensemble-091",1965,0.848005056120598,905.68,1068.0125,112.9547335,0.0104653869837979,5.6615,0.0785525
"ensemble-091",1966,0.8538150419281,899.825,1053.8875,244.842668,0.00889147823135164,5.625,0.0895075
"ensemble-091",1967,0.848663146800302,853.5175,1005.72,77.778549,0.0126760136667551,5.3355,0.0957975
"ensemble-091",1968,0.846179359478934,810.02,957.2675,143.0093446,0.00992191286413064,5.06375,0.0783175
"ensemble-091",1969,0.852130138276434,825.6225,968.8925,172.618251,0.0108965035634125,5.16125,0.097665
"ensemble-091",1970,0.848728552901733,796.78,938.7925,122.194437,0.0225285422666517,4.98075,0.091605
"ensemble-091",1971,0.847573484739095,777.7525,917.6225,112.606364,0.0237224964749899,4.862,0.094755
"ensemble-091",1972,0.844548038413505,784.45,928.84,107.897773,0.029093929491811,4.9035,0.132175
"ensemble-091",1973,0.825493004296574,730.5675,885.0075,164.47222,0.0191900770074621,4.56725,0.110565
"ensemble-091",1974,0.8164951433687,692.0225,847.5525,88.570168,0.032639486197274,4.326,0.124025
"ensemble-091",1975,0.806984789331041,675.90625,837.57,233.69339,0.0242390206791559,4.22525,0.154725
"ensemble-091",1976,0.784768605081722,641.11475,816.9475,107.10841,0.0311097960795216,4.00775,0.160675
"ensemble-091",1977,0.771146057489412,645.937,837.6325,177.242194,0.0391263422842695,4.03775,0.17775
"ensemble-091",1978,0.768901172301753,679.17425,883.305,28.563563,0.0337141736217376,4.2455,0.1488
"ensemble-091",1979,0.756977192127715,668.1005,882.59,130.606049,0.0404462227378045,4.1765,0.196175
"ensemble-091",1980,0.73562131567339,642.03925,872.785,130.669782,0.0326930063476745,4.01375,0.198075
"ensemble-091",1981,0.71635940802082,582.1835,812.6975,178.045391,0.0532843237406135,3.6395,0.184475
"ensemble-091",1982,0.710680442954772,558.17375,785.4075,181.235735,0.0596456015969558,3.48925,0.208175
"ensemble-091",1983,0.708688990754409,570.096,804.4375,142.706957,0.0788097145622559,3.56375,0.20435
"ensemble-091",1984,0.710182577630588,619.7355,872.6425,168.278411,0.0851705258832993,3.87425,0.2245
"ensemble-091",1985,0.692928971332209,642.042,926.5625,163.6901725,0.0822435258675245,4.0135,0.233675
"ensemble-091",1986,0.670020594768282,621.3905,927.42,123.463019,0.0870944605476776,3.88425,0.214925
"ensemble-091",1987,0.656808129836277,621.11225,945.6525,243.914787,0.0935266965421539,3.8825,0.2772
"ensemble-091",1988,0.640945203208488,628.2625,980.2125,210.730435,0.0797510445270004,3.9275,0.2346
"ensemble-091",1989,0.629889667988484,620.287,984.755,161.752994,0.0801780353290314,3.8775,0.232125
"ensemble-091",1990,0.628030065177414,665.10425,1059.0325,155.1031,0.106259499389163,4.15775,0.28615
"ensemble-091",1991,0.619751486489848,685.05625,1105.3725,173.952573,0.12349528965757,4.28225,0.268325
"ensemble-091",1992,0.602297866426988,671.7925,1115.3825,198.419687,0.121519632159405,4.1995,0.3382
"ensemble-091",1993,0.572906103027631,623.6885,1088.64,132.989537,0.110699382743899,3.899,0.303025
"ensemble-091",1994,0.55133047229989,600.913,1089.9325,232.609915,0.105607616114516,3.7565,0.349875
"ensemble-091",1995,0.528477192595351,574.822,1087.695,98.447166,0.109816733068709,3.5935,0.3019
"ensemble-091",1996,0.525024112970437,560.668,1067.89,252.49575,0.111738207765465,3.50475,0.2801
"ensemble-091",1997,0.546509934793029,604.2815,1105.71,92.831791,0.171870367455316,3.7775,0.3607
"ensemble-091",1998,0.52908950906696,599.51,1133.0975,223.77811,0.152413906285943,3.7475,0.427525
"ensemble-091",1999,0.502509951544144,569.33875,1132.99,191.808155,0.224156585366298,3.55925,0.475875
"ensemble-091",2000,0.467680970378051,524.36975,1121.2125,229.61896,0.181105646940944,3.27775,0.451025
"ensemble-091",2001,0.4443177773092,489.917,1102.6275,137.540323,0.158165012345874,3.0625,0.383625
"ensemble-091",2002,0.43537802316616,491.2675,1128.37,196.260756,0.144555144052855,3.071,0.472925
"ensemble-091",2003,0.422670732617527,495.51275,1172.3375,142.760227,0.178252580517035,3.09775,0.4343
"ensemble-091",2004,0.413851165322402,490.40225,1184.9725,240.883493,0.169123427903772,3.0655,0.60325
"ensemble-091",2005,0.387331783363947,452.3125,1167.765,150.357299,0.18077072400183,2.8275,0.479975
"ensemble-091",2006,0.382448805167586,445.23925,1164.18,160.335019,0.194247292834811,2.78325,0.510425
"ensemble-091",2007,0.380500320311559,449.91975,1182.4425,154.330625,0.19244937880365,2.8125,0.526225
"ensemble-091",2008,0.368501510793054,432.03025,1172.3975,173.599952,0.257719789386537,2.70075,0.571625
"ensemble-091",2009,0.350439042915148,396.7995,1132.2925,182.29851,0.193131206965753,2.4805,0.578075
"ensemble-091",2010,0.336708045411921,369.83675,1098.39,132.17667,0.174168240245233,2.312,0.48285
"ensemble-091",2011,0.338219744830701,370.7345,1096.135,150.369795,0.219734439201359,2.31725,0.60355
"ensemble-091",2012,0.330252663090588,359.0895,1087.3175,228.987771,0.194938787919791,2.24475,0.60735
"ensemble-091",2013,0.319305726604638,336.40375,1053.5475,205.848066,0.194221695093281,2.103,0.54335
"ensemble-091",2014,0.327169580891765,348.25975,1064.4625,124.760099,0.249813162690094,2.17675,0.587425
"ensemble-091",2015,0.339695853274517,380.80075,1121.005,160.397435,0.203778313647974,2.3805,0.53455
"ensemble-091",2016,0.341468833159498,390.409,1143.3225,171.092991,0.271742094889433,2.4405,0.565475
"ensemble-091",2017,0.335855601953969,374.191,1114.1425,179.556799,0.182008274466934,2.33925,0.477275
"ensemble-091",2018,0.334222962050915,364.4175,1090.3425,146.959905,0.210889266376201,2.27825,0.554975
"ensemble-091",2019,0.333971130171706,363.18275,1087.4675,157.55366,0.147417009198801,2.27025,0.48635
"ensemble-091",2020,0.340089837170129,369.477,1086.41,148.776841,0.247434530418585,2.30975,0.514975
"ensemble-091",2021,0.35125622653433,377.96575,1076.04,141.76952,0.230457266990165,2.363,0.510125
"ensemble-091",2022,0.356097744449277,378.7055,1063.4875,112.768596,0.320321594211394,2.36725,0.5618
"ensemble-091",2023,0.346750396647571,357.87675,1032.0875,178.03429,0.317787196704703,2.237,0.614525
"ensemble-091",2024,0.316130150318343,314.672,995.3875,165.339547,0.216081691248575,1.96725,0.6645
"ensemble-092",1952,0.994886648338495,1672.785,1681.3825,306.5324,0.00434362444871271,10.985,0.0328725
"ensemble-092",1953,0.979729611045078,1673.29,1707.91,277.706462,0.00407425163579201,10.9925,0.03046
"ensemble-092",1954,0.972321294162604,1679.335,1727.14,327.649141,0.00293906535298495,11.0325,0.02033425
"ensemble-092",1955,0.967217286593905,1700.825,1758.4725,360.288183,0.00433300549019118,11.17,0.031835
"ensemble-092",1956,0.959216568583829,1713.885,1786.755,178.599475,0.00641730644104051,11.2575,0.0370875
"ensemble-092",1957,0.951503422043047,1776.0525,1866.575,134.49781,0.0100387997927219,11.6675,0.053455
"ensemble-092",1958,0.934129205334424,1690.545,1809.755,329.310696,0.0126846989031486,11.1075,0.0820025
"ensemble-092",1959,0.910417454447078,1480.7075,1626.405,152.696654,0.00852259964332826,9.72825,0.0746175
"ensemble-092",1960,0.892149597946493,1297.2725,1454.0975,216.352534,0.00946622710316706,8.522,0.07512
"ensemble-092",1961,0.888778269162248,1272.135,1431.33,131.013265,0.00935712222609393,8.357,0.0746825
"ensemble-092",1962,0.88266328364052,1194.965,1353.8175,208.8813,0.007902326566996,7.85,0.0730775
"ensemble-092",1963,0.875743058271412,1119.6375,1278.5,212.44129,0.00974735227585041,7.355,0.09372
"ensemble-092",1964,0.865810646282838,1034.7,1195.065,130.37697,0.00746959754157056,6.797,0.0694275
"ensemble-092",1965,0.872368036223014,1006.68,1153.9625,119.2920162,0.00922028449071621,6.613,0.0661975
"ensemble-092",1966,0.877423827286832,996.7425,1135.9875,284.216563,0.00787703994752513,6.548,0.0764425
"ensemble-092",1967,0.87119352531104,931.65,1069.395,86.078196,0.0110840340530379,6.12025,0.0817525
"ensemble-092",1968,0.868507456782309,878.2,1011.16,151.975274,0.0090161965262171,5.76875,0.0675775
"ensemble-092",1969,0.873093394524683,889.3875,1018.6625,206.899959,0.00954891493655507,5.84225,0.0854025
"ensemble-092",1970,0.868183230651097,845.1525,973.4725,121.327876,0.0207420068355267,5.552,0.080165
"ensemble-092",1971,0.866416975476695,819.4875,945.835,123.956091,0.0213454858885152,5.383,0.084005
"ensemble-092",1972,0.862809804799732,823.58,954.5325,130.376009,0.0261585257378919,5.41025,0.117475
"ensemble-092",1973,0.843689425689487,758.4325,898.9475,172.349193,0.0162914363066751,4.98225,0.0968425
"ensemble-092",1974,0.836014311478271,718.5125,859.45,97.561777,0.0302919977232341,4.72,0.109045
"ensemble-092",1975,0.827969436016159,708.125,855.255,264.62632,0.0227519281343102,4.652,0.137275
"ensemble-092",1976,0.806091453210511,668.3405,829.1125,102.516683,0.0293181191079241,4.3905,0.1403
"ensemble-092",1977,0.794480583999626,679.66225,855.48,198.946081,0.0351397232409106,4.465,0.155725
"ensemble-092",1978,0.7933209155276,717.65,904.615,21.677649,0.0320038409338488,4.71425,0.131725
"ensemble-092",1979,0.781848976004806,702.8275,898.93,133.134196,0.0399307208153351,4.617,0.1765
"ensemble-092",1980,0.75869580121924,663.96125,875.135,156.610377,0.0316392076128111,4.3615,0.179725
"ensemble-092",1981,0.738528195242462,591.9045,801.465,203.686603,0.0500459966925071,3.8885,0.16475
"ensemble-092",1982,0.734163899012699,567.55825,773.0675,188.32216,0.0569470225716494,3.72825,0.183775
"ensemble-092",1983,0.735329402797007,590.86475,803.5375,139.774862,0.0791173819968186,3.8815,0.1813
"ensemble-092",1984,0.738224459132055,649.77225,880.1825,181.113459,0.0847228494386538,4.26825,0.201575
"ensemble-092",1985,0.719003749301561,665.9215,926.1725,174.526491,0.0757716594449084,4.3745,0.209775
"ensemble-092",1986,0.694697370358052,637.06875,917.045,134.223125,0.0804923730496327,4.185,0.1922
"ensemble-092",1987,0.683336273110659,639.2235,935.445,266.116942,0.0909129860011921,4.19925,0.249075
"ensemble-092",1988,0.668728811590012,647.495,968.2475,213.686782,0.0667365229596683,4.25325,0.20795
"ensemble-092",1989,0.659356457944527,640.35875,971.1875,170.979948,0.072660048861294,4.20675,0.205175
"ensemble-092",1990,0.6603692103265,695.765,1053.6,164.773171,0.100794973384699,4.5705,0.256125
"ensemble-092",1991,0.652161123715924,715.005,1096.3625,219.28333,0.116370810855757,4.69675,0.243075
"ensemble-092",1992,0.63214616635895,690.7635,1092.7275,165.969,0.116060430480734,4.538,0.305275
"ensemble-092",1993,0.602139628969908,635.52225,1055.44,141.665992,0.0978882412929064,4.175,0.276225
"ensemble-092",1994,0.58209959750239,616.45075,1059.0125,250.545456,0.0993052398761542,4.0495,0.320375
"ensemble-092",1995,0.557474767531153,582.57925,1045.0325,88.19372,0.105029847409865,3.82725,0.2761
"ensemble-092",1996,0.554393028582032,567.64025,1023.895,253.39915,0.109457619528586,3.729,0.256175
"ensemble-092",1997,0.575164367835059,609.96325,1060.5025,82.736909,0.167551421903651,4.007,0.3366
"ensemble-092",1998,0.554715193375261,601.54425,1084.42,230.192588,0.161243162108262,3.95175,0.402925
"ensemble-092",1999,0.52455471184758,560.071,1067.7075,205.953608,0.225854375481773,3.67925,0.4558
"ensemble-092",2000,0.485484584394314,507.62875,1045.6125,236.93573,0.190326047388655,3.33475,0.4236
"ensemble-092",2001,0.460537974683544,469.33425,1019.1,133.023586,0.15536351358252,3.083,0.35485
"ensemble-092",2002,0.456297466934076,482.90075,1058.3025,202.022551,0.146869132025457,3.17225,0.435425
"ensemble-092",2003,0.447003839581777,495.07575,1107.5425,147.503324,0.177461996822823,3.25225,0.403725
"ensemble-092",2004,0.438245142357391,489.8255,1117.6975,243.893197,0.177526768823917,3.2175,0.560625
"ensemble-092",2005,0.409766012611632,448.0525,1093.435,153.554698,0.180145923748966,2.94325,0.444025
"ensemble-092",2006,0.405680671576736,443.268,1092.6525,160.02234,0.197312817426934,2.91175,0.473675
"ensemble-092",2007,0.4034298318542,447.64675,1109.6025,150.979881,0.196835022095392,2.94075,0.493475
"ensemble-092",2008,0.388722532826136,426.381,1096.8775,182.044382,0.238342365786162,2.801,0.5357
"ensemble-092",2009,0.368431712825389,387.452,1051.625,183.602,0.20462244261238,2.545,0.5342
"ensemble-092",2010,0.358836630195108,364.93775,1017.0025,127.750986,0.168957497786835,2.3975,0.4456
"ensemble-092",2011,0.363250750014706,370.5085,1019.98,142.364076,0.224709705087353,2.434,0.564
"ensemble-092",2012,0.353253490441408,356.30825,1008.6475,243.583269,0.19016158394618,2.3405,0.5637
"ensemble-092",2013,0.340075797116727,330.66675,972.3325,206.061449,0.192472644188125,2.172,0.497125
"ensemble-092",2014,0.35270181573979,347.94475,986.5125,119.699499,0.25211503371288,2.2855,0.537525
"ensemble-092",2015,0.368560732749147,385.68775,1046.47,161.015814,0.207512508922221,2.53375,0.493775
"ensemble-092",2016,0.369226236866074,393.22225,1064.99,172.19548,0.268584599870496,2.583,0.52625
"ensemble-092",2017,0.359220709901254,370.15,1030.425,181.65822,0.178510178479576,2.4315,0.444025
"ensemble-092",2018,0.356443187307342,357.885,1004.045,145.355,0.211963131842812,2.351,0.515925
"ensemble-092",2019,0.357698255906769,358.4995,1002.24,154.111072,0.152214631060868,2.35525,0.451575
"ensemble-092",2020,0.365066651367451,365.88075,1002.23,149.771162,0.280968119641585,2.4035,0.48655
"ensemble-092",2021,0.377099651515342,374.6815,993.5875,134.66411,0.2814382786668,2.46125,0.4859
"ensemble-092",2022,0.378647016497918,368.36675,972.85,111.853339,0.318765010772237,2.41975,0.541875
"ensemble-092",2023,0.361348318178928,340.9755,943.62,197.41468,0.304777466603307,2.24,0.58975
"ensemble-092",2024,0.325874670896813,295.81925,907.77,178.124016,0.205447706176951,1.943,0.611025
"ensemble-093",1952,0.9981645179713,4330.135,4338.0975,148.2428,0.00489470030368503,8.72125,0.0333475
"ensemble-093",1953,0.991940532431266,4436.6425,4472.69,131.643166,0.00483743963123123,8.93625,0.0310875
"ensemble-093",1954,0.987366548723134,4518.5275,4576.3425,142.910587,0.00376113843598187,9.10125,0.0208495
"ensemble-093",1955,0.983236595802515,4557.69,4635.395,107.0228231,0.00559637809532842,9.18,0.0348275
"ensemble-093",1956,0.977666871176569,4529.5575,4633.0275,68.5034514,0.00671427661228929,9.12325,0.0404425
"ensemble-093",1957,0.971366684167426,4528.2225,4661.7025,47.0398706,0.00983666272966261,9.1205,0.0562375
"ensemble-093",1958,0.961333997451767,4366.7275,4542.3625,106.981208,0.0136173012671541,8.79525,0.083975
"ensemble-093",1959,0.948445608076234,4021.03,4239.6,71.464535,0.00995212935815776,8.099,0.0782
"ensemble-093",1960,0.937303857064239,3636.275,3879.505,70.8641572,0.0116364790468604,7.324,0.077595
"ensemble-093",1961,0.929730338435405,3426.305,3685.2675,56.9412173,0.0109131934615375,6.90125,0.0797275
"ensemble-093",1962,0.922338801818853,3196.7525,3465.92,70.266377,0.0102526015597562,6.43875,0.0792425
"ensemble-093",1963,0.914531960184639,2970.8525,3248.495,50.869779,0.0139400252042759,5.98375,0.105605
"ensemble-093",1964,0.905632018089466,2735.5,3020.5425,64.0666942,0.0094123441545031,5.50975,0.0818
"ensemble-093",1965,0.902803151051733,2557.375,2832.705,42.9624157,0.011009512286906,5.15125,0.07946
"ensemble-093",1966,0.900379656800679,2417.8075,2685.32,83.981098,0.0111139486200826,4.86975,0.09269
"ensemble-093",1967,0.894878455102864,2257.445,2522.6275,30.2448339,0.0148983524130999,4.54675,0.1040075
"ensemble-093",1968,0.890195505098981,2100.67,2359.785,47.1294152,0.0117955925574167,4.23075,0.0871275
"ensemble-093",1969,0.888072001639406,2015.1375,2269.115,66.23085,0.0139484764391305,4.059,0.11129
"ensemble-093",1970,0.883230534945657,1905.2475,2157.135,50.2974155,0.0218260081097904,3.8375,0.1087425
"ensemble-093",1971,0.879124260555745,1814.185,2063.6275,39.4485382,0.0247667980905288,3.65425,0.1115775
"ensemble-093",1972,0.87399821354784,1766.145,2020.765,42.833969,0.0347133887765277,3.55725,0.155325
"ensemble-093",1973,0.861994528981524,1666.16,1932.9125,63.8375368,0.0216904412459776,3.356,0.1317425
"ensemble-093",1974,0.852194248695963,1573.3125,1846.19,28.9259313,0.0366824583020824,3.169,0.15075
"ensemble-093",1975,0.841747352380316,1510.745,1794.7725,95.767992,0.0330922601439293,3.043,0.1949
"ensemble-093",1976,0.82567304827872,1434.32,1737.1525,33.012721,0.0382956140727439,2.889,0.2071
"ensemble-093",1977,0.811170676901021,1406.065,1733.3775,74.7631288,0.0471698379439997,2.83225,0.23345
"ensemble-093",1978,0.802425125002104,1429.8975,1781.97,8.9233193,0.0362725859196051,2.88,0.194275
"ensemble-093",1979,0.789967792010011,1410.92,1786.0475,39.0904276,0.0469016009570013,2.84175,0.2483
"ensemble-093",1980,0.773173909560226,1375.2425,1778.6975,55.906697,0.0427320634023149,2.77,0.2474
"ensemble-093",1981,0.758586196376608,1292.995,1704.48,67.548003,0.0659374049545664,2.60425,0.237275
"ensemble-093",1982,0.748182240860469,1235.045,1650.7275,72.0180488,0.0816657470497704,2.48775,0.283275
"ensemble-093",1983,0.738149756268095,1219.3625,1651.9175,56.159577,0.0953011883989335,2.456,0.28535
"ensemble-093",1984,0.72746839277458,1254.7975,1724.8825,50.2825328,0.107242690953583,2.5275,0.3115
"ensemble-093",1985,0.7078125994317,1279.12,1807.145,77.168892,0.107268439001836,2.5765,0.326725
"ensemble-093",1986,0.68547424046599,1255.65,1831.7975,48.3787482,0.113903734702509,2.529,0.30375
"ensemble-093",1987,0.66678350165152,1246.04,1868.7325,92.7664697,0.123780250682004,2.51,0.388575
"ensemble-093",1988,0.646295394637431,1251.055,1935.7325,81.131658,0.1136199957611,2.52,0.3398
"ensemble-093",1989,0.630444432044154,1242.7825,1971.28,75.378051,0.0995615868239486,2.5035,0.3365
"ensemble-093",1990,0.62003749263794,1294.8925,2088.41,68.422528,0.135318019774824,2.60825,0.4092
"ensemble-093",1991,0.610154936699634,1339.345,2195.09,52.018792,0.1539085991903,2.69775,0.3699
"ensemble-093",1992,0.595629679737918,1344.975,2258.0725,95.552651,0.180673817031441,2.70925,0.463575
"ensemble-093",1993,0.574078867511788,1302.9825,2269.6925,40.501561,0.139505591377829,2.6245,0.40735
"ensemble-093",1994,0.553012167709894,1268.25875,2293.365,100.315369,0.135912993674433,2.5545,0.46985
"ensemble-093",1995,0.531549689377474,1234.44575,2322.3525,37.806085,0.136496988848573,2.48625,0.420375
"ensemble-093",1996,0.520875858834157,1199.3375,2302.54,107.400273,0.160277925929522,2.41575,0.400875
"ensemble-093",1997,0.525429180536335,1229.235,2339.4875,42.9168744,0.2050919169642,2.476,0.50555
"ensemble-093",1998,0.513668817672662,1226.4575,2387.6425,95.811193,0.216809158122913,2.4705,0.592175
"ensemble-093",1999,0.494910016922006,1202.0325,2428.79,67.550471,0.314315888804966,2.421,0.6365
"ensemble-093",2000,0.469491739107707,1145.115,2439.0525,110.175359,0.271748465602915,2.30675,0.61795
"ensemble-093",2001,0.446783894732421,1090.26775,2440.2575,48.181051,0.22333174418495,2.196,0.537725
"ensemble-093",2002,0.428944984715745,1067.85425,2489.49,89.10252,0.207097494392994,2.151,0.6787
"ensemble-093",2003,0.410723100040095,1055.09425,2568.87,52.953837,0.249046595359623,2.12525,0.61515
"ensemble-093",2004,0.396796717576754,1032.844,2602.955,102.742341,0.289769627926788,2.08025,0.872975
"ensemble-093",2005,0.376769909802489,979.54525,2599.85,55.074943,0.275428886190426,1.973,0.696225
"ensemble-093",2006,0.364724005752185,947.92225,2599.0125,69.740317,0.279792058668749,1.90925,0.7592
"ensemble-093",2007,0.352920328513133,925.82825,2623.335,72.13687,0.331298947930683,1.86475,0.768525
"ensemble-093",2008,0.339409894057261,885.58575,2609.1925,76.87839,0.426434500601136,1.78375,0.82955
"ensemble-093",2009,0.324163754903403,831.9525,2566.4575,80.65907,0.345841483769627,1.6755,0.850925
"ensemble-093",2010,0.307702437627272,781.5865,2540.0725,56.690517,0.254411821898867,1.574,0.712625
"ensemble-093",2011,0.298982038739054,764.29825,2556.335,62.474298,0.36558021200688,1.53925,0.88835
"ensemble-093",2012,0.289312235165107,742.67825,2567.0475,100.710718,0.321764670207408,1.496,0.920325
"ensemble-093",2013,0.279297320932183,705.836,2527.185,91.113981,0.304327778901108,1.4215,0.8521
"ensemble-093",2014,0.278573104951237,706.2455,2535.225,53.378413,0.352813523382021,1.4225,0.9182
"ensemble-093",2015,0.282992766692468,742.174,2622.59,71.651378,0.289425216876628,1.49475,0.8119
"ensemble-093",2016,0.284033278143226,761.675,2681.64,73.973302,0.402579588321238,1.534,0.8447
"ensemble-093",2017,0.282205086727331,751.903,2664.385,73.065761,0.281360722878504,1.5145,0.7123
"ensemble-093",2018,0.281217570955696,742.52125,2640.38,56.023373,0.328263681420043,1.49575,0.8431
"ensemble-093",2019,0.278671739527243,732.8175,2629.68,60.922413,0.22495596140283,1.476,0.75825
"ensemble-093",2020,0.27774358846628,724.81425,2609.6525,66.201705,0.366673460478203,1.45975,0.8118
"ensemble-093",2021,0.280528077265139,719.173,2563.64,60.345436,0.342859443457245,1.44875,0.79825
"ensemble-093",2022,0.27983964608808,703.72675,2514.75,53.622961,0.489952455399085,1.41725,0.869275
"ensemble-093",2023,0.273162606619041,668.293,2446.5025,73.415781,0.482815123737941,1.346,0.928825
"ensemble-093",2024,0.258043574829239,617.20475,2391.8625,68.923099,0.341596021072687,1.24325,1.026275
"ensemble-094",1952,0.997821323030398,3723.4925,3731.6225,91.665587,0.00665739197178803,5.634,0.049845
"ensemble-094",1953,0.99036255847482,3817.6075,3854.7575,92.399687,0.00641423672352891,5.77675,0.046475
"ensemble-094",1954,0.984643177479528,3891.62,3952.315,97.903402,0.0048843403858545,5.8885,0.030875
"ensemble-094",1955,0.979477359233821,3941.03,4023.605,65.1500813,0.0073838525343853,5.9635,0.0505775
"ensemble-094",1956,0.97283838452047,3961.86,4072.475,42.563717,0.00853120310801828,5.99475,0.0581525
"ensemble-094",1957,0.965253517878296,3996.7625,4140.635,30.6471936,0.0122559057670266,6.04725,0.0805025
"ensemble-094",1958,0.953389970965029,3882.8475,4072.675,53.5902538,0.0172310937003826,5.87525,0.1193775
"ensemble-094",1959,0.938347533667275,3607.9275,3844.98,68.5316939,0.01235866069533,5.459,0.112135
"ensemble-094",1960,0.92485230704937,3286.3725,3553.4025,45.796669,0.0144183998452848,4.9725,0.10977
"ensemble-094",1961,0.916039515141711,3114.5,3399.9625,40.5372248,0.0131805903874991,4.71225,0.10923
"ensemble-094",1962,0.907958443383579,2946.08,3244.73,46.482163,0.0125353880118569,4.4575,0.107795
"ensemble-094",1963,0.899341177081794,2769.7325,3079.735,33.238873,0.0168431449159311,4.19075,0.14344
"ensemble-094",1964,0.889517494429707,2576.99,2897.065,45.8774168,0.0112638105182964,3.89925,0.111165
"ensemble-094",1965,0.885995471808355,2426.21,2738.4,30.1228792,0.0127719086707284,3.671,0.10698
"ensemble-094",1966,0.883031967037343,2305.985,2611.44,54.17314,0.0132382496385987,3.48925,0.123855
"ensemble-094",1967,0.877073703587576,2167.885,2471.725,28.7562833,0.0165965206558473,3.28025,0.138475
"ensemble-094",1968,0.872130715113667,2033.3575,2331.4825,34.2197715,0.0135338039637691,3.07675,0.114355
"ensemble-094",1969,0.870234453057327,1964.08,2256.955,46.9394207,0.0162671306368465,2.97225,0.1441
"ensemble-094",1970,0.865944593675425,1877.8225,2168.525,42.8017139,0.0263842494456657,2.84125,0.13935
"ensemble-094",1971,0.862391266984312,1806.3475,2094.58,30.4002694,0.0283811792263105,2.73325,0.140575
"ensemble-094",1972,0.85790669873757,1779.7875,2074.57,32.13696,0.0405753595720255,2.693,0.19345
"ensemble-094",1973,0.846386058328718,1703.9825,2013.245,54.0529821,0.0259524807923313,2.57825,0.16265
"ensemble-094",1974,0.836811207813682,1632.1375,1950.425,22.4444219,0.0396842616638762,2.4695,0.18325
"ensemble-094",1975,0.826942186000294,1587.4375,1919.6475,77.882389,0.0390409781373564,2.402,0.234875
"ensemble-094",1976,0.811725176072946,1527.405,1881.6775,26.436062,0.0418947985795623,2.31125,0.248075
"ensemble-094",1977,0.798072535142535,1512.7425,1895.495,61.406076,0.0516998420249464,2.28875,0.2764
"ensemble-094",1978,0.79035363155681,1554.92,1967.3725,9.6165174,0.0376526325980769,2.35275,0.2277
"ensemble-094",1979,0.778997260239619,1553.155,1993.7875,30.0492472,0.0501055782635558,2.35025,0.285775
"ensemble-094",1980,0.764236885031566,1534.3775,2007.725,48.959349,0.0452823396921296,2.32175,0.2815
"ensemble-094",1981,0.751360873009972,1465.18,1950.035,56.870447,0.0718491938068739,2.21675,0.2686
"ensemble-094",1982,0.741867201426025,1415.0375,1907.4,61.9246951,0.0877336037236157,2.14125,0.31975
"ensemble-094",1983,0.732395888121065,1406.4125,1920.29,49.554285,0.100900444964215,2.128,0.321025
"ensemble-094",1984,0.722043961863748,1451.9925,2010.9475,39.4430856,0.106663946717616,2.197,0.34685
"ensemble-094",1985,0.703567038577912,1488.185,2115.2,69.6072078,0.111547562357512,2.252,0.3619
"ensemble-094",1986,0.682807800422864,1475.0475,2160.2675,41.4840395,0.115694105468849,2.232,0.335025
"ensemble-094",1987,0.665144968057886,1471.9575,2212.9875,74.1023837,0.127606703636531,2.22725,0.42565
"ensemble-094",1988,0.645346732488349,1484.07,2299.6475,74.113699,0.116016080765307,2.24575,0.3745
"ensemble-094",1989,0.629775702883455,1479.8375,2349.785,64.2555435,0.101667707060377,2.23925,0.371125
"ensemble-094",1990,0.618970657114197,1539.575,2487.315,61.109295,0.132020817652191,2.32925,0.4488
"ensemble-094",1991,0.609340236486068,1597.39,2621.5075,32.806713,0.1530459783764,2.417,0.400925
"ensemble-094",1992,0.595731761335952,1613.885,2709.08,92.090386,0.144916023553782,2.442,0.50065
"ensemble-094",1993,0.575888559031742,1576.135,2736.875,30.199418,0.134207633690289,2.38475,0.437075
"ensemble-094",1994,0.558597296524982,1544.2925,2764.59,89.88851,0.126106784962944,2.33675,0.499
"ensemble-094",1995,0.542110426321121,1521.0575,2805.8075,42.6659241,0.133409956640645,2.3015,0.443025
"ensemble-094",1996,0.533545377665975,1492.105,2796.585,93.933237,0.164252797527503,2.2575,0.418975
"ensemble-094",1997,0.538405994740965,1539.755,2859.84,41.771795,0.186945646125194,2.33,0.521525
"ensemble-094",1998,0.529360427604099,1558.85,2944.78,86.409726,0.19692087739508,2.35875,0.602325
"ensemble-094",1999,0.514015645641199,1553.4825,3022.2475,57.994644,0.262324761744974,2.3505,0.63635
"ensemble-094",2000,0.492918281191474,1506.7945,3056.885,110.017787,0.252128053962801,2.28,0.609125
"ensemble-094",2001,0.474245145901222,1459.33175,3077.1675,44.475114,0.201541511118724,2.208,0.52275
"ensemble-094",2002,0.460745098752554,1456.44175,3161.0575,86.582364,0.189764628757238,2.204,0.64805
"ensemble-094",2003,0.447499819403309,1471.25075,3287.7125,46.027194,0.224640585080571,2.22625,0.578925
"ensemble-094",2004,0.43662715893759,1465.17775,3355.6725,97.692906,0.253297770692755,2.217,0.816125
"ensemble-094",2005,0.420533058322364,1420.07075,3376.835,51.240131,0.245234804769417,2.14875,0.6437
"ensemble-094",2006,0.409193068985466,1386.32975,3387.96,68.01918,0.262016694857239,2.0975,0.6929
"ensemble-094",2007,0.399601455591547,1369.623,3427.4725,69.5292938,0.269006701227716,2.07225,0.692525
"ensemble-094",2008,0.387066907881299,1326.517,3427.1,62.6511695,0.377612364213411,2.00725,0.73765
"ensemble-094",2009,0.373122616278383,1263.97525,3387.56,76.864942,0.298043311019635,1.9125,0.757425
"ensemble-094",2010,0.358123986898272,1202.42725,3357.5725,54.146796,0.232037628875418,1.81925,0.637825
"ensemble-094",2011,0.348651393848656,1171.3545,3359.6725,57.905181,0.302160504640607,1.7725,0.7878
"ensemble-094",2012,0.339610598296702,1141.275,3360.54,95.071887,0.292035458800572,1.72675,0.81215
"ensemble-094",2013,0.331040235932132,1097.237,3314.5125,82.597431,0.276331986454833,1.66025,0.75815
"ensemble-094",2014,0.329735955225228,1095.8115,3323.3,49.347674,0.312343279741808,1.658,0.826125
"ensemble-094",2015,0.333037938029141,1138.61175,3418.865,64.132638,0.26272202826455,1.72275,0.7275
"ensemble-094",2016,0.333365443213247,1161.056,3482.8325,72.623289,0.364845346537155,1.75675,0.7549
"ensemble-094",2017,0.330773523580976,1145.42075,3462.855,68.516951,0.253109120141384,1.733,0.635375
"ensemble-094",2018,0.32901865096182,1129.63125,3433.335,52.76955,0.289916093048292,1.70925,0.752075
"ensemble-094",2019,0.327071723653946,1120.87725,3427.0075,57.992676,0.198702252926134,1.696,0.673
"ensemble-094",2020,0.326524929265682,1113.66225,3410.65,60.464241,0.326538060153648,1.685,0.718675
"ensemble-094",2021,0.329002956890089,1105.9895,3361.64,53.149115,0.310654707261827,1.6735,0.699775
"ensemble-094",2022,0.328646822484356,1085.87375,3304.075,50.180886,0.410443707968461,1.643,0.76215
"ensemble-094",2023,0.321407160828334,1037.94425,3229.375,66.125838,0.441009530604652,1.5705,0.816775
"ensemble-094",2024,0.306261119946696,965.247,3151.7125,57.441325,0.322355076098994,1.46075,0.90905
"ensemble-095",1952,0.998483349345876,5222.3425,5230.275,187.0069,0.00395627620388155,9.6475,0.02755
"ensemble-095",1953,0.993353294330047,5352.195,5388.0075,176.448495,0.00387507726778794,9.88725,0.025705
"ensemble-095",1954,0.989602521425994,5451.51,5508.7875,178.329124,0.00304555043306953,10.07,0.017188
"ensemble-095",1955,0.986266169762466,5505.895,5582.565,131.850237,0.00451059548528583,10.17,0.0286425
"ensemble-095",1956,0.981754125552719,5489.65,5591.675,83.32587,0.00544013212260893,10.1425,0.0334625
"ensemble-095",1957,0.976569011603859,5489.27,5620.975,60.940931,0.00794490508520137,10.14,0.04676
"ensemble-095",1958,0.968210645536991,5283.0075,5456.465,163.329375,0.0107198515201244,9.75925,0.0700475
"ensemble-095",1959,0.957441615535267,4854.4875,5070.27,60.157643,0.00822062153714542,8.968,0.0661875
"ensemble-095",1960,0.947902058667441,4371.575,4611.8425,83.049379,0.00956295110298562,8.07575,0.0645975
"ensemble-095",1961,0.941866315483489,4123.0975,4377.5825,78.535495,0.00866003380846848,7.61675,0.06618
"ensemble-095",1962,0.935864561809583,3853.2375,4117.3025,83.861634,0.00839243332569467,7.11825,0.06593
"ensemble-095",1963,0.929502866211096,3587.5325,3859.625,62.780507,0.0113567250927644,6.6275,0.0881275
"ensemble-095",1964,0.92215097734636,3308.1175,3587.3925,81.024937,0.00760702263777074,6.1115,0.0685125
"ensemble-095",1965,0.919819795002297,3088.61,3357.8425,54.336459,0.00887050731296971,5.70575,0.0665475
"ensemble-095",1966,0.917779220523717,2915.6125,3176.8125,98.693973,0.00913649559701803,5.38625,0.0774725
"ensemble-095",1967,0.913184089415411,2719.88,2978.4575,43.4120242,0.0119766424592981,5.0245,0.0873225
"ensemble-095",1968,0.909236689321165,2528.835,2781.2725,59.0394068,0.00962326125859749,4.6715,0.0727275
"ensemble-095",1969,0.907642153557545,2426.3975,2673.2975,74.0028413,0.0116403981726693,4.48225,0.09272
"ensemble-095",1970,0.903788068788143,2297.305,2541.8625,71.2895391,0.0195373616678938,4.244,0.09081
"ensemble-095",1971,0.900400219518398,2186.21,2428.0425,50.6095806,0.0215051054038078,4.03875,0.0926025
"ensemble-095",1972,0.89624027992964,2137.43,2384.885,51.129833,0.0306610763897648,3.94875,0.128225
"ensemble-095",1973,0.886142647320974,2025.68,2285.9525,87.5217707,0.0191476221138566,3.74225,0.1086875
"ensemble-095",1974,0.877718053399619,1918.255,2185.5025,33.3807982,0.0308290584675722,3.54375,0.12355
"ensemble-095",1975,0.869143099839498,1851.9875,2130.82,123.218361,0.029017520122599,3.42125,0.15935
"ensemble-095",1976,0.85568168638367,1770.645,2069.28,42.94012,0.0315835359226306,3.27075,0.168725
"ensemble-095",1977,0.843735364976367,1747.57,2071.23,94.263063,0.0382230121326223,3.22825,0.18795
"ensemble-095",1978,0.837405828649555,1794.59,2143.035,14.547495,0.0291598240745402,3.31525,0.155525
"ensemble-095",1979,0.827774517739889,1784.4625,2155.735,46.179896,0.0389270814957583,3.2965,0.197275
"ensemble-095",1980,0.814756049647913,1752.3325,2150.745,74.106361,0.0360839823039336,3.23725,0.19615
"ensemble-095",1981,0.80314680690225,1654.7575,2060.3425,84.44908,0.0550647301295763,3.057,0.1881
"ensemble-095",1982,0.794494996533989,1584.515,1994.3675,91.107362,0.071244804692669,2.92725,0.22465
"ensemble-095",1983,0.786082987520683,1568.945,1995.9025,71.363857,0.0814202203720646,2.8985,0.2258
"ensemble-095",1984,0.776883337355314,1617.71,2082.3075,59.294134,0.0903899440693872,2.98825,0.245525
"ensemble-095",1985,0.7596508899458,1653.515,2176.6775,100.3922977,0.0921037919920182,3.0545,0.25705
"ensemble-095",1986,0.740010976137695,1628.1925,2200.2275,58.590741,0.0931641185496583,3.00775,0.238625
"ensemble-095",1987,0.723625894454383,1618.0275,2236,109.273004,0.108913055477818,2.989,0.304575
"ensemble-095",1988,0.705795561275394,1628.805,2307.7575,104.473287,0.0870919627558747,3.009,0.267225
"ensemble-095",1989,0.691217642383142,1615.2875,2336.8725,91.404185,0.0841668539287698,2.984,0.265925
"ensemble-095",1990,0.682300853575137,1683.62,2467.5625,86.092025,0.115629833873707,3.11025,0.321775
"ensemble-095",1991,0.674346429692594,1745.335,2588.1875,48.689085,0.132762843702127,3.22425,0.28955
"ensemble-095",1992,0.660902759225325,1756.435,2657.63,123.930973,0.125504886124389,3.24475,0.364075
"ensemble-095",1993,0.640471038130136,1703.2975,2659.445,47.916203,0.112629011249685,3.1465,0.320975
"ensemble-095",1994,0.621979294636145,1656.83,2663.8025,121.615005,0.11145111593247,3.061,0.369375
"ensemble-095",1995,0.604251121712319,1618.7525,2678.94,56.501869,0.118776578973949,2.9905,0.328775
"ensemble-095",1996,0.595039050804298,1574.9925,2646.8725,127.671067,0.140602173928165,2.90975,0.311825
"ensemble-095",1997,0.599661794343163,1617.925,2698.0625,51.245594,0.164467753301952,2.98875,0.39235
"ensemble-095",1998,0.589156363958591,1628.9275,2764.8475,115.567337,0.176130705567721,3.00925,0.456425
"ensemble-095",1999,0.572514699436207,1609.7725,2811.7575,78.515323,0.227317500811742,2.97375,0.488125
"ensemble-095",2000,0.54920305935696,1546.17,2815.2975,142.621263,0.22609298796046,2.8565,0.4685
"ensemble-095",2001,0.529047274388867,1481.995,2801.2525,58.187343,0.180680049387378,2.73775,0.4043
"ensemble-095",2002,0.514564873369276,1470.5325,2857.8175,112.345995,0.168498901361873,2.7165,0.504
"ensemble-095",2003,0.500575406079533,1481.0925,2958.78,61.982443,0.202377539582194,2.73625,0.453725
"ensemble-095",2004,0.488853297404647,1465.8425,2998.5325,125.513973,0.224124826317241,2.70775,0.645125
"ensemble-095",2005,0.471152777464403,1409.51125,2991.6225,65.364506,0.218643345963656,2.60375,0.5099
"ensemble-095",2006,0.459015733941917,1369.19,2982.8825,87.397781,0.237046930918237,2.52925,0.549325
"ensemble-095",2007,0.449201034039205,1348.85525,3002.7875,76.907544,0.230833809102233,2.49175,0.5545
"ensemble-095",2008,0.434619759322139,1296.3045,2982.6175,85.338913,0.316722820752298,2.39475,0.5982
"ensemble-095",2009,0.418382074558571,1221.10875,2918.645,95.607488,0.282111765321305,2.256,0.6172
"ensemble-095",2010,0.404234921253313,1151.733,2849.1675,65.34907,0.214144313458478,2.12775,0.521575
"ensemble-095",2011,0.394700025692029,1117.6395,2831.6175,66.302411,0.279788661218347,2.06475,0.64985
"ensemble-095",2012,0.384195361462049,1081.387,2814.68,123.17267,0.276015487588193,1.99775,0.675125
"ensemble-095",2013,0.373272033896765,1026.76125,2750.705,103.47529,0.261916480308328,1.897,0.6307
"ensemble-095",2014,0.37124640564131,1018.9795,2744.7525,62.808618,0.301809714893265,1.88225,0.688425
"ensemble-095",2015,0.374260505307754,1059.17875,2830.0575,80.087624,0.256542869630732,1.95675,0.6088
"ensemble-095",2016,0.37377302808162,1077.497,2882.7575,91.195203,0.357171878454422,1.99075,0.63535
"ensemble-095",2017,0.369451096957325,1055.5615,2857.1075,82.862036,0.240425461659521,1.95,0.538
"ensemble-095",2018,0.365532912310496,1033.1605,2826.45,67.722745,0.273119702600391,1.90875,0.639625
"ensemble-095",2019,0.361867148577124,1019.22325,2816.5675,71.433475,0.199884037068995,1.883,0.574775
"ensemble-095",2020,0.360759879751596,1008.341,2795.0475,81.294492,0.334497537236548,1.86275,0.6172
"ensemble-095",2021,0.363374692264442,998.5155,2747.895,65.320485,0.336128252573144,1.84475,0.600575
"ensemble-095",2022,0.363001042621321,978.335,2695.13,61.879405,0.391506992777497,1.8075,0.653425
"ensemble-095",2023,0.353723166315646,935.061,2643.4825,89.803362,0.416424478137885,1.7275,0.699575
"ensemble-095",2024,0.335799213285019,866.4795,2580.35,84.413977,0.29835609293019,1.60075,0.766975
"ensemble-098",1952,0.994979382031787,1830.18,1839.415,83.571004,0.00970291026934714,4.982,0.0718325
"ensemble-098",1953,0.979018828681042,1854.5725,1894.3175,61.43513,0.00941038146155603,5.04825,0.066525
"ensemble-098",1954,0.968519042067989,1875.6025,1936.5675,94.24362,0.00643819262918863,5.1055,0.045305
"ensemble-098",1955,0.959329608654669,1887.9175,1967.955,92.1290866,0.0101560958855471,5.139,0.073425
"ensemble-098",1956,0.947377377541412,1878.9075,1983.2725,55.2022213,0.0128149168536538,5.1145,0.0816425
"ensemble-098",1957,0.935328108630783,1912.8325,2045.0925,38.6344442,0.0184625481661319,5.207,0.10946
"ensemble-098",1958,0.915734033139056,1875.595,2048.1875,91.7053478,0.0236418713101088,5.1055,0.16027
"ensemble-098",1959,0.890900553994708,1745.635,1959.405,29.695255,0.0189663030699436,4.75175,0.1486475
"ensemble-098",1960,0.870000927016534,1595.4425,1833.84,66.2443633,0.0190977978096446,4.343,0.14909
"ensemble-098",1961,0.857859536473737,1525.7375,1778.54,34.9379047,0.0190995136194072,4.15325,0.1472
"ensemble-098",1962,0.846287342949866,1434.895,1695.5175,59.580932,0.0166100535788527,3.90575,0.142925
"ensemble-098",1963,0.835220917549519,1353.44,1620.4575,55.443726,0.0212325740962826,3.684,0.18545
"ensemble-098",1964,0.822228477155213,1263.4075,1536.565,41.7085163,0.0153558982554061,3.439,0.1392175
"ensemble-098",1965,0.822389642637853,1215.4775,1477.9825,36.4799283,0.0171736810426763,3.30875,0.1318
"ensemble-098",1966,0.823467202954205,1187.45,1442.0125,77.4997739,0.0161608971819675,3.2325,0.15005
"ensemble-098",1967,0.81797165634901,1134.0175,1386.3775,22.6232241,0.0218868396649888,3.08675,0.164475
"ensemble-098",1968,0.813555032616537,1076.915,1323.715,44.2142326,0.017469150613553,2.9315,0.136525
"ensemble-098",1969,0.814325369476989,1063.4275,1305.9,53.6706292,0.0204737268025689,2.89475,0.172325
"ensemble-098",1970,0.809092079080496,1021.59,1262.6375,38.1021782,0.0313152998456987,2.78075,0.1665
"ensemble-098",1971,0.80454909623041,984.1325,1223.21,33.9093921,0.0337665639244877,2.67875,0.171175
"ensemble-098",1972,0.798311014547828,966.3475,1210.49,34.815752,0.045057029178113,2.63075,0.237775
"ensemble-098",1973,0.780217065852186,908.12,1163.9325,48.229893,0.0308341567239688,2.472,0.203175
"ensemble-098",1974,0.767451037544422,855.7175,1115.0125,26.292538,0.0458815404723872,2.32925,0.229925
"ensemble-098",1975,0.753024400010125,818.065,1086.3725,71.083597,0.0424284140242618,2.22675,0.296475
"ensemble-098",1976,0.728656127888852,767.805,1053.7275,32.222903,0.0524404993539239,2.09,0.319825
"ensemble-098",1977,0.707293745940583,743.2225,1050.7975,55.3468393,0.0662979985963524,2.023,0.359125
"ensemble-098",1978,0.695258321875804,749.6675,1078.2575,8.63826,0.0541397459519515,2.04075,0.30065
"ensemble-098",1979,0.677996832277426,731.9925,1079.64,39.7865053,0.0664447295256519,1.9925,0.387
"ensemble-098",1980,0.653006232447287,702.78,1076.2225,41.33668,0.058754782155501,1.913,0.390075
"ensemble-098",1981,0.631264106165545,651.6855,1032.35,56.349801,0.0871945950396184,1.774,0.372775
"ensemble-098",1982,0.617603068072867,620.004,1003.8875,62.3336409,0.105345708439531,1.6875,0.43885
"ensemble-098",1983,0.605806104359763,613.412,1012.555,49.062769,0.127999765900195,1.6695,0.439225
"ensemble-098",1984,0.595705647371035,638.62475,1072.0475,53.4650731,0.144246105713784,1.73875,0.4777
"ensemble-098",1985,0.57292162822419,653.13925,1140.015,58.8494941,0.139309029945213,1.778,0.5008
"ensemble-098",1986,0.546428357915773,639.8075,1170.89,44.43545,0.153635283431697,1.74175,0.46375
"ensemble-098",1987,0.525621290263831,634.93475,1207.97,80.6640084,0.162040112147552,1.7285,0.5931
"ensemble-098",1988,0.502531745702143,635.27425,1264.1475,74.552753,0.154910250589852,1.7295,0.52045
"ensemble-098",1989,0.485430356534673,630.69175,1299.2425,58.4555483,0.141034760157836,1.71675,0.515625
"ensemble-098",1990,0.473440012734959,654.30475,1382.0225,55.427241,0.192314176530743,1.781,0.63115
"ensemble-098",1991,0.460010827625914,669.1375,1454.6125,77.90452,0.205691290197404,1.82175,0.580325
"ensemble-098",1992,0.442993012260625,664.546,1500.1275,62.6018327,0.270060925961328,1.809,0.72525
"ensemble-098",1993,0.417204700490653,631.77725,1514.31,49.073799,0.193904249145497,1.72,0.651325
"ensemble-098",1994,0.390102690163541,605.81875,1552.9725,77.797315,0.190216556932771,1.649,0.761575
"ensemble-098",1995,0.362207257679806,571.3575,1577.4325,34.916555,0.188280562186044,1.555,0.68385
"ensemble-098",1996,0.350761462543113,550.69725,1570.005,95.946458,0.205032616774239,1.499,0.645275
"ensemble-098",1997,0.359614786278149,575.01775,1598.9825,37.833231,0.295743758943741,1.565,0.8148
"ensemble-098",1998,0.34462246661574,562.79175,1633.0675,91.07309,0.275686743591413,1.532,0.9728
"ensemble-098",1999,0.321784533184282,535.402,1663.8525,77.580104,0.422106322665073,1.45725,1.061575
"ensemble-098",2000,0.293011492956743,493.70825,1684.945,87.181428,0.347891074704648,1.344,1.047925
"ensemble-098",2001,0.270627872618628,462.068,1707.3925,52.430821,0.293615562805153,1.25775,0.9101
"ensemble-098",2002,0.254177433983003,446.30825,1755.8925,73.36076,0.276909887706707,1.215,1.14825
"ensemble-098",2003,0.236378992208589,431.7155,1826.37,63.591411,0.317174717101831,1.175,1.049075
"ensemble-098",2004,0.224822838631302,419.176,1864.4725,91.916239,0.369407559814708,1.14075,1.47375
"ensemble-098",2005,0.20433561530628,383.24575,1875.57,62.295019,0.355520112812905,1.04325,1.19725
"ensemble-098",2006,0.195439004691693,370.846,1897.5025,61.968996,0.365076417556617,1.00925,1.28725
"ensemble-098",2007,0.187871154657637,365.0825,1943.26,73.173374,0.426136886927486,0.993725,1.31875
"ensemble-098",2008,0.178826455096666,350.37825,1959.32,78.650061,0.527589321442408,0.95375,1.43
"ensemble-098",2009,0.166208296369712,323.657,1947.2975,76.660052,0.400710502403887,0.881,1.4635
"ensemble-098",2010,0.15289494213185,298.8905,1954.875,57.651154,0.311206677375566,0.813625,1.212775
"ensemble-098",2011,0.149795874273626,298.123,1990.195,64.5036763,0.453990011714166,0.8115,1.505225
"ensemble-098",2012,0.143774926757266,289.296,2012.145,94.7363,0.376031525383417,0.7875,1.56875
"ensemble-098",2013,0.134881914135092,269.0965,1995.0525,89.086676,0.375095123749116,0.7325,1.438175
"ensemble-098",2014,0.134785431506364,270.92175,2010.0225,53.551357,0.45044106042677,0.737475,1.53675
"ensemble-098",2015,0.139005258807604,290.1005,2086.975,72.128065,0.361147235863823,0.78965,1.38
"ensemble-098",2016,0.140391369033738,301.01875,2144.14,69.947453,0.500652542562266,0.8194,1.43625
"ensemble-098",2017,0.139294885806427,297.92425,2138.8025,75.932675,0.346367375642951,0.810975,1.213475
"ensemble-098",2018,0.139340742003162,296.3795,2127.0125,59.169826,0.41535277581038,0.80675,1.4085
"ensemble-098",2019,0.138124511272529,293.219,2122.86,57.979697,0.293883296310479,0.798175,1.25025
"ensemble-098",2020,0.140080861132056,296.32075,2115.355,70.94173,0.464912419315891,0.8066,1.3249
"ensemble-098",2021,0.144739800026842,301.96775,2086.28,68.197579,0.470835286082324,0.822,1.314475
"ensemble-098",2022,0.146142212453072,300.521,2056.36,51.817582,0.617165313420966,0.81805,1.4265
"ensemble-098",2023,0.140835451612063,283.81125,2015.1975,74.376721,0.583060969872785,0.77255,1.5485
"ensemble-098",2024,0.124904749905506,247.84225,1984.25,60.328749,0.463415026700982,0.674625,1.761
"ensemble-099",1952,0.996631644324828,2406.99,2415.125,144.985065,0.00646874865722904,6.243,0.04777
"ensemble-099",1953,0.985618435466203,2447.33,2483.04,117.114633,0.00617556074338285,6.3475,0.044525
"ensemble-099",1954,0.978220534839746,2479.2975,2534.4975,159.586306,0.00425361764432685,6.4305,0.0294375
"ensemble-099",1955,0.972103604942959,2509.24,2581.2475,144.296326,0.00680590135364443,6.508,0.048085
"ensemble-099",1956,0.963952491148386,2514.94,2608.9875,84.838391,0.00856060378407621,6.52275,0.05488
"ensemble-099",1957,0.955090557674082,2559.7,2680.06,58.115504,0.0129739459115776,6.639,0.076605
"ensemble-099",1958,0.94001738352424,2484.755,2643.3075,160.827199,0.0169472556437816,6.4445,0.114695
"ensemble-099",1959,0.920508517701796,2279.1975,2476.02,55.935474,0.0125628057585122,5.911,0.1049675
"ensemble-099",1960,0.904939304505169,2060.4925,2276.94,105.0720272,0.0129719322854051,5.344,0.10145
"ensemble-099",1961,0.896970435897783,1986.35,2214.51,58.823712,0.0131152211052336,5.15175,0.1034775
"ensemble-099",1962,0.888627213360758,1877.185,2112.455,94.79456,0.0113685774355347,4.86875,0.101635
"ensemble-099",1963,0.879793487388424,1768,2009.5625,75.681921,0.0153928897508016,4.58525,0.1341475
"ensemble-099",1964,0.869120213666173,1643.3325,1890.8,68.7774419,0.0107497295089715,4.26225,0.1024775
"ensemble-099",1965,0.868135352335764,1560.6925,1797.7525,52.8966022,0.012588608556304,4.048,0.098325
"ensemble-099",1966,0.867424861126971,1500.2525,1729.5475,122.098192,0.011520646417081,3.89125,0.1132825
"ensemble-099",1967,0.861615119908479,1414.0375,1641.1475,30.8984965,0.0165333587559103,3.66775,0.124915
"ensemble-099",1968,0.85717766818575,1327.9225,1549.18,67.3872233,0.0125218575660007,3.444,0.1029475
"ensemble-099",1969,0.857255077623871,1301.3625,1518.0575,89.8643514,0.0142198551023892,3.375,0.1299675
"ensemble-099",1970,0.852813571273317,1245.7325,1460.7325,59.5016979,0.0241087535769558,3.231,0.124295
"ensemble-099",1971,0.849794935868928,1203.845,1416.63,58.066895,0.026594557992887,3.12225,0.1269275
"ensemble-099",1972,0.845491759702286,1192.7775,1410.75,59.811349,0.034690850955179,3.09375,0.175775
"ensemble-099",1973,0.831420407322688,1130.4075,1359.61,82.007647,0.0221543993479099,2.93175,0.1476
"ensemble-099",1974,0.821520723312364,1073.7625,1307.0425,41.695597,0.0361684696588,2.785,0.16695
"ensemble-099",1975,0.811253147206641,1043.16,1285.8625,124.838577,0.0306884169450855,2.70575,0.212125
"ensemble-099",1976,0.793462307940132,997.4575,1257.095,59.41982,0.0365495484073482,2.58725,0.222625
"ensemble-099",1977,0.77888171417567,990.905,1272.215,90.0088651,0.0465376180324667,2.57025,0.2483
"ensemble-099",1978,0.771860179299841,1023.695,1326.27,16.624107,0.0370567484219737,2.655,0.20535
"ensemble-099",1979,0.76010661928032,1018.045,1339.345,67.94557,0.0454168666183831,2.6405,0.26295
"ensemble-099",1980,0.742146430941534,995.3,1341.11,65.606111,0.0406981555195608,2.5815,0.2622
"ensemble-099",1981,0.72640425142305,932.22,1283.335,91.004317,0.062714625102868,2.4175,0.249075
"ensemble-099",1982,0.717207895734274,894.0875,1246.6225,102.325703,0.0747689795342411,2.319,0.292125
"ensemble-099",1983,0.709153346727796,892.1025,1257.9825,75.531323,0.0919633023302971,2.31375,0.291125
"ensemble-099",1984,0.701579636156075,934.1375,1331.4775,83.7273728,0.102994260766433,2.423,0.3169
"ensemble-099",1985,0.682633847771528,960.8225,1407.5225,95.9141319,0.101201383807797,2.49175,0.33085
"ensemble-099",1986,0.660245891601969,943.5475,1429.085,64.755101,0.108773477614017,2.447,0.30595
"ensemble-099",1987,0.642552493157897,939.7025,1462.4525,134.1058515,0.1155756983814,2.43725,0.3917
"ensemble-099",1988,0.623421627454076,947.551,1519.92,118.202547,0.106090073324313,2.45775,0.3386
"ensemble-099",1989,0.609013562027615,942.348,1547.335,92.658342,0.0961885616772718,2.444,0.333875
"ensemble-099",1990,0.600657930624837,991.0075,1649.87,90.307945,0.127166793086845,2.57025,0.405325
"ensemble-099",1991,0.591753757970581,1028.255,1737.64,103.326525,0.143506332512658,2.667,0.368
"ensemble-099",1992,0.578303318437882,1032.7225,1785.78,111.666923,0.171165255116622,2.67875,0.46015
"ensemble-099",1993,0.557049660683884,997.1175,1789.9975,71.979596,0.135121483443249,2.58625,0.404375
"ensemble-099",1994,0.536256686262688,971.7065,1812.0175,123.326764,0.124341664793005,2.52025,0.466275
"ensemble-099",1995,0.514200326619488,944.586,1837,57.654802,0.124944428701917,2.45,0.412675
"ensemble-099",1996,0.505450500861661,920.2295,1820.6125,154.217189,0.138597472132349,2.38675,0.3892
"ensemble-099",1997,0.515202415536905,957.65825,1858.8,58.149473,0.197486638598816,2.48375,0.4896
"ensemble-099",1998,0.504118804282547,959.02175,1902.3725,128.04598,0.198563289406057,2.4875,0.57305
"ensemble-099",1999,0.485817961547503,940.36625,1935.635,120.16429,0.276453348125668,2.43875,0.61845
"ensemble-099",2000,0.459029713776762,891.60325,1942.365,133.495218,0.235288363579629,2.31225,0.59615
"ensemble-099",2001,0.436968054285825,848.40625,1941.575,75.963257,0.201131266956641,2.2005,0.5136
"ensemble-099",2002,0.422519892863754,838.83825,1985.3225,114.261267,0.184973719404087,2.17575,0.643925
"ensemble-099",2003,0.406403895358453,835.477,2055.78,84.234801,0.216245820149699,2.16675,0.5847
"ensemble-099",2004,0.393799776497151,820.1855,2082.7475,137.904742,0.256480178711409,2.12725,0.82655
"ensemble-099",2005,0.373283856538986,774.45575,2074.71,81.359738,0.237622842335464,2.00875,0.659125
"ensemble-099",2006,0.362529667351615,751.137,2071.9325,89.018299,0.254665405878911,1.94825,0.718525
"ensemble-099",2007,0.351900475014296,736.9315,2094.1475,109.925117,0.281940870944541,1.91125,0.732
"ensemble-099",2008,0.339388365640285,703.9305,2074.115,97.179615,0.375327726163211,1.82575,0.7869
"ensemble-099",2009,0.324540368197849,659.08875,2030.8375,109.334871,0.286236574870502,1.7095,0.80665
"ensemble-099",2010,0.307138494834974,617.3215,2009.9125,80.916745,0.22558318007459,1.60125,0.6781
"ensemble-099",2011,0.299621748470179,603.59775,2014.5325,88.200231,0.306742187807079,1.56575,0.84485
"ensemble-099",2012,0.289993741906302,585.02975,2017.3875,138.28572,0.2727857101621,1.51725,0.866725
"ensemble-099",2013,0.280341158438817,555.12175,1980.165,123.191616,0.266320317033502,1.43975,0.79415
"ensemble-099",2014,0.281524519063401,560.0135,1989.2175,74.619517,0.32224017451557,1.4525,0.8579
"ensemble-099",2015,0.287072249317713,594.0465,2069.3275,99.591308,0.259809933781376,1.54075,0.764825
"ensemble-099",2016,0.287244518875824,608.89375,2119.775,98.461796,0.361646833281511,1.57925,0.7997
"ensemble-099",2017,0.284111776827284,596.65675,2100.0775,101.874765,0.243398288208744,1.5475,0.677125
"ensemble-099",2018,0.282214925962773,585.778,2075.645,82.553959,0.287387318662757,1.5195,0.80105
"ensemble-099",2019,0.278970861958513,575.90675,2064.3975,82.417804,0.201692872381075,1.49375,0.71825
"ensemble-099",2020,0.278725172736604,570.9065,2048.2775,90.614805,0.32607208120306,1.48075,0.767425
"ensemble-099",2021,0.282990540226702,569.65925,2012.9975,86.823218,0.312691401693682,1.4775,0.758525
"ensemble-099",2022,0.283430999102462,559.733,1974.8475,71.085801,0.438988966584771,1.45175,0.8247
"ensemble-099",2023,0.276482024165838,530.46325,1918.6175,106.025907,0.416696045740295,1.37575,0.879275
"ensemble-099",2024,0.259540175965585,486.8805,1875.935,92.230819,0.299833264476521,1.26275,0.96185
"ensemble-100",1952,0.992479362177253,1256.66,1266.1825,63.431409,0.0133799920392263,4.23025,0.0936275
"ensemble-100",1953,0.968966160461373,1259.6875,1300.0325,65.77843,0.0128960299537837,4.24075,0.087105
"ensemble-100",1954,0.954238563885478,1264.5975,1325.2425,72.699118,0.0100384987788659,4.257,0.0595075
"ensemble-100",1955,0.941784785302556,1265.415,1343.635,71.0270301,0.0133006209472522,4.2595,0.0939825
"ensemble-100",1956,0.925917994560303,1264.6975,1365.885,43.1010188,0.0168759215974497,4.25725,0.1035975
"ensemble-100",1957,0.911250277468508,1303.4,1430.3425,32.9685497,0.0240063556485639,4.38775,0.137795
"ensemble-100",1958,0.885867837695901,1281.9925,1447.16,68.9682835,0.0317882359080262,4.3155,0.202775
"ensemble-100",1959,0.853270982582741,1184.21,1387.8475,33.6071901,0.0233801536800686,3.9865,0.1872675
"ensemble-100",1960,0.826989167623443,1076.835,1302.115,41.8315245,0.0275825887659319,3.625,0.18755
"ensemble-100",1961,0.813710835432311,1037.0175,1274.43,43.0252762,0.0233933556568379,3.491,0.186125
"ensemble-100",1962,0.800243205722102,975.6025,1219.1325,45.353409,0.0222685342822372,3.28425,0.180275
"ensemble-100",1963,0.787859041303103,921.8975,1170.13,50.1534112,0.0268024329716143,3.1035,0.23155
"ensemble-100",1964,0.77293461164798,861.225,1114.2275,36.8494939,0.0190105581803133,2.89925,0.172925
"ensemble-100",1965,0.776437570769954,838.275,1079.6425,31.9204374,0.0215084618247244,2.822,0.161175
"ensemble-100",1966,0.7810141911514,830.345,1063.1625,62.1701093,0.0208432912294935,2.795,0.18225
"ensemble-100",1967,0.775871925424438,797.35,1027.6825,26.4031428,0.0262426855562872,2.684,0.19865
"ensemble-100",1968,0.772161103481826,761.8875,986.695,39.844873,0.0213167711086062,2.56475,0.163075
"ensemble-100",1969,0.77588600546173,762.855,983.205,43.5716412,0.0253587417792994,2.568,0.204475
"ensemble-100",1970,0.771140625694062,737.81,956.7775,40.691382,0.0375391309967832,2.48375,0.196075
"ensemble-100",1971,0.767349018030699,715.505,932.4375,28.7372761,0.0431606670557633,2.40875,0.198975
"ensemble-100",1972,0.762474750451411,711.53,933.185,31.171458,0.0587959890933319,2.39525,0.2743
"ensemble-100",1973,0.741697131044331,670.0325,903.3775,48.760111,0.0372254208620431,2.25575,0.23325
"ensemble-100",1974,0.728124892561226,635.3545,872.59,22.6652676,0.0576750827839356,2.13875,0.261225
"ensemble-100",1975,0.71322935224322,612.5285,858.81,70.237144,0.0531213046167174,2.06225,0.335675
"ensemble-100",1976,0.686188591662451,576.5185,840.175,24.7089469,0.0639031532892881,1.941,0.3569
"ensemble-100",1977,0.664392240528299,563.65875,848.3825,55.8455403,0.079412706776567,1.8975,0.39675
"ensemble-100",1978,0.65445492320565,576.84475,881.4125,7.0503598,0.0631457731528276,1.94175,0.33235
"ensemble-100",1979,0.636222578617593,564.30875,886.9675,30.0094477,0.0816351686619514,1.8995,0.429
"ensemble-100",1980,0.609134257273774,539.7295,886.06,44.302487,0.0698690697008822,1.81675,0.436975
"ensemble-100",1981,0.585003798639585,494.73625,845.6975,55.60953,0.10223413598327,1.6655,0.417
"ensemble-100",1982,0.571124552584443,469.5115,822.0825,58.5188906,0.125976161674704,1.58075,0.484625
"ensemble-100",1983,0.561509867653133,469.032,835.305,49.723302,0.15012400574055,1.579,0.4772
"ensemble-100",1984,0.555511630763733,497.444,895.47,47.9447946,0.170687687663431,1.6745,0.51545
"ensemble-100",1985,0.533784817039869,513.114,961.275,57.9830504,0.158471645745264,1.7275,0.5383
"ensemble-100",1986,0.507149360754433,502.69025,991.2075,44.7130641,0.176065713370226,1.69225,0.49455
"ensemble-100",1987,0.489283891322208,503.2505,1028.545,75.6266297,0.19297318397253,1.694,0.628925
"ensemble-100",1988,0.468490097580692,507.11125,1082.4375,68.176228,0.170204517490935,1.707,0.547275
"ensemble-100",1989,0.4535635489673,506.23475,1116.1275,64.1022453,0.148499708541605,1.70425,0.535075
"ensemble-100",1990,0.445794449157678,533.34625,1196.395,59.610526,0.208620878734656,1.7955,0.653075
"ensemble-100",1991,0.435413448666461,549.679,1262.43,60.440696,0.239440699871183,1.85025,0.601525
"ensemble-100",1992,0.418746852910313,544.708,1300.805,76.271068,0.272321221528498,1.8335,0.75545
"ensemble-100",1993,0.391358055276583,513.406,1311.8575,42.129811,0.219798148906653,1.72825,0.67415
"ensemble-100",1994,0.368382400752035,495.72575,1345.6825,84.333215,0.217869516987639,1.66875,0.780225
"ensemble-100",1995,0.342738589211618,469.3745,1369.4825,32.222018,0.2173595071658,1.58,0.701975
"ensemble-100",1996,0.333607741428647,454.38125,1362.0225,96.245947,0.238481654418817,1.5295,0.6558
"ensemble-100",1997,0.346201388776368,480.7465,1388.6325,37.556532,0.325278579297661,1.6185,0.8222
"ensemble-100",1998,0.330928367154542,471.25275,1424.0325,96.381917,0.306871037622556,1.5865,0.98015
"ensemble-100",1999,0.307455697443776,446.8,1453.2175,64.373575,0.488506383109021,1.504,1.073
"ensemble-100",2000,0.27831610505182,410.327,1474.32,101.195467,0.380645194249228,1.3815,1.0599
"ensemble-100",2001,0.256023557165444,382.56,1494.2375,46.381015,0.325236528748776,1.28775,0.91125
"ensemble-100",2002,0.241746626127193,372.50375,1540.885,82.373464,0.292666779851803,1.25425,1.135
"ensemble-100",2003,0.226746358851325,364.33775,1606.8075,58.752498,0.353119282517506,1.2265,1.03045
"ensemble-100",2004,0.217958575191454,357.4695,1640.08,94.940385,0.385403940848644,1.2035,1.437
"ensemble-100",2005,0.197710405906749,325.48125,1646.2525,60.107273,0.391725807864539,1.0955,1.16525
"ensemble-100",2006,0.192160361306396,319.322,1661.7475,69.447016,0.379028833425303,1.075,1.238
"ensemble-100",2007,0.186969108129649,317.2805,1696.9675,68.187371,0.443116646179059,1.06825,1.26625
"ensemble-100",2008,0.178636287166734,305.27825,1708.9375,81.735629,0.559763453233293,1.0275,1.37525
"ensemble-100",2009,0.167306819676687,282.9815,1691.3925,77.245532,0.434431313852535,0.952625,1.399
"ensemble-100",2010,0.155379114460725,262.036,1686.43,58.045965,0.320495207948443,0.8821,1.148325
"ensemble-100",2011,0.154857769518461,265.82575,1716.58,64.411972,0.473844777554251,0.894875,1.420825
"ensemble-100",2012,0.149844621565747,259.299,1730.4525,91.688443,0.41316467977287,0.872875,1.47225
"ensemble-100",2013,0.141806334746135,241.8975,1705.83,90.249067,0.384667200063349,0.814325,1.345325
"ensemble-100",2014,0.14385165613844,246.9095,1716.4175,52.903128,0.465210610720693,0.8312,1.4375
"ensemble-100",2015,0.149201591467123,264.94025,1775.72,71.803165,0.374997267232166,0.8919,1.302175
"ensemble-100",2016,0.150837941817911,273.36775,1812.3275,71.608736,0.524114597648348,0.92025,1.3571
"ensemble-100",2017,0.14943146889702,267.996,1793.4375,75.063827,0.361279227216827,0.902175,1.147825
"ensemble-100",2018,0.150148496237954,266.55825,1775.2975,57.165621,0.415460020911374,0.8973,1.326325
"ensemble-100",2019,0.149551133969898,264.458,1768.345,62.383538,0.293150936181297,0.89025,1.175675
"ensemble-100",2020,0.152728203159982,268.605,1758.7125,71.676877,0.4736130091732,0.9042,1.237625
"ensemble-100",2021,0.158870803559439,275.07725,1731.4525,64.91181,0.478545587314057,0.925975,1.22325
"ensemble-100",2022,0.161540239739806,276.02825,1708.7275,53.794586,0.64566386339621,0.9292,1.322275
"ensemble-100",2023,0.156893021808997,262.27375,1671.6725,69.814216,0.600716191842557,0.882875,1.44275
"ensemble-100",2024,0.138614799604533,227.83075,1643.625,57.556239,0.499999970158275,0.766975,1.67575
