"ensemble_id","Component","Value"
"ensemble-001","Tag",6397.57259380988
"ensemble-001","Length frequency",89023.3767932428
"ensemble-001","Weight frequency",0
"ensemble-001","Age",3578.68640699919
"ensemble-001","CPUE",-1067.2647620273
"ensemble-001","Catch",0
"ensemble-001","Average Regional Biomass Distribution Penalty Contribution",0
"ensemble-001","Average Regional Recruitment Distribution Penalty Contribution",2.27373675443e-12
"ensemble-001","Do Everything Calc Penalty Contribution",1.53146672784
"ensemble-001","Effort dev penalty",0
"ensemble-001","Implicit Fm Level Regression Coefficients Penalty Contribution",0
"ensemble-001","Implicit Fm Level Regression Penalty Contribution",0
"ensemble-001","Incident Selectivity Curvature Penalty",2.89956066625
"ensemble-001","Initial Population Age Composition Penalty Contribution",1.20718458438
"ensemble-001","Initial Population Recruitment Penalty Contribution",2.40950546122e-08
"ensemble-001","Kludged Equilibrium Survival Penalty Contribution",0
"ensemble-001","Maximum Age Lag Fishing Mortality Penalty (all Fisheries)",0
"ensemble-001","Maximum Fishing Mortality Penalty (all Fisheries)",0
"ensemble-001","Mean length penalty",0
"ensemble-001","Movement Diffusion Coefficients Penalty Contribution",0.0458742859012
"ensemble-001","Non Spline Selectivity Curvature Penalty (all Fisheries)",0
"ensemble-001","Normal Distribution Temporal Recruitment Deviates Penalty Contribution",0
"ensemble-001","Orthogonal Polynomial Recruitment Penalty by Level:",0
"ensemble-001","Overall Mean Selectivity Penalty",0
"ensemble-001","Q dev penalty",0
"ensemble-001","Regional Recruitment Deviates Penalty Contribution",130.006385333
"ensemble-001","Regional Recruitment Distribution Penalty Contribution",0.187435457513
"ensemble-001","Reset Penalty Contribution",0.000219458
"ensemble-001","Seasonal Catchability Penalty Contribution",0
"ensemble-001","Selectivity Deviations Penalty",0
"ensemble-001","Selectivity Form Penalty (all Fisheries)",0.300842296242
"ensemble-001","Spline Selectivity Bound Penalty (all Fisheries)",0
"ensemble-001","Steepness prior",0.33161875468
"ensemble-001","Tagged Fish Reporting Rate Penalty Contribution",94.8193500022
"ensemble-001","Temporal Recruitment Deviates Curve Penalty Contribution",0
"ensemble-001","Temporal Recruitment Deviates Penalty Contribution",0
"ensemble-001","Temporal Recruitment Deviates Trend Penalty Contribution",0
"ensemble-001","Time Block Mean Selectivity Penalty",7.58830708492e-07
"ensemble-001","von Bertalanffy Deviates Penalty Contribution",0
"ensemble-001","Unclassified objective residual",69.3275491548848
"ensemble-002","Tag",7201.12654068414
"ensemble-002","Length frequency",80732.0282376478
"ensemble-002","Weight frequency",0
"ensemble-002","Age",3597.49479591516
"ensemble-002","CPUE",-1070.522181469
"ensemble-002","Catch",0
"ensemble-002","Average Regional Biomass Distribution Penalty Contribution",0
"ensemble-002","Average Regional Recruitment Distribution Penalty Contribution",4.29034514582e-08
"ensemble-002","Do Everything Calc Penalty Contribution",0.153467250576
"ensemble-002","Effort dev penalty",0
"ensemble-002","Implicit Fm Level Regression Coefficients Penalty Contribution",0
"ensemble-002","Implicit Fm Level Regression Penalty Contribution",0
"ensemble-002","Incident Selectivity Curvature Penalty",2.91778954667
"ensemble-002","Initial Population Age Composition Penalty Contribution",1.27935346581
"ensemble-002","Initial Population Recruitment Penalty Contribution",5.95651796993e-08
"ensemble-002","Kludged Equilibrium Survival Penalty Contribution",0
"ensemble-002","Maximum Age Lag Fishing Mortality Penalty (all Fisheries)",0
"ensemble-002","Maximum Fishing Mortality Penalty (all Fisheries)",0
"ensemble-002","Mean length penalty",0
"ensemble-002","Movement Diffusion Coefficients Penalty Contribution",0.0484714849971
"ensemble-002","Non Spline Selectivity Curvature Penalty (all Fisheries)",0
"ensemble-002","Normal Distribution Temporal Recruitment Deviates Penalty Contribution",0
"ensemble-002","Orthogonal Polynomial Recruitment Penalty by Level:",0
"ensemble-002","Overall Mean Selectivity Penalty",0
"ensemble-002","Q dev penalty",0
"ensemble-002","Regional Recruitment Deviates Penalty Contribution",152.850678648
"ensemble-002","Regional Recruitment Distribution Penalty Contribution",0.180339248635
"ensemble-002","Reset Penalty Contribution",0.000244632
"ensemble-002","Seasonal Catchability Penalty Contribution",0
"ensemble-002","Selectivity Deviations Penalty",0
"ensemble-002","Selectivity Form Penalty (all Fisheries)",0.426273182267
"ensemble-002","Spline Selectivity Bound Penalty (all Fisheries)",0
"ensemble-002","Steepness prior",0.373211784805
"ensemble-002","Tagged Fish Reporting Rate Penalty Contribution",89.8375121818
"ensemble-002","Temporal Recruitment Deviates Curve Penalty Contribution",0
"ensemble-002","Temporal Recruitment Deviates Penalty Contribution",0
"ensemble-002","Temporal Recruitment Deviates Trend Penalty Contribution",0
"ensemble-002","Time Block Mean Selectivity Penalty",9.58572570653e-07
"ensemble-002","von Bertalanffy Deviates Penalty Contribution",0
"ensemble-002","Unclassified objective residual",84.9555605820642
"ensemble-003","Tag",7601.00503189043
"ensemble-003","Length frequency",85347.9801433095
"ensemble-003","Weight frequency",0
"ensemble-003","Age",3526.53787867336
"ensemble-003","CPUE",-1054.1866960793
"ensemble-003","Catch",0
"ensemble-003","Average Regional Biomass Distribution Penalty Contribution",0
"ensemble-003","Average Regional Recruitment Distribution Penalty Contribution",7.46300088394e-09
"ensemble-003","Do Everything Calc Penalty Contribution",0.313289714745
"ensemble-003","Effort dev penalty",0
"ensemble-003","Implicit Fm Level Regression Coefficients Penalty Contribution",0
"ensemble-003","Implicit Fm Level Regression Penalty Contribution",0
"ensemble-003","Incident Selectivity Curvature Penalty",3.89437554208
"ensemble-003","Initial Population Age Composition Penalty Contribution",1.69930205318
"ensemble-003","Initial Population Recruitment Penalty Contribution",1.16283760124e-07
"ensemble-003","Kludged Equilibrium Survival Penalty Contribution",0
"ensemble-003","Maximum Age Lag Fishing Mortality Penalty (all Fisheries)",0
"ensemble-003","Maximum Fishing Mortality Penalty (all Fisheries)",0
"ensemble-003","Mean length penalty",0
"ensemble-003","Movement Diffusion Coefficients Penalty Contribution",0.054235397348
"ensemble-003","Non Spline Selectivity Curvature Penalty (all Fisheries)",0
"ensemble-003","Normal Distribution Temporal Recruitment Deviates Penalty Contribution",0
"ensemble-003","Orthogonal Polynomial Recruitment Penalty by Level:",0
"ensemble-003","Overall Mean Selectivity Penalty",0
"ensemble-003","Q dev penalty",0
"ensemble-003","Regional Recruitment Deviates Penalty Contribution",142.104581788
"ensemble-003","Regional Recruitment Distribution Penalty Contribution",0.127802273946
"ensemble-003","Reset Penalty Contribution",0.000239125
"ensemble-003","Seasonal Catchability Penalty Contribution",0
"ensemble-003","Selectivity Deviations Penalty",0
"ensemble-003","Selectivity Form Penalty (all Fisheries)",0.389024681147
"ensemble-003","Spline Selectivity Bound Penalty (all Fisheries)",0
"ensemble-003","Steepness prior",0.671707965314
"ensemble-003","Tagged Fish Reporting Rate Penalty Contribution",17.0366032241
"ensemble-003","Temporal Recruitment Deviates Curve Penalty Contribution",0
"ensemble-003","Temporal Recruitment Deviates Penalty Contribution",0
"ensemble-003","Temporal Recruitment Deviates Trend Penalty Contribution",0
"ensemble-003","Time Block Mean Selectivity Penalty",1.8863025673e-05
"ensemble-003","von Bertalanffy Deviates Penalty Contribution",0
"ensemble-003","Unclassified objective residual",90.4125935583288
"ensemble-004","Tag",6709.81276701658
"ensemble-004","Length frequency",84845.4080049656
"ensemble-004","Weight frequency",0
"ensemble-004","Age",3499.7319333074
"ensemble-004","CPUE",-1070.0903247209
"ensemble-004","Catch",0
"ensemble-004","Average Regional Biomass Distribution Penalty Contribution",0
"ensemble-004","Average Regional Recruitment Distribution Penalty Contribution",3.013838068e-09
"ensemble-004","Do Everything Calc Penalty Contribution",1.10069290946
"ensemble-004","Effort dev penalty",0
"ensemble-004","Implicit Fm Level Regression Coefficients Penalty Contribution",0
"ensemble-004","Implicit Fm Level Regression Penalty Contribution",0
"ensemble-004","Incident Selectivity Curvature Penalty",3.33416785783
"ensemble-004","Initial Population Age Composition Penalty Contribution",0.919369097947
"ensemble-004","Initial Population Recruitment Penalty Contribution",3.44478618597e-07
"ensemble-004","Kludged Equilibrium Survival Penalty Contribution",0
"ensemble-004","Maximum Age Lag Fishing Mortality Penalty (all Fisheries)",0
"ensemble-004","Maximum Fishing Mortality Penalty (all Fisheries)",0
"ensemble-004","Mean length penalty",0
"ensemble-004","Movement Diffusion Coefficients Penalty Contribution",0.0576183531369
"ensemble-004","Non Spline Selectivity Curvature Penalty (all Fisheries)",0
"ensemble-004","Normal Distribution Temporal Recruitment Deviates Penalty Contribution",0
"ensemble-004","Orthogonal Polynomial Recruitment Penalty by Level:",0
"ensemble-004","Overall Mean Selectivity Penalty",0
"ensemble-004","Q dev penalty",0
"ensemble-004","Regional Recruitment Deviates Penalty Contribution",144.12021465
"ensemble-004","Regional Recruitment Distribution Penalty Contribution",0.175011855615
"ensemble-004","Reset Penalty Contribution",0.000225576
"ensemble-004","Seasonal Catchability Penalty Contribution",0
"ensemble-004","Selectivity Deviations Penalty",0
"ensemble-004","Selectivity Form Penalty (all Fisheries)",0.336768841306
"ensemble-004","Spline Selectivity Bound Penalty (all Fisheries)",0
"ensemble-004","Steepness prior",0.335237812134
"ensemble-004","Tagged Fish Reporting Rate Penalty Contribution",149.431650639
"ensemble-004","Temporal Recruitment Deviates Curve Penalty Contribution",0
"ensemble-004","Temporal Recruitment Deviates Penalty Contribution",0
"ensemble-004","Temporal Recruitment Deviates Trend Penalty Contribution",0
"ensemble-004","Time Block Mean Selectivity Penalty",3.92688264128e-07
"ensemble-004","von Bertalanffy Deviates Penalty Contribution",0
"ensemble-004","Unclassified objective residual",63.954242095715
"ensemble-005","Tag",7641.3881324176
"ensemble-005","Length frequency",90047.8750937039
"ensemble-005","Weight frequency",0
"ensemble-005","Age",3486.3117401395
"ensemble-005","CPUE",-1046.433780691
"ensemble-005","Catch",0
"ensemble-005","Average Regional Biomass Distribution Penalty Contribution",0
"ensemble-005","Average Regional Recruitment Distribution Penalty Contribution",1.00020542959e-08
"ensemble-005","Do Everything Calc Penalty Contribution",0.264815797253
"ensemble-005","Effort dev penalty",0
"ensemble-005","Implicit Fm Level Regression Coefficients Penalty Contribution",0
"ensemble-005","Implicit Fm Level Regression Penalty Contribution",0
"ensemble-005","Incident Selectivity Curvature Penalty",3.45251917161
"ensemble-005","Initial Population Age Composition Penalty Contribution",1.48882751468
"ensemble-005","Initial Population Recruitment Penalty Contribution",4.2637212507e-09
"ensemble-005","Kludged Equilibrium Survival Penalty Contribution",0
"ensemble-005","Maximum Age Lag Fishing Mortality Penalty (all Fisheries)",0
"ensemble-005","Maximum Fishing Mortality Penalty (all Fisheries)",0
"ensemble-005","Mean length penalty",0
"ensemble-005","Movement Diffusion Coefficients Penalty Contribution",0.0491244598949
"ensemble-005","Non Spline Selectivity Curvature Penalty (all Fisheries)",0
"ensemble-005","Normal Distribution Temporal Recruitment Deviates Penalty Contribution",0
"ensemble-005","Orthogonal Polynomial Recruitment Penalty by Level:",0
"ensemble-005","Overall Mean Selectivity Penalty",0
"ensemble-005","Q dev penalty",0
"ensemble-005","Regional Recruitment Deviates Penalty Contribution",144.467758585
"ensemble-005","Regional Recruitment Distribution Penalty Contribution",0.144909482756
"ensemble-005","Reset Penalty Contribution",0.000236428
"ensemble-005","Seasonal Catchability Penalty Contribution",0
"ensemble-005","Selectivity Deviations Penalty",0
"ensemble-005","Selectivity Form Penalty (all Fisheries)",0.252990568871
"ensemble-005","Spline Selectivity Bound Penalty (all Fisheries)",0
"ensemble-005","Steepness prior",0.530260478297
"ensemble-005","Tagged Fish Reporting Rate Penalty Contribution",31.6833921362
"ensemble-005","Temporal Recruitment Deviates Curve Penalty Contribution",0
"ensemble-005","Temporal Recruitment Deviates Penalty Contribution",0
"ensemble-005","Temporal Recruitment Deviates Trend Penalty Contribution",0
"ensemble-005","Time Block Mean Selectivity Penalty",2.21779430376e-08
"ensemble-005","von Bertalanffy Deviates Penalty Contribution",0
"ensemble-005","Unclassified objective residual",80.5272733800084
"ensemble-006","Tag",7373.10566396858
"ensemble-006","Length frequency",79844.2505587789
"ensemble-006","Weight frequency",0
"ensemble-006","Age",3604.74283702582
"ensemble-006","CPUE",-1050.1338442431
"ensemble-006","Catch",0
"ensemble-006","Average Regional Biomass Distribution Penalty Contribution",0
"ensemble-006","Average Regional Recruitment Distribution Penalty Contribution",5.03858075263e-08
"ensemble-006","Do Everything Calc Penalty Contribution",0.733147970732
"ensemble-006","Effort dev penalty",0
"ensemble-006","Implicit Fm Level Regression Coefficients Penalty Contribution",0
"ensemble-006","Implicit Fm Level Regression Penalty Contribution",0
"ensemble-006","Incident Selectivity Curvature Penalty",3.35645126908
"ensemble-006","Initial Population Age Composition Penalty Contribution",1.78041760596
"ensemble-006","Initial Population Recruitment Penalty Contribution",2.28829869295e-08
"ensemble-006","Kludged Equilibrium Survival Penalty Contribution",0
"ensemble-006","Maximum Age Lag Fishing Mortality Penalty (all Fisheries)",0
"ensemble-006","Maximum Fishing Mortality Penalty (all Fisheries)",0
"ensemble-006","Mean length penalty",0
"ensemble-006","Movement Diffusion Coefficients Penalty Contribution",0.0475701065709
"ensemble-006","Non Spline Selectivity Curvature Penalty (all Fisheries)",0
"ensemble-006","Normal Distribution Temporal Recruitment Deviates Penalty Contribution",0
"ensemble-006","Orthogonal Polynomial Recruitment Penalty by Level:",0
"ensemble-006","Overall Mean Selectivity Penalty",0
"ensemble-006","Q dev penalty",0
"ensemble-006","Regional Recruitment Deviates Penalty Contribution",143.512534207
"ensemble-006","Regional Recruitment Distribution Penalty Contribution",0.164503242255
"ensemble-006","Reset Penalty Contribution",0.000220759
"ensemble-006","Seasonal Catchability Penalty Contribution",0
"ensemble-006","Selectivity Deviations Penalty",0
"ensemble-006","Selectivity Form Penalty (all Fisheries)",1.38963633951
"ensemble-006","Spline Selectivity Bound Penalty (all Fisheries)",0
"ensemble-006","Steepness prior",0.666633770883
"ensemble-006","Tagged Fish Reporting Rate Penalty Contribution",19.5672580444
"ensemble-006","Temporal Recruitment Deviates Curve Penalty Contribution",0
"ensemble-006","Temporal Recruitment Deviates Penalty Contribution",0
"ensemble-006","Temporal Recruitment Deviates Trend Penalty Contribution",0
"ensemble-006","Time Block Mean Selectivity Penalty",5.70606744077e-07
"ensemble-006","von Bertalanffy Deviates Penalty Contribution",0
"ensemble-006","Unclassified objective residual",96.7005299508746
"ensemble-007","Tag",7793.82396881964
"ensemble-007","Length frequency",83567.4365084129
"ensemble-007","Weight frequency",0
"ensemble-007","Age",3529.6526444603
"ensemble-007","CPUE",-1044.5456677953
"ensemble-007","Catch",0
"ensemble-007","Average Regional Biomass Distribution Penalty Contribution",0
"ensemble-007","Average Regional Recruitment Distribution Penalty Contribution",2.05929495678e-09
"ensemble-007","Do Everything Calc Penalty Contribution",0.386653927934
"ensemble-007","Effort dev penalty",0
"ensemble-007","Implicit Fm Level Regression Coefficients Penalty Contribution",0
"ensemble-007","Implicit Fm Level Regression Penalty Contribution",0
"ensemble-007","Incident Selectivity Curvature Penalty",3.98716856555
"ensemble-007","Initial Population Age Composition Penalty Contribution",1.04468046141
"ensemble-007","Initial Population Recruitment Penalty Contribution",3.36864330264e-08
"ensemble-007","Kludged Equilibrium Survival Penalty Contribution",0
"ensemble-007","Maximum Age Lag Fishing Mortality Penalty (all Fisheries)",0
"ensemble-007","Maximum Fishing Mortality Penalty (all Fisheries)",0
"ensemble-007","Mean length penalty",0
"ensemble-007","Movement Diffusion Coefficients Penalty Contribution",0.0479492015612
"ensemble-007","Non Spline Selectivity Curvature Penalty (all Fisheries)",0
"ensemble-007","Normal Distribution Temporal Recruitment Deviates Penalty Contribution",0
"ensemble-007","Orthogonal Polynomial Recruitment Penalty by Level:",0
"ensemble-007","Overall Mean Selectivity Penalty",0
"ensemble-007","Q dev penalty",0
"ensemble-007","Regional Recruitment Deviates Penalty Contribution",144.765457574
"ensemble-007","Regional Recruitment Distribution Penalty Contribution",0.149360429853
"ensemble-007","Reset Penalty Contribution",0.000247754
"ensemble-007","Seasonal Catchability Penalty Contribution",0
"ensemble-007","Selectivity Deviations Penalty",0
"ensemble-007","Selectivity Form Penalty (all Fisheries)",0.173613160745
"ensemble-007","Spline Selectivity Bound Penalty (all Fisheries)",0
"ensemble-007","Steepness prior",0.354240428451
"ensemble-007","Tagged Fish Reporting Rate Penalty Contribution",79.9029852737
"ensemble-007","Temporal Recruitment Deviates Curve Penalty Contribution",0
"ensemble-007","Temporal Recruitment Deviates Penalty Contribution",0
"ensemble-007","Temporal Recruitment Deviates Trend Penalty Contribution",0
"ensemble-007","Time Block Mean Selectivity Penalty",5.11895734689e-08
"ensemble-007","von Bertalanffy Deviates Penalty Contribution",0
"ensemble-007","Unclassified objective residual",66.0767135174392
"ensemble-008","Tag",6664.36816057473
"ensemble-008","Length frequency",80555.9085722517
"ensemble-008","Weight frequency",0
"ensemble-008","Age",3636.29495028931
"ensemble-008","CPUE",-1068.5168038395
"ensemble-008","Catch",0
"ensemble-008","Average Regional Biomass Distribution Penalty Contribution",0
"ensemble-008","Average Regional Recruitment Distribution Penalty Contribution",2.01521288545e-08
"ensemble-008","Do Everything Calc Penalty Contribution",2.60902802015
"ensemble-008","Effort dev penalty",0
"ensemble-008","Implicit Fm Level Regression Coefficients Penalty Contribution",0
"ensemble-008","Implicit Fm Level Regression Penalty Contribution",0
"ensemble-008","Incident Selectivity Curvature Penalty",3.20494895335
"ensemble-008","Initial Population Age Composition Penalty Contribution",1.29006833503
"ensemble-008","Initial Population Recruitment Penalty Contribution",1.57348851586e-08
"ensemble-008","Kludged Equilibrium Survival Penalty Contribution",0
"ensemble-008","Maximum Age Lag Fishing Mortality Penalty (all Fisheries)",0
"ensemble-008","Maximum Fishing Mortality Penalty (all Fisheries)",0
"ensemble-008","Mean length penalty",0
"ensemble-008","Movement Diffusion Coefficients Penalty Contribution",0.0649725500895
"ensemble-008","Non Spline Selectivity Curvature Penalty (all Fisheries)",0
"ensemble-008","Normal Distribution Temporal Recruitment Deviates Penalty Contribution",0
"ensemble-008","Orthogonal Polynomial Recruitment Penalty by Level:",0
"ensemble-008","Overall Mean Selectivity Penalty",0
"ensemble-008","Q dev penalty",0
"ensemble-008","Regional Recruitment Deviates Penalty Contribution",139.143627198
"ensemble-008","Regional Recruitment Distribution Penalty Contribution",0.166379955801
"ensemble-008","Reset Penalty Contribution",0.000222033
"ensemble-008","Seasonal Catchability Penalty Contribution",0
"ensemble-008","Selectivity Deviations Penalty",0
"ensemble-008","Selectivity Form Penalty (all Fisheries)",0.426582564011
"ensemble-008","Spline Selectivity Bound Penalty (all Fisheries)",0
"ensemble-008","Steepness prior",0.404213871942
"ensemble-008","Tagged Fish Reporting Rate Penalty Contribution",72.7268227967
"ensemble-008","Temporal Recruitment Deviates Curve Penalty Contribution",0
"ensemble-008","Temporal Recruitment Deviates Penalty Contribution",0
"ensemble-008","Temporal Recruitment Deviates Trend Penalty Contribution",0
"ensemble-008","Time Block Mean Selectivity Penalty",2.30951343383e-07
"ensemble-008","von Bertalanffy Deviates Penalty Contribution",0
"ensemble-008","Unclassified objective residual",71.0079230758711
"ensemble-009","Tag",7136.04899973383
"ensemble-009","Length frequency",79222.4702361625
"ensemble-009","Weight frequency",0
"ensemble-009","Age",3590.70112031304
"ensemble-009","CPUE",-1058.3600020393
"ensemble-009","Catch",0
"ensemble-009","Average Regional Biomass Distribution Penalty Contribution",0
"ensemble-009","Average Regional Recruitment Distribution Penalty Contribution",5.71807845517e-09
"ensemble-009","Do Everything Calc Penalty Contribution",0.248344318892
"ensemble-009","Effort dev penalty",0
"ensemble-009","Implicit Fm Level Regression Coefficients Penalty Contribution",0
"ensemble-009","Implicit Fm Level Regression Penalty Contribution",0
"ensemble-009","Incident Selectivity Curvature Penalty",3.65899921514
"ensemble-009","Initial Population Age Composition Penalty Contribution",1.17616507195
"ensemble-009","Initial Population Recruitment Penalty Contribution",3.19287695622e-07
"ensemble-009","Kludged Equilibrium Survival Penalty Contribution",0
"ensemble-009","Maximum Age Lag Fishing Mortality Penalty (all Fisheries)",0
"ensemble-009","Maximum Fishing Mortality Penalty (all Fisheries)",0
"ensemble-009","Mean length penalty",0
"ensemble-009","Movement Diffusion Coefficients Penalty Contribution",0.0468494261664
"ensemble-009","Non Spline Selectivity Curvature Penalty (all Fisheries)",0
"ensemble-009","Normal Distribution Temporal Recruitment Deviates Penalty Contribution",0
"ensemble-009","Orthogonal Polynomial Recruitment Penalty by Level:",0
"ensemble-009","Overall Mean Selectivity Penalty",0
"ensemble-009","Q dev penalty",0
"ensemble-009","Regional Recruitment Deviates Penalty Contribution",139.426004856
"ensemble-009","Regional Recruitment Distribution Penalty Contribution",0.173154031018
"ensemble-009","Reset Penalty Contribution",0.000241682
"ensemble-009","Seasonal Catchability Penalty Contribution",0
"ensemble-009","Selectivity Deviations Penalty",0
"ensemble-009","Selectivity Form Penalty (all Fisheries)",0.230124293609
"ensemble-009","Spline Selectivity Bound Penalty (all Fisheries)",0
"ensemble-009","Steepness prior",0.328150623539
"ensemble-009","Tagged Fish Reporting Rate Penalty Contribution",102.567699492
"ensemble-009","Temporal Recruitment Deviates Curve Penalty Contribution",0
"ensemble-009","Temporal Recruitment Deviates Penalty Contribution",0
"ensemble-009","Temporal Recruitment Deviates Trend Penalty Contribution",0
"ensemble-009","Time Block Mean Selectivity Penalty",2.07929929275e-07
"ensemble-009","von Bertalanffy Deviates Penalty Contribution",0
"ensemble-009","Unclassified objective residual",71.6790327992494
"ensemble-010","Tag",7880.04806934805
"ensemble-010","Length frequency",80422.2422963174
"ensemble-010","Weight frequency",0
"ensemble-010","Age",3599.65661027573
"ensemble-010","CPUE",-1036.2923692655
"ensemble-010","Catch",0
"ensemble-010","Average Regional Biomass Distribution Penalty Contribution",0
"ensemble-010","Average Regional Recruitment Distribution Penalty Contribution",5.23510834682e-09
"ensemble-010","Do Everything Calc Penalty Contribution",0.169139958294
"ensemble-010","Effort dev penalty",0
"ensemble-010","Implicit Fm Level Regression Coefficients Penalty Contribution",0
"ensemble-010","Implicit Fm Level Regression Penalty Contribution",0
"ensemble-010","Incident Selectivity Curvature Penalty",3.16666260719
"ensemble-010","Initial Population Age Composition Penalty Contribution",0.922586217225
"ensemble-010","Initial Population Recruitment Penalty Contribution",8.02190716883e-08
"ensemble-010","Kludged Equilibrium Survival Penalty Contribution",0
"ensemble-010","Maximum Age Lag Fishing Mortality Penalty (all Fisheries)",0
"ensemble-010","Maximum Fishing Mortality Penalty (all Fisheries)",0
"ensemble-010","Mean length penalty",0
"ensemble-010","Movement Diffusion Coefficients Penalty Contribution",0.0470742960299
"ensemble-010","Non Spline Selectivity Curvature Penalty (all Fisheries)",0
"ensemble-010","Normal Distribution Temporal Recruitment Deviates Penalty Contribution",0
"ensemble-010","Orthogonal Polynomial Recruitment Penalty by Level:",0
"ensemble-010","Overall Mean Selectivity Penalty",0
"ensemble-010","Q dev penalty",0
"ensemble-010","Regional Recruitment Deviates Penalty Contribution",146.224104063
"ensemble-010","Regional Recruitment Distribution Penalty Contribution",0.160015004192
"ensemble-010","Reset Penalty Contribution",0.000243872
"ensemble-010","Seasonal Catchability Penalty Contribution",0
"ensemble-010","Selectivity Deviations Penalty",0
"ensemble-010","Selectivity Form Penalty (all Fisheries)",0.341914446012
"ensemble-010","Spline Selectivity Bound Penalty (all Fisheries)",0
"ensemble-010","Steepness prior",0.303793360184
"ensemble-010","Tagged Fish Reporting Rate Penalty Contribution",112.094275874
"ensemble-010","Temporal Recruitment Deviates Curve Penalty Contribution",0
"ensemble-010","Temporal Recruitment Deviates Penalty Contribution",0
"ensemble-010","Temporal Recruitment Deviates Trend Penalty Contribution",0
"ensemble-010","Time Block Mean Selectivity Penalty",4.37511516793e-07
"ensemble-010","von Bertalanffy Deviates Penalty Contribution",0
"ensemble-010","Unclassified objective residual",62.1618655530619
"ensemble-011","Tag",6599.7776378097
"ensemble-011","Length frequency",80678.4445703403
"ensemble-011","Weight frequency",0
"ensemble-011","Age",3857.5507940731
"ensemble-011","CPUE",-1185.039542763
"ensemble-011","Catch",0
"ensemble-011","Average Regional Biomass Distribution Penalty Contribution",0
"ensemble-011","Average Regional Recruitment Distribution Penalty Contribution",4.59493776361e-09
"ensemble-011","Do Everything Calc Penalty Contribution",0.540343408051
"ensemble-011","Effort dev penalty",0
"ensemble-011","Implicit Fm Level Regression Coefficients Penalty Contribution",0
"ensemble-011","Implicit Fm Level Regression Penalty Contribution",0
"ensemble-011","Incident Selectivity Curvature Penalty",2.81930404835
"ensemble-011","Initial Population Age Composition Penalty Contribution",1.32540821231
"ensemble-011","Initial Population Recruitment Penalty Contribution",1.99390380212e-07
"ensemble-011","Kludged Equilibrium Survival Penalty Contribution",0
"ensemble-011","Maximum Age Lag Fishing Mortality Penalty (all Fisheries)",0
"ensemble-011","Maximum Fishing Mortality Penalty (all Fisheries)",0
"ensemble-011","Mean length penalty",0
"ensemble-011","Movement Diffusion Coefficients Penalty Contribution",0.0499625493342
"ensemble-011","Non Spline Selectivity Curvature Penalty (all Fisheries)",0
"ensemble-011","Normal Distribution Temporal Recruitment Deviates Penalty Contribution",0
"ensemble-011","Orthogonal Polynomial Recruitment Penalty by Level:",0
"ensemble-011","Overall Mean Selectivity Penalty",0
"ensemble-011","Q dev penalty",0
"ensemble-011","Regional Recruitment Deviates Penalty Contribution",134.103831468
"ensemble-011","Regional Recruitment Distribution Penalty Contribution",0.132994042475
"ensemble-011","Reset Penalty Contribution",0.000253786
"ensemble-011","Seasonal Catchability Penalty Contribution",0
"ensemble-011","Selectivity Deviations Penalty",0
"ensemble-011","Selectivity Form Penalty (all Fisheries)",1.40217451621
"ensemble-011","Spline Selectivity Bound Penalty (all Fisheries)",0
"ensemble-011","Steepness prior",0.283429715536
"ensemble-011","Tagged Fish Reporting Rate Penalty Contribution",134.801663426
"ensemble-011","Temporal Recruitment Deviates Curve Penalty Contribution",0
"ensemble-011","Temporal Recruitment Deviates Penalty Contribution",0
"ensemble-011","Temporal Recruitment Deviates Trend Penalty Contribution",0
"ensemble-011","Time Block Mean Selectivity Penalty",1.74714460854e-06
"ensemble-011","von Bertalanffy Deviates Penalty Contribution",0
"ensemble-011","Unclassified objective residual",74.3996607511508
"ensemble-012","Tag",6383.16054309372
"ensemble-012","Length frequency",84974.7150327665
"ensemble-012","Weight frequency",0
"ensemble-012","Age",3557.54529466156
"ensemble-012","CPUE",-1036.809779726
"ensemble-012","Catch",0
"ensemble-012","Average Regional Biomass Distribution Penalty Contribution",0
"ensemble-012","Average Regional Recruitment Distribution Penalty Contribution",8.71409611136e-11
"ensemble-012","Do Everything Calc Penalty Contribution",0.728510475367
"ensemble-012","Effort dev penalty",0
"ensemble-012","Implicit Fm Level Regression Coefficients Penalty Contribution",0
"ensemble-012","Implicit Fm Level Regression Penalty Contribution",0
"ensemble-012","Incident Selectivity Curvature Penalty",3.258703121
"ensemble-012","Initial Population Age Composition Penalty Contribution",1.19128058744
"ensemble-012","Initial Population Recruitment Penalty Contribution",4.74551220791e-07
"ensemble-012","Kludged Equilibrium Survival Penalty Contribution",0
"ensemble-012","Maximum Age Lag Fishing Mortality Penalty (all Fisheries)",0
"ensemble-012","Maximum Fishing Mortality Penalty (all Fisheries)",0
"ensemble-012","Mean length penalty",0
"ensemble-012","Movement Diffusion Coefficients Penalty Contribution",0.0539545409874
"ensemble-012","Non Spline Selectivity Curvature Penalty (all Fisheries)",0
"ensemble-012","Normal Distribution Temporal Recruitment Deviates Penalty Contribution",0
"ensemble-012","Orthogonal Polynomial Recruitment Penalty by Level:",0
"ensemble-012","Overall Mean Selectivity Penalty",0
"ensemble-012","Q dev penalty",0
"ensemble-012","Regional Recruitment Deviates Penalty Contribution",151.933156607
"ensemble-012","Regional Recruitment Distribution Penalty Contribution",0.224797567995
"ensemble-012","Reset Penalty Contribution",0.000221899
"ensemble-012","Seasonal Catchability Penalty Contribution",0
"ensemble-012","Selectivity Deviations Penalty",0
"ensemble-012","Selectivity Form Penalty (all Fisheries)",0.222136679601
"ensemble-012","Spline Selectivity Bound Penalty (all Fisheries)",0
"ensemble-012","Steepness prior",0.332078850484
"ensemble-012","Tagged Fish Reporting Rate Penalty Contribution",144.397566724
"ensemble-012","Temporal Recruitment Deviates Curve Penalty Contribution",0
"ensemble-012","Temporal Recruitment Deviates Penalty Contribution",0
"ensemble-012","Temporal Recruitment Deviates Trend Penalty Contribution",0
"ensemble-012","Time Block Mean Selectivity Penalty",9.66277525549e-07
"ensemble-012","von Bertalanffy Deviates Penalty Contribution",0
"ensemble-012","Unclassified objective residual",78.6046802141936
"ensemble-014","Tag",7008.84964740842
"ensemble-014","Length frequency",79924.0205690898
"ensemble-014","Weight frequency",0
"ensemble-014","Age",3601.47079047929
"ensemble-014","CPUE",-1026.2794476995
"ensemble-014","Catch",0
"ensemble-014","Average Regional Biomass Distribution Penalty Contribution",0
"ensemble-014","Average Regional Recruitment Distribution Penalty Contribution",3.9800227114e-08
"ensemble-014","Do Everything Calc Penalty Contribution",0.95502076643
"ensemble-014","Effort dev penalty",0
"ensemble-014","Implicit Fm Level Regression Coefficients Penalty Contribution",0
"ensemble-014","Implicit Fm Level Regression Penalty Contribution",0
"ensemble-014","Incident Selectivity Curvature Penalty",3.7446631434
"ensemble-014","Initial Population Age Composition Penalty Contribution",1.53494749809
"ensemble-014","Initial Population Recruitment Penalty Contribution",2.4886768615e-07
"ensemble-014","Kludged Equilibrium Survival Penalty Contribution",0
"ensemble-014","Maximum Age Lag Fishing Mortality Penalty (all Fisheries)",0
"ensemble-014","Maximum Fishing Mortality Penalty (all Fisheries)",0
"ensemble-014","Mean length penalty",0
"ensemble-014","Movement Diffusion Coefficients Penalty Contribution",0.0475933855429
"ensemble-014","Non Spline Selectivity Curvature Penalty (all Fisheries)",0
"ensemble-014","Normal Distribution Temporal Recruitment Deviates Penalty Contribution",0
"ensemble-014","Orthogonal Polynomial Recruitment Penalty by Level:",0
"ensemble-014","Overall Mean Selectivity Penalty",0
"ensemble-014","Q dev penalty",0
"ensemble-014","Regional Recruitment Deviates Penalty Contribution",157.900737521
"ensemble-014","Regional Recruitment Distribution Penalty Contribution",0.226044153147
"ensemble-014","Reset Penalty Contribution",0.000240273
"ensemble-014","Seasonal Catchability Penalty Contribution",0
"ensemble-014","Selectivity Deviations Penalty",0
"ensemble-014","Selectivity Form Penalty (all Fisheries)",0.620273990103
"ensemble-014","Spline Selectivity Bound Penalty (all Fisheries)",0
"ensemble-014","Steepness prior",0.51621934389
"ensemble-014","Tagged Fish Reporting Rate Penalty Contribution",41.4910777456
"ensemble-014","Temporal Recruitment Deviates Curve Penalty Contribution",0
"ensemble-014","Temporal Recruitment Deviates Penalty Contribution",0
"ensemble-014","Temporal Recruitment Deviates Trend Penalty Contribution",0
"ensemble-014","Time Block Mean Selectivity Penalty",5.06639651121e-07
"ensemble-014","von Bertalanffy Deviates Penalty Contribution",0
"ensemble-014","Unclassified objective residual",96.2714764254488
"ensemble-015","Tag",7875.21211483705
"ensemble-015","Length frequency",80730.1358700871
"ensemble-015","Weight frequency",0
"ensemble-015","Age",3608.75195887033
"ensemble-015","CPUE",-1055.14323991
"ensemble-015","Catch",0
"ensemble-015","Average Regional Biomass Distribution Penalty Contribution",0
"ensemble-015","Average Regional Recruitment Distribution Penalty Contribution",5.69599478695e-10
"ensemble-015","Do Everything Calc Penalty Contribution",0.0729523600988
"ensemble-015","Effort dev penalty",0
"ensemble-015","Implicit Fm Level Regression Coefficients Penalty Contribution",0
"ensemble-015","Implicit Fm Level Regression Penalty Contribution",0
"ensemble-015","Incident Selectivity Curvature Penalty",3.15868549102
"ensemble-015","Initial Population Age Composition Penalty Contribution",1.5852845963
"ensemble-015","Initial Population Recruitment Penalty Contribution",5.38622222967e-08
"ensemble-015","Kludged Equilibrium Survival Penalty Contribution",0
"ensemble-015","Maximum Age Lag Fishing Mortality Penalty (all Fisheries)",0
"ensemble-015","Maximum Fishing Mortality Penalty (all Fisheries)",0
"ensemble-015","Mean length penalty",0
"ensemble-015","Movement Diffusion Coefficients Penalty Contribution",0.0575003356668
"ensemble-015","Non Spline Selectivity Curvature Penalty (all Fisheries)",0
"ensemble-015","Normal Distribution Temporal Recruitment Deviates Penalty Contribution",0
"ensemble-015","Orthogonal Polynomial Recruitment Penalty by Level:",0
"ensemble-015","Overall Mean Selectivity Penalty",0
"ensemble-015","Q dev penalty",0
"ensemble-015","Regional Recruitment Deviates Penalty Contribution",139.653772442
"ensemble-015","Regional Recruitment Distribution Penalty Contribution",0.143203866012
"ensemble-015","Reset Penalty Contribution",0.000242384
"ensemble-015","Seasonal Catchability Penalty Contribution",0
"ensemble-015","Selectivity Deviations Penalty",0
"ensemble-015","Selectivity Form Penalty (all Fisheries)",1.09841305867
"ensemble-015","Spline Selectivity Bound Penalty (all Fisheries)",0
"ensemble-015","Steepness prior",0.494084868694
"ensemble-015","Tagged Fish Reporting Rate Penalty Contribution",37.5338820871
"ensemble-015","Temporal Recruitment Deviates Curve Penalty Contribution",0
"ensemble-015","Temporal Recruitment Deviates Penalty Contribution",0
"ensemble-015","Temporal Recruitment Deviates Trend Penalty Contribution",0
"ensemble-015","Time Block Mean Selectivity Penalty",3.49054846538e-06
"ensemble-015","von Bertalanffy Deviates Penalty Contribution",0
"ensemble-015","Unclassified objective residual",88.6842492558935
"ensemble-016","Tag",7305.61272992256
"ensemble-016","Length frequency",80747.7167735709
"ensemble-016","Weight frequency",0
"ensemble-016","Age",3628.15128466423
"ensemble-016","CPUE",-1051.6070450407
"ensemble-016","Catch",0
"ensemble-016","Average Regional Biomass Distribution Penalty Contribution",0
"ensemble-016","Average Regional Recruitment Distribution Penalty Contribution",2.3496573931e-07
"ensemble-016","Do Everything Calc Penalty Contribution",0.847532520671
"ensemble-016","Effort dev penalty",0
"ensemble-016","Implicit Fm Level Regression Coefficients Penalty Contribution",0
"ensemble-016","Implicit Fm Level Regression Penalty Contribution",0
"ensemble-016","Incident Selectivity Curvature Penalty",3.44270080979
"ensemble-016","Initial Population Age Composition Penalty Contribution",1.61626972492
"ensemble-016","Initial Population Recruitment Penalty Contribution",1.06560952625e-07
"ensemble-016","Kludged Equilibrium Survival Penalty Contribution",0
"ensemble-016","Maximum Age Lag Fishing Mortality Penalty (all Fisheries)",0
"ensemble-016","Maximum Fishing Mortality Penalty (all Fisheries)",0
"ensemble-016","Mean length penalty",0
"ensemble-016","Movement Diffusion Coefficients Penalty Contribution",0.0486644265769
"ensemble-016","Non Spline Selectivity Curvature Penalty (all Fisheries)",0
"ensemble-016","Normal Distribution Temporal Recruitment Deviates Penalty Contribution",0
"ensemble-016","Orthogonal Polynomial Recruitment Penalty by Level:",0
"ensemble-016","Overall Mean Selectivity Penalty",0
"ensemble-016","Q dev penalty",0
"ensemble-016","Regional Recruitment Deviates Penalty Contribution",145.133162224
"ensemble-016","Regional Recruitment Distribution Penalty Contribution",0.14967860062
"ensemble-016","Reset Penalty Contribution",0.000230391
"ensemble-016","Seasonal Catchability Penalty Contribution",0
"ensemble-016","Selectivity Deviations Penalty",0
"ensemble-016","Selectivity Form Penalty (all Fisheries)",0.701254012987
"ensemble-016","Spline Selectivity Bound Penalty (all Fisheries)",0
"ensemble-016","Steepness prior",0.581873958594
"ensemble-016","Tagged Fish Reporting Rate Penalty Contribution",28.0382787057
"ensemble-016","Temporal Recruitment Deviates Curve Penalty Contribution",0
"ensemble-016","Temporal Recruitment Deviates Penalty Contribution",0
"ensemble-016","Temporal Recruitment Deviates Trend Penalty Contribution",0
"ensemble-016","Time Block Mean Selectivity Penalty",1.97394712131e-07
"ensemble-016","von Bertalanffy Deviates Penalty Contribution",0
"ensemble-016","Unclassified objective residual",90.662516793338
"ensemble-017","Tag",6614.01580399223
"ensemble-017","Length frequency",80768.6158247181
"ensemble-017","Weight frequency",0
"ensemble-017","Age",3702.5078220617
"ensemble-017","CPUE",-1051.7046536647
"ensemble-017","Catch",0
"ensemble-017","Average Regional Biomass Distribution Penalty Contribution",0
"ensemble-017","Average Regional Recruitment Distribution Penalty Contribution",9.92926629806e-09
"ensemble-017","Do Everything Calc Penalty Contribution",2.50362412576
"ensemble-017","Effort dev penalty",0
"ensemble-017","Implicit Fm Level Regression Coefficients Penalty Contribution",0
"ensemble-017","Implicit Fm Level Regression Penalty Contribution",0
"ensemble-017","Incident Selectivity Curvature Penalty",3.59567493699
"ensemble-017","Initial Population Age Composition Penalty Contribution",1.47052049943
"ensemble-017","Initial Population Recruitment Penalty Contribution",7.58515130061e-07
"ensemble-017","Kludged Equilibrium Survival Penalty Contribution",0
"ensemble-017","Maximum Age Lag Fishing Mortality Penalty (all Fisheries)",0
"ensemble-017","Maximum Fishing Mortality Penalty (all Fisheries)",0
"ensemble-017","Mean length penalty",0
"ensemble-017","Movement Diffusion Coefficients Penalty Contribution",0.060186592459
"ensemble-017","Non Spline Selectivity Curvature Penalty (all Fisheries)",0
"ensemble-017","Normal Distribution Temporal Recruitment Deviates Penalty Contribution",0
"ensemble-017","Orthogonal Polynomial Recruitment Penalty by Level:",0
"ensemble-017","Overall Mean Selectivity Penalty",0
"ensemble-017","Q dev penalty",0
"ensemble-017","Regional Recruitment Deviates Penalty Contribution",152.213647103
"ensemble-017","Regional Recruitment Distribution Penalty Contribution",0.185414657763
"ensemble-017","Reset Penalty Contribution",0.000219095
"ensemble-017","Seasonal Catchability Penalty Contribution",0
"ensemble-017","Selectivity Deviations Penalty",0
"ensemble-017","Selectivity Form Penalty (all Fisheries)",0.796648482495
"ensemble-017","Spline Selectivity Bound Penalty (all Fisheries)",0
"ensemble-017","Steepness prior",0.382260074198
"ensemble-017","Tagged Fish Reporting Rate Penalty Contribution",53.4474386072
"ensemble-017","Temporal Recruitment Deviates Curve Penalty Contribution",0
"ensemble-017","Temporal Recruitment Deviates Penalty Contribution",0
"ensemble-017","Temporal Recruitment Deviates Trend Penalty Contribution",0
"ensemble-017","Time Block Mean Selectivity Penalty",1.21481548376e-07
"ensemble-017","von Bertalanffy Deviates Penalty Contribution",0
"ensemble-017","Unclassified objective residual",82.0140835479833
"ensemble-018","Tag",7184.57151173836
"ensemble-018","Length frequency",80610.4321390939
"ensemble-018","Weight frequency",0
"ensemble-018","Age",3632.80312593481
"ensemble-018","CPUE",-1062.6292457545
"ensemble-018","Catch",0
"ensemble-018","Average Regional Biomass Distribution Penalty Contribution",0
"ensemble-018","Average Regional Recruitment Distribution Penalty Contribution",3.84886789107e-10
"ensemble-018","Do Everything Calc Penalty Contribution",0.182260700013
"ensemble-018","Effort dev penalty",0
"ensemble-018","Implicit Fm Level Regression Coefficients Penalty Contribution",0
"ensemble-018","Implicit Fm Level Regression Penalty Contribution",0
"ensemble-018","Incident Selectivity Curvature Penalty",3.11275291695
"ensemble-018","Initial Population Age Composition Penalty Contribution",1.35327809094
"ensemble-018","Initial Population Recruitment Penalty Contribution",1.36577012082e-07
"ensemble-018","Kludged Equilibrium Survival Penalty Contribution",0
"ensemble-018","Maximum Age Lag Fishing Mortality Penalty (all Fisheries)",0
"ensemble-018","Maximum Fishing Mortality Penalty (all Fisheries)",0
"ensemble-018","Mean length penalty",0
"ensemble-018","Movement Diffusion Coefficients Penalty Contribution",0.0460685342232
"ensemble-018","Non Spline Selectivity Curvature Penalty (all Fisheries)",0
"ensemble-018","Normal Distribution Temporal Recruitment Deviates Penalty Contribution",0
"ensemble-018","Orthogonal Polynomial Recruitment Penalty by Level:",0
"ensemble-018","Overall Mean Selectivity Penalty",0
"ensemble-018","Q dev penalty",0
"ensemble-018","Regional Recruitment Deviates Penalty Contribution",140.800546617
"ensemble-018","Regional Recruitment Distribution Penalty Contribution",0.157125248922
"ensemble-018","Reset Penalty Contribution",0.000230335
"ensemble-018","Seasonal Catchability Penalty Contribution",0
"ensemble-018","Selectivity Deviations Penalty",0
"ensemble-018","Selectivity Form Penalty (all Fisheries)",0.460317161083
"ensemble-018","Spline Selectivity Bound Penalty (all Fisheries)",0
"ensemble-018","Steepness prior",0.417760025209
"ensemble-018","Tagged Fish Reporting Rate Penalty Contribution",78.0506067981
"ensemble-018","Temporal Recruitment Deviates Curve Penalty Contribution",0
"ensemble-018","Temporal Recruitment Deviates Penalty Contribution",0
"ensemble-018","Temporal Recruitment Deviates Trend Penalty Contribution",0
"ensemble-018","Time Block Mean Selectivity Penalty",4.32438184816e-07
"ensemble-018","von Bertalanffy Deviates Penalty Contribution",0
"ensemble-018","Unclassified objective residual",80.4731950524001
"ensemble-019","Tag",6487.13349797091
"ensemble-019","Length frequency",96094.9639158855
"ensemble-019","Weight frequency",0
"ensemble-019","Age",3596.39755885562
"ensemble-019","CPUE",-1054.562019507
"ensemble-019","Catch",0
"ensemble-019","Average Regional Biomass Distribution Penalty Contribution",0
"ensemble-019","Average Regional Recruitment Distribution Penalty Contribution",3.0910427995e-08
"ensemble-019","Do Everything Calc Penalty Contribution",0.489018245703
"ensemble-019","Effort dev penalty",0
"ensemble-019","Implicit Fm Level Regression Coefficients Penalty Contribution",0
"ensemble-019","Implicit Fm Level Regression Penalty Contribution",0
"ensemble-019","Incident Selectivity Curvature Penalty",3.01088499705
"ensemble-019","Initial Population Age Composition Penalty Contribution",1.22496811092
"ensemble-019","Initial Population Recruitment Penalty Contribution",1.850197956e-07
"ensemble-019","Kludged Equilibrium Survival Penalty Contribution",0
"ensemble-019","Maximum Age Lag Fishing Mortality Penalty (all Fisheries)",0
"ensemble-019","Maximum Fishing Mortality Penalty (all Fisheries)",0
"ensemble-019","Mean length penalty",0
"ensemble-019","Movement Diffusion Coefficients Penalty Contribution",0.053194088967
"ensemble-019","Non Spline Selectivity Curvature Penalty (all Fisheries)",0
"ensemble-019","Normal Distribution Temporal Recruitment Deviates Penalty Contribution",0
"ensemble-019","Orthogonal Polynomial Recruitment Penalty by Level:",0
"ensemble-019","Overall Mean Selectivity Penalty",0
"ensemble-019","Q dev penalty",0
"ensemble-019","Regional Recruitment Deviates Penalty Contribution",150.27986775
"ensemble-019","Regional Recruitment Distribution Penalty Contribution",0.176826743047
"ensemble-019","Reset Penalty Contribution",0.000233627
"ensemble-019","Seasonal Catchability Penalty Contribution",0
"ensemble-019","Selectivity Deviations Penalty",0
"ensemble-019","Selectivity Form Penalty (all Fisheries)",0.240300546237
"ensemble-019","Spline Selectivity Bound Penalty (all Fisheries)",0
"ensemble-019","Steepness prior",0.321871161719
"ensemble-019","Tagged Fish Reporting Rate Penalty Contribution",141.973697472
"ensemble-019","Temporal Recruitment Deviates Curve Penalty Contribution",0
"ensemble-019","Temporal Recruitment Deviates Penalty Contribution",0
"ensemble-019","Temporal Recruitment Deviates Trend Penalty Contribution",0
"ensemble-019","Time Block Mean Selectivity Penalty",8.5111713588e-07
"ensemble-019","von Bertalanffy Deviates Penalty Contribution",0
"ensemble-019","Unclassified objective residual",82.5585921013262
"ensemble-021","Tag",6789.81105582875
"ensemble-021","Length frequency",79755.5637788664
"ensemble-021","Weight frequency",0
"ensemble-021","Age",3547.24373990329
"ensemble-021","CPUE",-1095.8954636493
"ensemble-021","Catch",0
"ensemble-021","Average Regional Biomass Distribution Penalty Contribution",0
"ensemble-021","Average Regional Recruitment Distribution Penalty Contribution",6.77874254507e-08
"ensemble-021","Do Everything Calc Penalty Contribution",0.846499131092
"ensemble-021","Effort dev penalty",0
"ensemble-021","Implicit Fm Level Regression Coefficients Penalty Contribution",0
"ensemble-021","Implicit Fm Level Regression Penalty Contribution",0
"ensemble-021","Incident Selectivity Curvature Penalty",3.08259382348
"ensemble-021","Initial Population Age Composition Penalty Contribution",1.09089948107
"ensemble-021","Initial Population Recruitment Penalty Contribution",2.62169711802e-07
"ensemble-021","Kludged Equilibrium Survival Penalty Contribution",0
"ensemble-021","Maximum Age Lag Fishing Mortality Penalty (all Fisheries)",0
"ensemble-021","Maximum Fishing Mortality Penalty (all Fisheries)",0
"ensemble-021","Mean length penalty",0
"ensemble-021","Movement Diffusion Coefficients Penalty Contribution",0.0601942941608
"ensemble-021","Non Spline Selectivity Curvature Penalty (all Fisheries)",0
"ensemble-021","Normal Distribution Temporal Recruitment Deviates Penalty Contribution",0
"ensemble-021","Orthogonal Polynomial Recruitment Penalty by Level:",0
"ensemble-021","Overall Mean Selectivity Penalty",0
"ensemble-021","Q dev penalty",0
"ensemble-021","Regional Recruitment Deviates Penalty Contribution",133.430762632
"ensemble-021","Regional Recruitment Distribution Penalty Contribution",0.183272982744
"ensemble-021","Reset Penalty Contribution",0.000235373
"ensemble-021","Seasonal Catchability Penalty Contribution",0
"ensemble-021","Selectivity Deviations Penalty",0
"ensemble-021","Selectivity Form Penalty (all Fisheries)",0.26638003367
"ensemble-021","Spline Selectivity Bound Penalty (all Fisheries)",0
"ensemble-021","Steepness prior",0.288674623115
"ensemble-021","Tagged Fish Reporting Rate Penalty Contribution",127.381302535
"ensemble-021","Temporal Recruitment Deviates Curve Penalty Contribution",0
"ensemble-021","Temporal Recruitment Deviates Penalty Contribution",0
"ensemble-021","Temporal Recruitment Deviates Trend Penalty Contribution",0
"ensemble-021","Time Block Mean Selectivity Penalty",4.25065366016e-07
"ensemble-021","von Bertalanffy Deviates Penalty Contribution",0
"ensemble-021","Unclassified objective residual",67.1314159237227
"ensemble-022","Tag",6636.58759113406
"ensemble-022","Length frequency",80569.3412497438
"ensemble-022","Weight frequency",0
"ensemble-022","Age",3510.85723523673
"ensemble-022","CPUE",-1074.6354666096
"ensemble-022","Catch",0
"ensemble-022","Average Regional Biomass Distribution Penalty Contribution",0
"ensemble-022","Average Regional Recruitment Distribution Penalty Contribution",5.51466428078e-10
"ensemble-022","Do Everything Calc Penalty Contribution",2.60385186682
"ensemble-022","Effort dev penalty",0
"ensemble-022","Implicit Fm Level Regression Coefficients Penalty Contribution",0
"ensemble-022","Implicit Fm Level Regression Penalty Contribution",0
"ensemble-022","Incident Selectivity Curvature Penalty",3.0828756377
"ensemble-022","Initial Population Age Composition Penalty Contribution",1.09618512321
"ensemble-022","Initial Population Recruitment Penalty Contribution",2.51154987228e-07
"ensemble-022","Kludged Equilibrium Survival Penalty Contribution",0
"ensemble-022","Maximum Age Lag Fishing Mortality Penalty (all Fisheries)",0
"ensemble-022","Maximum Fishing Mortality Penalty (all Fisheries)",0
"ensemble-022","Mean length penalty",0
"ensemble-022","Movement Diffusion Coefficients Penalty Contribution",0.0643486246131
"ensemble-022","Non Spline Selectivity Curvature Penalty (all Fisheries)",0
"ensemble-022","Normal Distribution Temporal Recruitment Deviates Penalty Contribution",0
"ensemble-022","Orthogonal Polynomial Recruitment Penalty by Level:",0
"ensemble-022","Overall Mean Selectivity Penalty",0
"ensemble-022","Q dev penalty",0
"ensemble-022","Regional Recruitment Deviates Penalty Contribution",140.770722034
"ensemble-022","Regional Recruitment Distribution Penalty Contribution",0.193673887412
"ensemble-022","Reset Penalty Contribution",0.000219426
"ensemble-022","Seasonal Catchability Penalty Contribution",0
"ensemble-022","Selectivity Deviations Penalty",0
"ensemble-022","Selectivity Form Penalty (all Fisheries)",0.285979817527
"ensemble-022","Spline Selectivity Bound Penalty (all Fisheries)",0
"ensemble-022","Steepness prior",0.365713179685
"ensemble-022","Tagged Fish Reporting Rate Penalty Contribution",101.658720435
"ensemble-022","Temporal Recruitment Deviates Curve Penalty Contribution",0
"ensemble-022","Temporal Recruitment Deviates Penalty Contribution",0
"ensemble-022","Temporal Recruitment Deviates Trend Penalty Contribution",0
"ensemble-022","Time Block Mean Selectivity Penalty",1.47253217619e-07
"ensemble-022","von Bertalanffy Deviates Penalty Contribution",0
"ensemble-022","Unclassified objective residual",66.0743448963476
"ensemble-023","Tag",6267.98759089384
"ensemble-023","Length frequency",84985.7330657985
"ensemble-023","Weight frequency",0
"ensemble-023","Age",3618.39032070253
"ensemble-023","CPUE",-1018.258925
"ensemble-023","Catch",0
"ensemble-023","Average Regional Biomass Distribution Penalty Contribution",0
"ensemble-023","Average Regional Recruitment Distribution Penalty Contribution",5.31707655682e-09
"ensemble-023","Do Everything Calc Penalty Contribution",0.706114593962
"ensemble-023","Effort dev penalty",0
"ensemble-023","Implicit Fm Level Regression Coefficients Penalty Contribution",0
"ensemble-023","Implicit Fm Level Regression Penalty Contribution",0
"ensemble-023","Incident Selectivity Curvature Penalty",2.97238764728
"ensemble-023","Initial Population Age Composition Penalty Contribution",1.20528797319
"ensemble-023","Initial Population Recruitment Penalty Contribution",5.36166276985e-07
"ensemble-023","Kludged Equilibrium Survival Penalty Contribution",0
"ensemble-023","Maximum Age Lag Fishing Mortality Penalty (all Fisheries)",0
"ensemble-023","Maximum Fishing Mortality Penalty (all Fisheries)",0
"ensemble-023","Mean length penalty",0
"ensemble-023","Movement Diffusion Coefficients Penalty Contribution",0.0667579461101
"ensemble-023","Non Spline Selectivity Curvature Penalty (all Fisheries)",0
"ensemble-023","Normal Distribution Temporal Recruitment Deviates Penalty Contribution",0
"ensemble-023","Orthogonal Polynomial Recruitment Penalty by Level:",0
"ensemble-023","Overall Mean Selectivity Penalty",0
"ensemble-023","Q dev penalty",0
"ensemble-023","Regional Recruitment Deviates Penalty Contribution",152.957448596
"ensemble-023","Regional Recruitment Distribution Penalty Contribution",0.188183565833
"ensemble-023","Reset Penalty Contribution",0.000226244
"ensemble-023","Seasonal Catchability Penalty Contribution",0
"ensemble-023","Selectivity Deviations Penalty",0
"ensemble-023","Selectivity Form Penalty (all Fisheries)",0.356461742699
"ensemble-023","Spline Selectivity Bound Penalty (all Fisheries)",0
"ensemble-023","Steepness prior",0.290772858504
"ensemble-023","Tagged Fish Reporting Rate Penalty Contribution",153.674697153
"ensemble-023","Temporal Recruitment Deviates Curve Penalty Contribution",0
"ensemble-023","Temporal Recruitment Deviates Penalty Contribution",0
"ensemble-023","Temporal Recruitment Deviates Trend Penalty Contribution",0
"ensemble-023","Time Block Mean Selectivity Penalty",8.43580266974e-07
"ensemble-023","von Bertalanffy Deviates Penalty Contribution",0
"ensemble-023","Unclassified objective residual",74.7140806711104
"ensemble-024","Tag",7842.93959002535
"ensemble-024","Length frequency",79713.7641222541
"ensemble-024","Weight frequency",0
"ensemble-024","Age",3552.93154775803
"ensemble-024","CPUE",-1039.4060566199
"ensemble-024","Catch",0
"ensemble-024","Average Regional Biomass Distribution Penalty Contribution",0
"ensemble-024","Average Regional Recruitment Distribution Penalty Contribution",6.20042328592e-09
"ensemble-024","Do Everything Calc Penalty Contribution",0.222035494812
"ensemble-024","Effort dev penalty",0
"ensemble-024","Implicit Fm Level Regression Coefficients Penalty Contribution",0
"ensemble-024","Implicit Fm Level Regression Penalty Contribution",0
"ensemble-024","Incident Selectivity Curvature Penalty",3.08139887001
"ensemble-024","Initial Population Age Composition Penalty Contribution",1.02911825733
"ensemble-024","Initial Population Recruitment Penalty Contribution",1.30266081155e-07
"ensemble-024","Kludged Equilibrium Survival Penalty Contribution",0
"ensemble-024","Maximum Age Lag Fishing Mortality Penalty (all Fisheries)",0
"ensemble-024","Maximum Fishing Mortality Penalty (all Fisheries)",0
"ensemble-024","Mean length penalty",0
"ensemble-024","Movement Diffusion Coefficients Penalty Contribution",0.0476842670395
"ensemble-024","Non Spline Selectivity Curvature Penalty (all Fisheries)",0
"ensemble-024","Normal Distribution Temporal Recruitment Deviates Penalty Contribution",0
"ensemble-024","Orthogonal Polynomial Recruitment Penalty by Level:",0
"ensemble-024","Overall Mean Selectivity Penalty",0
"ensemble-024","Q dev penalty",0
"ensemble-024","Regional Recruitment Deviates Penalty Contribution",143.179572792
"ensemble-024","Regional Recruitment Distribution Penalty Contribution",0.160174139874
"ensemble-024","Reset Penalty Contribution",0.000243425
"ensemble-024","Seasonal Catchability Penalty Contribution",0
"ensemble-024","Selectivity Deviations Penalty",0
"ensemble-024","Selectivity Form Penalty (all Fisheries)",0.222673813765
"ensemble-024","Spline Selectivity Bound Penalty (all Fisheries)",0
"ensemble-024","Steepness prior",0.329291750319
"ensemble-024","Tagged Fish Reporting Rate Penalty Contribution",95.4855206887
"ensemble-024","Temporal Recruitment Deviates Curve Penalty Contribution",0
"ensemble-024","Temporal Recruitment Deviates Penalty Contribution",0
"ensemble-024","Temporal Recruitment Deviates Trend Penalty Contribution",0
"ensemble-024","Time Block Mean Selectivity Penalty",4.55510189568e-08
"ensemble-024","von Bertalanffy Deviates Penalty Contribution",0
"ensemble-024","Unclassified objective residual",64.7393231964961
"ensemble-025","Tag",7299.43778941992
"ensemble-025","Length frequency",79802.9305971194
"ensemble-025","Weight frequency",0
"ensemble-025","Age",3597.15462819328
"ensemble-025","CPUE",-1047.7581803
"ensemble-025","Catch",0
"ensemble-025","Average Regional Biomass Distribution Penalty Contribution",0
"ensemble-025","Average Regional Recruitment Distribution Penalty Contribution",7.96569565864e-09
"ensemble-025","Do Everything Calc Penalty Contribution",0.832728829145
"ensemble-025","Effort dev penalty",0
"ensemble-025","Implicit Fm Level Regression Coefficients Penalty Contribution",0
"ensemble-025","Implicit Fm Level Regression Penalty Contribution",0
"ensemble-025","Incident Selectivity Curvature Penalty",3.68099569108
"ensemble-025","Initial Population Age Composition Penalty Contribution",1.45233669423
"ensemble-025","Initial Population Recruitment Penalty Contribution",9.89022659001e-08
"ensemble-025","Kludged Equilibrium Survival Penalty Contribution",0
"ensemble-025","Maximum Age Lag Fishing Mortality Penalty (all Fisheries)",0
"ensemble-025","Maximum Fishing Mortality Penalty (all Fisheries)",0
"ensemble-025","Mean length penalty",0
"ensemble-025","Movement Diffusion Coefficients Penalty Contribution",0.0481618625707
"ensemble-025","Non Spline Selectivity Curvature Penalty (all Fisheries)",0
"ensemble-025","Normal Distribution Temporal Recruitment Deviates Penalty Contribution",0
"ensemble-025","Orthogonal Polynomial Recruitment Penalty by Level:",0
"ensemble-025","Overall Mean Selectivity Penalty",0
"ensemble-025","Q dev penalty",0
"ensemble-025","Regional Recruitment Deviates Penalty Contribution",144.582027741
"ensemble-025","Regional Recruitment Distribution Penalty Contribution",0.171984475543
"ensemble-025","Reset Penalty Contribution",0.000227293
"ensemble-025","Seasonal Catchability Penalty Contribution",0
"ensemble-025","Selectivity Deviations Penalty",0
"ensemble-025","Selectivity Form Penalty (all Fisheries)",0.431608208421
"ensemble-025","Spline Selectivity Bound Penalty (all Fisheries)",0
"ensemble-025","Steepness prior",0.465849491077
"ensemble-025","Tagged Fish Reporting Rate Penalty Contribution",42.7916004366
"ensemble-025","Temporal Recruitment Deviates Curve Penalty Contribution",0
"ensemble-025","Temporal Recruitment Deviates Penalty Contribution",0
"ensemble-025","Temporal Recruitment Deviates Trend Penalty Contribution",0
"ensemble-025","Time Block Mean Selectivity Penalty",3.03168690152e-08
"ensemble-025","von Bertalanffy Deviates Penalty Contribution",0
"ensemble-025","Unclassified objective residual",82.0266405997827
"ensemble-027","Tag",6696.79327394727
"ensemble-027","Length frequency",80608.106753958
"ensemble-027","Weight frequency",0
"ensemble-027","Age",3522.75086185687
"ensemble-027","CPUE",-1077.702346037
"ensemble-027","Catch",0
"ensemble-027","Average Regional Biomass Distribution Penalty Contribution",0
"ensemble-027","Average Regional Recruitment Distribution Penalty Contribution",4.71843009109e-09
"ensemble-027","Do Everything Calc Penalty Contribution",2.08682825459
"ensemble-027","Effort dev penalty",0
"ensemble-027","Implicit Fm Level Regression Coefficients Penalty Contribution",0
"ensemble-027","Implicit Fm Level Regression Penalty Contribution",0
"ensemble-027","Incident Selectivity Curvature Penalty",2.8807737368
"ensemble-027","Initial Population Age Composition Penalty Contribution",1.23641283881
"ensemble-027","Initial Population Recruitment Penalty Contribution",6.28008580581e-08
"ensemble-027","Kludged Equilibrium Survival Penalty Contribution",0
"ensemble-027","Maximum Age Lag Fishing Mortality Penalty (all Fisheries)",0
"ensemble-027","Maximum Fishing Mortality Penalty (all Fisheries)",0
"ensemble-027","Mean length penalty",0
"ensemble-027","Movement Diffusion Coefficients Penalty Contribution",0.0609464816207
"ensemble-027","Non Spline Selectivity Curvature Penalty (all Fisheries)",0
"ensemble-027","Normal Distribution Temporal Recruitment Deviates Penalty Contribution",0
"ensemble-027","Orthogonal Polynomial Recruitment Penalty by Level:",0
"ensemble-027","Overall Mean Selectivity Penalty",0
"ensemble-027","Q dev penalty",0
"ensemble-027","Regional Recruitment Deviates Penalty Contribution",135.771321954
"ensemble-027","Regional Recruitment Distribution Penalty Contribution",0.193703615527
"ensemble-027","Reset Penalty Contribution",0.000220566
"ensemble-027","Seasonal Catchability Penalty Contribution",0
"ensemble-027","Selectivity Deviations Penalty",0
"ensemble-027","Selectivity Form Penalty (all Fisheries)",0.347780547021
"ensemble-027","Spline Selectivity Bound Penalty (all Fisheries)",0
"ensemble-027","Steepness prior",0.374133427082
"ensemble-027","Tagged Fish Reporting Rate Penalty Contribution",81.9120327212
"ensemble-027","Temporal Recruitment Deviates Curve Penalty Contribution",0
"ensemble-027","Temporal Recruitment Deviates Penalty Contribution",0
"ensemble-027","Temporal Recruitment Deviates Trend Penalty Contribution",0
"ensemble-027","Time Block Mean Selectivity Penalty",1.90809686273e-07
"ensemble-027","von Bertalanffy Deviates Penalty Contribution",0
"ensemble-027","Unclassified objective residual",69.8989159383345
"ensemble-029","Tag",6435.45443239284
"ensemble-029","Length frequency",80537.5614805547
"ensemble-029","Weight frequency",0
"ensemble-029","Age",3651.26242115721
"ensemble-029","CPUE",-1069.4560527002
"ensemble-029","Catch",0
"ensemble-029","Average Regional Biomass Distribution Penalty Contribution",0
"ensemble-029","Average Regional Recruitment Distribution Penalty Contribution",6.34912566966e-09
"ensemble-029","Do Everything Calc Penalty Contribution",1.49033838766
"ensemble-029","Effort dev penalty",0
"ensemble-029","Implicit Fm Level Regression Coefficients Penalty Contribution",0
"ensemble-029","Implicit Fm Level Regression Penalty Contribution",0
"ensemble-029","Incident Selectivity Curvature Penalty",2.8578108815
"ensemble-029","Initial Population Age Composition Penalty Contribution",1.25149761342
"ensemble-029","Initial Population Recruitment Penalty Contribution",8.01444071084e-08
"ensemble-029","Kludged Equilibrium Survival Penalty Contribution",0
"ensemble-029","Maximum Age Lag Fishing Mortality Penalty (all Fisheries)",0
"ensemble-029","Maximum Fishing Mortality Penalty (all Fisheries)",0
"ensemble-029","Mean length penalty",0
"ensemble-029","Movement Diffusion Coefficients Penalty Contribution",0.045367515382
"ensemble-029","Non Spline Selectivity Curvature Penalty (all Fisheries)",0
"ensemble-029","Normal Distribution Temporal Recruitment Deviates Penalty Contribution",0
"ensemble-029","Orthogonal Polynomial Recruitment Penalty by Level:",0
"ensemble-029","Overall Mean Selectivity Penalty",0
"ensemble-029","Q dev penalty",0
"ensemble-029","Regional Recruitment Deviates Penalty Contribution",132.176477444
"ensemble-029","Regional Recruitment Distribution Penalty Contribution",0.18016334493
"ensemble-029","Reset Penalty Contribution",0.000221563
"ensemble-029","Seasonal Catchability Penalty Contribution",0
"ensemble-029","Selectivity Deviations Penalty",0
"ensemble-029","Selectivity Form Penalty (all Fisheries)",0.896557072054
"ensemble-029","Spline Selectivity Bound Penalty (all Fisheries)",0
"ensemble-029","Steepness prior",0.318004156082
"ensemble-029","Tagged Fish Reporting Rate Penalty Contribution",87.7026026418
"ensemble-029","Temporal Recruitment Deviates Curve Penalty Contribution",0
"ensemble-029","Temporal Recruitment Deviates Penalty Contribution",0
"ensemble-029","Temporal Recruitment Deviates Trend Penalty Contribution",0
"ensemble-029","Time Block Mean Selectivity Penalty",1.58035996378e-06
"ensemble-029","von Bertalanffy Deviates Penalty Contribution",0
"ensemble-029","Unclassified objective residual",71.4056116915017
"ensemble-030","Tag",7180.59213552494
"ensemble-030","Length frequency",83614.0809581564
"ensemble-030","Weight frequency",0
"ensemble-030","Age",3578.62622907208
"ensemble-030","CPUE",-1035.9671844752
"ensemble-030","Catch",0
"ensemble-030","Average Regional Biomass Distribution Penalty Contribution",0
"ensemble-030","Average Regional Recruitment Distribution Penalty Contribution",1.33139792524e-08
"ensemble-030","Do Everything Calc Penalty Contribution",0.368493388932
"ensemble-030","Effort dev penalty",0
"ensemble-030","Implicit Fm Level Regression Coefficients Penalty Contribution",0
"ensemble-030","Implicit Fm Level Regression Penalty Contribution",0
"ensemble-030","Incident Selectivity Curvature Penalty",4.68460156352
"ensemble-030","Initial Population Age Composition Penalty Contribution",0.745648697938
"ensemble-030","Initial Population Recruitment Penalty Contribution",3.49250543454e-07
"ensemble-030","Kludged Equilibrium Survival Penalty Contribution",0
"ensemble-030","Maximum Age Lag Fishing Mortality Penalty (all Fisheries)",0
"ensemble-030","Maximum Fishing Mortality Penalty (all Fisheries)",0
"ensemble-030","Mean length penalty",0
"ensemble-030","Movement Diffusion Coefficients Penalty Contribution",0.048020992695
"ensemble-030","Non Spline Selectivity Curvature Penalty (all Fisheries)",0
"ensemble-030","Normal Distribution Temporal Recruitment Deviates Penalty Contribution",0
"ensemble-030","Orthogonal Polynomial Recruitment Penalty by Level:",0
"ensemble-030","Overall Mean Selectivity Penalty",0
"ensemble-030","Q dev penalty",0
"ensemble-030","Regional Recruitment Deviates Penalty Contribution",143.927871338
"ensemble-030","Regional Recruitment Distribution Penalty Contribution",0.14123925621
"ensemble-030","Reset Penalty Contribution",0.000247492
"ensemble-030","Seasonal Catchability Penalty Contribution",0
"ensemble-030","Selectivity Deviations Penalty",0
"ensemble-030","Selectivity Form Penalty (all Fisheries)",0.344548781727
"ensemble-030","Spline Selectivity Bound Penalty (all Fisheries)",0
"ensemble-030","Steepness prior",0.445819632315
"ensemble-030","Tagged Fish Reporting Rate Penalty Contribution",155.800184259
"ensemble-030","Temporal Recruitment Deviates Curve Penalty Contribution",0
"ensemble-030","Temporal Recruitment Deviates Penalty Contribution",0
"ensemble-030","Temporal Recruitment Deviates Trend Penalty Contribution",0
"ensemble-030","Time Block Mean Selectivity Penalty",4.07402922065e-07
"ensemble-030","von Bertalanffy Deviates Penalty Contribution",0
"ensemble-030","Unclassified objective residual",63.2855613315769
"ensemble-031","Tag",7198.3321601715
"ensemble-031","Length frequency",80616.2894528737
"ensemble-031","Weight frequency",0
"ensemble-031","Age",3587.44869099805
"ensemble-031","CPUE",-1062.9077349613
"ensemble-031","Catch",0
"ensemble-031","Average Regional Biomass Distribution Penalty Contribution",0
"ensemble-031","Average Regional Recruitment Distribution Penalty Contribution",2.46095055445e-09
"ensemble-031","Do Everything Calc Penalty Contribution",0.16913507016
"ensemble-031","Effort dev penalty",0
"ensemble-031","Implicit Fm Level Regression Coefficients Penalty Contribution",0
"ensemble-031","Implicit Fm Level Regression Penalty Contribution",0
"ensemble-031","Incident Selectivity Curvature Penalty",2.90302899234
"ensemble-031","Initial Population Age Composition Penalty Contribution",1.3287601002
"ensemble-031","Initial Population Recruitment Penalty Contribution",6.16175688406e-08
"ensemble-031","Kludged Equilibrium Survival Penalty Contribution",0
"ensemble-031","Maximum Age Lag Fishing Mortality Penalty (all Fisheries)",0
"ensemble-031","Maximum Fishing Mortality Penalty (all Fisheries)",0
"ensemble-031","Mean length penalty",0
"ensemble-031","Movement Diffusion Coefficients Penalty Contribution",0.0461350445143
"ensemble-031","Non Spline Selectivity Curvature Penalty (all Fisheries)",0
"ensemble-031","Normal Distribution Temporal Recruitment Deviates Penalty Contribution",0
"ensemble-031","Orthogonal Polynomial Recruitment Penalty by Level:",0
"ensemble-031","Overall Mean Selectivity Penalty",0
"ensemble-031","Q dev penalty",0
"ensemble-031","Regional Recruitment Deviates Penalty Contribution",139.192678875
"ensemble-031","Regional Recruitment Distribution Penalty Contribution",0.173465329373
"ensemble-031","Reset Penalty Contribution",0.000233669
"ensemble-031","Seasonal Catchability Penalty Contribution",0
"ensemble-031","Selectivity Deviations Penalty",0
"ensemble-031","Selectivity Form Penalty (all Fisheries)",0.801517283082
"ensemble-031","Spline Selectivity Bound Penalty (all Fisheries)",0
"ensemble-031","Steepness prior",0.38986179481
"ensemble-031","Tagged Fish Reporting Rate Penalty Contribution",84.1280026851
"ensemble-031","Temporal Recruitment Deviates Curve Penalty Contribution",0
"ensemble-031","Temporal Recruitment Deviates Penalty Contribution",0
"ensemble-031","Temporal Recruitment Deviates Trend Penalty Contribution",0
"ensemble-031","Time Block Mean Selectivity Penalty",1.51453647845e-06
"ensemble-031","von Bertalanffy Deviates Penalty Contribution",0
"ensemble-031","Unclassified objective residual",80.8642961928417
"ensemble-032","Tag",6391.77292145751
"ensemble-032","Length frequency",79784.6312888963
"ensemble-032","Weight frequency",0
"ensemble-032","Age",3597.47449579392
"ensemble-032","CPUE",-1152.6569171031
"ensemble-032","Catch",0
"ensemble-032","Average Regional Biomass Distribution Penalty Contribution",0
"ensemble-032","Average Regional Recruitment Distribution Penalty Contribution",3.86347096537e-08
"ensemble-032","Do Everything Calc Penalty Contribution",4.44687605669
"ensemble-032","Effort dev penalty",0
"ensemble-032","Implicit Fm Level Regression Coefficients Penalty Contribution",0
"ensemble-032","Implicit Fm Level Regression Penalty Contribution",0
"ensemble-032","Incident Selectivity Curvature Penalty",3.68576561387
"ensemble-032","Initial Population Age Composition Penalty Contribution",1.23249019008
"ensemble-032","Initial Population Recruitment Penalty Contribution",4.36654832608e-07
"ensemble-032","Kludged Equilibrium Survival Penalty Contribution",0
"ensemble-032","Maximum Age Lag Fishing Mortality Penalty (all Fisheries)",0
"ensemble-032","Maximum Fishing Mortality Penalty (all Fisheries)",0
"ensemble-032","Mean length penalty",0
"ensemble-032","Movement Diffusion Coefficients Penalty Contribution",0.0508491054994
"ensemble-032","Non Spline Selectivity Curvature Penalty (all Fisheries)",0
"ensemble-032","Normal Distribution Temporal Recruitment Deviates Penalty Contribution",0
"ensemble-032","Orthogonal Polynomial Recruitment Penalty by Level:",0
"ensemble-032","Overall Mean Selectivity Penalty",0
"ensemble-032","Q dev penalty",0
"ensemble-032","Regional Recruitment Deviates Penalty Contribution",127.322404246
"ensemble-032","Regional Recruitment Distribution Penalty Contribution",0.141403459359
"ensemble-032","Reset Penalty Contribution",0.000240203
"ensemble-032","Seasonal Catchability Penalty Contribution",0
"ensemble-032","Selectivity Deviations Penalty",0
"ensemble-032","Selectivity Form Penalty (all Fisheries)",0.238933252007
"ensemble-032","Spline Selectivity Bound Penalty (all Fisheries)",0
"ensemble-032","Steepness prior",0.374151171067
"ensemble-032","Tagged Fish Reporting Rate Penalty Contribution",97.042322966
"ensemble-032","Temporal Recruitment Deviates Curve Penalty Contribution",0
"ensemble-032","Temporal Recruitment Deviates Penalty Contribution",0
"ensemble-032","Temporal Recruitment Deviates Trend Penalty Contribution",0
"ensemble-032","Time Block Mean Selectivity Penalty",5.49561775642e-07
"ensemble-032","von Bertalanffy Deviates Penalty Contribution",0
"ensemble-032","Unclassified objective residual",79.9647860431432
"ensemble-033","Tag",7107.97906611042
"ensemble-033","Length frequency",80516.5076875822
"ensemble-033","Weight frequency",0
"ensemble-033","Age",3592.56626163813
"ensemble-033","CPUE",-1055.8352768631
"ensemble-033","Catch",0
"ensemble-033","Average Regional Biomass Distribution Penalty Contribution",0
"ensemble-033","Average Regional Recruitment Distribution Penalty Contribution",4.73457362204e-09
"ensemble-033","Do Everything Calc Penalty Contribution",0.785902601509
"ensemble-033","Effort dev penalty",0
"ensemble-033","Implicit Fm Level Regression Coefficients Penalty Contribution",0
"ensemble-033","Implicit Fm Level Regression Penalty Contribution",0
"ensemble-033","Incident Selectivity Curvature Penalty",3.09297820327
"ensemble-033","Initial Population Age Composition Penalty Contribution",1.1221570336
"ensemble-033","Initial Population Recruitment Penalty Contribution",1.06834943819e-07
"ensemble-033","Kludged Equilibrium Survival Penalty Contribution",0
"ensemble-033","Maximum Age Lag Fishing Mortality Penalty (all Fisheries)",0
"ensemble-033","Maximum Fishing Mortality Penalty (all Fisheries)",0
"ensemble-033","Mean length penalty",0
"ensemble-033","Movement Diffusion Coefficients Penalty Contribution",0.0480648797993
"ensemble-033","Non Spline Selectivity Curvature Penalty (all Fisheries)",0
"ensemble-033","Normal Distribution Temporal Recruitment Deviates Penalty Contribution",0
"ensemble-033","Orthogonal Polynomial Recruitment Penalty by Level:",0
"ensemble-033","Overall Mean Selectivity Penalty",0
"ensemble-033","Q dev penalty",0
"ensemble-033","Regional Recruitment Deviates Penalty Contribution",142.491288154
"ensemble-033","Regional Recruitment Distribution Penalty Contribution",0.177519928756
"ensemble-033","Reset Penalty Contribution",0.000228241
"ensemble-033","Seasonal Catchability Penalty Contribution",0
"ensemble-033","Selectivity Deviations Penalty",0
"ensemble-033","Selectivity Form Penalty (all Fisheries)",0.311534015568
"ensemble-033","Spline Selectivity Bound Penalty (all Fisheries)",0
"ensemble-033","Steepness prior",0.295225467158
"ensemble-033","Tagged Fish Reporting Rate Penalty Contribution",96.5049211151
"ensemble-033","Temporal Recruitment Deviates Curve Penalty Contribution",0
"ensemble-033","Temporal Recruitment Deviates Penalty Contribution",0
"ensemble-033","Temporal Recruitment Deviates Trend Penalty Contribution",0
"ensemble-033","Time Block Mean Selectivity Penalty",2.79318498997e-07
"ensemble-033","von Bertalanffy Deviates Penalty Contribution",0
"ensemble-033","Unclassified objective residual",66.5693328517082
"ensemble-034","Tag",7657.4743199602
"ensemble-034","Length frequency",90025.8279670218
"ensemble-034","Weight frequency",0
"ensemble-034","Age",3605.78884228671
"ensemble-034","CPUE",-1049.4085833783
"ensemble-034","Catch",0
"ensemble-034","Average Regional Biomass Distribution Penalty Contribution",0
"ensemble-034","Average Regional Recruitment Distribution Penalty Contribution",4.19236982907e-08
"ensemble-034","Do Everything Calc Penalty Contribution",0.317238543317
"ensemble-034","Effort dev penalty",0
"ensemble-034","Implicit Fm Level Regression Coefficients Penalty Contribution",0
"ensemble-034","Implicit Fm Level Regression Penalty Contribution",0
"ensemble-034","Incident Selectivity Curvature Penalty",3.53839177315
"ensemble-034","Initial Population Age Composition Penalty Contribution",1.44872218709
"ensemble-034","Initial Population Recruitment Penalty Contribution",6.07810400848e-08
"ensemble-034","Kludged Equilibrium Survival Penalty Contribution",0
"ensemble-034","Maximum Age Lag Fishing Mortality Penalty (all Fisheries)",0
"ensemble-034","Maximum Fishing Mortality Penalty (all Fisheries)",0
"ensemble-034","Mean length penalty",0
"ensemble-034","Movement Diffusion Coefficients Penalty Contribution",0.0503833743206
"ensemble-034","Non Spline Selectivity Curvature Penalty (all Fisheries)",0
"ensemble-034","Normal Distribution Temporal Recruitment Deviates Penalty Contribution",0
"ensemble-034","Orthogonal Polynomial Recruitment Penalty by Level:",0
"ensemble-034","Overall Mean Selectivity Penalty",0
"ensemble-034","Q dev penalty",0
"ensemble-034","Regional Recruitment Deviates Penalty Contribution",144.641860327
"ensemble-034","Regional Recruitment Distribution Penalty Contribution",0.141014183522
"ensemble-034","Reset Penalty Contribution",0.000238558
"ensemble-034","Seasonal Catchability Penalty Contribution",0
"ensemble-034","Selectivity Deviations Penalty",0
"ensemble-034","Selectivity Form Penalty (all Fisheries)",0.238923721
"ensemble-034","Spline Selectivity Bound Penalty (all Fisheries)",0
"ensemble-034","Steepness prior",0.432438345388
"ensemble-034","Tagged Fish Reporting Rate Penalty Contribution",33.1555450177
"ensemble-034","Temporal Recruitment Deviates Curve Penalty Contribution",0
"ensemble-034","Temporal Recruitment Deviates Penalty Contribution",0
"ensemble-034","Temporal Recruitment Deviates Trend Penalty Contribution",0
"ensemble-034","Time Block Mean Selectivity Penalty",1.8181140149e-08
"ensemble-034","von Bertalanffy Deviates Penalty Contribution",0
"ensemble-034","Unclassified objective residual",78.0527836442488
"ensemble-035","Tag",6997.64230808409
"ensemble-035","Length frequency",79803.7942840896
"ensemble-035","Weight frequency",0
"ensemble-035","Age",3591.3982923299
"ensemble-035","CPUE",-1058.5616152604
"ensemble-035","Catch",0
"ensemble-035","Average Regional Biomass Distribution Penalty Contribution",0
"ensemble-035","Average Regional Recruitment Distribution Penalty Contribution",2.11713313547e-09
"ensemble-035","Do Everything Calc Penalty Contribution",0.840455812124
"ensemble-035","Effort dev penalty",0
"ensemble-035","Implicit Fm Level Regression Coefficients Penalty Contribution",0
"ensemble-035","Implicit Fm Level Regression Penalty Contribution",0
"ensemble-035","Incident Selectivity Curvature Penalty",3.65665979766
"ensemble-035","Initial Population Age Composition Penalty Contribution",1.38553699195
"ensemble-035","Initial Population Recruitment Penalty Contribution",1.16403202429e-07
"ensemble-035","Kludged Equilibrium Survival Penalty Contribution",0
"ensemble-035","Maximum Age Lag Fishing Mortality Penalty (all Fisheries)",0
"ensemble-035","Maximum Fishing Mortality Penalty (all Fisheries)",0
"ensemble-035","Mean length penalty",0
"ensemble-035","Movement Diffusion Coefficients Penalty Contribution",0.0477829208396
"ensemble-035","Non Spline Selectivity Curvature Penalty (all Fisheries)",0
"ensemble-035","Normal Distribution Temporal Recruitment Deviates Penalty Contribution",0
"ensemble-035","Orthogonal Polynomial Recruitment Penalty by Level:",0
"ensemble-035","Overall Mean Selectivity Penalty",0
"ensemble-035","Q dev penalty",0
"ensemble-035","Regional Recruitment Deviates Penalty Contribution",143.105132248
"ensemble-035","Regional Recruitment Distribution Penalty Contribution",0.166489587383
"ensemble-035","Reset Penalty Contribution",0.00022654
"ensemble-035","Seasonal Catchability Penalty Contribution",0
"ensemble-035","Selectivity Deviations Penalty",0
"ensemble-035","Selectivity Form Penalty (all Fisheries)",0.359930919045
"ensemble-035","Spline Selectivity Bound Penalty (all Fisheries)",0
"ensemble-035","Steepness prior",0.422047532833
"ensemble-035","Tagged Fish Reporting Rate Penalty Contribution",59.4129083646
"ensemble-035","Temporal Recruitment Deviates Curve Penalty Contribution",0
"ensemble-035","Temporal Recruitment Deviates Penalty Contribution",0
"ensemble-035","Temporal Recruitment Deviates Trend Penalty Contribution",0
"ensemble-035","Time Block Mean Selectivity Penalty",4.10783513871e-08
"ensemble-035","von Bertalanffy Deviates Penalty Contribution",0
"ensemble-035","Unclassified objective residual",77.9969005068415
"ensemble-036","Tag",7146.68109416758
"ensemble-036","Length frequency",80717.090349259
"ensemble-036","Weight frequency",0
"ensemble-036","Age",3691.11418064876
"ensemble-036","CPUE",-1082.591821255
"ensemble-036","Catch",0
"ensemble-036","Average Regional Biomass Distribution Penalty Contribution",0
"ensemble-036","Average Regional Recruitment Distribution Penalty Contribution",7.69034613768e-10
"ensemble-036","Do Everything Calc Penalty Contribution",0.119411278737
"ensemble-036","Effort dev penalty",0
"ensemble-036","Implicit Fm Level Regression Coefficients Penalty Contribution",0
"ensemble-036","Implicit Fm Level Regression Penalty Contribution",0
"ensemble-036","Incident Selectivity Curvature Penalty",2.82975493144
"ensemble-036","Initial Population Age Composition Penalty Contribution",1.26324065326
"ensemble-036","Initial Population Recruitment Penalty Contribution",3.06830372738e-08
"ensemble-036","Kludged Equilibrium Survival Penalty Contribution",0
"ensemble-036","Maximum Age Lag Fishing Mortality Penalty (all Fisheries)",0
"ensemble-036","Maximum Fishing Mortality Penalty (all Fisheries)",0
"ensemble-036","Mean length penalty",0
"ensemble-036","Movement Diffusion Coefficients Penalty Contribution",0.0475530821445
"ensemble-036","Non Spline Selectivity Curvature Penalty (all Fisheries)",0
"ensemble-036","Normal Distribution Temporal Recruitment Deviates Penalty Contribution",0
"ensemble-036","Orthogonal Polynomial Recruitment Penalty by Level:",0
"ensemble-036","Overall Mean Selectivity Penalty",0
"ensemble-036","Q dev penalty",0
"ensemble-036","Regional Recruitment Deviates Penalty Contribution",153.223800037
"ensemble-036","Regional Recruitment Distribution Penalty Contribution",0.181299335374
"ensemble-036","Reset Penalty Contribution",0.000239043
"ensemble-036","Seasonal Catchability Penalty Contribution",0
"ensemble-036","Selectivity Deviations Penalty",0
"ensemble-036","Selectivity Form Penalty (all Fisheries)",0.463100854651
"ensemble-036","Spline Selectivity Bound Penalty (all Fisheries)",0
"ensemble-036","Steepness prior",0.389205236557
"ensemble-036","Tagged Fish Reporting Rate Penalty Contribution",92.9155423307
"ensemble-036","Temporal Recruitment Deviates Curve Penalty Contribution",0
"ensemble-036","Temporal Recruitment Deviates Penalty Contribution",0
"ensemble-036","Temporal Recruitment Deviates Trend Penalty Contribution",0
"ensemble-036","Time Block Mean Selectivity Penalty",8.78557955275e-07
"ensemble-036","von Bertalanffy Deviates Penalty Contribution",0
"ensemble-036","Unclassified objective residual",80.1819831180619
"ensemble-037","Tag",7349.20559918997
"ensemble-037","Length frequency",80771.1523604301
"ensemble-037","Weight frequency",0
"ensemble-037","Age",3630.27075781129
"ensemble-037","CPUE",-1056.9488167535
"ensemble-037","Catch",0
"ensemble-037","Average Regional Biomass Distribution Penalty Contribution",0
"ensemble-037","Average Regional Recruitment Distribution Penalty Contribution",9.45624378801e-09
"ensemble-037","Do Everything Calc Penalty Contribution",0.76319514364
"ensemble-037","Effort dev penalty",0
"ensemble-037","Implicit Fm Level Regression Coefficients Penalty Contribution",0
"ensemble-037","Implicit Fm Level Regression Penalty Contribution",0
"ensemble-037","Incident Selectivity Curvature Penalty",3.48141963136
"ensemble-037","Initial Population Age Composition Penalty Contribution",1.70318693202
"ensemble-037","Initial Population Recruitment Penalty Contribution",1.04097542704e-07
"ensemble-037","Kludged Equilibrium Survival Penalty Contribution",0
"ensemble-037","Maximum Age Lag Fishing Mortality Penalty (all Fisheries)",0
"ensemble-037","Maximum Fishing Mortality Penalty (all Fisheries)",0
"ensemble-037","Mean length penalty",0
"ensemble-037","Movement Diffusion Coefficients Penalty Contribution",0.0483542796693
"ensemble-037","Non Spline Selectivity Curvature Penalty (all Fisheries)",0
"ensemble-037","Normal Distribution Temporal Recruitment Deviates Penalty Contribution",0
"ensemble-037","Orthogonal Polynomial Recruitment Penalty by Level:",0
"ensemble-037","Overall Mean Selectivity Penalty",0
"ensemble-037","Q dev penalty",0
"ensemble-037","Regional Recruitment Deviates Penalty Contribution",142.908208088
"ensemble-037","Regional Recruitment Distribution Penalty Contribution",0.143429582543
"ensemble-037","Reset Penalty Contribution",0.000229322
"ensemble-037","Seasonal Catchability Penalty Contribution",0
"ensemble-037","Selectivity Deviations Penalty",0
"ensemble-037","Selectivity Form Penalty (all Fisheries)",0.804060398172
"ensemble-037","Spline Selectivity Bound Penalty (all Fisheries)",0
"ensemble-037","Steepness prior",0.543096962976
"ensemble-037","Tagged Fish Reporting Rate Penalty Contribution",21.5933637961
"ensemble-037","Temporal Recruitment Deviates Curve Penalty Contribution",0
"ensemble-037","Temporal Recruitment Deviates Penalty Contribution",0
"ensemble-037","Temporal Recruitment Deviates Trend Penalty Contribution",0
"ensemble-037","Time Block Mean Selectivity Penalty",4.09454258943e-07
"ensemble-037","von Bertalanffy Deviates Penalty Contribution",0
"ensemble-037","Unclassified objective residual",92.5405989278224
"ensemble-038","Tag",7495.76601409058
"ensemble-038","Length frequency",80675.9873784145
"ensemble-038","Weight frequency",0
"ensemble-038","Age",3632.23212062336
"ensemble-038","CPUE",-1057.1323993431
"ensemble-038","Catch",0
"ensemble-038","Average Regional Biomass Distribution Penalty Contribution",0
"ensemble-038","Average Regional Recruitment Distribution Penalty Contribution",2.4140831556e-08
"ensemble-038","Do Everything Calc Penalty Contribution",0.148447851301
"ensemble-038","Effort dev penalty",0
"ensemble-038","Implicit Fm Level Regression Coefficients Penalty Contribution",0
"ensemble-038","Implicit Fm Level Regression Penalty Contribution",0
"ensemble-038","Incident Selectivity Curvature Penalty",3.19085258574
"ensemble-038","Initial Population Age Composition Penalty Contribution",1.49195384588
"ensemble-038","Initial Population Recruitment Penalty Contribution",1.69397853386e-07
"ensemble-038","Kludged Equilibrium Survival Penalty Contribution",0
"ensemble-038","Maximum Age Lag Fishing Mortality Penalty (all Fisheries)",0
"ensemble-038","Maximum Fishing Mortality Penalty (all Fisheries)",0
"ensemble-038","Mean length penalty",0
"ensemble-038","Movement Diffusion Coefficients Penalty Contribution",0.0458377420309
"ensemble-038","Non Spline Selectivity Curvature Penalty (all Fisheries)",0
"ensemble-038","Normal Distribution Temporal Recruitment Deviates Penalty Contribution",0
"ensemble-038","Orthogonal Polynomial Recruitment Penalty by Level:",0
"ensemble-038","Overall Mean Selectivity Penalty",0
"ensemble-038","Q dev penalty",0
"ensemble-038","Regional Recruitment Deviates Penalty Contribution",139.48892221
"ensemble-038","Regional Recruitment Distribution Penalty Contribution",0.149043896326
"ensemble-038","Reset Penalty Contribution",0.000231429
"ensemble-038","Seasonal Catchability Penalty Contribution",0
"ensemble-038","Selectivity Deviations Penalty",0
"ensemble-038","Selectivity Form Penalty (all Fisheries)",0.667545513718
"ensemble-038","Spline Selectivity Bound Penalty (all Fisheries)",0
"ensemble-038","Steepness prior",0.450246135965
"ensemble-038","Tagged Fish Reporting Rate Penalty Contribution",58.4414218479
"ensemble-038","Temporal Recruitment Deviates Curve Penalty Contribution",0
"ensemble-038","Temporal Recruitment Deviates Penalty Contribution",0
"ensemble-038","Temporal Recruitment Deviates Trend Penalty Contribution",0
"ensemble-038","Time Block Mean Selectivity Penalty",6.80548794207e-07
"ensemble-038","von Bertalanffy Deviates Penalty Contribution",0
"ensemble-038","Unclassified objective residual",87.7317631571786
"ensemble-039","Tag",7520.76361130392
"ensemble-039","Length frequency",84167.3681625948
"ensemble-039","Weight frequency",0
"ensemble-039","Age",3611.29635172366
"ensemble-039","CPUE",-1084.55167638
"ensemble-039","Catch",0
"ensemble-039","Average Regional Biomass Distribution Penalty Contribution",0
"ensemble-039","Average Regional Recruitment Distribution Penalty Contribution",1.04672608359e-08
"ensemble-039","Do Everything Calc Penalty Contribution",0.110736941548
"ensemble-039","Effort dev penalty",0
"ensemble-039","Implicit Fm Level Regression Coefficients Penalty Contribution",0
"ensemble-039","Implicit Fm Level Regression Penalty Contribution",0
"ensemble-039","Incident Selectivity Curvature Penalty",3.03480332218
"ensemble-039","Initial Population Age Composition Penalty Contribution",1.35740445819
"ensemble-039","Initial Population Recruitment Penalty Contribution",1.69065099158e-07
"ensemble-039","Kludged Equilibrium Survival Penalty Contribution",0
"ensemble-039","Maximum Age Lag Fishing Mortality Penalty (all Fisheries)",0
"ensemble-039","Maximum Fishing Mortality Penalty (all Fisheries)",0
"ensemble-039","Mean length penalty",0
"ensemble-039","Movement Diffusion Coefficients Penalty Contribution",0.045324415841
"ensemble-039","Non Spline Selectivity Curvature Penalty (all Fisheries)",0
"ensemble-039","Normal Distribution Temporal Recruitment Deviates Penalty Contribution",0
"ensemble-039","Orthogonal Polynomial Recruitment Penalty by Level:",0
"ensemble-039","Overall Mean Selectivity Penalty",0
"ensemble-039","Q dev penalty",0
"ensemble-039","Regional Recruitment Deviates Penalty Contribution",151.443519907
"ensemble-039","Regional Recruitment Distribution Penalty Contribution",0.175875232368
"ensemble-039","Reset Penalty Contribution",0.000231783
"ensemble-039","Seasonal Catchability Penalty Contribution",0
"ensemble-039","Selectivity Deviations Penalty",0
"ensemble-039","Selectivity Form Penalty (all Fisheries)",0.489934697038
"ensemble-039","Spline Selectivity Bound Penalty (all Fisheries)",0
"ensemble-039","Steepness prior",0.366780810524
"ensemble-039","Tagged Fish Reporting Rate Penalty Contribution",74.0151407234
"ensemble-039","Temporal Recruitment Deviates Curve Penalty Contribution",0
"ensemble-039","Temporal Recruitment Deviates Penalty Contribution",0
"ensemble-039","Temporal Recruitment Deviates Trend Penalty Contribution",0
"ensemble-039","Time Block Mean Selectivity Penalty",4.61565747401e-07
"ensemble-039","von Bertalanffy Deviates Penalty Contribution",0
"ensemble-039","Unclassified objective residual",87.7556913393346
"ensemble-040","Tag",6620.55214357268
"ensemble-040","Length frequency",85082.08612617
"ensemble-040","Weight frequency",0
"ensemble-040","Age",3575.68846750741
"ensemble-040","CPUE",-1047.5727031057
"ensemble-040","Catch",0
"ensemble-040","Average Regional Biomass Distribution Penalty Contribution",0
"ensemble-040","Average Regional Recruitment Distribution Penalty Contribution",1.16529008665e-12
"ensemble-040","Do Everything Calc Penalty Contribution",2.22044658657
"ensemble-040","Effort dev penalty",0
"ensemble-040","Implicit Fm Level Regression Coefficients Penalty Contribution",0
"ensemble-040","Implicit Fm Level Regression Penalty Contribution",0
"ensemble-040","Incident Selectivity Curvature Penalty",3.37818475943
"ensemble-040","Initial Population Age Composition Penalty Contribution",1.41697324111
"ensemble-040","Initial Population Recruitment Penalty Contribution",3.51962441574e-07
"ensemble-040","Kludged Equilibrium Survival Penalty Contribution",0
"ensemble-040","Maximum Age Lag Fishing Mortality Penalty (all Fisheries)",0
"ensemble-040","Maximum Fishing Mortality Penalty (all Fisheries)",0
"ensemble-040","Mean length penalty",0
"ensemble-040","Movement Diffusion Coefficients Penalty Contribution",0.0573311374546
"ensemble-040","Non Spline Selectivity Curvature Penalty (all Fisheries)",0
"ensemble-040","Normal Distribution Temporal Recruitment Deviates Penalty Contribution",0
"ensemble-040","Orthogonal Polynomial Recruitment Penalty by Level:",0
"ensemble-040","Overall Mean Selectivity Penalty",0
"ensemble-040","Q dev penalty",0
"ensemble-040","Regional Recruitment Deviates Penalty Contribution",149.072146139
"ensemble-040","Regional Recruitment Distribution Penalty Contribution",0.189987359492
"ensemble-040","Reset Penalty Contribution",0.000222823
"ensemble-040","Seasonal Catchability Penalty Contribution",0
"ensemble-040","Selectivity Deviations Penalty",0
"ensemble-040","Selectivity Form Penalty (all Fisheries)",0.485378389029
"ensemble-040","Spline Selectivity Bound Penalty (all Fisheries)",0
"ensemble-040","Steepness prior",0.36066682697
"ensemble-040","Tagged Fish Reporting Rate Penalty Contribution",52.8331972036
"ensemble-040","Temporal Recruitment Deviates Curve Penalty Contribution",0
"ensemble-040","Temporal Recruitment Deviates Penalty Contribution",0
"ensemble-040","Temporal Recruitment Deviates Trend Penalty Contribution",0
"ensemble-040","Time Block Mean Selectivity Penalty",4.69016470106e-08
"ensemble-040","von Bertalanffy Deviates Penalty Contribution",0
"ensemble-040","Unclassified objective residual",86.818253143545
"ensemble-041","Tag",6607.17708053241
"ensemble-041","Length frequency",80722.6566790004
"ensemble-041","Weight frequency",0
"ensemble-041","Age",3617.15962958357
"ensemble-041","CPUE",-1049.954168462
"ensemble-041","Catch",0
"ensemble-041","Average Regional Biomass Distribution Penalty Contribution",0
"ensemble-041","Average Regional Recruitment Distribution Penalty Contribution",3.07040295411e-08
"ensemble-041","Do Everything Calc Penalty Contribution",0.367706459777
"ensemble-041","Effort dev penalty",0
"ensemble-041","Implicit Fm Level Regression Coefficients Penalty Contribution",0
"ensemble-041","Implicit Fm Level Regression Penalty Contribution",0
"ensemble-041","Incident Selectivity Curvature Penalty",3.01382455027
"ensemble-041","Initial Population Age Composition Penalty Contribution",1.26544106131
"ensemble-041","Initial Population Recruitment Penalty Contribution",4.51995743859e-07
"ensemble-041","Kludged Equilibrium Survival Penalty Contribution",0
"ensemble-041","Maximum Age Lag Fishing Mortality Penalty (all Fisheries)",0
"ensemble-041","Maximum Fishing Mortality Penalty (all Fisheries)",0
"ensemble-041","Mean length penalty",0
"ensemble-041","Movement Diffusion Coefficients Penalty Contribution",0.0552095513192
"ensemble-041","Non Spline Selectivity Curvature Penalty (all Fisheries)",0
"ensemble-041","Normal Distribution Temporal Recruitment Deviates Penalty Contribution",0
"ensemble-041","Orthogonal Polynomial Recruitment Penalty by Level:",0
"ensemble-041","Overall Mean Selectivity Penalty",0
"ensemble-041","Q dev penalty",0
"ensemble-041","Regional Recruitment Deviates Penalty Contribution",149.681927926
"ensemble-041","Regional Recruitment Distribution Penalty Contribution",0.181223441924
"ensemble-041","Reset Penalty Contribution",0.000237006
"ensemble-041","Seasonal Catchability Penalty Contribution",0
"ensemble-041","Selectivity Deviations Penalty",0
"ensemble-041","Selectivity Form Penalty (all Fisheries)",0.767117980074
"ensemble-041","Spline Selectivity Bound Penalty (all Fisheries)",0
"ensemble-041","Steepness prior",0.307667352518
"ensemble-041","Tagged Fish Reporting Rate Penalty Contribution",136.132583306
"ensemble-041","Temporal Recruitment Deviates Curve Penalty Contribution",0
"ensemble-041","Temporal Recruitment Deviates Penalty Contribution",0
"ensemble-041","Temporal Recruitment Deviates Trend Penalty Contribution",0
"ensemble-041","Time Block Mean Selectivity Penalty",9.40371364777e-07
"ensemble-041","von Bertalanffy Deviates Penalty Contribution",0
"ensemble-041","Unclassified objective residual",79.2984956693545
"ensemble-042","Tag",6546.18521741679
"ensemble-042","Length frequency",79960.5649998953
"ensemble-042","Weight frequency",0
"ensemble-042","Age",3646.07959486413
"ensemble-042","CPUE",-1064.5954519514
"ensemble-042","Catch",0
"ensemble-042","Average Regional Biomass Distribution Penalty Contribution",0
"ensemble-042","Average Regional Recruitment Distribution Penalty Contribution",7.34837612981e-09
"ensemble-042","Do Everything Calc Penalty Contribution",1.21708969937
"ensemble-042","Effort dev penalty",0
"ensemble-042","Implicit Fm Level Regression Coefficients Penalty Contribution",0
"ensemble-042","Implicit Fm Level Regression Penalty Contribution",0
"ensemble-042","Incident Selectivity Curvature Penalty",2.8368512209
"ensemble-042","Initial Population Age Composition Penalty Contribution",1.38465301296
"ensemble-042","Initial Population Recruitment Penalty Contribution",3.20020953894e-07
"ensemble-042","Kludged Equilibrium Survival Penalty Contribution",0
"ensemble-042","Maximum Age Lag Fishing Mortality Penalty (all Fisheries)",0
"ensemble-042","Maximum Fishing Mortality Penalty (all Fisheries)",0
"ensemble-042","Mean length penalty",0
"ensemble-042","Movement Diffusion Coefficients Penalty Contribution",0.058137974404
"ensemble-042","Non Spline Selectivity Curvature Penalty (all Fisheries)",0
"ensemble-042","Normal Distribution Temporal Recruitment Deviates Penalty Contribution",0
"ensemble-042","Orthogonal Polynomial Recruitment Penalty by Level:",0
"ensemble-042","Overall Mean Selectivity Penalty",0
"ensemble-042","Q dev penalty",0
"ensemble-042","Regional Recruitment Deviates Penalty Contribution",129.33515979
"ensemble-042","Regional Recruitment Distribution Penalty Contribution",0.143220168135
"ensemble-042","Reset Penalty Contribution",0.000205417
"ensemble-042","Seasonal Catchability Penalty Contribution",0
"ensemble-042","Selectivity Deviations Penalty",0
"ensemble-042","Selectivity Form Penalty (all Fisheries)",1.8231032279
"ensemble-042","Spline Selectivity Bound Penalty (all Fisheries)",0
"ensemble-042","Steepness prior",0.367989469508
"ensemble-042","Tagged Fish Reporting Rate Penalty Contribution",49.4958595832
"ensemble-042","Temporal Recruitment Deviates Curve Penalty Contribution",0
"ensemble-042","Temporal Recruitment Deviates Penalty Contribution",0
"ensemble-042","Temporal Recruitment Deviates Trend Penalty Contribution",0
"ensemble-042","Time Block Mean Selectivity Penalty",9.13767451038e-07
"ensemble-042","von Bertalanffy Deviates Penalty Contribution",0
"ensemble-042","Unclassified objective residual",84.1873639293481
"ensemble-043","Tag",7125.75300511436
"ensemble-043","Length frequency",80771.6697921887
"ensemble-043","Weight frequency",0
"ensemble-043","Age",3615.50637767746
"ensemble-043","CPUE",-1083.708227568
"ensemble-043","Catch",0
"ensemble-043","Average Regional Biomass Distribution Penalty Contribution",0
"ensemble-043","Average Regional Recruitment Distribution Penalty Contribution",6.93518131811e-10
"ensemble-043","Do Everything Calc Penalty Contribution",0.776301736475
"ensemble-043","Effort dev penalty",0
"ensemble-043","Implicit Fm Level Regression Coefficients Penalty Contribution",0
"ensemble-043","Implicit Fm Level Regression Penalty Contribution",0
"ensemble-043","Incident Selectivity Curvature Penalty",3.19390305364
"ensemble-043","Initial Population Age Composition Penalty Contribution",1.53406931509
"ensemble-043","Initial Population Recruitment Penalty Contribution",8.94160653069e-08
"ensemble-043","Kludged Equilibrium Survival Penalty Contribution",0
"ensemble-043","Maximum Age Lag Fishing Mortality Penalty (all Fisheries)",0
"ensemble-043","Maximum Fishing Mortality Penalty (all Fisheries)",0
"ensemble-043","Mean length penalty",0
"ensemble-043","Movement Diffusion Coefficients Penalty Contribution",0.044229059034
"ensemble-043","Non Spline Selectivity Curvature Penalty (all Fisheries)",0
"ensemble-043","Normal Distribution Temporal Recruitment Deviates Penalty Contribution",0
"ensemble-043","Orthogonal Polynomial Recruitment Penalty by Level:",0
"ensemble-043","Overall Mean Selectivity Penalty",0
"ensemble-043","Q dev penalty",0
"ensemble-043","Regional Recruitment Deviates Penalty Contribution",149.495917519
"ensemble-043","Regional Recruitment Distribution Penalty Contribution",0.162410503522
"ensemble-043","Reset Penalty Contribution",0.000218461
"ensemble-043","Seasonal Catchability Penalty Contribution",0
"ensemble-043","Selectivity Deviations Penalty",0
"ensemble-043","Selectivity Form Penalty (all Fisheries)",1.02325977842
"ensemble-043","Spline Selectivity Bound Penalty (all Fisheries)",0
"ensemble-043","Steepness prior",0.41813528036
"ensemble-043","Tagged Fish Reporting Rate Penalty Contribution",41.4864057296
"ensemble-043","Temporal Recruitment Deviates Curve Penalty Contribution",0
"ensemble-043","Temporal Recruitment Deviates Penalty Contribution",0
"ensemble-043","Temporal Recruitment Deviates Trend Penalty Contribution",0
"ensemble-043","Time Block Mean Selectivity Penalty",1.11333312702e-06
"ensemble-043","von Bertalanffy Deviates Penalty Contribution",0
"ensemble-043","Unclassified objective residual",82.8507146355842
"ensemble-044","Tag",6403.55259378209
"ensemble-044","Length frequency",84180.9831313905
"ensemble-044","Weight frequency",0
"ensemble-044","Age",3482.40629539685
"ensemble-044","CPUE",-1082.1209845635
"ensemble-044","Catch",0
"ensemble-044","Average Regional Biomass Distribution Penalty Contribution",0
"ensemble-044","Average Regional Recruitment Distribution Penalty Contribution",4.14360101786e-10
"ensemble-044","Do Everything Calc Penalty Contribution",1.61125864524
"ensemble-044","Effort dev penalty",0
"ensemble-044","Implicit Fm Level Regression Coefficients Penalty Contribution",0
"ensemble-044","Implicit Fm Level Regression Penalty Contribution",0
"ensemble-044","Incident Selectivity Curvature Penalty",3.28932862563
"ensemble-044","Initial Population Age Composition Penalty Contribution",1.21299513967
"ensemble-044","Initial Population Recruitment Penalty Contribution",3.02549887316e-07
"ensemble-044","Kludged Equilibrium Survival Penalty Contribution",0
"ensemble-044","Maximum Age Lag Fishing Mortality Penalty (all Fisheries)",0
"ensemble-044","Maximum Fishing Mortality Penalty (all Fisheries)",0
"ensemble-044","Mean length penalty",0
"ensemble-044","Movement Diffusion Coefficients Penalty Contribution",0.0472067756403
"ensemble-044","Non Spline Selectivity Curvature Penalty (all Fisheries)",0
"ensemble-044","Normal Distribution Temporal Recruitment Deviates Penalty Contribution",0
"ensemble-044","Orthogonal Polynomial Recruitment Penalty by Level:",0
"ensemble-044","Overall Mean Selectivity Penalty",0
"ensemble-044","Q dev penalty",0
"ensemble-044","Regional Recruitment Deviates Penalty Contribution",131.575888552
"ensemble-044","Regional Recruitment Distribution Penalty Contribution",0.183476593934
"ensemble-044","Reset Penalty Contribution",0.000220922
"ensemble-044","Seasonal Catchability Penalty Contribution",0
"ensemble-044","Selectivity Deviations Penalty",0
"ensemble-044","Selectivity Form Penalty (all Fisheries)",0.224403082487
"ensemble-044","Spline Selectivity Bound Penalty (all Fisheries)",0
"ensemble-044","Steepness prior",0.398089468478
"ensemble-044","Tagged Fish Reporting Rate Penalty Contribution",87.7025508983
"ensemble-044","Temporal Recruitment Deviates Curve Penalty Contribution",0
"ensemble-044","Temporal Recruitment Deviates Penalty Contribution",0
"ensemble-044","Temporal Recruitment Deviates Trend Penalty Contribution",0
"ensemble-044","Time Block Mean Selectivity Penalty",5.95557793304e-07
"ensemble-044","von Bertalanffy Deviates Penalty Contribution",0
"ensemble-044","Unclassified objective residual",71.2009496417595
"ensemble-045","Tag",6381.11586525753
"ensemble-045","Length frequency",80742.3362276288
"ensemble-045","Weight frequency",0
"ensemble-045","Age",3708.85147720033
"ensemble-045","CPUE",-1051.297416598
"ensemble-045","Catch",0
"ensemble-045","Average Regional Biomass Distribution Penalty Contribution",0
"ensemble-045","Average Regional Recruitment Distribution Penalty Contribution",6.18758804194e-08
"ensemble-045","Do Everything Calc Penalty Contribution",1.47432162324
"ensemble-045","Effort dev penalty",0
"ensemble-045","Implicit Fm Level Regression Coefficients Penalty Contribution",0
"ensemble-045","Implicit Fm Level Regression Penalty Contribution",0
"ensemble-045","Incident Selectivity Curvature Penalty",2.90100173122
"ensemble-045","Initial Population Age Composition Penalty Contribution",1.46419133899
"ensemble-045","Initial Population Recruitment Penalty Contribution",3.47891333899e-08
"ensemble-045","Kludged Equilibrium Survival Penalty Contribution",0
"ensemble-045","Maximum Age Lag Fishing Mortality Penalty (all Fisheries)",0
"ensemble-045","Maximum Fishing Mortality Penalty (all Fisheries)",0
"ensemble-045","Mean length penalty",0
"ensemble-045","Movement Diffusion Coefficients Penalty Contribution",0.0441041237356
"ensemble-045","Non Spline Selectivity Curvature Penalty (all Fisheries)",0
"ensemble-045","Normal Distribution Temporal Recruitment Deviates Penalty Contribution",0
"ensemble-045","Orthogonal Polynomial Recruitment Penalty by Level:",0
"ensemble-045","Overall Mean Selectivity Penalty",0
"ensemble-045","Q dev penalty",0
"ensemble-045","Regional Recruitment Deviates Penalty Contribution",147.482191543
"ensemble-045","Regional Recruitment Distribution Penalty Contribution",0.173902262244
"ensemble-045","Reset Penalty Contribution",0.000223018
"ensemble-045","Seasonal Catchability Penalty Contribution",0
"ensemble-045","Selectivity Deviations Penalty",0
"ensemble-045","Selectivity Form Penalty (all Fisheries)",0.928678984543
"ensemble-045","Spline Selectivity Bound Penalty (all Fisheries)",0
"ensemble-045","Steepness prior",0.417373866591
"ensemble-045","Tagged Fish Reporting Rate Penalty Contribution",63.2230356101
"ensemble-045","Temporal Recruitment Deviates Curve Penalty Contribution",0
"ensemble-045","Temporal Recruitment Deviates Penalty Contribution",0
"ensemble-045","Temporal Recruitment Deviates Trend Penalty Contribution",0
"ensemble-045","Time Block Mean Selectivity Penalty",5.70474526285e-07
"ensemble-045","von Bertalanffy Deviates Penalty Contribution",0
"ensemble-045","Unclassified objective residual",84.7825943309435
"ensemble-046","Tag",7193.04143594166
"ensemble-046","Length frequency",79278.2877865141
"ensemble-046","Weight frequency",0
"ensemble-046","Age",3528.19820856715
"ensemble-046","CPUE",-1046.9878345528
"ensemble-046","Catch",0
"ensemble-046","Average Regional Biomass Distribution Penalty Contribution",0
"ensemble-046","Average Regional Recruitment Distribution Penalty Contribution",7.21610717846e-08
"ensemble-046","Do Everything Calc Penalty Contribution",0.906092839752
"ensemble-046","Effort dev penalty",0
"ensemble-046","Implicit Fm Level Regression Coefficients Penalty Contribution",0
"ensemble-046","Implicit Fm Level Regression Penalty Contribution",0
"ensemble-046","Incident Selectivity Curvature Penalty",4.30418725909
"ensemble-046","Initial Population Age Composition Penalty Contribution",0.785443528232
"ensemble-046","Initial Population Recruitment Penalty Contribution",5.79071875347e-07
"ensemble-046","Kludged Equilibrium Survival Penalty Contribution",0
"ensemble-046","Maximum Age Lag Fishing Mortality Penalty (all Fisheries)",0
"ensemble-046","Maximum Fishing Mortality Penalty (all Fisheries)",0
"ensemble-046","Mean length penalty",0
"ensemble-046","Movement Diffusion Coefficients Penalty Contribution",0.0464691170354
"ensemble-046","Non Spline Selectivity Curvature Penalty (all Fisheries)",0
"ensemble-046","Normal Distribution Temporal Recruitment Deviates Penalty Contribution",0
"ensemble-046","Orthogonal Polynomial Recruitment Penalty by Level:",0
"ensemble-046","Overall Mean Selectivity Penalty",0
"ensemble-046","Q dev penalty",0
"ensemble-046","Regional Recruitment Deviates Penalty Contribution",135.703692375
"ensemble-046","Regional Recruitment Distribution Penalty Contribution",0.169755825698
"ensemble-046","Reset Penalty Contribution",0.000253601
"ensemble-046","Seasonal Catchability Penalty Contribution",0
"ensemble-046","Selectivity Deviations Penalty",0
"ensemble-046","Selectivity Form Penalty (all Fisheries)",0.389939315889
"ensemble-046","Spline Selectivity Bound Penalty (all Fisheries)",0
"ensemble-046","Steepness prior",0.428303599338
"ensemble-046","Tagged Fish Reporting Rate Penalty Contribution",161.841916258
"ensemble-046","Temporal Recruitment Deviates Curve Penalty Contribution",0
"ensemble-046","Temporal Recruitment Deviates Penalty Contribution",0
"ensemble-046","Temporal Recruitment Deviates Trend Penalty Contribution",0
"ensemble-046","Time Block Mean Selectivity Penalty",5.51215521227e-07
"ensemble-046","von Bertalanffy Deviates Penalty Contribution",0
"ensemble-046","Unclassified objective residual",65.2993949270167
"ensemble-047","Tag",6630.69763238555
"ensemble-047","Length frequency",84104.0976602447
"ensemble-047","Weight frequency",0
"ensemble-047","Age",3675.47330298961
"ensemble-047","CPUE",-1180.426400466
"ensemble-047","Catch",0
"ensemble-047","Average Regional Biomass Distribution Penalty Contribution",0
"ensemble-047","Average Regional Recruitment Distribution Penalty Contribution",6.399642416e-08
"ensemble-047","Do Everything Calc Penalty Contribution",0.515737299928
"ensemble-047","Effort dev penalty",0
"ensemble-047","Implicit Fm Level Regression Coefficients Penalty Contribution",0
"ensemble-047","Implicit Fm Level Regression Penalty Contribution",0
"ensemble-047","Incident Selectivity Curvature Penalty",2.78900575719
"ensemble-047","Initial Population Age Composition Penalty Contribution",1.29602270733
"ensemble-047","Initial Population Recruitment Penalty Contribution",3.83113223609e-07
"ensemble-047","Kludged Equilibrium Survival Penalty Contribution",0
"ensemble-047","Maximum Age Lag Fishing Mortality Penalty (all Fisheries)",0
"ensemble-047","Maximum Fishing Mortality Penalty (all Fisheries)",0
"ensemble-047","Mean length penalty",0
"ensemble-047","Movement Diffusion Coefficients Penalty Contribution",0.0489729459657
"ensemble-047","Non Spline Selectivity Curvature Penalty (all Fisheries)",0
"ensemble-047","Normal Distribution Temporal Recruitment Deviates Penalty Contribution",0
"ensemble-047","Orthogonal Polynomial Recruitment Penalty by Level:",0
"ensemble-047","Overall Mean Selectivity Penalty",0
"ensemble-047","Q dev penalty",0
"ensemble-047","Regional Recruitment Deviates Penalty Contribution",132.495999311
"ensemble-047","Regional Recruitment Distribution Penalty Contribution",0.149131093724
"ensemble-047","Reset Penalty Contribution",0.000250585
"ensemble-047","Seasonal Catchability Penalty Contribution",0
"ensemble-047","Selectivity Deviations Penalty",0
"ensemble-047","Selectivity Form Penalty (all Fisheries)",0.842425130494
"ensemble-047","Spline Selectivity Bound Penalty (all Fisheries)",0
"ensemble-047","Steepness prior",0.276891897704
"ensemble-047","Tagged Fish Reporting Rate Penalty Contribution",136.11702106
"ensemble-047","Temporal Recruitment Deviates Curve Penalty Contribution",0
"ensemble-047","Temporal Recruitment Deviates Penalty Contribution",0
"ensemble-047","Temporal Recruitment Deviates Trend Penalty Contribution",0
"ensemble-047","Time Block Mean Selectivity Penalty",1.62919985769e-06
"ensemble-047","von Bertalanffy Deviates Penalty Contribution",0
"ensemble-047","Unclassified objective residual",78.371008529939
"ensemble-048","Tag",7281.51000117273
"ensemble-048","Length frequency",85064.8706861
"ensemble-048","Weight frequency",0
"ensemble-048","Age",3587.43902468439
"ensemble-048","CPUE",-1053.6433608276
"ensemble-048","Catch",0
"ensemble-048","Average Regional Biomass Distribution Penalty Contribution",0
"ensemble-048","Average Regional Recruitment Distribution Penalty Contribution",1.33250722456e-07
"ensemble-048","Do Everything Calc Penalty Contribution",0.87546940252
"ensemble-048","Effort dev penalty",0
"ensemble-048","Implicit Fm Level Regression Coefficients Penalty Contribution",0
"ensemble-048","Implicit Fm Level Regression Penalty Contribution",0
"ensemble-048","Incident Selectivity Curvature Penalty",3.68515048722
"ensemble-048","Initial Population Age Composition Penalty Contribution",1.65845552403
"ensemble-048","Initial Population Recruitment Penalty Contribution",6.71623785345e-08
"ensemble-048","Kludged Equilibrium Survival Penalty Contribution",0
"ensemble-048","Maximum Age Lag Fishing Mortality Penalty (all Fisheries)",0
"ensemble-048","Maximum Fishing Mortality Penalty (all Fisheries)",0
"ensemble-048","Mean length penalty",0
"ensemble-048","Movement Diffusion Coefficients Penalty Contribution",0.0485415976549
"ensemble-048","Non Spline Selectivity Curvature Penalty (all Fisheries)",0
"ensemble-048","Normal Distribution Temporal Recruitment Deviates Penalty Contribution",0
"ensemble-048","Orthogonal Polynomial Recruitment Penalty by Level:",0
"ensemble-048","Overall Mean Selectivity Penalty",0
"ensemble-048","Q dev penalty",0
"ensemble-048","Regional Recruitment Deviates Penalty Contribution",145.964143017
"ensemble-048","Regional Recruitment Distribution Penalty Contribution",0.15108365219
"ensemble-048","Reset Penalty Contribution",0.000228555
"ensemble-048","Seasonal Catchability Penalty Contribution",0
"ensemble-048","Selectivity Deviations Penalty",0
"ensemble-048","Selectivity Form Penalty (all Fisheries)",0.444591647128
"ensemble-048","Spline Selectivity Bound Penalty (all Fisheries)",0
"ensemble-048","Steepness prior",0.648997328018
"ensemble-048","Tagged Fish Reporting Rate Penalty Contribution",24.8897022319
"ensemble-048","Temporal Recruitment Deviates Curve Penalty Contribution",0
"ensemble-048","Temporal Recruitment Deviates Penalty Contribution",0
"ensemble-048","Temporal Recruitment Deviates Trend Penalty Contribution",0
"ensemble-048","Time Block Mean Selectivity Penalty",1.31685624183e-07
"ensemble-048","von Bertalanffy Deviates Penalty Contribution",0
"ensemble-048","Unclassified objective residual",93.9452609363943
"ensemble-049","Tag",7698.03589362266
"ensemble-049","Length frequency",79754.8957686535
"ensemble-049","Weight frequency",0
"ensemble-049","Age",3638.82808284172
"ensemble-049","CPUE",-1039.7002380741
"ensemble-049","Catch",0
"ensemble-049","Average Regional Biomass Distribution Penalty Contribution",0
"ensemble-049","Average Regional Recruitment Distribution Penalty Contribution",3.33946559294e-09
"ensemble-049","Do Everything Calc Penalty Contribution",0.221127297949
"ensemble-049","Effort dev penalty",0
"ensemble-049","Implicit Fm Level Regression Coefficients Penalty Contribution",0
"ensemble-049","Implicit Fm Level Regression Penalty Contribution",0
"ensemble-049","Incident Selectivity Curvature Penalty",3.13729527227
"ensemble-049","Initial Population Age Composition Penalty Contribution",1.34189012792
"ensemble-049","Initial Population Recruitment Penalty Contribution",2.67749957257e-09
"ensemble-049","Kludged Equilibrium Survival Penalty Contribution",0
"ensemble-049","Maximum Age Lag Fishing Mortality Penalty (all Fisheries)",0
"ensemble-049","Maximum Fishing Mortality Penalty (all Fisheries)",0
"ensemble-049","Mean length penalty",0
"ensemble-049","Movement Diffusion Coefficients Penalty Contribution",0.0467578889124
"ensemble-049","Non Spline Selectivity Curvature Penalty (all Fisheries)",0
"ensemble-049","Normal Distribution Temporal Recruitment Deviates Penalty Contribution",0
"ensemble-049","Orthogonal Polynomial Recruitment Penalty by Level:",0
"ensemble-049","Overall Mean Selectivity Penalty",0
"ensemble-049","Q dev penalty",0
"ensemble-049","Regional Recruitment Deviates Penalty Contribution",141.787419239
"ensemble-049","Regional Recruitment Distribution Penalty Contribution",0.167580490953
"ensemble-049","Reset Penalty Contribution",0.000230926
"ensemble-049","Seasonal Catchability Penalty Contribution",0
"ensemble-049","Selectivity Deviations Penalty",0
"ensemble-049","Selectivity Form Penalty (all Fisheries)",0.41026176539
"ensemble-049","Spline Selectivity Bound Penalty (all Fisheries)",0
"ensemble-049","Steepness prior",0.411850446234
"ensemble-049","Tagged Fish Reporting Rate Penalty Contribution",46.3684504402
"ensemble-049","Temporal Recruitment Deviates Curve Penalty Contribution",0
"ensemble-049","Temporal Recruitment Deviates Penalty Contribution",0
"ensemble-049","Temporal Recruitment Deviates Trend Penalty Contribution",0
"ensemble-049","Time Block Mean Selectivity Penalty",9.85991448488e-08
"ensemble-049","von Bertalanffy Deviates Penalty Contribution",0
"ensemble-049","Unclassified objective residual",71.0424750844395
"ensemble-050","Tag",7174.21955673595
"ensemble-050","Length frequency",89095.5933351836
"ensemble-050","Weight frequency",0
"ensemble-050","Age",3592.58661323855
"ensemble-050","CPUE",-1083.298375688
"ensemble-050","Catch",0
"ensemble-050","Average Regional Biomass Distribution Penalty Contribution",0
"ensemble-050","Average Regional Recruitment Distribution Penalty Contribution",1.7682481257e-07
"ensemble-050","Do Everything Calc Penalty Contribution",0.166527306096
"ensemble-050","Effort dev penalty",0
"ensemble-050","Implicit Fm Level Regression Coefficients Penalty Contribution",0
"ensemble-050","Implicit Fm Level Regression Penalty Contribution",0
"ensemble-050","Incident Selectivity Curvature Penalty",2.98306273768
"ensemble-050","Initial Population Age Composition Penalty Contribution",1.22100253892
"ensemble-050","Initial Population Recruitment Penalty Contribution",1.24572349039e-07
"ensemble-050","Kludged Equilibrium Survival Penalty Contribution",0
"ensemble-050","Maximum Age Lag Fishing Mortality Penalty (all Fisheries)",0
"ensemble-050","Maximum Fishing Mortality Penalty (all Fisheries)",0
"ensemble-050","Mean length penalty",0
"ensemble-050","Movement Diffusion Coefficients Penalty Contribution",0.0475988152894
"ensemble-050","Non Spline Selectivity Curvature Penalty (all Fisheries)",0
"ensemble-050","Normal Distribution Temporal Recruitment Deviates Penalty Contribution",0
"ensemble-050","Orthogonal Polynomial Recruitment Penalty by Level:",0
"ensemble-050","Overall Mean Selectivity Penalty",0
"ensemble-050","Q dev penalty",0
"ensemble-050","Regional Recruitment Deviates Penalty Contribution",148.59211564
"ensemble-050","Regional Recruitment Distribution Penalty Contribution",0.186686514019
"ensemble-050","Reset Penalty Contribution",0.00024608
"ensemble-050","Seasonal Catchability Penalty Contribution",0
"ensemble-050","Selectivity Deviations Penalty",0
"ensemble-050","Selectivity Form Penalty (all Fisheries)",0.294612085438
"ensemble-050","Spline Selectivity Bound Penalty (all Fisheries)",0
"ensemble-050","Steepness prior",0.298755661866
"ensemble-050","Tagged Fish Reporting Rate Penalty Contribution",101.536370072
"ensemble-050","Temporal Recruitment Deviates Curve Penalty Contribution",0
"ensemble-050","Temporal Recruitment Deviates Penalty Contribution",0
"ensemble-050","Temporal Recruitment Deviates Trend Penalty Contribution",0
"ensemble-050","Time Block Mean Selectivity Penalty",1.07139260308e-06
"ensemble-050","von Bertalanffy Deviates Penalty Contribution",0
"ensemble-050","Unclassified objective residual",76.4279997869744
"ensemble-051","Tag",7218.27894156708
"ensemble-051","Length frequency",80783.5518733959
"ensemble-051","Weight frequency",0
"ensemble-051","Age",3602.09246209904
"ensemble-051","CPUE",-1049.080652865
"ensemble-051","Catch",0
"ensemble-051","Average Regional Biomass Distribution Penalty Contribution",0
"ensemble-051","Average Regional Recruitment Distribution Penalty Contribution",6.89167904966e-08
"ensemble-051","Do Everything Calc Penalty Contribution",0.187668094848
"ensemble-051","Effort dev penalty",0
"ensemble-051","Implicit Fm Level Regression Coefficients Penalty Contribution",0
"ensemble-051","Implicit Fm Level Regression Penalty Contribution",0
"ensemble-051","Incident Selectivity Curvature Penalty",3.27909338663
"ensemble-051","Initial Population Age Composition Penalty Contribution",1.34005206147
"ensemble-051","Initial Population Recruitment Penalty Contribution",5.38497669978e-07
"ensemble-051","Kludged Equilibrium Survival Penalty Contribution",0
"ensemble-051","Maximum Age Lag Fishing Mortality Penalty (all Fisheries)",0
"ensemble-051","Maximum Fishing Mortality Penalty (all Fisheries)",0
"ensemble-051","Mean length penalty",0
"ensemble-051","Movement Diffusion Coefficients Penalty Contribution",0.0494370788588
"ensemble-051","Non Spline Selectivity Curvature Penalty (all Fisheries)",0
"ensemble-051","Normal Distribution Temporal Recruitment Deviates Penalty Contribution",0
"ensemble-051","Orthogonal Polynomial Recruitment Penalty by Level:",0
"ensemble-051","Overall Mean Selectivity Penalty",0
"ensemble-051","Q dev penalty",0
"ensemble-051","Regional Recruitment Deviates Penalty Contribution",153.689102613
"ensemble-051","Regional Recruitment Distribution Penalty Contribution",0.200749618159
"ensemble-051","Reset Penalty Contribution",0.000244479
"ensemble-051","Seasonal Catchability Penalty Contribution",0
"ensemble-051","Selectivity Deviations Penalty",0
"ensemble-051","Selectivity Form Penalty (all Fisheries)",0.563977852435
"ensemble-051","Spline Selectivity Bound Penalty (all Fisheries)",0
"ensemble-051","Steepness prior",0.354209507095
"ensemble-051","Tagged Fish Reporting Rate Penalty Contribution",80.7959590116
"ensemble-051","Temporal Recruitment Deviates Curve Penalty Contribution",0
"ensemble-051","Temporal Recruitment Deviates Penalty Contribution",0
"ensemble-051","Temporal Recruitment Deviates Trend Penalty Contribution",0
"ensemble-051","Time Block Mean Selectivity Penalty",5.1575341331e-07
"ensemble-051","von Bertalanffy Deviates Penalty Contribution",0
"ensemble-051","Unclassified objective residual",90.1752431731584
"ensemble-052","Tag",7272.97994944965
"ensemble-052","Length frequency",80714.0950872007
"ensemble-052","Weight frequency",0
"ensemble-052","Age",3597.96887346035
"ensemble-052","CPUE",-1049.0453495527
"ensemble-052","Catch",0
"ensemble-052","Average Regional Biomass Distribution Penalty Contribution",0
"ensemble-052","Average Regional Recruitment Distribution Penalty Contribution",3.58198803951e-10
"ensemble-052","Do Everything Calc Penalty Contribution",0.828714675784
"ensemble-052","Effort dev penalty",0
"ensemble-052","Implicit Fm Level Regression Coefficients Penalty Contribution",0
"ensemble-052","Implicit Fm Level Regression Penalty Contribution",0
"ensemble-052","Incident Selectivity Curvature Penalty",3.4087548266
"ensemble-052","Initial Population Age Composition Penalty Contribution",1.47661867039
"ensemble-052","Initial Population Recruitment Penalty Contribution",1.14715576811e-07
"ensemble-052","Kludged Equilibrium Survival Penalty Contribution",0
"ensemble-052","Maximum Age Lag Fishing Mortality Penalty (all Fisheries)",0
"ensemble-052","Maximum Fishing Mortality Penalty (all Fisheries)",0
"ensemble-052","Mean length penalty",0
"ensemble-052","Movement Diffusion Coefficients Penalty Contribution",0.0484315940303
"ensemble-052","Non Spline Selectivity Curvature Penalty (all Fisheries)",0
"ensemble-052","Normal Distribution Temporal Recruitment Deviates Penalty Contribution",0
"ensemble-052","Orthogonal Polynomial Recruitment Penalty by Level:",0
"ensemble-052","Overall Mean Selectivity Penalty",0
"ensemble-052","Q dev penalty",0
"ensemble-052","Regional Recruitment Deviates Penalty Contribution",145.603138148
"ensemble-052","Regional Recruitment Distribution Penalty Contribution",0.155048514624
"ensemble-052","Reset Penalty Contribution",0.000222648
"ensemble-052","Seasonal Catchability Penalty Contribution",0
"ensemble-052","Selectivity Deviations Penalty",0
"ensemble-052","Selectivity Form Penalty (all Fisheries)",0.382976514086
"ensemble-052","Spline Selectivity Bound Penalty (all Fisheries)",0
"ensemble-052","Steepness prior",0.501703375355
"ensemble-052","Tagged Fish Reporting Rate Penalty Contribution",38.8409400963
"ensemble-052","Temporal Recruitment Deviates Curve Penalty Contribution",0
"ensemble-052","Temporal Recruitment Deviates Penalty Contribution",0
"ensemble-052","Temporal Recruitment Deviates Trend Penalty Contribution",0
"ensemble-052","Time Block Mean Selectivity Penalty",3.82909490781e-08
"ensemble-052","von Bertalanffy Deviates Penalty Contribution",0
"ensemble-052","Unclassified objective residual",83.2089067916968
"ensemble-053","Tag",6840.57332341354
"ensemble-053","Length frequency",80724.2518399934
"ensemble-053","Weight frequency",0
"ensemble-053","Age",3619.0699389911
"ensemble-053","CPUE",-1060.668884545
"ensemble-053","Catch",0
"ensemble-053","Average Regional Biomass Distribution Penalty Contribution",0
"ensemble-053","Average Regional Recruitment Distribution Penalty Contribution",1.58413513418e-08
"ensemble-053","Do Everything Calc Penalty Contribution",0.437670259955
"ensemble-053","Effort dev penalty",0
"ensemble-053","Implicit Fm Level Regression Coefficients Penalty Contribution",0
"ensemble-053","Implicit Fm Level Regression Penalty Contribution",0
"ensemble-053","Incident Selectivity Curvature Penalty",3.05300299576
"ensemble-053","Initial Population Age Composition Penalty Contribution",1.25676314787
"ensemble-053","Initial Population Recruitment Penalty Contribution",4.41846997739e-07
"ensemble-053","Kludged Equilibrium Survival Penalty Contribution",0
"ensemble-053","Maximum Age Lag Fishing Mortality Penalty (all Fisheries)",0
"ensemble-053","Maximum Fishing Mortality Penalty (all Fisheries)",0
"ensemble-053","Mean length penalty",0
"ensemble-053","Movement Diffusion Coefficients Penalty Contribution",0.050875636965
"ensemble-053","Non Spline Selectivity Curvature Penalty (all Fisheries)",0
"ensemble-053","Normal Distribution Temporal Recruitment Deviates Penalty Contribution",0
"ensemble-053","Orthogonal Polynomial Recruitment Penalty by Level:",0
"ensemble-053","Overall Mean Selectivity Penalty",0
"ensemble-053","Q dev penalty",0
"ensemble-053","Regional Recruitment Deviates Penalty Contribution",150.485704968
"ensemble-053","Regional Recruitment Distribution Penalty Contribution",0.197041143821
"ensemble-053","Reset Penalty Contribution",0.000224339
"ensemble-053","Seasonal Catchability Penalty Contribution",0
"ensemble-053","Selectivity Deviations Penalty",0
"ensemble-053","Selectivity Form Penalty (all Fisheries)",0.664142879744
"ensemble-053","Spline Selectivity Bound Penalty (all Fisheries)",0
"ensemble-053","Steepness prior",0.310787493814
"ensemble-053","Tagged Fish Reporting Rate Penalty Contribution",113.241329507
"ensemble-053","Temporal Recruitment Deviates Curve Penalty Contribution",0
"ensemble-053","Temporal Recruitment Deviates Penalty Contribution",0
"ensemble-053","Temporal Recruitment Deviates Trend Penalty Contribution",0
"ensemble-053","Time Block Mean Selectivity Penalty",9.09168363705e-07
"ensemble-053","von Bertalanffy Deviates Penalty Contribution",0
"ensemble-053","Unclassified objective residual",80.4137694401725
"ensemble-054","Tag",6788.86583097121
"ensemble-054","Length frequency",89114.7283144666
"ensemble-054","Weight frequency",0
"ensemble-054","Age",3637.08802955038
"ensemble-054","CPUE",-1085.342128896
"ensemble-054","Catch",0
"ensemble-054","Average Regional Biomass Distribution Penalty Contribution",0
"ensemble-054","Average Regional Recruitment Distribution Penalty Contribution",1.62860658293e-07
"ensemble-054","Do Everything Calc Penalty Contribution",0.271723517682
"ensemble-054","Effort dev penalty",0
"ensemble-054","Implicit Fm Level Regression Coefficients Penalty Contribution",0
"ensemble-054","Implicit Fm Level Regression Penalty Contribution",0
"ensemble-054","Incident Selectivity Curvature Penalty",2.68999187455
"ensemble-054","Initial Population Age Composition Penalty Contribution",1.16460319552
"ensemble-054","Initial Population Recruitment Penalty Contribution",1.09506421873e-07
"ensemble-054","Kludged Equilibrium Survival Penalty Contribution",0
"ensemble-054","Maximum Age Lag Fishing Mortality Penalty (all Fisheries)",0
"ensemble-054","Maximum Fishing Mortality Penalty (all Fisheries)",0
"ensemble-054","Mean length penalty",0
"ensemble-054","Movement Diffusion Coefficients Penalty Contribution",0.0470037768676
"ensemble-054","Non Spline Selectivity Curvature Penalty (all Fisheries)",0
"ensemble-054","Normal Distribution Temporal Recruitment Deviates Penalty Contribution",0
"ensemble-054","Orthogonal Polynomial Recruitment Penalty by Level:",0
"ensemble-054","Overall Mean Selectivity Penalty",0
"ensemble-054","Q dev penalty",0
"ensemble-054","Regional Recruitment Deviates Penalty Contribution",142.361855497
"ensemble-054","Regional Recruitment Distribution Penalty Contribution",0.198712640815
"ensemble-054","Reset Penalty Contribution",0.000228302
"ensemble-054","Seasonal Catchability Penalty Contribution",0
"ensemble-054","Selectivity Deviations Penalty",0
"ensemble-054","Selectivity Form Penalty (all Fisheries)",0.230243621765
"ensemble-054","Spline Selectivity Bound Penalty (all Fisheries)",0
"ensemble-054","Steepness prior",0.312211921293
"ensemble-054","Tagged Fish Reporting Rate Penalty Contribution",119.636961245
"ensemble-054","Temporal Recruitment Deviates Curve Penalty Contribution",0
"ensemble-054","Temporal Recruitment Deviates Penalty Contribution",0
"ensemble-054","Temporal Recruitment Deviates Trend Penalty Contribution",0
"ensemble-054","Time Block Mean Selectivity Penalty",1.12616822889e-06
"ensemble-054","von Bertalanffy Deviates Penalty Contribution",0
"ensemble-054","Unclassified objective residual",78.1833452719584
"ensemble-055","Tag",6718.0474722547
"ensemble-055","Length frequency",79835.0366479719
"ensemble-055","Weight frequency",0
"ensemble-055","Age",3680.24650243625
"ensemble-055","CPUE",-1051.21478112
"ensemble-055","Catch",0
"ensemble-055","Average Regional Biomass Distribution Penalty Contribution",0
"ensemble-055","Average Regional Recruitment Distribution Penalty Contribution",4.88228124595e-10
"ensemble-055","Do Everything Calc Penalty Contribution",0.548650052885
"ensemble-055","Effort dev penalty",0
"ensemble-055","Implicit Fm Level Regression Coefficients Penalty Contribution",0
"ensemble-055","Implicit Fm Level Regression Penalty Contribution",0
"ensemble-055","Incident Selectivity Curvature Penalty",3.54763459448
"ensemble-055","Initial Population Age Composition Penalty Contribution",1.23689020813
"ensemble-055","Initial Population Recruitment Penalty Contribution",3.85350012685e-07
"ensemble-055","Kludged Equilibrium Survival Penalty Contribution",0
"ensemble-055","Maximum Age Lag Fishing Mortality Penalty (all Fisheries)",0
"ensemble-055","Maximum Fishing Mortality Penalty (all Fisheries)",0
"ensemble-055","Mean length penalty",0
"ensemble-055","Movement Diffusion Coefficients Penalty Contribution",0.0508612638782
"ensemble-055","Non Spline Selectivity Curvature Penalty (all Fisheries)",0
"ensemble-055","Normal Distribution Temporal Recruitment Deviates Penalty Contribution",0
"ensemble-055","Orthogonal Polynomial Recruitment Penalty by Level:",0
"ensemble-055","Overall Mean Selectivity Penalty",0
"ensemble-055","Q dev penalty",0
"ensemble-055","Regional Recruitment Deviates Penalty Contribution",155.191282313
"ensemble-055","Regional Recruitment Distribution Penalty Contribution",0.224906065
"ensemble-055","Reset Penalty Contribution",0.000220577
"ensemble-055","Seasonal Catchability Penalty Contribution",0
"ensemble-055","Selectivity Deviations Penalty",0
"ensemble-055","Selectivity Form Penalty (all Fisheries)",0.335750475932
"ensemble-055","Spline Selectivity Bound Penalty (all Fisheries)",0
"ensemble-055","Steepness prior",0.384384639655
"ensemble-055","Tagged Fish Reporting Rate Penalty Contribution",124.172347525
"ensemble-055","Temporal Recruitment Deviates Curve Penalty Contribution",0
"ensemble-055","Temporal Recruitment Deviates Penalty Contribution",0
"ensemble-055","Temporal Recruitment Deviates Trend Penalty Contribution",0
"ensemble-055","Time Block Mean Selectivity Penalty",9.08177526071e-07
"ensemble-055","von Bertalanffy Deviates Penalty Contribution",0
"ensemble-055","Unclassified objective residual",77.3163073088945
"ensemble-056","Tag",7203.74198390627
"ensemble-056","Length frequency",79725.7112182049
"ensemble-056","Weight frequency",0
"ensemble-056","Age",3524.44179745022
"ensemble-056","CPUE",-1049.1117424358
"ensemble-056","Catch",0
"ensemble-056","Average Regional Biomass Distribution Penalty Contribution",0
"ensemble-056","Average Regional Recruitment Distribution Penalty Contribution",5.07637309966e-08
"ensemble-056","Do Everything Calc Penalty Contribution",0.302760382925
"ensemble-056","Effort dev penalty",0
"ensemble-056","Implicit Fm Level Regression Coefficients Penalty Contribution",0
"ensemble-056","Implicit Fm Level Regression Penalty Contribution",0
"ensemble-056","Incident Selectivity Curvature Penalty",3.0909843655
"ensemble-056","Initial Population Age Composition Penalty Contribution",0.979065061549
"ensemble-056","Initial Population Recruitment Penalty Contribution",2.06429167029e-07
"ensemble-056","Kludged Equilibrium Survival Penalty Contribution",0
"ensemble-056","Maximum Age Lag Fishing Mortality Penalty (all Fisheries)",0
"ensemble-056","Maximum Fishing Mortality Penalty (all Fisheries)",0
"ensemble-056","Mean length penalty",0
"ensemble-056","Movement Diffusion Coefficients Penalty Contribution",0.0470351894875
"ensemble-056","Non Spline Selectivity Curvature Penalty (all Fisheries)",0
"ensemble-056","Normal Distribution Temporal Recruitment Deviates Penalty Contribution",0
"ensemble-056","Orthogonal Polynomial Recruitment Penalty by Level:",0
"ensemble-056","Overall Mean Selectivity Penalty",0
"ensemble-056","Q dev penalty",0
"ensemble-056","Regional Recruitment Deviates Penalty Contribution",140.921529287
"ensemble-056","Regional Recruitment Distribution Penalty Contribution",0.176088799199
"ensemble-056","Reset Penalty Contribution",0.000244023
"ensemble-056","Seasonal Catchability Penalty Contribution",0
"ensemble-056","Selectivity Deviations Penalty",0
"ensemble-056","Selectivity Form Penalty (all Fisheries)",0.142817290987
"ensemble-056","Spline Selectivity Bound Penalty (all Fisheries)",0
"ensemble-056","Steepness prior",0.318058492949
"ensemble-056","Tagged Fish Reporting Rate Penalty Contribution",123.885124962
"ensemble-056","Temporal Recruitment Deviates Curve Penalty Contribution",0
"ensemble-056","Temporal Recruitment Deviates Penalty Contribution",0
"ensemble-056","Temporal Recruitment Deviates Trend Penalty Contribution",0
"ensemble-056","Time Block Mean Selectivity Penalty",3.80740573291e-07
"ensemble-056","von Bertalanffy Deviates Penalty Contribution",0
"ensemble-056","Unclassified objective residual",64.1924356030213
"ensemble-057","Tag",7218.03947223517
"ensemble-057","Length frequency",79720.9630488316
"ensemble-057","Weight frequency",0
"ensemble-057","Age",3528.73648549193
"ensemble-057","CPUE",-1053.3937920951
"ensemble-057","Catch",0
"ensemble-057","Average Regional Biomass Distribution Penalty Contribution",0
"ensemble-057","Average Regional Recruitment Distribution Penalty Contribution",7.21873334442e-08
"ensemble-057","Do Everything Calc Penalty Contribution",0.21817790231
"ensemble-057","Effort dev penalty",0
"ensemble-057","Implicit Fm Level Regression Coefficients Penalty Contribution",0
"ensemble-057","Implicit Fm Level Regression Penalty Contribution",0
"ensemble-057","Incident Selectivity Curvature Penalty",3.30978456866
"ensemble-057","Initial Population Age Composition Penalty Contribution",0.939049970497
"ensemble-057","Initial Population Recruitment Penalty Contribution",1.90374705264e-07
"ensemble-057","Kludged Equilibrium Survival Penalty Contribution",0
"ensemble-057","Maximum Age Lag Fishing Mortality Penalty (all Fisheries)",0
"ensemble-057","Maximum Fishing Mortality Penalty (all Fisheries)",0
"ensemble-057","Mean length penalty",0
"ensemble-057","Movement Diffusion Coefficients Penalty Contribution",0.0470540367618
"ensemble-057","Non Spline Selectivity Curvature Penalty (all Fisheries)",0
"ensemble-057","Normal Distribution Temporal Recruitment Deviates Penalty Contribution",0
"ensemble-057","Orthogonal Polynomial Recruitment Penalty by Level:",0
"ensemble-057","Overall Mean Selectivity Penalty",0
"ensemble-057","Q dev penalty",0
"ensemble-057","Regional Recruitment Deviates Penalty Contribution",140.684452891
"ensemble-057","Regional Recruitment Distribution Penalty Contribution",0.166894180585
"ensemble-057","Reset Penalty Contribution",0.000244005
"ensemble-057","Seasonal Catchability Penalty Contribution",0
"ensemble-057","Selectivity Deviations Penalty",0
"ensemble-057","Selectivity Form Penalty (all Fisheries)",0.168318845681
"ensemble-057","Spline Selectivity Bound Penalty (all Fisheries)",0
"ensemble-057","Steepness prior",0.293284759731
"ensemble-057","Tagged Fish Reporting Rate Penalty Contribution",131.087279801
"ensemble-057","Temporal Recruitment Deviates Curve Penalty Contribution",0
"ensemble-057","Temporal Recruitment Deviates Penalty Contribution",0
"ensemble-057","Temporal Recruitment Deviates Trend Penalty Contribution",0
"ensemble-057","Time Block Mean Selectivity Penalty",3.85373596146e-07
"ensemble-057","von Bertalanffy Deviates Penalty Contribution",0
"ensemble-057","Unclassified objective residual",63.322902072352
"ensemble-059","Tag",7505.39897639825
"ensemble-059","Length frequency",80622.3297987838
"ensemble-059","Weight frequency",0
"ensemble-059","Age",3569.92994373765
"ensemble-059","CPUE",-1058.0932846884
"ensemble-059","Catch",0
"ensemble-059","Average Regional Biomass Distribution Penalty Contribution",0
"ensemble-059","Average Regional Recruitment Distribution Penalty Contribution",1.55233692567e-09
"ensemble-059","Do Everything Calc Penalty Contribution",0.163019169164
"ensemble-059","Effort dev penalty",0
"ensemble-059","Implicit Fm Level Regression Coefficients Penalty Contribution",0
"ensemble-059","Implicit Fm Level Regression Penalty Contribution",0
"ensemble-059","Incident Selectivity Curvature Penalty",3.27826905276
"ensemble-059","Initial Population Age Composition Penalty Contribution",1.44193890686
"ensemble-059","Initial Population Recruitment Penalty Contribution",4.55962457619e-09
"ensemble-059","Kludged Equilibrium Survival Penalty Contribution",0
"ensemble-059","Maximum Age Lag Fishing Mortality Penalty (all Fisheries)",0
"ensemble-059","Maximum Fishing Mortality Penalty (all Fisheries)",0
"ensemble-059","Mean length penalty",0
"ensemble-059","Movement Diffusion Coefficients Penalty Contribution",0.0451083486232
"ensemble-059","Non Spline Selectivity Curvature Penalty (all Fisheries)",0
"ensemble-059","Normal Distribution Temporal Recruitment Deviates Penalty Contribution",0
"ensemble-059","Orthogonal Polynomial Recruitment Penalty by Level:",0
"ensemble-059","Overall Mean Selectivity Penalty",0
"ensemble-059","Q dev penalty",0
"ensemble-059","Regional Recruitment Deviates Penalty Contribution",141.679232822
"ensemble-059","Regional Recruitment Distribution Penalty Contribution",0.156851255984
"ensemble-059","Reset Penalty Contribution",0.000226239
"ensemble-059","Seasonal Catchability Penalty Contribution",0
"ensemble-059","Selectivity Deviations Penalty",0
"ensemble-059","Selectivity Form Penalty (all Fisheries)",0.365962918409
"ensemble-059","Spline Selectivity Bound Penalty (all Fisheries)",0
"ensemble-059","Steepness prior",0.632064263011
"ensemble-059","Tagged Fish Reporting Rate Penalty Contribution",62.5229331274
"ensemble-059","Temporal Recruitment Deviates Curve Penalty Contribution",0
"ensemble-059","Temporal Recruitment Deviates Penalty Contribution",0
"ensemble-059","Temporal Recruitment Deviates Trend Penalty Contribution",0
"ensemble-059","Time Block Mean Selectivity Penalty",4.55802393162e-07
"ensemble-059","von Bertalanffy Deviates Penalty Contribution",0
"ensemble-059","Unclassified objective residual",83.1812016476179
"ensemble-062","Tag",7350.47461401226
"ensemble-062","Length frequency",79242.1917010227
"ensemble-062","Weight frequency",0
"ensemble-062","Age",3584.96527733473
"ensemble-062","CPUE",-1057.3734103492
"ensemble-062","Catch",0
"ensemble-062","Average Regional Biomass Distribution Penalty Contribution",0
"ensemble-062","Average Regional Recruitment Distribution Penalty Contribution",8.92958951226e-09
"ensemble-062","Do Everything Calc Penalty Contribution",0.544503787453
"ensemble-062","Effort dev penalty",0
"ensemble-062","Implicit Fm Level Regression Coefficients Penalty Contribution",0
"ensemble-062","Implicit Fm Level Regression Penalty Contribution",0
"ensemble-062","Incident Selectivity Curvature Penalty",3.6890453346
"ensemble-062","Initial Population Age Composition Penalty Contribution",1.56696486078
"ensemble-062","Initial Population Recruitment Penalty Contribution",1.41221832103e-07
"ensemble-062","Kludged Equilibrium Survival Penalty Contribution",0
"ensemble-062","Maximum Age Lag Fishing Mortality Penalty (all Fisheries)",0
"ensemble-062","Maximum Fishing Mortality Penalty (all Fisheries)",0
"ensemble-062","Mean length penalty",0
"ensemble-062","Movement Diffusion Coefficients Penalty Contribution",0.0459039203395
"ensemble-062","Non Spline Selectivity Curvature Penalty (all Fisheries)",0
"ensemble-062","Normal Distribution Temporal Recruitment Deviates Penalty Contribution",0
"ensemble-062","Orthogonal Polynomial Recruitment Penalty by Level:",0
"ensemble-062","Overall Mean Selectivity Penalty",0
"ensemble-062","Q dev penalty",0
"ensemble-062","Regional Recruitment Deviates Penalty Contribution",138.962865255
"ensemble-062","Regional Recruitment Distribution Penalty Contribution",0.177739033909
"ensemble-062","Reset Penalty Contribution",0.000218656
"ensemble-062","Seasonal Catchability Penalty Contribution",0
"ensemble-062","Selectivity Deviations Penalty",0
"ensemble-062","Selectivity Form Penalty (all Fisheries)",1.05128736327
"ensemble-062","Spline Selectivity Bound Penalty (all Fisheries)",0
"ensemble-062","Steepness prior",0.520360073166
"ensemble-062","Tagged Fish Reporting Rate Penalty Contribution",35.3979776551
"ensemble-062","Temporal Recruitment Deviates Curve Penalty Contribution",0
"ensemble-062","Temporal Recruitment Deviates Penalty Contribution",0
"ensemble-062","Temporal Recruitment Deviates Trend Penalty Contribution",0
"ensemble-062","Time Block Mean Selectivity Penalty",2.6489326217e-06
"ensemble-062","von Bertalanffy Deviates Penalty Contribution",0
"ensemble-062","Unclassified objective residual",85.3392870336247
"ensemble-063","Tag",6641.36092660579
"ensemble-063","Length frequency",79732.9518547647
"ensemble-063","Weight frequency",0
"ensemble-063","Age",3614.25219166723
"ensemble-063","CPUE",-1071.5295292673
"ensemble-063","Catch",0
"ensemble-063","Average Regional Biomass Distribution Penalty Contribution",0
"ensemble-063","Average Regional Recruitment Distribution Penalty Contribution",1.6358967514e-08
"ensemble-063","Do Everything Calc Penalty Contribution",1.86923833229
"ensemble-063","Effort dev penalty",0
"ensemble-063","Implicit Fm Level Regression Coefficients Penalty Contribution",0
"ensemble-063","Implicit Fm Level Regression Penalty Contribution",0
"ensemble-063","Incident Selectivity Curvature Penalty",2.97038120402
"ensemble-063","Initial Population Age Composition Penalty Contribution",1.27404167457
"ensemble-063","Initial Population Recruitment Penalty Contribution",1.77274912305e-08
"ensemble-063","Kludged Equilibrium Survival Penalty Contribution",0
"ensemble-063","Maximum Age Lag Fishing Mortality Penalty (all Fisheries)",0
"ensemble-063","Maximum Fishing Mortality Penalty (all Fisheries)",0
"ensemble-063","Mean length penalty",0
"ensemble-063","Movement Diffusion Coefficients Penalty Contribution",0.0643098447538
"ensemble-063","Non Spline Selectivity Curvature Penalty (all Fisheries)",0
"ensemble-063","Normal Distribution Temporal Recruitment Deviates Penalty Contribution",0
"ensemble-063","Orthogonal Polynomial Recruitment Penalty by Level:",0
"ensemble-063","Overall Mean Selectivity Penalty",0
"ensemble-063","Q dev penalty",0
"ensemble-063","Regional Recruitment Deviates Penalty Contribution",132.603941585
"ensemble-063","Regional Recruitment Distribution Penalty Contribution",0.194002612782
"ensemble-063","Reset Penalty Contribution",0.000217323
"ensemble-063","Seasonal Catchability Penalty Contribution",0
"ensemble-063","Selectivity Deviations Penalty",0
"ensemble-063","Selectivity Form Penalty (all Fisheries)",0.588456283147
"ensemble-063","Spline Selectivity Bound Penalty (all Fisheries)",0
"ensemble-063","Steepness prior",0.387198944078
"ensemble-063","Tagged Fish Reporting Rate Penalty Contribution",78.3451913491
"ensemble-063","Temporal Recruitment Deviates Curve Penalty Contribution",0
"ensemble-063","Temporal Recruitment Deviates Penalty Contribution",0
"ensemble-063","Temporal Recruitment Deviates Trend Penalty Contribution",0
"ensemble-063","Time Block Mean Selectivity Penalty",3.82130508569e-07
"ensemble-063","von Bertalanffy Deviates Penalty Contribution",0
"ensemble-063","Unclassified objective residual",70.9179575612361
"ensemble-065","Tag",7098.87082352285
"ensemble-065","Length frequency",80565.5456820876
"ensemble-065","Weight frequency",0
"ensemble-065","Age",3587.46211847867
"ensemble-065","CPUE",-1058.9004277471
"ensemble-065","Catch",0
"ensemble-065","Average Regional Biomass Distribution Penalty Contribution",0
"ensemble-065","Average Regional Recruitment Distribution Penalty Contribution",5.58259216632e-10
"ensemble-065","Do Everything Calc Penalty Contribution",0.690267417127
"ensemble-065","Effort dev penalty",0
"ensemble-065","Implicit Fm Level Regression Coefficients Penalty Contribution",0
"ensemble-065","Implicit Fm Level Regression Penalty Contribution",0
"ensemble-065","Incident Selectivity Curvature Penalty",3.19263229789
"ensemble-065","Initial Population Age Composition Penalty Contribution",1.25933316648
"ensemble-065","Initial Population Recruitment Penalty Contribution",6.05286638471e-08
"ensemble-065","Kludged Equilibrium Survival Penalty Contribution",0
"ensemble-065","Maximum Age Lag Fishing Mortality Penalty (all Fisheries)",0
"ensemble-065","Maximum Fishing Mortality Penalty (all Fisheries)",0
"ensemble-065","Mean length penalty",0
"ensemble-065","Movement Diffusion Coefficients Penalty Contribution",0.0477859455131
"ensemble-065","Non Spline Selectivity Curvature Penalty (all Fisheries)",0
"ensemble-065","Normal Distribution Temporal Recruitment Deviates Penalty Contribution",0
"ensemble-065","Orthogonal Polynomial Recruitment Penalty by Level:",0
"ensemble-065","Overall Mean Selectivity Penalty",0
"ensemble-065","Q dev penalty",0
"ensemble-065","Regional Recruitment Deviates Penalty Contribution",142.572386413
"ensemble-065","Regional Recruitment Distribution Penalty Contribution",0.169806879833
"ensemble-065","Reset Penalty Contribution",0.000226652
"ensemble-065","Seasonal Catchability Penalty Contribution",0
"ensemble-065","Selectivity Deviations Penalty",0
"ensemble-065","Selectivity Form Penalty (all Fisheries)",0.431188156359
"ensemble-065","Spline Selectivity Bound Penalty (all Fisheries)",0
"ensemble-065","Steepness prior",0.343780268872
"ensemble-065","Tagged Fish Reporting Rate Penalty Contribution",74.5535764966
"ensemble-065","Temporal Recruitment Deviates Curve Penalty Contribution",0
"ensemble-065","Temporal Recruitment Deviates Penalty Contribution",0
"ensemble-065","Temporal Recruitment Deviates Trend Penalty Contribution",0
"ensemble-065","Time Block Mean Selectivity Penalty",4.43837308239e-07
"ensemble-065","von Bertalanffy Deviates Penalty Contribution",0
"ensemble-065","Unclassified objective residual",71.2823030376894
"ensemble-066","Tag",7500.63189025771
"ensemble-066","Length frequency",79724.2614646163
"ensemble-066","Weight frequency",0
"ensemble-066","Age",3569.15996874128
"ensemble-066","CPUE",-1043.8007817548
"ensemble-066","Catch",0
"ensemble-066","Average Regional Biomass Distribution Penalty Contribution",0
"ensemble-066","Average Regional Recruitment Distribution Penalty Contribution",7.38760945751e-08
"ensemble-066","Do Everything Calc Penalty Contribution",0.259286032339
"ensemble-066","Effort dev penalty",0
"ensemble-066","Implicit Fm Level Regression Coefficients Penalty Contribution",0
"ensemble-066","Implicit Fm Level Regression Penalty Contribution",0
"ensemble-066","Incident Selectivity Curvature Penalty",2.91487050347
"ensemble-066","Initial Population Age Composition Penalty Contribution",1.14519358786
"ensemble-066","Initial Population Recruitment Penalty Contribution",8.54246543273e-08
"ensemble-066","Kludged Equilibrium Survival Penalty Contribution",0
"ensemble-066","Maximum Age Lag Fishing Mortality Penalty (all Fisheries)",0
"ensemble-066","Maximum Fishing Mortality Penalty (all Fisheries)",0
"ensemble-066","Mean length penalty",0
"ensemble-066","Movement Diffusion Coefficients Penalty Contribution",0.0454076119522
"ensemble-066","Non Spline Selectivity Curvature Penalty (all Fisheries)",0
"ensemble-066","Normal Distribution Temporal Recruitment Deviates Penalty Contribution",0
"ensemble-066","Orthogonal Polynomial Recruitment Penalty by Level:",0
"ensemble-066","Overall Mean Selectivity Penalty",0
"ensemble-066","Q dev penalty",0
"ensemble-066","Regional Recruitment Deviates Penalty Contribution",140.034218603
"ensemble-066","Regional Recruitment Distribution Penalty Contribution",0.175884044157
"ensemble-066","Reset Penalty Contribution",0.00022917
"ensemble-066","Seasonal Catchability Penalty Contribution",0
"ensemble-066","Selectivity Deviations Penalty",0
"ensemble-066","Selectivity Form Penalty (all Fisheries)",0.212101231286
"ensemble-066","Spline Selectivity Bound Penalty (all Fisheries)",0
"ensemble-066","Steepness prior",0.31416687563
"ensemble-066","Tagged Fish Reporting Rate Penalty Contribution",101.392102972
"ensemble-066","Temporal Recruitment Deviates Curve Penalty Contribution",0
"ensemble-066","Temporal Recruitment Deviates Penalty Contribution",0
"ensemble-066","Temporal Recruitment Deviates Trend Penalty Contribution",0
"ensemble-066","Time Block Mean Selectivity Penalty",4.25121641001e-07
"ensemble-066","von Bertalanffy Deviates Penalty Contribution",0
"ensemble-066","Unclassified objective residual",70.8002024662565
"ensemble-068","Tag",7533.18286663214
"ensemble-068","Length frequency",80494.8921408837
"ensemble-068","Weight frequency",0
"ensemble-068","Age",3607.18379962447
"ensemble-068","CPUE",-1046.4825221709
"ensemble-068","Catch",0
"ensemble-068","Average Regional Biomass Distribution Penalty Contribution",0
"ensemble-068","Average Regional Recruitment Distribution Penalty Contribution",7.9137407738e-10
"ensemble-068","Do Everything Calc Penalty Contribution",0.269089392283
"ensemble-068","Effort dev penalty",0
"ensemble-068","Implicit Fm Level Regression Coefficients Penalty Contribution",0
"ensemble-068","Implicit Fm Level Regression Penalty Contribution",0
"ensemble-068","Incident Selectivity Curvature Penalty",2.83913130326
"ensemble-068","Initial Population Age Composition Penalty Contribution",1.14734264655
"ensemble-068","Initial Population Recruitment Penalty Contribution",2.51601878471e-08
"ensemble-068","Kludged Equilibrium Survival Penalty Contribution",0
"ensemble-068","Maximum Age Lag Fishing Mortality Penalty (all Fisheries)",0
"ensemble-068","Maximum Fishing Mortality Penalty (all Fisheries)",0
"ensemble-068","Mean length penalty",0
"ensemble-068","Movement Diffusion Coefficients Penalty Contribution",0.0442947693329
"ensemble-068","Non Spline Selectivity Curvature Penalty (all Fisheries)",0
"ensemble-068","Normal Distribution Temporal Recruitment Deviates Penalty Contribution",0
"ensemble-068","Orthogonal Polynomial Recruitment Penalty by Level:",0
"ensemble-068","Overall Mean Selectivity Penalty",0
"ensemble-068","Q dev penalty",0
"ensemble-068","Regional Recruitment Deviates Penalty Contribution",141.493025726
"ensemble-068","Regional Recruitment Distribution Penalty Contribution",0.184162646221
"ensemble-068","Reset Penalty Contribution",0.000221336
"ensemble-068","Seasonal Catchability Penalty Contribution",0
"ensemble-068","Selectivity Deviations Penalty",0
"ensemble-068","Selectivity Form Penalty (all Fisheries)",0.313989938489
"ensemble-068","Spline Selectivity Bound Penalty (all Fisheries)",0
"ensemble-068","Steepness prior",0.367793394703
"ensemble-068","Tagged Fish Reporting Rate Penalty Contribution",96.0170971544
"ensemble-068","Temporal Recruitment Deviates Curve Penalty Contribution",0
"ensemble-068","Temporal Recruitment Deviates Penalty Contribution",0
"ensemble-068","Temporal Recruitment Deviates Trend Penalty Contribution",0
"ensemble-068","Time Block Mean Selectivity Penalty",1.06380377929e-06
"ensemble-068","von Bertalanffy Deviates Penalty Contribution",0
"ensemble-068","Unclassified objective residual",69.1755792559852
"ensemble-069","Tag",7861.688549471
"ensemble-069","Length frequency",80600.153192011
"ensemble-069","Weight frequency",0
"ensemble-069","Age",3594.59802022108
"ensemble-069","CPUE",-1043.1271001189
"ensemble-069","Catch",0
"ensemble-069","Average Regional Biomass Distribution Penalty Contribution",0
"ensemble-069","Average Regional Recruitment Distribution Penalty Contribution",4.51410642199e-09
"ensemble-069","Do Everything Calc Penalty Contribution",0.147300788877
"ensemble-069","Effort dev penalty",0
"ensemble-069","Implicit Fm Level Regression Coefficients Penalty Contribution",0
"ensemble-069","Implicit Fm Level Regression Penalty Contribution",0
"ensemble-069","Incident Selectivity Curvature Penalty",3.04508753906
"ensemble-069","Initial Population Age Composition Penalty Contribution",1.25191354909
"ensemble-069","Initial Population Recruitment Penalty Contribution",3.72647563558e-08
"ensemble-069","Kludged Equilibrium Survival Penalty Contribution",0
"ensemble-069","Maximum Age Lag Fishing Mortality Penalty (all Fisheries)",0
"ensemble-069","Maximum Fishing Mortality Penalty (all Fisheries)",0
"ensemble-069","Mean length penalty",0
"ensemble-069","Movement Diffusion Coefficients Penalty Contribution",0.0511162580719
"ensemble-069","Non Spline Selectivity Curvature Penalty (all Fisheries)",0
"ensemble-069","Normal Distribution Temporal Recruitment Deviates Penalty Contribution",0
"ensemble-069","Orthogonal Polynomial Recruitment Penalty by Level:",0
"ensemble-069","Overall Mean Selectivity Penalty",0
"ensemble-069","Q dev penalty",0
"ensemble-069","Regional Recruitment Deviates Penalty Contribution",145.420407639
"ensemble-069","Regional Recruitment Distribution Penalty Contribution",0.162770078823
"ensemble-069","Reset Penalty Contribution",0.000240228
"ensemble-069","Seasonal Catchability Penalty Contribution",0
"ensemble-069","Selectivity Deviations Penalty",0
"ensemble-069","Selectivity Form Penalty (all Fisheries)",0.328446511246
"ensemble-069","Spline Selectivity Bound Penalty (all Fisheries)",0
"ensemble-069","Steepness prior",0.371909674563
"ensemble-069","Tagged Fish Reporting Rate Penalty Contribution",72.2651487728
"ensemble-069","Temporal Recruitment Deviates Curve Penalty Contribution",0
"ensemble-069","Temporal Recruitment Deviates Penalty Contribution",0
"ensemble-069","Temporal Recruitment Deviates Trend Penalty Contribution",0
"ensemble-069","Time Block Mean Selectivity Penalty",1.0304407283e-06
"ensemble-069","von Bertalanffy Deviates Penalty Contribution",0
"ensemble-069","Unclassified objective residual",73.2213461831707
"ensemble-070","Tag",7702.99603660474
"ensemble-070","Length frequency",94609.7504069615
"ensemble-070","Weight frequency",0
"ensemble-070","Age",3599.27007833161
"ensemble-070","CPUE",-1153.9402785796
"ensemble-070","Catch",0
"ensemble-070","Average Regional Biomass Distribution Penalty Contribution",0
"ensemble-070","Average Regional Recruitment Distribution Penalty Contribution",2.00268743811e-08
"ensemble-070","Do Everything Calc Penalty Contribution",0.0737337544751
"ensemble-070","Effort dev penalty",0
"ensemble-070","Implicit Fm Level Regression Coefficients Penalty Contribution",0
"ensemble-070","Implicit Fm Level Regression Penalty Contribution",0
"ensemble-070","Incident Selectivity Curvature Penalty",4.49953294904
"ensemble-070","Initial Population Age Composition Penalty Contribution",1.6299037596
"ensemble-070","Initial Population Recruitment Penalty Contribution",3.42341848621e-07
"ensemble-070","Kludged Equilibrium Survival Penalty Contribution",0
"ensemble-070","Maximum Age Lag Fishing Mortality Penalty (all Fisheries)",0
"ensemble-070","Maximum Fishing Mortality Penalty (all Fisheries)",0
"ensemble-070","Mean length penalty",0
"ensemble-070","Movement Diffusion Coefficients Penalty Contribution",0.0533212778628
"ensemble-070","Non Spline Selectivity Curvature Penalty (all Fisheries)",0
"ensemble-070","Normal Distribution Temporal Recruitment Deviates Penalty Contribution",0
"ensemble-070","Orthogonal Polynomial Recruitment Penalty by Level:",0
"ensemble-070","Overall Mean Selectivity Penalty",0
"ensemble-070","Q dev penalty",0
"ensemble-070","Regional Recruitment Deviates Penalty Contribution",127.871559533
"ensemble-070","Regional Recruitment Distribution Penalty Contribution",0.141949128868
"ensemble-070","Reset Penalty Contribution",0.000262434
"ensemble-070","Seasonal Catchability Penalty Contribution",0
"ensemble-070","Selectivity Deviations Penalty",0
"ensemble-070","Selectivity Form Penalty (all Fisheries)",0.713398256148
"ensemble-070","Spline Selectivity Bound Penalty (all Fisheries)",0
"ensemble-070","Steepness prior",0.467189705653
"ensemble-070","Tagged Fish Reporting Rate Penalty Contribution",43.6556425636
"ensemble-070","Temporal Recruitment Deviates Curve Penalty Contribution",0
"ensemble-070","Temporal Recruitment Deviates Penalty Contribution",0
"ensemble-070","Temporal Recruitment Deviates Trend Penalty Contribution",0
"ensemble-070","Time Block Mean Selectivity Penalty",1.47987762489e-06
"ensemble-070","von Bertalanffy Deviates Penalty Contribution",0
"ensemble-070","Unclassified objective residual",97.9552841272671
"ensemble-071","Tag",7365.81997855126
"ensemble-071","Length frequency",79326.0282699422
"ensemble-071","Weight frequency",0
"ensemble-071","Age",3602.14943617294
"ensemble-071","CPUE",-1029.7482292446
"ensemble-071","Catch",0
"ensemble-071","Average Regional Biomass Distribution Penalty Contribution",0
"ensemble-071","Average Regional Recruitment Distribution Penalty Contribution",2.79649157164e-08
"ensemble-071","Do Everything Calc Penalty Contribution",1.06357565501
"ensemble-071","Effort dev penalty",0
"ensemble-071","Implicit Fm Level Regression Coefficients Penalty Contribution",0
"ensemble-071","Implicit Fm Level Regression Penalty Contribution",0
"ensemble-071","Incident Selectivity Curvature Penalty",5.06092145664
"ensemble-071","Initial Population Age Composition Penalty Contribution",0.80977685641
"ensemble-071","Initial Population Recruitment Penalty Contribution",2.89371220756e-07
"ensemble-071","Kludged Equilibrium Survival Penalty Contribution",0
"ensemble-071","Maximum Age Lag Fishing Mortality Penalty (all Fisheries)",0
"ensemble-071","Maximum Fishing Mortality Penalty (all Fisheries)",0
"ensemble-071","Mean length penalty",0
"ensemble-071","Movement Diffusion Coefficients Penalty Contribution",0.0472693393456
"ensemble-071","Non Spline Selectivity Curvature Penalty (all Fisheries)",0
"ensemble-071","Normal Distribution Temporal Recruitment Deviates Penalty Contribution",0
"ensemble-071","Orthogonal Polynomial Recruitment Penalty by Level:",0
"ensemble-071","Overall Mean Selectivity Penalty",0
"ensemble-071","Q dev penalty",0
"ensemble-071","Regional Recruitment Deviates Penalty Contribution",146.71909088
"ensemble-071","Regional Recruitment Distribution Penalty Contribution",0.134704878632
"ensemble-071","Reset Penalty Contribution",0.000235699
"ensemble-071","Seasonal Catchability Penalty Contribution",0
"ensemble-071","Selectivity Deviations Penalty",0
"ensemble-071","Selectivity Form Penalty (all Fisheries)",0.502538663592
"ensemble-071","Spline Selectivity Bound Penalty (all Fisheries)",0
"ensemble-071","Steepness prior",0.461637359558
"ensemble-071","Tagged Fish Reporting Rate Penalty Contribution",140.016794988
"ensemble-071","Temporal Recruitment Deviates Curve Penalty Contribution",0
"ensemble-071","Temporal Recruitment Deviates Penalty Contribution",0
"ensemble-071","Temporal Recruitment Deviates Trend Penalty Contribution",0
"ensemble-071","Time Block Mean Selectivity Penalty",7.30210103939e-07
"ensemble-071","von Bertalanffy Deviates Penalty Contribution",0
"ensemble-071","Unclassified objective residual",64.2414326905273
"ensemble-072","Tag",7180.5384014653
"ensemble-072","Length frequency",79865.9304584613
"ensemble-072","Weight frequency",0
"ensemble-072","Age",3590.39093409539
"ensemble-072","CPUE",-1090.798232451
"ensemble-072","Catch",0
"ensemble-072","Average Regional Biomass Distribution Penalty Contribution",0
"ensemble-072","Average Regional Recruitment Distribution Penalty Contribution",2.67431232714e-08
"ensemble-072","Do Everything Calc Penalty Contribution",0.190604832268
"ensemble-072","Effort dev penalty",0
"ensemble-072","Implicit Fm Level Regression Coefficients Penalty Contribution",0
"ensemble-072","Implicit Fm Level Regression Penalty Contribution",0
"ensemble-072","Incident Selectivity Curvature Penalty",3.46309156895
"ensemble-072","Initial Population Age Composition Penalty Contribution",1.31873103992
"ensemble-072","Initial Population Recruitment Penalty Contribution",1.84655111061e-07
"ensemble-072","Kludged Equilibrium Survival Penalty Contribution",0
"ensemble-072","Maximum Age Lag Fishing Mortality Penalty (all Fisheries)",0
"ensemble-072","Maximum Fishing Mortality Penalty (all Fisheries)",0
"ensemble-072","Mean length penalty",0
"ensemble-072","Movement Diffusion Coefficients Penalty Contribution",0.0476154289658
"ensemble-072","Non Spline Selectivity Curvature Penalty (all Fisheries)",0
"ensemble-072","Normal Distribution Temporal Recruitment Deviates Penalty Contribution",0
"ensemble-072","Orthogonal Polynomial Recruitment Penalty by Level:",0
"ensemble-072","Overall Mean Selectivity Penalty",0
"ensemble-072","Q dev penalty",0
"ensemble-072","Regional Recruitment Deviates Penalty Contribution",151.489386703
"ensemble-072","Regional Recruitment Distribution Penalty Contribution",0.20704801075
"ensemble-072","Reset Penalty Contribution",0.000239607
"ensemble-072","Seasonal Catchability Penalty Contribution",0
"ensemble-072","Selectivity Deviations Penalty",0
"ensemble-072","Selectivity Form Penalty (all Fisheries)",0.255292112371
"ensemble-072","Spline Selectivity Bound Penalty (all Fisheries)",0
"ensemble-072","Steepness prior",0.368199718282
"ensemble-072","Tagged Fish Reporting Rate Penalty Contribution",83.4298025571
"ensemble-072","Temporal Recruitment Deviates Curve Penalty Contribution",0
"ensemble-072","Temporal Recruitment Deviates Penalty Contribution",0
"ensemble-072","Temporal Recruitment Deviates Trend Penalty Contribution",0
"ensemble-072","Time Block Mean Selectivity Penalty",6.69628548167e-08
"ensemble-072","von Bertalanffy Deviates Penalty Contribution",0
"ensemble-072","Unclassified objective residual",84.0227953008289
"ensemble-073","Tag",7176.08876779522
"ensemble-073","Length frequency",80638.6442926166
"ensemble-073","Weight frequency",0
"ensemble-073","Age",3602.41687578502
"ensemble-073","CPUE",-1060.0664965188
"ensemble-073","Catch",0
"ensemble-073","Average Regional Biomass Distribution Penalty Contribution",0
"ensemble-073","Average Regional Recruitment Distribution Penalty Contribution",1.49031336605e-07
"ensemble-073","Do Everything Calc Penalty Contribution",0.16616123964
"ensemble-073","Effort dev penalty",0
"ensemble-073","Implicit Fm Level Regression Coefficients Penalty Contribution",0
"ensemble-073","Implicit Fm Level Regression Penalty Contribution",0
"ensemble-073","Incident Selectivity Curvature Penalty",3.28670111867
"ensemble-073","Initial Population Age Composition Penalty Contribution",1.43313908262
"ensemble-073","Initial Population Recruitment Penalty Contribution",1.73205497281e-07
"ensemble-073","Kludged Equilibrium Survival Penalty Contribution",0
"ensemble-073","Maximum Age Lag Fishing Mortality Penalty (all Fisheries)",0
"ensemble-073","Maximum Fishing Mortality Penalty (all Fisheries)",0
"ensemble-073","Mean length penalty",0
"ensemble-073","Movement Diffusion Coefficients Penalty Contribution",0.0464238362596
"ensemble-073","Non Spline Selectivity Curvature Penalty (all Fisheries)",0
"ensemble-073","Normal Distribution Temporal Recruitment Deviates Penalty Contribution",0
"ensemble-073","Orthogonal Polynomial Recruitment Penalty by Level:",0
"ensemble-073","Overall Mean Selectivity Penalty",0
"ensemble-073","Q dev penalty",0
"ensemble-073","Regional Recruitment Deviates Penalty Contribution",140.645919421
"ensemble-073","Regional Recruitment Distribution Penalty Contribution",0.158247686427
"ensemble-073","Reset Penalty Contribution",0.000233613
"ensemble-073","Seasonal Catchability Penalty Contribution",0
"ensemble-073","Selectivity Deviations Penalty",0
"ensemble-073","Selectivity Form Penalty (all Fisheries)",0.767424657361
"ensemble-073","Spline Selectivity Bound Penalty (all Fisheries)",0
"ensemble-073","Steepness prior",0.420167147188
"ensemble-073","Tagged Fish Reporting Rate Penalty Contribution",73.5318901372
"ensemble-073","Temporal Recruitment Deviates Curve Penalty Contribution",0
"ensemble-073","Temporal Recruitment Deviates Penalty Contribution",0
"ensemble-073","Temporal Recruitment Deviates Trend Penalty Contribution",0
"ensemble-073","Time Block Mean Selectivity Penalty",9.49193321276e-07
"ensemble-073","von Bertalanffy Deviates Penalty Contribution",0
"ensemble-073","Unclassified objective residual",87.5838378173212
"ensemble-074","Tag",7127.0524644648
"ensemble-074","Length frequency",79770.3200379486
"ensemble-074","Weight frequency",0
"ensemble-074","Age",3517.40719354978
"ensemble-074","CPUE",-1036.3123467715
"ensemble-074","Catch",0
"ensemble-074","Average Regional Biomass Distribution Penalty Contribution",0
"ensemble-074","Average Regional Recruitment Distribution Penalty Contribution",2.2652102416e-10
"ensemble-074","Do Everything Calc Penalty Contribution",0.793721954666
"ensemble-074","Effort dev penalty",0
"ensemble-074","Implicit Fm Level Regression Coefficients Penalty Contribution",0
"ensemble-074","Implicit Fm Level Regression Penalty Contribution",0
"ensemble-074","Incident Selectivity Curvature Penalty",3.17874357887
"ensemble-074","Initial Population Age Composition Penalty Contribution",0.886334245486
"ensemble-074","Initial Population Recruitment Penalty Contribution",3.25682748784e-08
"ensemble-074","Kludged Equilibrium Survival Penalty Contribution",0
"ensemble-074","Maximum Age Lag Fishing Mortality Penalty (all Fisheries)",0
"ensemble-074","Maximum Fishing Mortality Penalty (all Fisheries)",0
"ensemble-074","Mean length penalty",0
"ensemble-074","Movement Diffusion Coefficients Penalty Contribution",0.0476367158623
"ensemble-074","Non Spline Selectivity Curvature Penalty (all Fisheries)",0
"ensemble-074","Normal Distribution Temporal Recruitment Deviates Penalty Contribution",0
"ensemble-074","Orthogonal Polynomial Recruitment Penalty by Level:",0
"ensemble-074","Overall Mean Selectivity Penalty",0
"ensemble-074","Q dev penalty",0
"ensemble-074","Regional Recruitment Deviates Penalty Contribution",143.538187472
"ensemble-074","Regional Recruitment Distribution Penalty Contribution",0.183142509084
"ensemble-074","Reset Penalty Contribution",0.000248913
"ensemble-074","Seasonal Catchability Penalty Contribution",0
"ensemble-074","Selectivity Deviations Penalty",0
"ensemble-074","Selectivity Form Penalty (all Fisheries)",0.321945853974
"ensemble-074","Spline Selectivity Bound Penalty (all Fisheries)",0
"ensemble-074","Steepness prior",0.353639758399
"ensemble-074","Tagged Fish Reporting Rate Penalty Contribution",148.073518601
"ensemble-074","Temporal Recruitment Deviates Curve Penalty Contribution",0
"ensemble-074","Temporal Recruitment Deviates Penalty Contribution",0
"ensemble-074","Temporal Recruitment Deviates Trend Penalty Contribution",0
"ensemble-074","Time Block Mean Selectivity Penalty",4.98547080952e-07
"ensemble-074","von Bertalanffy Deviates Penalty Contribution",0
"ensemble-074","Unclassified objective residual",62.9967394272971
"ensemble-075","Tag",6748.71293069143
"ensemble-075","Length frequency",80658.6430774281
"ensemble-075","Weight frequency",0
"ensemble-075","Age",3603.90375168773
"ensemble-075","CPUE",-1083.694130171
"ensemble-075","Catch",0
"ensemble-075","Average Regional Biomass Distribution Penalty Contribution",0
"ensemble-075","Average Regional Recruitment Distribution Penalty Contribution",1.63724394042e-08
"ensemble-075","Do Everything Calc Penalty Contribution",0.645836503095
"ensemble-075","Effort dev penalty",0
"ensemble-075","Implicit Fm Level Regression Coefficients Penalty Contribution",0
"ensemble-075","Implicit Fm Level Regression Penalty Contribution",0
"ensemble-075","Incident Selectivity Curvature Penalty",3.01230301248
"ensemble-075","Initial Population Age Composition Penalty Contribution",1.16281448238
"ensemble-075","Initial Population Recruitment Penalty Contribution",1.0981952462e-07
"ensemble-075","Kludged Equilibrium Survival Penalty Contribution",0
"ensemble-075","Maximum Age Lag Fishing Mortality Penalty (all Fisheries)",0
"ensemble-075","Maximum Fishing Mortality Penalty (all Fisheries)",0
"ensemble-075","Mean length penalty",0
"ensemble-075","Movement Diffusion Coefficients Penalty Contribution",0.0507988632646
"ensemble-075","Non Spline Selectivity Curvature Penalty (all Fisheries)",0
"ensemble-075","Normal Distribution Temporal Recruitment Deviates Penalty Contribution",0
"ensemble-075","Orthogonal Polynomial Recruitment Penalty by Level:",0
"ensemble-075","Overall Mean Selectivity Penalty",0
"ensemble-075","Q dev penalty",0
"ensemble-075","Regional Recruitment Deviates Penalty Contribution",148.664449376
"ensemble-075","Regional Recruitment Distribution Penalty Contribution",0.184747892592
"ensemble-075","Reset Penalty Contribution",0.000222311
"ensemble-075","Seasonal Catchability Penalty Contribution",0
"ensemble-075","Selectivity Deviations Penalty",0
"ensemble-075","Selectivity Form Penalty (all Fisheries)",0.174956984255
"ensemble-075","Spline Selectivity Bound Penalty (all Fisheries)",0
"ensemble-075","Steepness prior",0.331501833597
"ensemble-075","Tagged Fish Reporting Rate Penalty Contribution",127.833271535
"ensemble-075","Temporal Recruitment Deviates Curve Penalty Contribution",0
"ensemble-075","Temporal Recruitment Deviates Penalty Contribution",0
"ensemble-075","Temporal Recruitment Deviates Trend Penalty Contribution",0
"ensemble-075","Time Block Mean Selectivity Penalty",3.68729217826e-07
"ensemble-075","von Bertalanffy Deviates Penalty Contribution",0
"ensemble-075","Unclassified objective residual",74.8868648896168
"ensemble-076","Tag",7185.6195920675
"ensemble-076","Length frequency",79729.0279735319
"ensemble-076","Weight frequency",0
"ensemble-076","Age",3554.12510655036
"ensemble-076","CPUE",-1059.7225737914
"ensemble-076","Catch",0
"ensemble-076","Average Regional Biomass Distribution Penalty Contribution",0
"ensemble-076","Average Regional Recruitment Distribution Penalty Contribution",3.88433818443e-09
"ensemble-076","Do Everything Calc Penalty Contribution",0.271401289697
"ensemble-076","Effort dev penalty",0
"ensemble-076","Implicit Fm Level Regression Coefficients Penalty Contribution",0
"ensemble-076","Implicit Fm Level Regression Penalty Contribution",0
"ensemble-076","Incident Selectivity Curvature Penalty",3.0045070191
"ensemble-076","Initial Population Age Composition Penalty Contribution",1.1203787056
"ensemble-076","Initial Population Recruitment Penalty Contribution",2.09918400756e-07
"ensemble-076","Kludged Equilibrium Survival Penalty Contribution",0
"ensemble-076","Maximum Age Lag Fishing Mortality Penalty (all Fisheries)",0
"ensemble-076","Maximum Fishing Mortality Penalty (all Fisheries)",0
"ensemble-076","Mean length penalty",0
"ensemble-076","Movement Diffusion Coefficients Penalty Contribution",0.0462805753073
"ensemble-076","Non Spline Selectivity Curvature Penalty (all Fisheries)",0
"ensemble-076","Normal Distribution Temporal Recruitment Deviates Penalty Contribution",0
"ensemble-076","Orthogonal Polynomial Recruitment Penalty by Level:",0
"ensemble-076","Overall Mean Selectivity Penalty",0
"ensemble-076","Q dev penalty",0
"ensemble-076","Regional Recruitment Deviates Penalty Contribution",139.095087349
"ensemble-076","Regional Recruitment Distribution Penalty Contribution",0.182116148
"ensemble-076","Reset Penalty Contribution",0.000239755
"ensemble-076","Seasonal Catchability Penalty Contribution",0
"ensemble-076","Selectivity Deviations Penalty",0
"ensemble-076","Selectivity Form Penalty (all Fisheries)",0.179387341953
"ensemble-076","Spline Selectivity Bound Penalty (all Fisheries)",0
"ensemble-076","Steepness prior",0.334357026271
"ensemble-076","Tagged Fish Reporting Rate Penalty Contribution",106.656510571
"ensemble-076","Temporal Recruitment Deviates Curve Penalty Contribution",0
"ensemble-076","Temporal Recruitment Deviates Penalty Contribution",0
"ensemble-076","Temporal Recruitment Deviates Trend Penalty Contribution",0
"ensemble-076","Time Block Mean Selectivity Penalty",3.71919156805e-07
"ensemble-076","von Bertalanffy Deviates Penalty Contribution",0
"ensemble-076","Unclassified objective residual",69.0679472323245
"ensemble-078","Tag",6585.98431705243
"ensemble-078","Length frequency",84141.1724141295
"ensemble-078","Weight frequency",0
"ensemble-078","Age",3588.77473927748
"ensemble-078","CPUE",-1074.899723341
"ensemble-078","Catch",0
"ensemble-078","Average Regional Biomass Distribution Penalty Contribution",0
"ensemble-078","Average Regional Recruitment Distribution Penalty Contribution",1.33526725676e-07
"ensemble-078","Do Everything Calc Penalty Contribution",2.00172029243
"ensemble-078","Effort dev penalty",0
"ensemble-078","Implicit Fm Level Regression Coefficients Penalty Contribution",0
"ensemble-078","Implicit Fm Level Regression Penalty Contribution",0
"ensemble-078","Incident Selectivity Curvature Penalty",3.18436157282
"ensemble-078","Initial Population Age Composition Penalty Contribution",1.28991298544
"ensemble-078","Initial Population Recruitment Penalty Contribution",6.88627935656e-08
"ensemble-078","Kludged Equilibrium Survival Penalty Contribution",0
"ensemble-078","Maximum Age Lag Fishing Mortality Penalty (all Fisheries)",0
"ensemble-078","Maximum Fishing Mortality Penalty (all Fisheries)",0
"ensemble-078","Mean length penalty",0
"ensemble-078","Movement Diffusion Coefficients Penalty Contribution",0.0552245207846
"ensemble-078","Non Spline Selectivity Curvature Penalty (all Fisheries)",0
"ensemble-078","Normal Distribution Temporal Recruitment Deviates Penalty Contribution",0
"ensemble-078","Orthogonal Polynomial Recruitment Penalty by Level:",0
"ensemble-078","Overall Mean Selectivity Penalty",0
"ensemble-078","Q dev penalty",0
"ensemble-078","Regional Recruitment Deviates Penalty Contribution",140.885482243
"ensemble-078","Regional Recruitment Distribution Penalty Contribution",0.184560379977
"ensemble-078","Reset Penalty Contribution",0.000207657
"ensemble-078","Seasonal Catchability Penalty Contribution",0
"ensemble-078","Selectivity Deviations Penalty",0
"ensemble-078","Selectivity Form Penalty (all Fisheries)",0.382212353989
"ensemble-078","Spline Selectivity Bound Penalty (all Fisheries)",0
"ensemble-078","Steepness prior",0.347792215643
"ensemble-078","Tagged Fish Reporting Rate Penalty Contribution",67.3197765196
"ensemble-078","Temporal Recruitment Deviates Curve Penalty Contribution",0
"ensemble-078","Temporal Recruitment Deviates Penalty Contribution",0
"ensemble-078","Temporal Recruitment Deviates Trend Penalty Contribution",0
"ensemble-078","Time Block Mean Selectivity Penalty",2.80313855683e-07
"ensemble-078","von Bertalanffy Deviates Penalty Contribution",0
"ensemble-078","Unclassified objective residual",77.48640321329
"ensemble-079","Tag",7258.90235058989
"ensemble-079","Length frequency",80844.3985606477
"ensemble-079","Weight frequency",0
"ensemble-079","Age",3630.59309609446
"ensemble-079","CPUE",-1038.6935064137
"ensemble-079","Catch",0
"ensemble-079","Average Regional Biomass Distribution Penalty Contribution",0
"ensemble-079","Average Regional Recruitment Distribution Penalty Contribution",5.82267034588e-09
"ensemble-079","Do Everything Calc Penalty Contribution",0.205962054229
"ensemble-079","Effort dev penalty",0
"ensemble-079","Implicit Fm Level Regression Coefficients Penalty Contribution",0
"ensemble-079","Implicit Fm Level Regression Penalty Contribution",0
"ensemble-079","Incident Selectivity Curvature Penalty",3.24419828998
"ensemble-079","Initial Population Age Composition Penalty Contribution",1.39668929476
"ensemble-079","Initial Population Recruitment Penalty Contribution",8.79349491563e-07
"ensemble-079","Kludged Equilibrium Survival Penalty Contribution",0
"ensemble-079","Maximum Age Lag Fishing Mortality Penalty (all Fisheries)",0
"ensemble-079","Maximum Fishing Mortality Penalty (all Fisheries)",0
"ensemble-079","Mean length penalty",0
"ensemble-079","Movement Diffusion Coefficients Penalty Contribution",0.0499913645751
"ensemble-079","Non Spline Selectivity Curvature Penalty (all Fisheries)",0
"ensemble-079","Normal Distribution Temporal Recruitment Deviates Penalty Contribution",0
"ensemble-079","Orthogonal Polynomial Recruitment Penalty by Level:",0
"ensemble-079","Overall Mean Selectivity Penalty",0
"ensemble-079","Q dev penalty",0
"ensemble-079","Regional Recruitment Deviates Penalty Contribution",154.9404965
"ensemble-079","Regional Recruitment Distribution Penalty Contribution",0.20226961383
"ensemble-079","Reset Penalty Contribution",0.000247251
"ensemble-079","Seasonal Catchability Penalty Contribution",0
"ensemble-079","Selectivity Deviations Penalty",0
"ensemble-079","Selectivity Form Penalty (all Fisheries)",0.577388301797
"ensemble-079","Spline Selectivity Bound Penalty (all Fisheries)",0
"ensemble-079","Steepness prior",0.348543280761
"ensemble-079","Tagged Fish Reporting Rate Penalty Contribution",74.52127707
"ensemble-079","Temporal Recruitment Deviates Curve Penalty Contribution",0
"ensemble-079","Temporal Recruitment Deviates Penalty Contribution",0
"ensemble-079","Temporal Recruitment Deviates Trend Penalty Contribution",0
"ensemble-079","Time Block Mean Selectivity Penalty",2.89188449187e-07
"ensemble-079","von Bertalanffy Deviates Penalty Contribution",0
"ensemble-079","Unclassified objective residual",93.1108082405844
"ensemble-080","Tag",7693.32681028042
"ensemble-080","Length frequency",79281.8569131403
"ensemble-080","Weight frequency",0
"ensemble-080","Age",3592.43003470222
"ensemble-080","CPUE",-1038.749546305
"ensemble-080","Catch",0
"ensemble-080","Average Regional Biomass Distribution Penalty Contribution",0
"ensemble-080","Average Regional Recruitment Distribution Penalty Contribution",4.0454608552e-09
"ensemble-080","Do Everything Calc Penalty Contribution",0.403923369909
"ensemble-080","Effort dev penalty",0
"ensemble-080","Implicit Fm Level Regression Coefficients Penalty Contribution",0
"ensemble-080","Implicit Fm Level Regression Penalty Contribution",0
"ensemble-080","Incident Selectivity Curvature Penalty",4.17316532005
"ensemble-080","Initial Population Age Composition Penalty Contribution",1.1053179869
"ensemble-080","Initial Population Recruitment Penalty Contribution",1.06571271325e-07
"ensemble-080","Kludged Equilibrium Survival Penalty Contribution",0
"ensemble-080","Maximum Age Lag Fishing Mortality Penalty (all Fisheries)",0
"ensemble-080","Maximum Fishing Mortality Penalty (all Fisheries)",0
"ensemble-080","Mean length penalty",0
"ensemble-080","Movement Diffusion Coefficients Penalty Contribution",0.0490406824264
"ensemble-080","Non Spline Selectivity Curvature Penalty (all Fisheries)",0
"ensemble-080","Normal Distribution Temporal Recruitment Deviates Penalty Contribution",0
"ensemble-080","Orthogonal Polynomial Recruitment Penalty by Level:",0
"ensemble-080","Overall Mean Selectivity Penalty",0
"ensemble-080","Q dev penalty",0
"ensemble-080","Regional Recruitment Deviates Penalty Contribution",146.249107034
"ensemble-080","Regional Recruitment Distribution Penalty Contribution",0.161387908458
"ensemble-080","Reset Penalty Contribution",0.000248858
"ensemble-080","Seasonal Catchability Penalty Contribution",0
"ensemble-080","Selectivity Deviations Penalty",0
"ensemble-080","Selectivity Form Penalty (all Fisheries)",0.133711022927
"ensemble-080","Spline Selectivity Bound Penalty (all Fisheries)",0
"ensemble-080","Steepness prior",0.407654100553
"ensemble-080","Tagged Fish Reporting Rate Penalty Contribution",74.1865874875
"ensemble-080","Temporal Recruitment Deviates Curve Penalty Contribution",0
"ensemble-080","Temporal Recruitment Deviates Penalty Contribution",0
"ensemble-080","Temporal Recruitment Deviates Trend Penalty Contribution",0
"ensemble-080","Time Block Mean Selectivity Penalty",8.98488679013e-08
"ensemble-080","von Bertalanffy Deviates Penalty Contribution",0
"ensemble-080","Unclassified objective residual",68.297927903739
"ensemble-081","Tag",7554.1922452996
"ensemble-081","Length frequency",80821.054650066
"ensemble-081","Weight frequency",0
"ensemble-081","Age",3604.67472469554
"ensemble-081","CPUE",-1058.982101592
"ensemble-081","Catch",0
"ensemble-081","Average Regional Biomass Distribution Penalty Contribution",0
"ensemble-081","Average Regional Recruitment Distribution Penalty Contribution",1.14772433335e-07
"ensemble-081","Do Everything Calc Penalty Contribution",0.149608016608
"ensemble-081","Effort dev penalty",0
"ensemble-081","Implicit Fm Level Regression Coefficients Penalty Contribution",0
"ensemble-081","Implicit Fm Level Regression Penalty Contribution",0
"ensemble-081","Incident Selectivity Curvature Penalty",3.32538146591
"ensemble-081","Initial Population Age Composition Penalty Contribution",1.42884383334
"ensemble-081","Initial Population Recruitment Penalty Contribution",3.2646569355e-07
"ensemble-081","Kludged Equilibrium Survival Penalty Contribution",0
"ensemble-081","Maximum Age Lag Fishing Mortality Penalty (all Fisheries)",0
"ensemble-081","Maximum Fishing Mortality Penalty (all Fisheries)",0
"ensemble-081","Mean length penalty",0
"ensemble-081","Movement Diffusion Coefficients Penalty Contribution",0.0475827458578
"ensemble-081","Non Spline Selectivity Curvature Penalty (all Fisheries)",0
"ensemble-081","Normal Distribution Temporal Recruitment Deviates Penalty Contribution",0
"ensemble-081","Orthogonal Polynomial Recruitment Penalty by Level:",0
"ensemble-081","Overall Mean Selectivity Penalty",0
"ensemble-081","Q dev penalty",0
"ensemble-081","Regional Recruitment Deviates Penalty Contribution",154.609535015
"ensemble-081","Regional Recruitment Distribution Penalty Contribution",0.190821095721
"ensemble-081","Reset Penalty Contribution",0.000237853
"ensemble-081","Seasonal Catchability Penalty Contribution",0
"ensemble-081","Selectivity Deviations Penalty",0
"ensemble-081","Selectivity Form Penalty (all Fisheries)",0.519951844713
"ensemble-081","Spline Selectivity Bound Penalty (all Fisheries)",0
"ensemble-081","Steepness prior",0.452324916613
"ensemble-081","Tagged Fish Reporting Rate Penalty Contribution",61.1515464388
"ensemble-081","Temporal Recruitment Deviates Curve Penalty Contribution",0
"ensemble-081","Temporal Recruitment Deviates Penalty Contribution",0
"ensemble-081","Temporal Recruitment Deviates Trend Penalty Contribution",0
"ensemble-081","Time Block Mean Selectivity Penalty",8.34656077586e-08
"ensemble-081","von Bertalanffy Deviates Penalty Contribution",0
"ensemble-081","Unclassified objective residual",95.6160678993328
"ensemble-082","Tag",7533.42688402622
"ensemble-082","Length frequency",80453.1819396946
"ensemble-082","Weight frequency",0
"ensemble-082","Age",3584.50571021846
"ensemble-082","CPUE",-1036.3278995867
"ensemble-082","Catch",0
"ensemble-082","Average Regional Biomass Distribution Penalty Contribution",0
"ensemble-082","Average Regional Recruitment Distribution Penalty Contribution",1.66193103723e-08
"ensemble-082","Do Everything Calc Penalty Contribution",0.322614506933
"ensemble-082","Effort dev penalty",0
"ensemble-082","Implicit Fm Level Regression Coefficients Penalty Contribution",0
"ensemble-082","Implicit Fm Level Regression Penalty Contribution",0
"ensemble-082","Incident Selectivity Curvature Penalty",3.34621197054
"ensemble-082","Initial Population Age Composition Penalty Contribution",0.932246890727
"ensemble-082","Initial Population Recruitment Penalty Contribution",1.50711277156e-07
"ensemble-082","Kludged Equilibrium Survival Penalty Contribution",0
"ensemble-082","Maximum Age Lag Fishing Mortality Penalty (all Fisheries)",0
"ensemble-082","Maximum Fishing Mortality Penalty (all Fisheries)",0
"ensemble-082","Mean length penalty",0
"ensemble-082","Movement Diffusion Coefficients Penalty Contribution",0.0475185386159
"ensemble-082","Non Spline Selectivity Curvature Penalty (all Fisheries)",0
"ensemble-082","Normal Distribution Temporal Recruitment Deviates Penalty Contribution",0
"ensemble-082","Orthogonal Polynomial Recruitment Penalty by Level:",0
"ensemble-082","Overall Mean Selectivity Penalty",0
"ensemble-082","Q dev penalty",0
"ensemble-082","Regional Recruitment Deviates Penalty Contribution",147.470318504
"ensemble-082","Regional Recruitment Distribution Penalty Contribution",0.163496846646
"ensemble-082","Reset Penalty Contribution",0.000237899
"ensemble-082","Seasonal Catchability Penalty Contribution",0
"ensemble-082","Selectivity Deviations Penalty",0
"ensemble-082","Selectivity Form Penalty (all Fisheries)",0.585267868717
"ensemble-082","Spline Selectivity Bound Penalty (all Fisheries)",0
"ensemble-082","Steepness prior",0.350765464289
"ensemble-082","Tagged Fish Reporting Rate Penalty Contribution",113.439521419
"ensemble-082","Temporal Recruitment Deviates Curve Penalty Contribution",0
"ensemble-082","Temporal Recruitment Deviates Penalty Contribution",0
"ensemble-082","Temporal Recruitment Deviates Trend Penalty Contribution",0
"ensemble-082","Time Block Mean Selectivity Penalty",1.85877411241e-07
"ensemble-082","von Bertalanffy Deviates Penalty Contribution",0
"ensemble-082","Unclassified objective residual",64.5779512379959
"ensemble-083","Tag",6306.09591794361
"ensemble-083","Length frequency",89985.5061683353
"ensemble-083","Weight frequency",0
"ensemble-083","Age",3585.81987657577
"ensemble-083","CPUE",-1067.4585835417
"ensemble-083","Catch",0
"ensemble-083","Average Regional Biomass Distribution Penalty Contribution",0
"ensemble-083","Average Regional Recruitment Distribution Penalty Contribution",1.86508657407e-08
"ensemble-083","Do Everything Calc Penalty Contribution",2.0490790134
"ensemble-083","Effort dev penalty",0
"ensemble-083","Implicit Fm Level Regression Coefficients Penalty Contribution",0
"ensemble-083","Implicit Fm Level Regression Penalty Contribution",0
"ensemble-083","Incident Selectivity Curvature Penalty",3.40262226112
"ensemble-083","Initial Population Age Composition Penalty Contribution",1.40260949065
"ensemble-083","Initial Population Recruitment Penalty Contribution",1.24041501757e-07
"ensemble-083","Kludged Equilibrium Survival Penalty Contribution",0
"ensemble-083","Maximum Age Lag Fishing Mortality Penalty (all Fisheries)",0
"ensemble-083","Maximum Fishing Mortality Penalty (all Fisheries)",0
"ensemble-083","Mean length penalty",0
"ensemble-083","Movement Diffusion Coefficients Penalty Contribution",0.0485869426228
"ensemble-083","Non Spline Selectivity Curvature Penalty (all Fisheries)",0
"ensemble-083","Normal Distribution Temporal Recruitment Deviates Penalty Contribution",0
"ensemble-083","Orthogonal Polynomial Recruitment Penalty by Level:",0
"ensemble-083","Overall Mean Selectivity Penalty",0
"ensemble-083","Q dev penalty",0
"ensemble-083","Regional Recruitment Deviates Penalty Contribution",135.428514176
"ensemble-083","Regional Recruitment Distribution Penalty Contribution",0.154292877179
"ensemble-083","Reset Penalty Contribution",0.000225457
"ensemble-083","Seasonal Catchability Penalty Contribution",0
"ensemble-083","Selectivity Deviations Penalty",0
"ensemble-083","Selectivity Form Penalty (all Fisheries)",0.315156655528
"ensemble-083","Spline Selectivity Bound Penalty (all Fisheries)",0
"ensemble-083","Steepness prior",0.402554219744
"ensemble-083","Tagged Fish Reporting Rate Penalty Contribution",67.5587398085
"ensemble-083","Temporal Recruitment Deviates Curve Penalty Contribution",0
"ensemble-083","Temporal Recruitment Deviates Penalty Contribution",0
"ensemble-083","Temporal Recruitment Deviates Trend Penalty Contribution",0
"ensemble-083","Time Block Mean Selectivity Penalty",9.16280953334e-08
"ensemble-083","von Bertalanffy Deviates Penalty Contribution",0
"ensemble-083","Unclassified objective residual",79.499965372117
"ensemble-084","Tag",7803.20425426714
"ensemble-084","Length frequency",84099.0851494344
"ensemble-084","Weight frequency",0
"ensemble-084","Age",3599.4460791945
"ensemble-084","CPUE",-1042.6486784984
"ensemble-084","Catch",0
"ensemble-084","Average Regional Biomass Distribution Penalty Contribution",0
"ensemble-084","Average Regional Recruitment Distribution Penalty Contribution",3.25744053953e-09
"ensemble-084","Do Everything Calc Penalty Contribution",0.099589168196
"ensemble-084","Effort dev penalty",0
"ensemble-084","Implicit Fm Level Regression Coefficients Penalty Contribution",0
"ensemble-084","Implicit Fm Level Regression Penalty Contribution",0
"ensemble-084","Incident Selectivity Curvature Penalty",2.98604742471
"ensemble-084","Initial Population Age Composition Penalty Contribution",1.36657917072
"ensemble-084","Initial Population Recruitment Penalty Contribution",2.4009108065e-08
"ensemble-084","Kludged Equilibrium Survival Penalty Contribution",0
"ensemble-084","Maximum Age Lag Fishing Mortality Penalty (all Fisheries)",0
"ensemble-084","Maximum Fishing Mortality Penalty (all Fisheries)",0
"ensemble-084","Mean length penalty",0
"ensemble-084","Movement Diffusion Coefficients Penalty Contribution",0.0490676181108
"ensemble-084","Non Spline Selectivity Curvature Penalty (all Fisheries)",0
"ensemble-084","Normal Distribution Temporal Recruitment Deviates Penalty Contribution",0
"ensemble-084","Orthogonal Polynomial Recruitment Penalty by Level:",0
"ensemble-084","Overall Mean Selectivity Penalty",0
"ensemble-084","Q dev penalty",0
"ensemble-084","Regional Recruitment Deviates Penalty Contribution",141.177561599
"ensemble-084","Regional Recruitment Distribution Penalty Contribution",0.166569584721
"ensemble-084","Reset Penalty Contribution",0.00023588
"ensemble-084","Seasonal Catchability Penalty Contribution",0
"ensemble-084","Selectivity Deviations Penalty",0
"ensemble-084","Selectivity Form Penalty (all Fisheries)",0.378711588429
"ensemble-084","Spline Selectivity Bound Penalty (all Fisheries)",0
"ensemble-084","Steepness prior",0.371797554515
"ensemble-084","Tagged Fish Reporting Rate Penalty Contribution",63.5513472755
"ensemble-084","Temporal Recruitment Deviates Curve Penalty Contribution",0
"ensemble-084","Temporal Recruitment Deviates Penalty Contribution",0
"ensemble-084","Temporal Recruitment Deviates Trend Penalty Contribution",0
"ensemble-084","Time Block Mean Selectivity Penalty",2.52188840477e-07
"ensemble-084","von Bertalanffy Deviates Penalty Contribution",0
"ensemble-084","Unclassified objective residual",78.0301845834038
"ensemble-085","Tag",7866.94061546255
"ensemble-085","Length frequency",79838.7599505685
"ensemble-085","Weight frequency",0
"ensemble-085","Age",3542.76385056479
"ensemble-085","CPUE",-1033.832092479
"ensemble-085","Catch",0
"ensemble-085","Average Regional Biomass Distribution Penalty Contribution",0
"ensemble-085","Average Regional Recruitment Distribution Penalty Contribution",7.54129700908e-08
"ensemble-085","Do Everything Calc Penalty Contribution",0.314118868104
"ensemble-085","Effort dev penalty",0
"ensemble-085","Implicit Fm Level Regression Coefficients Penalty Contribution",0
"ensemble-085","Implicit Fm Level Regression Penalty Contribution",0
"ensemble-085","Incident Selectivity Curvature Penalty",3.76323382802
"ensemble-085","Initial Population Age Composition Penalty Contribution",0.859697512961
"ensemble-085","Initial Population Recruitment Penalty Contribution",4.65805764543e-07
"ensemble-085","Kludged Equilibrium Survival Penalty Contribution",0
"ensemble-085","Maximum Age Lag Fishing Mortality Penalty (all Fisheries)",0
"ensemble-085","Maximum Fishing Mortality Penalty (all Fisheries)",0
"ensemble-085","Mean length penalty",0
"ensemble-085","Movement Diffusion Coefficients Penalty Contribution",0.0470545558907
"ensemble-085","Non Spline Selectivity Curvature Penalty (all Fisheries)",0
"ensemble-085","Normal Distribution Temporal Recruitment Deviates Penalty Contribution",0
"ensemble-085","Orthogonal Polynomial Recruitment Penalty by Level:",0
"ensemble-085","Overall Mean Selectivity Penalty",0
"ensemble-085","Q dev penalty",0
"ensemble-085","Regional Recruitment Deviates Penalty Contribution",147.122873606
"ensemble-085","Regional Recruitment Distribution Penalty Contribution",0.148859330415
"ensemble-085","Reset Penalty Contribution",0.000254413
"ensemble-085","Seasonal Catchability Penalty Contribution",0
"ensemble-085","Selectivity Deviations Penalty",0
"ensemble-085","Selectivity Form Penalty (all Fisheries)",0.485942871178
"ensemble-085","Spline Selectivity Bound Penalty (all Fisheries)",0
"ensemble-085","Steepness prior",0.368807510568
"ensemble-085","Tagged Fish Reporting Rate Penalty Contribution",120.10148117
"ensemble-085","Temporal Recruitment Deviates Curve Penalty Contribution",0
"ensemble-085","Temporal Recruitment Deviates Penalty Contribution",0
"ensemble-085","Temporal Recruitment Deviates Trend Penalty Contribution",0
"ensemble-085","Time Block Mean Selectivity Penalty",4.2989256599e-07
"ensemble-085","von Bertalanffy Deviates Penalty Contribution",0
"ensemble-085","Unclassified objective residual",63.8817271634762
"ensemble-086","Tag",6481.45938263299
"ensemble-086","Length frequency",79506.9825150986
"ensemble-086","Weight frequency",0
"ensemble-086","Age",3562.4418223304
"ensemble-086","CPUE",-1063.754187405
"ensemble-086","Catch",0
"ensemble-086","Average Regional Biomass Distribution Penalty Contribution",0
"ensemble-086","Average Regional Recruitment Distribution Penalty Contribution",1.76048445155e-07
"ensemble-086","Do Everything Calc Penalty Contribution",5.48108288746
"ensemble-086","Effort dev penalty",0
"ensemble-086","Implicit Fm Level Regression Coefficients Penalty Contribution",0
"ensemble-086","Implicit Fm Level Regression Penalty Contribution",0
"ensemble-086","Incident Selectivity Curvature Penalty",4.41295688747
"ensemble-086","Initial Population Age Composition Penalty Contribution",0.666595472713
"ensemble-086","Initial Population Recruitment Penalty Contribution",6.05382253542e-07
"ensemble-086","Kludged Equilibrium Survival Penalty Contribution",0
"ensemble-086","Maximum Age Lag Fishing Mortality Penalty (all Fisheries)",0
"ensemble-086","Maximum Fishing Mortality Penalty (all Fisheries)",0
"ensemble-086","Mean length penalty",0
"ensemble-086","Movement Diffusion Coefficients Penalty Contribution",0.0517647303431
"ensemble-086","Non Spline Selectivity Curvature Penalty (all Fisheries)",0
"ensemble-086","Normal Distribution Temporal Recruitment Deviates Penalty Contribution",0
"ensemble-086","Orthogonal Polynomial Recruitment Penalty by Level:",0
"ensemble-086","Overall Mean Selectivity Penalty",0
"ensemble-086","Q dev penalty",0
"ensemble-086","Regional Recruitment Deviates Penalty Contribution",137.040949962
"ensemble-086","Regional Recruitment Distribution Penalty Contribution",0.178837157204
"ensemble-086","Reset Penalty Contribution",0.000233625
"ensemble-086","Seasonal Catchability Penalty Contribution",0
"ensemble-086","Selectivity Deviations Penalty",0
"ensemble-086","Selectivity Form Penalty (all Fisheries)",0.484006973034
"ensemble-086","Spline Selectivity Bound Penalty (all Fisheries)",0
"ensemble-086","Steepness prior",0.578821468899
"ensemble-086","Tagged Fish Reporting Rate Penalty Contribution",196.441648195
"ensemble-086","Temporal Recruitment Deviates Curve Penalty Contribution",0
"ensemble-086","Temporal Recruitment Deviates Penalty Contribution",0
"ensemble-086","Temporal Recruitment Deviates Trend Penalty Contribution",0
"ensemble-086","Time Block Mean Selectivity Penalty",3.74397984615e-07
"ensemble-086","von Bertalanffy Deviates Penalty Contribution",0
"ensemble-086","Unclassified objective residual",65.3290965368797
"ensemble-087","Tag",6260.03712109799
"ensemble-087","Length frequency",95984.7710140851
"ensemble-087","Weight frequency",0
"ensemble-087","Age",3569.83752731411
"ensemble-087","CPUE",-1069.952798149
"ensemble-087","Catch",0
"ensemble-087","Average Regional Biomass Distribution Penalty Contribution",0
"ensemble-087","Average Regional Recruitment Distribution Penalty Contribution",1.97782696887e-08
"ensemble-087","Do Everything Calc Penalty Contribution",1.12009751645
"ensemble-087","Effort dev penalty",0
"ensemble-087","Implicit Fm Level Regression Coefficients Penalty Contribution",0
"ensemble-087","Implicit Fm Level Regression Penalty Contribution",0
"ensemble-087","Incident Selectivity Curvature Penalty",2.91802458355
"ensemble-087","Initial Population Age Composition Penalty Contribution",1.16221698682
"ensemble-087","Initial Population Recruitment Penalty Contribution",5.61598233648e-08
"ensemble-087","Kludged Equilibrium Survival Penalty Contribution",0
"ensemble-087","Maximum Age Lag Fishing Mortality Penalty (all Fisheries)",0
"ensemble-087","Maximum Fishing Mortality Penalty (all Fisheries)",0
"ensemble-087","Mean length penalty",0
"ensemble-087","Movement Diffusion Coefficients Penalty Contribution",0.046354824186
"ensemble-087","Non Spline Selectivity Curvature Penalty (all Fisheries)",0
"ensemble-087","Normal Distribution Temporal Recruitment Deviates Penalty Contribution",0
"ensemble-087","Orthogonal Polynomial Recruitment Penalty by Level:",0
"ensemble-087","Overall Mean Selectivity Penalty",0
"ensemble-087","Q dev penalty",0
"ensemble-087","Regional Recruitment Deviates Penalty Contribution",146.979664864
"ensemble-087","Regional Recruitment Distribution Penalty Contribution",0.188811685099
"ensemble-087","Reset Penalty Contribution",0.00023427
"ensemble-087","Seasonal Catchability Penalty Contribution",0
"ensemble-087","Selectivity Deviations Penalty",0
"ensemble-087","Selectivity Form Penalty (all Fisheries)",0.1011705541
"ensemble-087","Spline Selectivity Bound Penalty (all Fisheries)",0
"ensemble-087","Steepness prior",0.29701483531
"ensemble-087","Tagged Fish Reporting Rate Penalty Contribution",156.317514637
"ensemble-087","Temporal Recruitment Deviates Curve Penalty Contribution",0
"ensemble-087","Temporal Recruitment Deviates Penalty Contribution",0
"ensemble-087","Temporal Recruitment Deviates Trend Penalty Contribution",0
"ensemble-087","Time Block Mean Selectivity Penalty",1.10355932748e-06
"ensemble-087","von Bertalanffy Deviates Penalty Contribution",0
"ensemble-087","Unclassified objective residual",72.6532525957591
"ensemble-088","Tag",7112.59954235297
"ensemble-088","Length frequency",79846.5392729102
"ensemble-088","Weight frequency",0
"ensemble-088","Age",3585.76408564338
"ensemble-088","CPUE",-1079.68198773
"ensemble-088","Catch",0
"ensemble-088","Average Regional Biomass Distribution Penalty Contribution",0
"ensemble-088","Average Regional Recruitment Distribution Penalty Contribution",2.95301560982e-11
"ensemble-088","Do Everything Calc Penalty Contribution",0.244947180778
"ensemble-088","Effort dev penalty",0
"ensemble-088","Implicit Fm Level Regression Coefficients Penalty Contribution",0
"ensemble-088","Implicit Fm Level Regression Penalty Contribution",0
"ensemble-088","Incident Selectivity Curvature Penalty",3.38960134972
"ensemble-088","Initial Population Age Composition Penalty Contribution",1.23413389368
"ensemble-088","Initial Population Recruitment Penalty Contribution",6.83118207587e-08
"ensemble-088","Kludged Equilibrium Survival Penalty Contribution",0
"ensemble-088","Maximum Age Lag Fishing Mortality Penalty (all Fisheries)",0
"ensemble-088","Maximum Fishing Mortality Penalty (all Fisheries)",0
"ensemble-088","Mean length penalty",0
"ensemble-088","Movement Diffusion Coefficients Penalty Contribution",0.0484611070994
"ensemble-088","Non Spline Selectivity Curvature Penalty (all Fisheries)",0
"ensemble-088","Normal Distribution Temporal Recruitment Deviates Penalty Contribution",0
"ensemble-088","Orthogonal Polynomial Recruitment Penalty by Level:",0
"ensemble-088","Overall Mean Selectivity Penalty",0
"ensemble-088","Q dev penalty",0
"ensemble-088","Regional Recruitment Deviates Penalty Contribution",153.715212488
"ensemble-088","Regional Recruitment Distribution Penalty Contribution",0.22378381399
"ensemble-088","Reset Penalty Contribution",0.000239773
"ensemble-088","Seasonal Catchability Penalty Contribution",0
"ensemble-088","Selectivity Deviations Penalty",0
"ensemble-088","Selectivity Form Penalty (all Fisheries)",0.11298722306
"ensemble-088","Spline Selectivity Bound Penalty (all Fisheries)",0
"ensemble-088","Steepness prior",0.394594142196
"ensemble-088","Tagged Fish Reporting Rate Penalty Contribution",98.4083242183
"ensemble-088","Temporal Recruitment Deviates Curve Penalty Contribution",0
"ensemble-088","Temporal Recruitment Deviates Penalty Contribution",0
"ensemble-088","Temporal Recruitment Deviates Trend Penalty Contribution",0
"ensemble-088","Time Block Mean Selectivity Penalty",5.42169686923e-08
"ensemble-088","von Bertalanffy Deviates Penalty Contribution",0
"ensemble-088","Unclassified objective residual",81.6382566349203
"ensemble-089","Tag",7735.57126336844
"ensemble-089","Length frequency",84073.7606466482
"ensemble-089","Weight frequency",0
"ensemble-089","Age",3547.13187629859
"ensemble-089","CPUE",-1044.0324262485
"ensemble-089","Catch",0
"ensemble-089","Average Regional Biomass Distribution Penalty Contribution",0
"ensemble-089","Average Regional Recruitment Distribution Penalty Contribution",3.95317556467e-10
"ensemble-089","Do Everything Calc Penalty Contribution",0.276789107425
"ensemble-089","Effort dev penalty",0
"ensemble-089","Implicit Fm Level Regression Coefficients Penalty Contribution",0
"ensemble-089","Implicit Fm Level Regression Penalty Contribution",0
"ensemble-089","Incident Selectivity Curvature Penalty",3.16481654828
"ensemble-089","Initial Population Age Composition Penalty Contribution",1.20022158349
"ensemble-089","Initial Population Recruitment Penalty Contribution",3.82142919514e-08
"ensemble-089","Kludged Equilibrium Survival Penalty Contribution",0
"ensemble-089","Maximum Age Lag Fishing Mortality Penalty (all Fisheries)",0
"ensemble-089","Maximum Fishing Mortality Penalty (all Fisheries)",0
"ensemble-089","Mean length penalty",0
"ensemble-089","Movement Diffusion Coefficients Penalty Contribution",0.0469383896793
"ensemble-089","Non Spline Selectivity Curvature Penalty (all Fisheries)",0
"ensemble-089","Normal Distribution Temporal Recruitment Deviates Penalty Contribution",0
"ensemble-089","Orthogonal Polynomial Recruitment Penalty by Level:",0
"ensemble-089","Overall Mean Selectivity Penalty",0
"ensemble-089","Q dev penalty",0
"ensemble-089","Regional Recruitment Deviates Penalty Contribution",142.686448698
"ensemble-089","Regional Recruitment Distribution Penalty Contribution",0.159483696191
"ensemble-089","Reset Penalty Contribution",0.000238566
"ensemble-089","Seasonal Catchability Penalty Contribution",0
"ensemble-089","Selectivity Deviations Penalty",0
"ensemble-089","Selectivity Form Penalty (all Fisheries)",0.162887528666
"ensemble-089","Spline Selectivity Bound Penalty (all Fisheries)",0
"ensemble-089","Steepness prior",0.329421975763
"ensemble-089","Tagged Fish Reporting Rate Penalty Contribution",61.9514781522
"ensemble-089","Temporal Recruitment Deviates Curve Penalty Contribution",0
"ensemble-089","Temporal Recruitment Deviates Penalty Contribution",0
"ensemble-089","Temporal Recruitment Deviates Trend Penalty Contribution",0
"ensemble-089","Time Block Mean Selectivity Penalty",5.89542707985e-08
"ensemble-089","von Bertalanffy Deviates Penalty Contribution",0
"ensemble-089","Unclassified objective residual",67.943276000573
"ensemble-090","Tag",6813.0194351682
"ensemble-090","Length frequency",85074.1780058845
"ensemble-090","Weight frequency",0
"ensemble-090","Age",3636.20537660194
"ensemble-090","CPUE",-1047.574824105
"ensemble-090","Catch",0
"ensemble-090","Average Regional Biomass Distribution Penalty Contribution",0
"ensemble-090","Average Regional Recruitment Distribution Penalty Contribution",3.20384856423e-08
"ensemble-090","Do Everything Calc Penalty Contribution",0.277217162644
"ensemble-090","Effort dev penalty",0
"ensemble-090","Implicit Fm Level Regression Coefficients Penalty Contribution",0
"ensemble-090","Implicit Fm Level Regression Penalty Contribution",0
"ensemble-090","Incident Selectivity Curvature Penalty",2.66778398772
"ensemble-090","Initial Population Age Composition Penalty Contribution",1.23399156552
"ensemble-090","Initial Population Recruitment Penalty Contribution",2.76687343498e-07
"ensemble-090","Kludged Equilibrium Survival Penalty Contribution",0
"ensemble-090","Maximum Age Lag Fishing Mortality Penalty (all Fisheries)",0
"ensemble-090","Maximum Fishing Mortality Penalty (all Fisheries)",0
"ensemble-090","Mean length penalty",0
"ensemble-090","Movement Diffusion Coefficients Penalty Contribution",0.0479002339481
"ensemble-090","Non Spline Selectivity Curvature Penalty (all Fisheries)",0
"ensemble-090","Normal Distribution Temporal Recruitment Deviates Penalty Contribution",0
"ensemble-090","Orthogonal Polynomial Recruitment Penalty by Level:",0
"ensemble-090","Overall Mean Selectivity Penalty",0
"ensemble-090","Q dev penalty",0
"ensemble-090","Regional Recruitment Deviates Penalty Contribution",148.216266504
"ensemble-090","Regional Recruitment Distribution Penalty Contribution",0.206211728847
"ensemble-090","Reset Penalty Contribution",0.000227218
"ensemble-090","Seasonal Catchability Penalty Contribution",0
"ensemble-090","Selectivity Deviations Penalty",0
"ensemble-090","Selectivity Form Penalty (all Fisheries)",1.04792696908
"ensemble-090","Spline Selectivity Bound Penalty (all Fisheries)",0
"ensemble-090","Steepness prior",0.288396699806
"ensemble-090","Tagged Fish Reporting Rate Penalty Contribution",121.174915549
"ensemble-090","Temporal Recruitment Deviates Curve Penalty Contribution",0
"ensemble-090","Temporal Recruitment Deviates Penalty Contribution",0
"ensemble-090","Temporal Recruitment Deviates Trend Penalty Contribution",0
"ensemble-090","Time Block Mean Selectivity Penalty",1.62992910191e-06
"ensemble-090","von Bertalanffy Deviates Penalty Contribution",0
"ensemble-090","Unclassified objective residual",82.8652005523181
"ensemble-091","Tag",6716.05322836091
"ensemble-091","Length frequency",79689.5905175806
"ensemble-091","Weight frequency",0
"ensemble-091","Age",3630.65014532445
"ensemble-091","CPUE",-1078.9514281442
"ensemble-091","Catch",0
"ensemble-091","Average Regional Biomass Distribution Penalty Contribution",0
"ensemble-091","Average Regional Recruitment Distribution Penalty Contribution",2.88764567813e-11
"ensemble-091","Do Everything Calc Penalty Contribution",0.770911257166
"ensemble-091","Effort dev penalty",0
"ensemble-091","Implicit Fm Level Regression Coefficients Penalty Contribution",0
"ensemble-091","Implicit Fm Level Regression Penalty Contribution",0
"ensemble-091","Incident Selectivity Curvature Penalty",2.65498810341
"ensemble-091","Initial Population Age Composition Penalty Contribution",1.04812880159
"ensemble-091","Initial Population Recruitment Penalty Contribution",7.04885378223e-08
"ensemble-091","Kludged Equilibrium Survival Penalty Contribution",0
"ensemble-091","Maximum Age Lag Fishing Mortality Penalty (all Fisheries)",0
"ensemble-091","Maximum Fishing Mortality Penalty (all Fisheries)",0
"ensemble-091","Mean length penalty",0
"ensemble-091","Movement Diffusion Coefficients Penalty Contribution",0.0556472402956
"ensemble-091","Non Spline Selectivity Curvature Penalty (all Fisheries)",0
"ensemble-091","Normal Distribution Temporal Recruitment Deviates Penalty Contribution",0
"ensemble-091","Orthogonal Polynomial Recruitment Penalty by Level:",0
"ensemble-091","Overall Mean Selectivity Penalty",0
"ensemble-091","Q dev penalty",0
"ensemble-091","Regional Recruitment Deviates Penalty Contribution",133.117032818
"ensemble-091","Regional Recruitment Distribution Penalty Contribution",0.182530847523
"ensemble-091","Reset Penalty Contribution",0.000223684
"ensemble-091","Seasonal Catchability Penalty Contribution",0
"ensemble-091","Selectivity Deviations Penalty",0
"ensemble-091","Selectivity Form Penalty (all Fisheries)",0.241487994821
"ensemble-091","Spline Selectivity Bound Penalty (all Fisheries)",0
"ensemble-091","Steepness prior",0.30230075395
"ensemble-091","Tagged Fish Reporting Rate Penalty Contribution",139.580903205
"ensemble-091","Temporal Recruitment Deviates Curve Penalty Contribution",0
"ensemble-091","Temporal Recruitment Deviates Penalty Contribution",0
"ensemble-091","Temporal Recruitment Deviates Trend Penalty Contribution",0
"ensemble-091","Time Block Mean Selectivity Penalty",9.00676297988e-07
"ensemble-091","von Bertalanffy Deviates Penalty Contribution",0
"ensemble-091","Unclassified objective residual",65.3805389152985
"ensemble-092","Tag",6149.34387447423
"ensemble-092","Length frequency",84078.5078058932
"ensemble-092","Weight frequency",0
"ensemble-092","Age",3492.29330337131
"ensemble-092","CPUE",-1065.7529443746
"ensemble-092","Catch",0
"ensemble-092","Average Regional Biomass Distribution Penalty Contribution",0
"ensemble-092","Average Regional Recruitment Distribution Penalty Contribution",9.56453050094e-09
"ensemble-092","Do Everything Calc Penalty Contribution",1.80210363359
"ensemble-092","Effort dev penalty",0
"ensemble-092","Implicit Fm Level Regression Coefficients Penalty Contribution",0
"ensemble-092","Implicit Fm Level Regression Penalty Contribution",0
"ensemble-092","Incident Selectivity Curvature Penalty",2.83541107522
"ensemble-092","Initial Population Age Composition Penalty Contribution",0.98395598462
"ensemble-092","Initial Population Recruitment Penalty Contribution",1.31477585508e-07
"ensemble-092","Kludged Equilibrium Survival Penalty Contribution",0
"ensemble-092","Maximum Age Lag Fishing Mortality Penalty (all Fisheries)",0
"ensemble-092","Maximum Fishing Mortality Penalty (all Fisheries)",0
"ensemble-092","Mean length penalty",0
"ensemble-092","Movement Diffusion Coefficients Penalty Contribution",0.0570231726107
"ensemble-092","Non Spline Selectivity Curvature Penalty (all Fisheries)",0
"ensemble-092","Normal Distribution Temporal Recruitment Deviates Penalty Contribution",0
"ensemble-092","Orthogonal Polynomial Recruitment Penalty by Level:",0
"ensemble-092","Overall Mean Selectivity Penalty",0
"ensemble-092","Q dev penalty",0
"ensemble-092","Regional Recruitment Deviates Penalty Contribution",130.44997163
"ensemble-092","Regional Recruitment Distribution Penalty Contribution",0.152553904665
"ensemble-092","Reset Penalty Contribution",0.000224968
"ensemble-092","Seasonal Catchability Penalty Contribution",0
"ensemble-092","Selectivity Deviations Penalty",0
"ensemble-092","Selectivity Form Penalty (all Fisheries)",0.135096544605
"ensemble-092","Spline Selectivity Bound Penalty (all Fisheries)",0
"ensemble-092","Steepness prior",0.344922937136
"ensemble-092","Tagged Fish Reporting Rate Penalty Contribution",135.486937239
"ensemble-092","Temporal Recruitment Deviates Curve Penalty Contribution",0
"ensemble-092","Temporal Recruitment Deviates Penalty Contribution",0
"ensemble-092","Temporal Recruitment Deviates Trend Penalty Contribution",0
"ensemble-092","Time Block Mean Selectivity Penalty",9.12988411983e-07
"ensemble-092","von Bertalanffy Deviates Penalty Contribution",0
"ensemble-092","Unclassified objective residual",64.9427408626652
"ensemble-093","Tag",7561.77458367454
"ensemble-093","Length frequency",80810.2428963365
"ensemble-093","Weight frequency",0
"ensemble-093","Age",3581.65424189306
"ensemble-093","CPUE",-1073.8235367
"ensemble-093","Catch",0
"ensemble-093","Average Regional Biomass Distribution Penalty Contribution",0
"ensemble-093","Average Regional Recruitment Distribution Penalty Contribution",2.58057752944e-08
"ensemble-093","Do Everything Calc Penalty Contribution",0.139398999378
"ensemble-093","Effort dev penalty",0
"ensemble-093","Implicit Fm Level Regression Coefficients Penalty Contribution",0
"ensemble-093","Implicit Fm Level Regression Penalty Contribution",0
"ensemble-093","Incident Selectivity Curvature Penalty",3.27439824106
"ensemble-093","Initial Population Age Composition Penalty Contribution",1.42040445457
"ensemble-093","Initial Population Recruitment Penalty Contribution",3.67776984773e-07
"ensemble-093","Kludged Equilibrium Survival Penalty Contribution",0
"ensemble-093","Maximum Age Lag Fishing Mortality Penalty (all Fisheries)",0
"ensemble-093","Maximum Fishing Mortality Penalty (all Fisheries)",0
"ensemble-093","Mean length penalty",0
"ensemble-093","Movement Diffusion Coefficients Penalty Contribution",0.0465907217492
"ensemble-093","Non Spline Selectivity Curvature Penalty (all Fisheries)",0
"ensemble-093","Normal Distribution Temporal Recruitment Deviates Penalty Contribution",0
"ensemble-093","Orthogonal Polynomial Recruitment Penalty by Level:",0
"ensemble-093","Overall Mean Selectivity Penalty",0
"ensemble-093","Q dev penalty",0
"ensemble-093","Regional Recruitment Deviates Penalty Contribution",153.410007108
"ensemble-093","Regional Recruitment Distribution Penalty Contribution",0.185568024906
"ensemble-093","Reset Penalty Contribution",0.0002327
"ensemble-093","Seasonal Catchability Penalty Contribution",0
"ensemble-093","Selectivity Deviations Penalty",0
"ensemble-093","Selectivity Form Penalty (all Fisheries)",0.585097878018
"ensemble-093","Spline Selectivity Bound Penalty (all Fisheries)",0
"ensemble-093","Steepness prior",0.373113546802
"ensemble-093","Tagged Fish Reporting Rate Penalty Contribution",63.1825032329
"ensemble-093","Temporal Recruitment Deviates Curve Penalty Contribution",0
"ensemble-093","Temporal Recruitment Deviates Penalty Contribution",0
"ensemble-093","Temporal Recruitment Deviates Trend Penalty Contribution",0
"ensemble-093","Time Block Mean Selectivity Penalty",1.90285874169e-07
"ensemble-093","von Bertalanffy Deviates Penalty Contribution",0
"ensemble-093","Unclassified objective residual",92.2543409263744
"ensemble-094","Tag",6649.25948557129
"ensemble-094","Length frequency",80815.4246318197
"ensemble-094","Weight frequency",0
"ensemble-094","Age",3621.18520254457
"ensemble-094","CPUE",-1039.9533496145
"ensemble-094","Catch",0
"ensemble-094","Average Regional Biomass Distribution Penalty Contribution",0
"ensemble-094","Average Regional Recruitment Distribution Penalty Contribution",2.32773800235e-11
"ensemble-094","Do Everything Calc Penalty Contribution",2.37061168295
"ensemble-094","Effort dev penalty",0
"ensemble-094","Implicit Fm Level Regression Coefficients Penalty Contribution",0
"ensemble-094","Implicit Fm Level Regression Penalty Contribution",0
"ensemble-094","Incident Selectivity Curvature Penalty",3.40059611629
"ensemble-094","Initial Population Age Composition Penalty Contribution",1.5083056461
"ensemble-094","Initial Population Recruitment Penalty Contribution",1.68875805142e-07
"ensemble-094","Kludged Equilibrium Survival Penalty Contribution",0
"ensemble-094","Maximum Age Lag Fishing Mortality Penalty (all Fisheries)",0
"ensemble-094","Maximum Fishing Mortality Penalty (all Fisheries)",0
"ensemble-094","Mean length penalty",0
"ensemble-094","Movement Diffusion Coefficients Penalty Contribution",0.0594577584962
"ensemble-094","Non Spline Selectivity Curvature Penalty (all Fisheries)",0
"ensemble-094","Normal Distribution Temporal Recruitment Deviates Penalty Contribution",0
"ensemble-094","Orthogonal Polynomial Recruitment Penalty by Level:",0
"ensemble-094","Overall Mean Selectivity Penalty",0
"ensemble-094","Q dev penalty",0
"ensemble-094","Regional Recruitment Deviates Penalty Contribution",150.872326643
"ensemble-094","Regional Recruitment Distribution Penalty Contribution",0.192021928434
"ensemble-094","Reset Penalty Contribution",0.000221425
"ensemble-094","Seasonal Catchability Penalty Contribution",0
"ensemble-094","Selectivity Deviations Penalty",0
"ensemble-094","Selectivity Form Penalty (all Fisheries)",0.455610721741
"ensemble-094","Spline Selectivity Bound Penalty (all Fisheries)",0
"ensemble-094","Steepness prior",0.475795844169
"ensemble-094","Tagged Fish Reporting Rate Penalty Contribution",44.2895431723
"ensemble-094","Temporal Recruitment Deviates Curve Penalty Contribution",0
"ensemble-094","Temporal Recruitment Deviates Penalty Contribution",0
"ensemble-094","Temporal Recruitment Deviates Trend Penalty Contribution",0
"ensemble-094","Time Block Mean Selectivity Penalty",3.52157769612e-08
"ensemble-094","von Bertalanffy Deviates Penalty Contribution",0
"ensemble-094","Unclassified objective residual",91.6708508146403
"ensemble-095","Tag",6060.33541824024
"ensemble-095","Length frequency",80730.638286213
"ensemble-095","Weight frequency",0
"ensemble-095","Age",3614.73792221791
"ensemble-095","CPUE",-1022.8309756279
"ensemble-095","Catch",0
"ensemble-095","Average Regional Biomass Distribution Penalty Contribution",0
"ensemble-095","Average Regional Recruitment Distribution Penalty Contribution",5.71304781261e-09
"ensemble-095","Do Everything Calc Penalty Contribution",2.51132327145
"ensemble-095","Effort dev penalty",0
"ensemble-095","Implicit Fm Level Regression Coefficients Penalty Contribution",0
"ensemble-095","Implicit Fm Level Regression Penalty Contribution",0
"ensemble-095","Incident Selectivity Curvature Penalty",3.22471885068
"ensemble-095","Initial Population Age Composition Penalty Contribution",1.33686853586
"ensemble-095","Initial Population Recruitment Penalty Contribution",3.51289968799e-07
"ensemble-095","Kludged Equilibrium Survival Penalty Contribution",0
"ensemble-095","Maximum Age Lag Fishing Mortality Penalty (all Fisheries)",0
"ensemble-095","Maximum Fishing Mortality Penalty (all Fisheries)",0
"ensemble-095","Mean length penalty",0
"ensemble-095","Movement Diffusion Coefficients Penalty Contribution",0.0520165083928
"ensemble-095","Non Spline Selectivity Curvature Penalty (all Fisheries)",0
"ensemble-095","Normal Distribution Temporal Recruitment Deviates Penalty Contribution",0
"ensemble-095","Orthogonal Polynomial Recruitment Penalty by Level:",0
"ensemble-095","Overall Mean Selectivity Penalty",0
"ensemble-095","Q dev penalty",0
"ensemble-095","Regional Recruitment Deviates Penalty Contribution",152.78868661
"ensemble-095","Regional Recruitment Distribution Penalty Contribution",0.210275285679
"ensemble-095","Reset Penalty Contribution",0.000218718
"ensemble-095","Seasonal Catchability Penalty Contribution",0
"ensemble-095","Selectivity Deviations Penalty",0
"ensemble-095","Selectivity Form Penalty (all Fisheries)",0.4530457241
"ensemble-095","Spline Selectivity Bound Penalty (all Fisheries)",0
"ensemble-095","Steepness prior",0.350147362627
"ensemble-095","Tagged Fish Reporting Rate Penalty Contribution",73.3771232123
"ensemble-095","Temporal Recruitment Deviates Curve Penalty Contribution",0
"ensemble-095","Temporal Recruitment Deviates Penalty Contribution",0
"ensemble-095","Temporal Recruitment Deviates Trend Penalty Contribution",0
"ensemble-095","Time Block Mean Selectivity Penalty",6.42433519715e-07
"ensemble-095","von Bertalanffy Deviates Penalty Contribution",0
"ensemble-095","Unclassified objective residual",80.4522065060737
"ensemble-098","Tag",7820.84476136456
"ensemble-098","Length frequency",79861.8985499754
"ensemble-098","Weight frequency",0
"ensemble-098","Age",3638.77044534483
"ensemble-098","CPUE",-1050.9350505805
"ensemble-098","Catch",0
"ensemble-098","Average Regional Biomass Distribution Penalty Contribution",0
"ensemble-098","Average Regional Recruitment Distribution Penalty Contribution",3.05640810438e-08
"ensemble-098","Do Everything Calc Penalty Contribution",0.0590145540932
"ensemble-098","Effort dev penalty",0
"ensemble-098","Implicit Fm Level Regression Coefficients Penalty Contribution",0
"ensemble-098","Implicit Fm Level Regression Penalty Contribution",0
"ensemble-098","Incident Selectivity Curvature Penalty",3.05735857545
"ensemble-098","Initial Population Age Composition Penalty Contribution",1.70138175953
"ensemble-098","Initial Population Recruitment Penalty Contribution",1.62497639559e-08
"ensemble-098","Kludged Equilibrium Survival Penalty Contribution",0
"ensemble-098","Maximum Age Lag Fishing Mortality Penalty (all Fisheries)",0
"ensemble-098","Maximum Fishing Mortality Penalty (all Fisheries)",0
"ensemble-098","Mean length penalty",0
"ensemble-098","Movement Diffusion Coefficients Penalty Contribution",0.0545772403853
"ensemble-098","Non Spline Selectivity Curvature Penalty (all Fisheries)",0
"ensemble-098","Normal Distribution Temporal Recruitment Deviates Penalty Contribution",0
"ensemble-098","Orthogonal Polynomial Recruitment Penalty by Level:",0
"ensemble-098","Overall Mean Selectivity Penalty",0
"ensemble-098","Q dev penalty",0
"ensemble-098","Regional Recruitment Deviates Penalty Contribution",137.257581815
"ensemble-098","Regional Recruitment Distribution Penalty Contribution",0.152179663222
"ensemble-098","Reset Penalty Contribution",0.00023286
"ensemble-098","Seasonal Catchability Penalty Contribution",0
"ensemble-098","Selectivity Deviations Penalty",0
"ensemble-098","Selectivity Form Penalty (all Fisheries)",1.92072048097
"ensemble-098","Spline Selectivity Bound Penalty (all Fisheries)",0
"ensemble-098","Steepness prior",0.521395390017
"ensemble-098","Tagged Fish Reporting Rate Penalty Contribution",34.8049116587
"ensemble-098","Temporal Recruitment Deviates Curve Penalty Contribution",0
"ensemble-098","Temporal Recruitment Deviates Penalty Contribution",0
"ensemble-098","Temporal Recruitment Deviates Trend Penalty Contribution",0
"ensemble-098","Time Block Mean Selectivity Penalty",1.63328439839e-06
"ensemble-098","von Bertalanffy Deviates Penalty Contribution",0
"ensemble-098","Unclassified objective residual",93.765005087087
"ensemble-099","Tag",7181.18991996654
"ensemble-099","Length frequency",79822.3070708933
"ensemble-099","Weight frequency",0
"ensemble-099","Age",3692.54383294045
"ensemble-099","CPUE",-1084.388691662
"ensemble-099","Catch",0
"ensemble-099","Average Regional Biomass Distribution Penalty Contribution",0
"ensemble-099","Average Regional Recruitment Distribution Penalty Contribution",1.9992455691e-08
"ensemble-099","Do Everything Calc Penalty Contribution",0.105441319384
"ensemble-099","Effort dev penalty",0
"ensemble-099","Implicit Fm Level Regression Coefficients Penalty Contribution",0
"ensemble-099","Implicit Fm Level Regression Penalty Contribution",0
"ensemble-099","Incident Selectivity Curvature Penalty",2.84227206237
"ensemble-099","Initial Population Age Composition Penalty Contribution",1.27361985117
"ensemble-099","Initial Population Recruitment Penalty Contribution",6.91519511223e-08
"ensemble-099","Kludged Equilibrium Survival Penalty Contribution",0
"ensemble-099","Maximum Age Lag Fishing Mortality Penalty (all Fisheries)",0
"ensemble-099","Maximum Fishing Mortality Penalty (all Fisheries)",0
"ensemble-099","Mean length penalty",0
"ensemble-099","Movement Diffusion Coefficients Penalty Contribution",0.046909879373
"ensemble-099","Non Spline Selectivity Curvature Penalty (all Fisheries)",0
"ensemble-099","Normal Distribution Temporal Recruitment Deviates Penalty Contribution",0
"ensemble-099","Orthogonal Polynomial Recruitment Penalty by Level:",0
"ensemble-099","Overall Mean Selectivity Penalty",0
"ensemble-099","Q dev penalty",0
"ensemble-099","Regional Recruitment Deviates Penalty Contribution",150.344455623
"ensemble-099","Regional Recruitment Distribution Penalty Contribution",0.187426783839
"ensemble-099","Reset Penalty Contribution",0.000243234
"ensemble-099","Seasonal Catchability Penalty Contribution",0
"ensemble-099","Selectivity Deviations Penalty",0
"ensemble-099","Selectivity Form Penalty (all Fisheries)",0.588700956704
"ensemble-099","Spline Selectivity Bound Penalty (all Fisheries)",0
"ensemble-099","Steepness prior",0.366339060082
"ensemble-099","Tagged Fish Reporting Rate Penalty Contribution",88.662867698
"ensemble-099","Temporal Recruitment Deviates Curve Penalty Contribution",0
"ensemble-099","Temporal Recruitment Deviates Penalty Contribution",0
"ensemble-099","Temporal Recruitment Deviates Trend Penalty Contribution",0
"ensemble-099","Time Block Mean Selectivity Penalty",1.06245170173e-06
"ensemble-099","von Bertalanffy Deviates Penalty Contribution",0
"ensemble-099","Unclassified objective residual",79.6588575133355
"ensemble-100","Tag",7372.483108001
"ensemble-100","Length frequency",80650.4237130188
"ensemble-100","Weight frequency",0
"ensemble-100","Age",3599.74263006464
"ensemble-100","CPUE",-1052.5990766176
"ensemble-100","Catch",0
"ensemble-100","Average Regional Biomass Distribution Penalty Contribution",0
"ensemble-100","Average Regional Recruitment Distribution Penalty Contribution",7.3812032042e-08
"ensemble-100","Do Everything Calc Penalty Contribution",0.712374120826
"ensemble-100","Effort dev penalty",0
"ensemble-100","Implicit Fm Level Regression Coefficients Penalty Contribution",0
"ensemble-100","Implicit Fm Level Regression Penalty Contribution",0
"ensemble-100","Incident Selectivity Curvature Penalty",3.45702755221
"ensemble-100","Initial Population Age Composition Penalty Contribution",1.56087988742
"ensemble-100","Initial Population Recruitment Penalty Contribution",4.73069411112e-08
"ensemble-100","Kludged Equilibrium Survival Penalty Contribution",0
"ensemble-100","Maximum Age Lag Fishing Mortality Penalty (all Fisheries)",0
"ensemble-100","Maximum Fishing Mortality Penalty (all Fisheries)",0
"ensemble-100","Mean length penalty",0
"ensemble-100","Movement Diffusion Coefficients Penalty Contribution",0.0478783703618
"ensemble-100","Non Spline Selectivity Curvature Penalty (all Fisheries)",0
"ensemble-100","Normal Distribution Temporal Recruitment Deviates Penalty Contribution",0
"ensemble-100","Orthogonal Polynomial Recruitment Penalty by Level:",0
"ensemble-100","Overall Mean Selectivity Penalty",0
"ensemble-100","Q dev penalty",0
"ensemble-100","Regional Recruitment Deviates Penalty Contribution",143.134042306
"ensemble-100","Regional Recruitment Distribution Penalty Contribution",0.157820675164
"ensemble-100","Reset Penalty Contribution",0.000219605
"ensemble-100","Seasonal Catchability Penalty Contribution",0
"ensemble-100","Selectivity Deviations Penalty",0
"ensemble-100","Selectivity Form Penalty (all Fisheries)",0.672457495967
"ensemble-100","Spline Selectivity Bound Penalty (all Fisheries)",0
"ensemble-100","Steepness prior",0.544684215255
"ensemble-100","Tagged Fish Reporting Rate Penalty Contribution",31.9845808003
"ensemble-100","Temporal Recruitment Deviates Curve Penalty Contribution",0
"ensemble-100","Temporal Recruitment Deviates Penalty Contribution",0
"ensemble-100","Temporal Recruitment Deviates Trend Penalty Contribution",0
"ensemble-100","Time Block Mean Selectivity Penalty",2.83965022163e-07
"ensemble-100","von Bertalanffy Deviates Penalty Contribution",0
"ensemble-100","Unclassified objective residual",83.9041595600575
